year,month,week,name,articles,facebook,googleplus,twitter
2012,3,11,suzannah hills,5,437,9,85
2012,3,11,daily mail reporter,215,18410,255,2728
2012,3,11,daisy dumas,9,975,12,188
2012,3,11,sportsmail reporter,196,2908,20,1051
2012,3,11,rob davies,4,5,0,9
2012,3,11,will stewart,1,32,0,2
2012,3,11,j j anisiobi,13,785,26,197
2012,3,11,charles sale,3,0,0,5
2012,3,11,iona kirby,16,327,9,86
2012,3,11,anthony bond,8,1441,36,252
2012,3,11,rob waugh,25,5206,143,925
2012,3,11,becky barrow,6,161,0,120
2012,3,11,simon jones,2,79,0,28
2012,3,11,ray massey,5,90,2,46
2012,3,11,sadie whitelocks,12,1643,25,372
2012,3,11,andrea magrath,14,144,9,55
2012,3,11,sean poulter,5,507,13,128
2012,3,11,matt blake,9,466,0,104
2012,3,11,nick enoch,8,1140,18,218
2012,3,11,sonali joshi,3,11,0,4
2012,3,11,georgina littlejohn,18,408,13,93
2012,3,11,piyush srivastava,6,2,0,0
2012,3,11,rebecca english,3,149,6,24
2012,3,11,paul thompson,4,50,2,7
2012,3,11,prakash,2,11,1,2
2012,3,11,christine megson,1,132,0,18
2012,3,11,sam greenhill,4,197,1,52
2012,3,11,harry glass,1,0,0,0
2012,3,11,julian gavaghan,4,1562,2,331
2012,3,11,kimberley dadds,12,296,5,100
2012,3,11,nalini ravichandran,1,12,0,6
2012,3,11,michael zennie,6,161,6,63
2012,3,11,jeff prestridge,4,1,0,0
2012,3,11,thomas durante,3,1473,30,220
2012,3,11,laura schreffler,13,201,10,68
2012,3,11,mail today reporter,16,21,1,7
2012,3,11,rachel rickard straus,5,510,13,143
2012,3,11,ralph ellis,1,30,1,17
2012,3,11,liz thomas,6,101,4,39
2012,3,11,peter simpson,1,1008,8,313
2012,3,11,jason groves,2,26,0,22
2012,3,11,laurie whitwell,2,27,0,16
2012,3,11,alan hall,1,64,0,15
2012,3,11,mark dooley,1,12,0,4
2012,3,11,jade watkins,15,128,5,45
2012,3,11,fiona macrae,2,3373,33,476
2012,3,11,kerry mcqueeney,13,556,2,202
2012,3,11,rachel quigley,3,238,7,31
2012,3,11,kirsty walker,6,166,1,131
2012,3,11,this is money,1,0,0,0
2012,3,11,ted thornhill,14,4153,132,1044
2012,3,11,beth stebner,6,96,5,43
2012,3,11,tara evans,5,5,0,12
2012,3,11,damien gayle,12,1081,21,138
2012,3,11,rebecca seales,4,2138,14,178
2012,3,11,associated press,13,321,10,82
2012,3,11,amy oliver,2,339,0,99
2012,3,11,aman sharma,3,15,0,5
2012,3,11,jonathan mcevoy,2,7,0,2
2012,3,11,shaghil billall,1,0,0,0
2012,3,11,ed monk,2,0,0,2
2012,3,11,claire cisotti,1,293,7,80
2012,3,11,caroline baker,5,0,0,0
2012,3,11,mitch feierstein,2,27,0,21
2012,3,11,sarah bull,19,1592,22,1804
2012,3,11,snejana farberov,2,57,0,9
2012,3,11,lee moran,5,869,6,179
2012,3,11,alfonso serrano f.,7,236,0,27
2012,3,11,quentin letts,4,3,1,3
2012,3,11,rebecca evans,2,126,1,27
2012,3,11,larisa brown,3,367,3,45
2012,3,11,travelmail reporter,6,231,2,47
2012,3,11,maneesh pandey,1,0,0,0
2012,3,11,sam turner,4,0,0,0
2012,3,11,lydia warren,4,357,8,32
2012,3,11,sara nathan,1,12,0,9
2012,3,11,stephen womack,2,3,0,5
2012,3,11,james lucier,2,6,0,2
2012,3,11,david gerges,3,125,0,15
2012,3,11,mark wilson,2,0,0,0
2012,3,11,tom gardner,6,985,25,203
2012,3,11,matt lawton,4,110,2,32
2012,3,11,james slack,5,299,3,49
2012,3,11,emma reynolds,5,404,17,73
2012,3,11,james chapman,9,246,7,139
2012,3,11,david gardner,2,29,0,7
2012,3,11,mike larkin,13,457,6,78
2012,3,11,tom leonard,2,71,2,21
2012,3,11,jan moir,2,115,1,65
2012,3,11,kirsty mccormack,12,342,8,136
2012,3,11,marcus townend,4,1,0,2
2012,3,11,toby harnden,4,23,4,13
2012,3,11,keith gladdis,2,91,0,33
2012,3,11,lyle brennan,8,1767,28,199
2012,3,11,peter allen,6,320,4,84
2012,3,11,janine self,2,3,0,6
2012,3,11,chris brooke,4,379,4,66
2012,3,11,tara brady,3,135,2,39
2012,3,11,rob cooper,8,272,1,67
2012,3,11,rob cole,1,75,2,27
2012,3,11,claire bates,3,147,4,52
2012,3,11,simon cass,1,4,0,2
2012,3,11,paul revoir,4,44,0,14
2012,3,11,jenny hope,1,66,4,38
2012,3,11,jeff powell,1,4,1,9
2012,3,11,bhuvan bagga,4,0,0,5
2012,3,11,tony banks,2,4,0,1
2012,3,11,victoria wellman,5,439,16,121
2012,3,11,zoya khan,1,24,1,3
2012,3,11,hannah rand,3,44,2,17
2012,3,11,ritika chopra,1,0,0,0
2012,3,11,philip duncan,1,10,0,12
2012,3,11,brian darling,1,3,0,1
2012,3,11,melissa kite,3,25,0,6
2012,3,11,tamara abraham,4,186,21,59
2012,3,11,eleanor gower,6,86,3,21
2012,3,11,eddie wrenn,12,863,4,147
2012,3,11,katherine faulkner,2,108,0,7
2012,3,11,ruth lythe,2,14,0,6
2012,3,11,leon watson,13,1308,18,360
2012,3,11,emily sheridan,12,595,18,170
2012,3,11,colin young,4,37,0,14
2012,3,11,sophie borland,3,330,0,86
2012,3,11,ian ladyman,5,2109,26,1550
2012,3,11,chris wheeler,7,373,1,127
2012,3,11,sangeeth sebastian,1,0,0,0
2012,3,11,rob king,7,1633,21,149
2012,3,11,nadia mendoza,12,511,11,174
2012,3,11,tim shipman,3,1,0,3
2012,3,11,amelia proud,16,697,24,150
2012,3,11,rachel ragg,1,34,0,9
2012,3,11,max hastings,1,56,2,11
2012,3,11,alanah eriksen,9,470,5,190
2012,3,11,karen kay,1,45,0,11
2012,3,11,simon tomlinson,10,346,7,62
2012,3,11,meghan keneally,4,93,3,25
2012,3,11,alex brummer,1,2,0,3
2012,3,11,rob wildman,1,0,0,0
2012,3,11,dan ripley,3,67,2,32
2012,3,11,lee boyce,4,19,0,13
2012,3,11,tony hazell,2,1,0,1
2012,3,11,ann pride,5,51,4,27
2012,3,11,d. p. bhattacharya,1,3,0,0
2012,3,11,john edwards,9,173,2,88
2012,3,11,ashish sinha,1,0,0,0
2012,3,11,louise boyle,3,110,2,25
2012,3,11,jill reilly,5,390,10,100
2012,3,11,david williams,2,192,2,31
2012,3,11,manoj joshi,1,1,0,0
2012,3,11,mail today comment,3,0,0,0
2012,3,11,nick wood,1,2,0,2
2012,3,11,lindsay johns,1,24,0,5
2012,3,11,daniel martin,4,168,2,56
2012,3,11,sonia poulton,2,4099,20,939
2012,3,11,lauren thompson,1,4,0,11
2012,3,11,sylvia morris,1,0,0,0
2012,3,11,dominic king,3,22,0,17
2012,3,11,sarah fitzmaurice,11,631,25,139
2012,3,11,this is money reporter,9,5,0,5
2012,3,11,daily mail,2,0,0,2
2012,3,11,derek lawrenson,2,8,0,8
2012,3,11,chloe lambert,1,28,0,4
2012,3,11,deborah arthurs,9,1343,18,212
2012,3,11,sami mokbel,8,117,1,68
2012,3,11,jackie clune,1,7,0,0
2012,3,11,sandra parsons,1,54,0,16
2012,3,11,daily mail comment,2,7,1,5
2012,3,11,matt barlow,1,57,0,16
2012,3,11,this is money reporters,2,4,0,0
2012,3,11,andrew pierce.,1,26,3,45
2012,3,11,charlotte dovey,1,29,0,16
2012,3,11,michael burleigh,3,63,2,15
2012,3,11,andrew levy,3,96,4,37
2012,3,11,matt fortune,1,0,0,0
2012,3,11,alex kay,4,497,4,125
2012,3,11,chris greenwood,2,253,10,45
2012,3,11,laura shannon,1,0,0,0
2012,3,11,angela patrick,1,26,0,3
2012,3,11,vikas kahol,1,0,0,0
2012,3,11,laura williamson,1,4,0,2
2012,3,11,annie bell,4,2,0,1
2012,3,11,fergal macerlean,1,785,6,138
2012,3,11,john naish,1,231,6,93
2012,3,11,tanya jefferies,3,1,1,2
2012,3,11,mac,4,58,0,6
2012,3,11,maysa rawi,2,74,2,24
2012,3,11,charlotte methven,1,71,1,24
2012,3,11,richard kay,2,19,0,26
2012,3,11,laura howard,1,0,0,0
2012,3,11,laura cox,10,816,13,141
2012,3,11,jack doyle,2,31,0,16
2012,3,11,s. kannan,2,0,0,0
2012,3,11,sarah gordon,2,93,3,43
2012,3,11,dinesh c sharma,1,6,2,7
2012,3,11,geoff foster,3,1,0,1
2012,3,11,laura pullman,7,1725,9,121
2012,3,11,tamara cohen,6,1303,36,317
2012,3,11,simon lambert,3,19,0,11
2012,3,11,jamie dettmer,1,2,0,0
2012,3,11,eliza scarborough,2,8,0,9
2012,3,11,ritu bhatia,2,2,1,0
2012,3,11,leah simpson,5,30,3,47
2012,3,11,tanith carey,1,297,1,43
2012,3,11,cassie carpenter,5,114,7,35
2012,3,11,annabel venning,1,78,2,14
2012,3,11,graham chadwick,1,11,0,3
2012,3,11,tom kelly,2,96,0,36
2012,3,11,hakeem irfan,1,3,0,1
2012,3,11,bella blissett,1,8,0,3
2012,3,11,stewart maclean,1,63,0,10
2012,3,11,steve doughty,4,582,2,121
2012,3,11,richard shears,2,0,1,2
2012,3,11,maureen paton,1,0,0,1
2012,3,11,melanie phillips,2,18,0,1
2012,3,11,christina hopkinson,1,112,3,35
2012,3,11,dr robert lefever,3,3,1,5
2012,3,11,neil moxley,2,69,0,21
2012,3,11,india sturgis,1,4,0,6
2012,3,11,ephraim hardcastle,3,10,0,1
2012,3,11,reuters reporter,1,13,0,2
2012,3,11,simon heffer,1,16,3,2
2012,3,11,michael seamark,1,0,0,0
2012,3,11,associated press reporter,2,411,1,44
2012,3,11,allan hall,1,0,0,0
2012,3,11,chris foy,3,2,0,3
2012,3,11,james salmon,4,51,0,17
2012,3,11,rebecca camber,2,47,0,12
2012,3,11,priyanka srivastava,1,1,0,0
2012,3,11,deepti jakhar,1,2,0,1
2012,3,11,andy dolan,2,89,0,45
2012,3,11,sally brompton,1,0,0,0
2012,3,11,chris leadbeater,1,5,0,4
2012,3,11,richard hartley-parkinson,2,24,8,6
2012,3,11,avishek roy,2,0,0,0
2012,3,11,amy williams,1,1,0,6
2012,3,11,fred mawer,2,13,1,15
2012,3,11,jenny johnston,2,60,0,21
2012,3,11,tanya banon,1,0,0,0
2012,3,11,rupert steiner,2,0,0,1
2012,3,11,ian birrell,1,72,2,44
2012,3,11,mimi spencer,1,12,0,4
2012,3,11,ashley gray,3,91,0,42
2012,3,11,catherine ostler,1,34,2,9
2012,3,11,abhijit pandya,1,79,9,28
2012,3,11,john hutchinson,1,79,3,19
2012,3,11,stephanie cross,3,3,0,2
2012,3,11,alice-azania jarvis,1,13,2,13
2012,3,11,york membery,1,13,0,1
2012,3,11,john koski,1,0,0,0
2012,3,11,jeff dawson,1,57,1,4
2012,3,11,hugo duncan,2,3,0,2
2012,3,11,eleanor harding,3,95,1,37
2012,3,11,liz hull,1,166,6,27
2012,3,11,tom utley,1,2,0,4
2012,3,11,rick dewsbury,1,0,1,0
2012,3,11,ozwald boateng,1,18,0,55
2012,3,11,baz bamigboye,1,8,2,46
2012,3,11,clare francis,1,1,0,1
2012,3,11,moneysupermarket,1,1,0,1
2012,3,11,ian sparks,1,112,3,28
2012,3,11,holly thomas,3,272,7,63
2012,3,11,mike dickson,2,2,0,10
2012,3,11,dan newling,1,4,0,3
2012,3,11,nick pisa,2,627,8,72
2012,3,11,david green,2,11,0,13
2012,3,11,bill west,2,38,0,10
2012,3,11,robert hardman,1,77,2,17
2012,3,11,hugo gye,1,376,7,29
2012,3,11,linda harrison,1,14,0,6
2012,3,11,laura clark,2,248,2,52
2012,3,11,marcus berkmann,1,0,0,1
2012,3,11,rajiv kumar,1,0,0,0
2012,3,11,dan hyde,1,0,0,1
2012,3,11,stephen glover,1,23,0,4
2012,3,11,luke benedict,2,5,0,1
2012,3,11,stephen mcgowan,4,20,2,11
2012,3,11,charlotte kemp,1,63,3,18
2012,3,11,elaine lipworth,1,4,0,3
2012,3,11,arthur martin,1,23,0,7
2012,3,11,kathy stevenson,1,0,0,2
2012,3,11,live reporter,1,8,0,3
2012,3,11,ruth sunderland,2,1,0,0
2012,3,11,stephen moss,1,0,0,0
2012,3,11,martin samuel,2,6,0,4
2012,3,11,louis de bernires,1,573,3,106
2012,3,11,soudhriti bhabani,1,0,0,0
2012,3,11,matt lloyd,1,0,0,0
2012,3,11,sunil vijayakar,4,18,1,1
2012,3,11,chris tookey,3,58,4,8
2012,3,11,james andrew,1,46,0,21
2012,3,11,michael theodoulou,1,18,0,3
2012,3,11,martin robinson,3,69,2,53
2012,3,11,joe ridge,2,27,2,20
2012,3,11,john mcgarry,2,16,0,3
2012,3,11,lina das,1,55,0,12
2012,3,11,david w b burnside,1,196,0,23
2012,3,11,jaya narain,1,0,0,0
2012,3,11,jamie oliver,1,12,0,13
2012,3,11,neil barraclough,1,0,0,0
2012,3,11,nick metcalfe,4,100,6,47
2012,3,11,r prasad,2,0,0,1
2012,3,11,andy yates,1,3,0,2
2012,3,11,huddlebuy,1,3,0,2
2012,3,11,ben kay,2,0,0,2
2012,3,11,charles walford,1,0,0,0
2012,3,11,paul harris,1,13,0,13
2012,3,11,ben griffiths,1,0,0,2
2012,3,11,a. srinivasa rao,1,1,0,1
2012,3,11,stephen wright,1,0,0,0
2012,3,11,andy townsend,1,15,0,5
2012,3,11,david baker,2,31,0,60
2012,3,11,emma love,1,8,0,3
2012,3,11,clive aslet,1,21,0,4
2012,3,11,virender sehwag,1,24,3,2
2012,3,11,kay benedict,1,0,0,0
2012,3,11,emine sinmaz,2,76,1,8
2012,3,11,the inspector,1,3,0,0
2012,3,11,sue reid,1,9,0,2
2012,3,11,tom rawstorne,1,19,0,7
2012,3,11,alix ramsay,1,0,0,1
2012,3,11,suhas munshi,1,12,0,4
2012,3,11,joe bernstein,2,31,0,8
2012,3,11,vicki owen,1,0,0,7
2012,3,11,sarah oliver,1,18,0,11
2012,3,11,sam peters,1,3,0,1
2012,3,11,anup dutta,1,0,0,1
2012,3,11,rob draper,1,42,1,8
2012,3,11,steve martyn,3,0,0,1
2012,3,11,richard dyson,2,22,0,21
2012,3,11,rohan venkataramakrishnan,1,3,0,1
2012,3,11,bill thornton,2,18,1,4
2012,3,11,mary berry,1,6,0,0
2012,3,11,shantanu guha ray,1,0,0,0
2012,3,11,paul milligan,2,592,10,85
2012,3,11,edited by stephen womack,1,0,0,0
2012,3,11,george arbuthnott,1,128,3,34
2012,3,11,tony hetherington,1,0,0,0
2012,3,11,dianne king,3,61,7,35
2012,3,11,simon watkins,3,1,0,0
2012,3,11,nick harris,1,2,0,8
2012,3,11,lisa buckingham,1,0,0,1
2012,3,11,gautam datt,1,0,0,0
2012,3,11,barbara jones,1,87,2,94
2012,3,11,patricia kane,1,24,0,30
2012,3,11,helen bond,1,0,0,0
2012,3,11,ajay kumar,3,0,0,3
2012,3,11,qaiser mohammad ali,2,1,0,0
2012,3,11,john stevens,1,32,0,4
2012,3,11,jo thornhill,2,3,0,9
2012,3,11,dan atkinson,3,5,0,1
2012,3,11,najam sethi,1,0,0,0
2012,3,11,neil craven,2,3,0,0
2012,3,11,martha kelner,1,0,0,0
2012,3,11,jonathan powell,1,0,0,0
2012,3,11,john james,1,91,0,41
2012,3,11,martin delgado,1,16,1,8
2012,3,11,alison boshoff,1,151,5,43
2012,3,11,sean longden,1,41,3,14
2012,3,11,leah hardy,1,26,0,20
2012,3,11,emily allen,2,94,9,22
2012,3,11,pamela owen,3,179,1,51
2012,3,11,angella johnson,1,335,0,22
2012,3,11,polly dunbar,1,335,0,22
2012,3,11,brendan carlin,1,0,0,0
2012,3,11,simon walters,1,3,3,11
2012,3,11,mick collins,1,6,0,1
2012,3,11,malcolm folley,1,0,0,0
2012,3,11,dr ellie cannon,1,13,0,37
2012,3,11,alex gore,1,0,0,0
2012,3,11,south west news service,1,257,3,31
2012,3,11,valerie elliott,1,37,0,6
2012,3,11,ian stafford,1,6,0,2
2012,3,11,jo macfarlane,1,45,1,12
2012,3,11,kelvin mackenzie,1,1,0,6
2012,3,11,rosa monckton,1,330,3,62
2012,3,11,alex hawkes,2,1,0,1
2012,3,11,valentina jovanovski,2,255,3,62
2012,3,11,paulo coelho,1,6,0,0
2012,3,11,mail on sunday reporter,4,201,1,16
2012,3,11,gavin allen,1,6,0,1
2012,3,11,peter sheridan,1,69,3,6
2012,3,11,glen owen,1,19,0,15
2012,3,11,ryan kisiel,1,0,1,0
2012,3,11,akash vashishtha,1,1,0,0
2012,3,11,lorna martin,1,595,45,77
2012,3,11,rowan pelling,1,11,0,3
2012,3,11,michael walker,1,12,0,9
2012,3,11,beezy marsh,1,52,0,11
2012,3,11,black dog,1,3,0,1
2012,3,11,zoe ball,1,19,1,9
2012,3,11,sudhanshu mishra,1,0,0,0
2012,3,11,marcus barnes,1,0,1,0
2012,3,11,poornima joshi,1,0,0,2
2012,3,11,paul sims,1,3,0,1
2012,3,11,stephanie condron,1,2,0,3
2012,3,11,helen loveless,1,0,0,2
2012,3,11,neetu chandra,1,1,0,1
2012,3,11,palash krishna mehrotra,1,7,0,0
2012,3,11,jim hooley,1,36,0,6
2012,3,11,sandeep bamzai,1,1,0,0
2012,3,11,raisina tattle,1,3,0,1
2012,3,11,fred pearce,1,118,2,15
2012,3,11,abhishek paul,2,2,0,0
2012,3,11,claudia joseph,1,354,7,47
2012,3,11,simon caulkin,1,4,0,10
2012,3,11,vanessa allen,1,0,0,0
2012,3,11,dwaipayan ghosh dastidar,1,6,0,0
2012,3,11,rahul rawat,1,0,0,0
2012,3,11,diana appleyard,1,33,0,32
2012,3,11,marianne power,1,43,0,23
2012,3,11,vrinda gopinath,1,0,0,0
