year,month,week,name,articles,facebook,googleplus,twitter
2012,3,10,daily mail reporter,200,13316,261,2163
2012,3,10,marcus townend,8,13,0,3
2012,3,10,jade watkins,10,304,11,52
2012,3,10,rahul rawat,1,0,0,0
2012,3,10,amy oliver,6,836,8,132
2012,3,10,david wilkes,2,348,0,60
2012,3,10,sportsmail reporter,160,2751,19,910
2012,3,10,tamara abraham,4,212,3,37
2012,3,10,tairah firdous,2,8,0,6
2012,3,10,linda mckay,1,2,0,1
2012,3,10,mike larkin,16,411,8,108
2012,3,10,mail today comment,4,7,0,3
2012,3,10,harry phibbs,2,2,0,2
2012,3,10,julian gavaghan,3,2927,31,172
2012,3,10,rick dewsbury,2,545,4,189
2012,3,10,daniel martin,6,96,0,38
2012,3,10,tim shipman,7,17,3,20
2012,3,10,sami mokbel,5,74,0,31
2012,3,10,suzannah hills,11,184,4,60
2012,3,10,tamara cohen,1,104,1,28
2012,3,10,jerome burne,1,0,2,0
2012,3,10,kerry mcqueeney,6,1513,21,139
2012,3,10,toby harnden,5,10,0,4
2012,3,10,rosie taylor,1,33,1,9
2012,3,10,laura schreffler,10,147,5,54
2012,3,10,matt lawton,6,278,2,150
2012,3,10,simon tomlinson,4,194,5,24
2012,3,10,associated press,19,468,7,93
2012,3,10,peter allen,4,83,2,39
2012,3,10,lee moran,6,1002,33,186
2012,3,10,laura cox,15,2646,30,324
2012,3,10,stephen wright,3,1742,16,243
2012,3,10,sarah bull,15,959,14,190
2012,3,10,paul thompson,7,2698,32,203
2012,3,10,ted thornhill,9,576,54,416
2012,3,10,steve doughty,10,352,28,126
2012,3,10,fiona macrae,5,388,16,85
2012,3,10,mark duell,15,439,7,51
2012,3,10,joanna blythman,1,1383,11,311
2012,3,10,emine sinmaz,8,493,4,50
2012,3,10,rohan venkataramakrishnan,1,0,0,0
2012,3,10,geoff foster,4,1,0,1
2012,3,10,eliza scarborough,1,0,0,0
2012,3,10,gerard couzens,1,61,0,15
2012,3,10,eddie wrenn,6,177,2,90
2012,3,10,laura clark,6,364,5,95
2012,3,10,chris parsons,13,3060,15,405
2012,3,10,nick fagge,1,19,0,1
2012,3,10,will stewart,3,62,4,9
2012,3,10,nicole mowbray,1,1,0,5
2012,3,10,mark webster,1,12,0,12
2012,3,10,jenny hope,3,136,1,15
2012,3,10,chris brooke,1,12,0,3
2012,3,10,james chapman,7,204,1,111
2012,3,10,quentin letts,6,25,1,22
2012,3,10,travelmail reporter,4,189,3,81
2012,3,10,luke salkeld,3,281,3,40
2012,3,10,live reporter,3,2,0,2
2012,3,10,laure james,1,28,0,24
2012,3,10,anthony bond,10,419,4,116
2012,3,10,simon lambert,3,26,0,12
2012,3,10,mail today reporter,24,213,2,63
2012,3,10,emily sheridan,14,502,12,176
2012,3,10,ajit vijaykumar,5,14,1,2
2012,3,10,matt barlow,6,35,0,32
2012,3,10,hannah rand,5,160,2,71
2012,3,10,tushar bhaduri,2,26,2,1
2012,3,10,tanya jefferies,1,0,0,1
2012,3,10,laura pullman,5,43,0,17
2012,3,10,daniel miller,4,176,3,21
2012,3,10,nick wood,4,60,0,21
2012,3,10,claire bates,6,784,9,212
2012,3,10,nick enoch,4,48,10,9
2012,3,10,andrew levy,2,24,0,10
2012,3,10,iona kirby,19,660,23,216
2012,3,10,james andrew,1,111,0,23
2012,3,10,andrea magrath,4,154,9,61
2012,3,10,this is money reporter,18,4,1,11
2012,3,10,leon watson,6,2042,40,221
2012,3,10,mimi spencer,1,5,0,0
2012,3,10,david hurst,1,68,2,35
2012,3,10,ian ladyman,3,288,1,195
2012,3,10,soudhriti bhabani,1,0,0,0
2012,3,10,jill reilly,10,609,16,133
2012,3,10,dominic king,6,104,0,45
2012,3,10,jonathan mcevoy,2,126,0,5
2012,3,10,alanah eriksen,15,455,8,127
2012,3,10,daisy dumas,6,476,8,74
2012,3,10,giles gwinnett,1,0,0,0
2012,3,10,lauren paxman,8,214,3,83
2012,3,10,rob cooper,3,146,1,54
2012,3,10,mac,4,24,2,2
2012,3,10,hugo duncan,3,20,0,11
2012,3,10,judi james,1,0,0,3
2012,3,10,nina golgowski,5,208,6,40
2012,3,10,amelia proud,11,824,17,102
2012,3,10,j j anisiobi,16,960,31,166
2012,3,10,meghan keneally,8,1284,12,127
2012,3,10,gautam datt,2,1,0,0
2012,3,10,vanessa allen,2,80,0,24
2012,3,10,barbara davies,1,86,7,17
2012,3,10,rebecca seales,6,595,7,61
2012,3,10,jeff powell,2,14,0,16
2012,3,10,graham smith,11,4572,32,375
2012,3,10,derek lawrenson,4,43,0,53
2012,3,10,baz bamigboye,2,214,2,50
2012,3,10,ruth sunderland,2,0,0,1
2012,3,10,sara nathan,1,10,1,11
2012,3,10,chris moncrieff,1,5,0,1
2012,3,10,sarah gordon,2,116,0,12
2012,3,10,rob davies,3,5,0,2
2012,3,10,graham poll,3,9,0,6
2012,3,10,emily allen,7,126,7,57
2012,3,10,john barnes,1,5,1,7
2012,3,10,ritika chopra,2,5,0,2
2012,3,10,this is money reporters,4,0,0,0
2012,3,10,maureen paton,1,2,0,2
2012,3,10,claire ellicott,1,692,3,139
2012,3,10,louise boyle,2,164,5,22
2012,3,10,david williams,3,46,1,23
2012,3,10,michael burleigh,1,0,0,1
2012,3,10,valentina jovanovski,2,28,3,11
2012,3,10,john edwards,5,1388,12,299
2012,3,10,david thomas,1,4,0,4
2012,3,10,lee boyce,3,20,0,2
2012,3,10,eleanor gower,6,234,9,51
2012,3,10,lauren thompson,2,8,0,2
2012,3,10,mike dickson,4,35,0,18
2012,3,10,sadie whitelocks,5,492,6,100
2012,3,10,martyn cox,1,0,0,1
2012,3,10,richard hartley-parkinson,6,331,3,50
2012,3,10,ed reddings,1,27,0,10
2012,3,10,sylvia morris,3,123,1,24
2012,3,10,sam turner,5,1,0,0
2012,3,10,tara evans,1,0,0,3
2012,3,10,chris johnson,1,316,6,68
2012,3,10,rupert steiner,5,3,0,5
2012,3,10,paul revoir,4,199,2,38
2012,3,10,leah simpson,5,228,11,36
2012,3,10,john mckeown,2,0,0,0
2012,3,10,helen roberts,1,438,1,25
2012,3,10,you magazine reporter,1,40,0,15
2012,3,10,m. c. rajan,1,0,0,0
2012,3,10,rob waugh,19,3204,99,503
2012,3,10,annie bell,7,17,1,1
2012,3,10,allan mallinson,1,4,0,0
2012,3,10,maysa rawi,4,375,14,135
2012,3,10,neil moxley,7,98,2,53
2012,3,10,alex brummer,3,11,2,20
2012,3,10,piyush srivastava,1,4,0,0
2012,3,10,james coney,1,0,0,0
2012,3,10,rachel quigley,5,197,2,11
2012,3,10,clare geraghty,1,13,0,13
2012,3,10,simon neville,2,73,6,33
2012,3,10,nadia mendoza,5,108,8,43
2012,3,10,sandra parsons,1,29,0,4
2012,3,10,riath al-samarrai,2,58,2,18
2012,3,10,robert lang,1,12,3,8
2012,3,10,daily mail reporters,2,23,0,1
2012,3,10,daily mail comment,3,66,2,41
2012,3,10,clare nolan,1,3,0,3
2012,3,10,richard kay,4,77,2,21
2012,3,10,james salmon,3,3,0,1
2012,3,10,tom gardner,11,566,4,91
2012,3,10,laura shannon,1,0,0,1
2012,3,10,james slack,6,569,3,104
2012,3,10,lydia warren,1,47,1,8
2012,3,10,daniel bates,3,173,6,30
2012,3,10,paul newman,2,8,0,8
2012,3,10,justin brummer,1,0,0,0
2012,3,10,colin young,7,203,3,85
2012,3,10,avishek roy,1,0,0,0
2012,3,10,sophie borland,2,127,1,35
2012,3,10,lawrence booth,1,0,0,1
2012,3,10,jason groves,3,45,0,28
2012,3,10,georgina littlejohn,9,241,7,68
2012,3,10,emma reynolds,10,2591,17,465
2012,3,10,tamara hardingham-gill,1,8,0,3
2012,3,10,andy hooper,1,5,0,3
2012,3,10,allan hall,1,36,2,6
2012,3,10,simon richards,3,62,1,36
2012,3,10,victoria wellman,7,309,8,76
2012,3,10,kirsty walker,3,1314,15,151
2012,3,10,shona sibary,1,92,4,28
2012,3,10,liz jones,3,431,5,85
2012,3,10,melanie phillips,2,7,0,2
2012,3,10,dan ripley,3,64,3,44
2012,3,10,prakash,2,0,0,0
2012,3,10,richard shears,2,8,3,1
2012,3,10,paul harris,3,597,12,96
2012,3,10,priyanka srivastava,5,7,0,4
2012,3,10,stewart maclean,2,495,1,46
2012,3,10,jenny coad,2,33,4,30
2012,3,10,andrew alexander,2,22,0,8
2012,3,10,martin keown,1,3,1,8
2012,3,10,dipanjan roy chaudhury,1,0,0,0
2012,3,10,frank barrett,1,7,0,5
2012,3,10,eifion rees,1,0,0,8
2012,3,10,annie caulfield,1,8,0,15
2012,3,10,aman sharma,3,7,0,2
2012,3,10,krishna kumar,1,0,0,4
2012,3,10,ross clarke,1,0,0,1
2012,3,10,michael zennie,3,68,3,5
2012,3,10,qaiser mohammad ali,1,1,1,0
2012,3,10,sarah bruce,1,19,1,4
2012,3,10,anup dutta,2,3,0,3
2012,3,10,chris lawrence,1,38,2,42
2012,3,10,reuters reporter,1,40,0,2
2012,3,10,tom worden,1,163,2,28
2012,3,10,samantha brick,1,73,1,28
2012,3,10,david davis,1,55,2,17
2012,3,10,hannah roberts,7,597,17,165
2012,3,10,stephen mcgowan,2,44,0,15
2012,3,10,mark wilson,2,6,0,2
2012,3,10,henry deedes,1,8,0,1
2012,3,10,alex kay,3,71,1,34
2012,3,10,lizzie enfield,1,16,2,9
2012,3,10,ursula hirschkorn,1,55,1,17
2012,3,10,zelda west-meads,1,0,0,0
2012,3,10,craig brown,1,1,0,0
2012,3,10,david gerges,3,122,0,22
2012,3,10,liz hull,3,73,0,17
2012,3,10,simon jones,1,48,1,30
2012,3,10,francesca preece,1,2,0,14
2012,3,10,nick metcalfe,2,35,0,6
2012,3,10,sean poulter,10,941,14,259
2012,3,10,marianne power,1,0,0,2
2012,3,10,pam francis,1,3,0,1
2012,3,10,kimberley dadds,5,70,6,39
2012,3,10,ashley gray,2,22,0,31
2012,3,10,antonia hoyle,1,1099,13,173
2012,3,10,ray massey,6,245,1,108
2012,3,10,chris greenwood,3,227,0,41
2012,3,10,this is money,1,1,0,1
2012,3,10,deepti jakhar,4,9,1,2
2012,3,10,liz thomas,1,5,0,2
2012,3,10,eleanor harding,2,11,5,7
2012,3,10,louise atkinson,1,156,1,36
2012,3,10,donal blaney,1,0,0,2
2012,3,10,india sturgis,2,18,3,9
2012,3,10,kay benedict,2,3,0,0
2012,3,10,amanda platell,1,10,0,1
2012,3,10,daley thompson,1,23,0,44
2012,3,10,fred mawer,1,6,0,2
2012,3,10,chris foy,4,2,0,7
2012,3,10,manoj joshi,1,0,0,2
2012,3,10,jenny stocks,1,301,3,89
2012,3,10,jade gamlin,2,2,0,1
2012,3,10,holly thomas,5,183,6,53
2012,3,10,gyanant singh,1,1,0,0
2012,3,10,sam cunningham,4,90,1,14
2012,3,10,s. kannan,2,11,0,8
2012,3,10,raisina tattle,1,0,0,0
2012,3,10,nick pisa,2,169,3,18
2012,3,10,jane shilling,2,6,0,5
2012,3,10,sarah fitzmaurice,7,187,14,73
2012,3,10,john hutchinson,1,17,2,7
2012,3,10,laurie whitwell,2,2,0,3
2012,3,10,dan davies,1,84,0,62
2012,3,10,james white,2,91,0,17
2012,3,10,dan hyde,3,3,1,0
2012,3,10,hywel williams,1,0,0,0
2012,3,10,maneesh pandey,1,0,0,0
2012,3,10,adrian lowery,1,0,0,0
2012,3,10,val hennessy,1,0,0,0
2012,3,10,john harding,2,1,0,0
2012,3,10,jan moir,2,18,0,4
2012,3,10,monty don,1,4,0,4
2012,3,10,yatish yadav,1,5,0,0
2012,3,10,lucy waterlow,3,136,3,36
2012,3,10,arthur martin,1,0,0,0
2012,3,10,becky barrow,3,11,0,5
2012,3,10,melissa kite,3,213,1,30
2012,3,10,christine toner,1,0,0,4
2012,3,10,york membery,1,0,0,2
2012,3,10,donna mcconnell,2,22,1,2
2012,3,10,john james,2,17,1,15
2012,3,10,vanora bennett,1,126,1,35
2012,3,10,damien gayle,6,495,10,99
2012,3,10,chris tookey,2,17,2,2
2012,3,10,jon wilde,1,488,5,84
2012,3,10,rachel rickard straus,2,22,0,7
2012,3,10,rob mcgibbon,1,2,0,1
2012,3,10,tom cox,1,0,0,0
2012,3,10,fran halsall,1,9,1,22
2012,3,10,nicole lampert,1,7,0,5
2012,3,10,andrew malone,1,24,0,10
2012,3,10,larisa brown,2,369,0,35
2012,3,10,misha rawlings,1,1,0,5
2012,3,10,dominique jackson,1,33,0,5
2012,3,10,marcus berkmann,1,3,0,4
2012,3,10,alison boshoff,1,67,1,7
2012,3,10,ed monk,2,3,0,3
2012,3,10,jennifer madison,1,11,0,3
2012,3,10,akash vashishtha,1,102,1,7
2012,3,10,rev george pitcher,1,67,1,41
2012,3,10,chris hall,1,4,0,4
2012,3,10,david august,1,0,0,0
2012,3,10,bhuvan bagga,1,1,0,0
2012,3,10,r prasad,3,2,0,0
2012,3,10,marcus barnes,1,58,0,11
2012,3,10,ann pride,6,451,6,64
2012,3,10,james tozer,1,171,2,49
2012,3,10,alexander boot,1,2,0,2
2012,3,10,ephraim hardcastle,1,0,0,0
2012,3,10,shashi tharoor,1,30,1,17
2012,3,10,ruth tierney,1,12,0,2
2012,3,10,nikita puri,1,0,0,0
2012,3,10,sonia purnell,1,13,0,2
2012,3,10,martin robinson,4,2291,71,378
2012,3,10,david gardner,1,0,3,0
2012,3,10,michael seamark,1,73,1,22
2012,3,10,jaya narain,1,35,0,6
2012,3,10,kirsty mccormack,14,416,12,121
2012,3,10,kevin quigley,1,5,0,0
2012,3,10,ryan kisiel,1,119,0,9
2012,3,10,beth stebner,2,174,9,65
2012,3,10,charles sale,1,0,0,4
2012,3,10,rajat rai,1,103,1,10
2012,3,10,adrian thrills,1,24,0,6
2012,3,10,andy townsend,1,1,0,3
2012,3,10,lindsay johns,1,13,0,6
2012,3,10,georgina maddox,1,1,0,0
2012,3,10,patrick marmion,1,0,0,0
2012,3,10,dan wootton,1,8,0,7
2012,3,10,alex singleton,1,3,0,0
2012,3,10,david blunkett,1,5,1,0
2012,3,10,kathy gyngell,1,6,0,6
2012,3,10,kelvin mackenzie,1,5,0,6
2012,3,10,sarah harris,1,192,1,30
2012,3,10,ian lyall,1,2,0,0
2012,3,10,daily mail,2,0,0,0
2012,3,10,andy dolan,1,18,2,4
2012,3,10,neil morris,1,13,0,6
2012,3,10,andrew oxlade,1,15,0,8
2012,3,10,des kelly,1,0,0,5
2012,3,10,laura howard,1,15,0,3
2012,3,10,lina das,1,52,3,5
2012,3,10,shaghil billall,2,0,0,1
2012,3,10,thomas fleming,1,0,0,0
2012,3,10,prue leith,1,30,0,10
2012,3,10,jamie ashcroft,1,0,0,0
2012,3,10,proactive investors,1,0,0,0
2012,3,10,david baker,3,91,0,24
2012,3,10,nigel jones,1,33,0,17
2012,3,10,constance craig smith,1,1,0,0
2012,3,10,matthew elliott,1,16,0,5
2012,3,10,fay ripley,1,0,0,0
2012,3,10,mark hughes-morgan,1,0,0,0
2012,3,10,simon heffer,1,2,1,10
2012,3,10,john mcgarry,1,638,4,235
2012,3,10,jamie oliver,1,21,0,0
2012,3,10,alison smith-squire,1,148,3,22
2012,3,10,pratul sharma,1,0,0,0
2012,3,10,stephen womack,4,11,0,14
2012,3,10,steve martyn,1,4,0,3
2012,3,10,jon rees,3,1,0,1
2012,3,10,matt sandy,1,45,0,12
2012,3,10,sudhanshu mishra,2,0,0,1
2012,3,10,gayanant singh,1,2,0,0
2012,3,10,m c rajan,1,1,0,0
2012,3,10,savita verma,1,1,0,2
2012,3,10,jeff prestridge,1,0,0,0
2012,3,10,mail today bureau,1,0,0,0
2012,3,10,richard bott,1,0,0,0
2012,3,10,gavin allen,1,95,6,15
2012,3,10,tony hetherington,1,6,0,0
2012,3,10,alex hawkes,3,21,0,16
2012,3,10,paul milligan,2,175,1,44
2012,3,10,colette foster,1,85,2,37
2012,3,10,tom mcghie,1,0,0,0
2012,3,10,simon watkins,1,0,0,0
2012,3,10,george arbuthnott,2,174,8,58
2012,3,10,dan atkinson,2,4,0,2
2012,3,10,matt lloyd,1,4,0,0
2012,3,10,edna fernandes,1,0,1,0
2012,3,10,neil craven,2,7,0,0
2012,3,10,roz lewis,1,27,0,6
2012,3,10,jo macfarlane,2,0,0,0
2012,3,10,simon parry,1,723,6,108
2012,3,10,richard price,1,81,5,11
2012,3,10,patrick collins,2,32,0,11
2012,3,10,ian stafford,1,1,0,4
2012,3,10,martha kelner,2,11,0,16
2012,3,10,jo thornhill,1,0,0,0
2012,3,10,malcolm folley,1,44,0,13
2012,3,10,sam peters,1,3,0,2
2012,3,10,emily hill,1,0,0,0
2012,3,10,ian birrell,1,1,0,1
2012,3,10,hazel knowles,1,1286,32,337
2012,3,10,bob cass,1,0,0,0
2012,3,10,suzanne moore,1,1,0,3
2012,3,10,james forsyth,2,0,1,0
2012,3,10,joe bernstein,1,85,0,12
2012,3,10,polly dunbar,1,607,12,675
2012,3,10,bill thornton,1,3,0,7
2012,3,10,mail on sunday comment,1,35,1,19
2012,3,10,mick collins,1,10,0,2
2012,3,10,rachel marlowe,1,8,0,1
2012,3,10,dalya alberge,1,30,1,19
2012,3,10,charles walford,1,43,2,23
2012,3,10,ian gibb,1,0,0,0
2012,3,10,sharon churcher,1,38,0,61
2012,3,10,texas,1,38,0,61
2012,3,10,edited by stephen womack,1,0,0,0
2012,3,10,chris hastings,1,5,0,2
2012,3,10,maria lally,1,40,2,14
2012,3,10,poornima joshi,1,0,0,1
2012,3,10,mail on sunday reporter,2,3,0,0
2012,3,10,rebecca english,1,113,8,24
2012,3,10,in the bahamas,1,113,8,24
2012,3,10,beezy marsh,1,136,3,84
2012,3,10,sonali joshi,1,0,0,2
2012,3,10,lucy buckland,1,16,4,6
2012,3,10,jamie redknapp,1,3,0,2
2012,3,10,rowan pelling,1,0,0,0
2012,3,10,suhas munshi,1,0,0,0
2012,3,10,alison o'reilly,1,0,0,0
2012,3,10,black dog,1,2,1,17
2012,3,10,james kerr,1,0,0,0
2012,3,10,katie nicholl,3,69,4,16
2012,3,10,abhik sen,1,1,0,0
2012,3,10,ruchir joshi,1,0,0,0
2012,3,10,tanya banon,1,4,0,0
2012,3,10,philip ryan,1,0,0,0
2012,3,10,sam greenhill,1,25,2,11
2012,3,10,vinayak chakravorty,1,10,0,2
2012,3,10,anup datta,1,2,0,1
2012,3,10,lara gould,1,6,0,4
2012,3,10,michael walker,1,7,0,2
2012,3,10,william keegan,1,1,0,0
2012,3,10,david rose,1,469,2,666
2012,3,10,simon walters,3,48,1,73
2012,3,10,gavin madeley,1,3,1,1
2012,3,10,rebecca seal,1,15,0,11
2012,3,10,peter scudamore,1,0,0,0
2012,3,10,lynn faulds wood,1,34,1,30
2012,3,10,tara brady,1,140,1,32
2012,3,10,andrew pierce,1,1,0,1
2012,3,10,brendan carlin,1,7,0,13
2012,3,10,mail on sunday political reporter,1,7,0,13
2012,3,10,david white,1,3,0,0
2012,3,10,neil ashton,1,89,0,51
2012,3,10,peter mckay,1,5,0,3
2012,3,10,neil wilson,1,1,0,15
2012,3,10,keith gladdis,1,59,0,16
2012,3,10,rebecca evans,1,42,0,17
2012,3,10,neil barraclough,1,0,1,1
