year,month,week,name,articles,facebook,googleplus,twitter
2011,11,48,daily mail reporter,232,39333,330,3076
2011,11,48,edited by stephen womack,1,0,0,0
2011,11,48,this is money reporter,11,8,0,6
2011,11,48,jade watkins,13,511,3,91
2011,11,48,miles goslett,1,95,0,27
2011,11,48,leon watson,20,1273,19,223
2011,11,48,graham smith,6,353,12,106
2011,11,48,andy dolan,1,68,0,2
2011,11,48,kirsty mccormack,13,613,12,110
2011,11,48,sami mokbel,5,44,0,15
2011,11,48,ian ladyman,2,69,0,5
2011,11,48,j j anisiobi,4,286,0,103
2011,11,48,maysa rawi,8,492,2,82
2011,11,48,lindsay johns,1,10,0,4
2011,11,48,sarah fitzmaurice,11,503,9,79
2011,11,48,richard hartley-parkinson,15,1491,34,190
2011,11,48,will stewart,4,422,7,88
2011,11,48,helen loveless,5,0,0,0
2011,11,48,daniel bates,6,966,5,47
2011,11,48,michael zennie,10,938,9,86
2011,11,48,jessica satherley,13,1801,3,168
2011,11,48,sam turner,5,1,0,2
2011,11,48,rob waugh,12,5788,52,457
2011,11,48,emily andrews,2,60,0,15
2011,11,48,lucy buckland,12,610,4,122
2011,11,48,jason groves,6,337,0,21
2011,11,48,rachel marlowe,5,769,5,82
2011,11,48,ashley gray,6,321,1,118
2011,11,48,daisy dumas,4,442,0,35
2011,11,48,sportsmail reporter,189,5124,27,746
2011,11,48,press association reporter,1,25,0,1
2011,11,48,eleanor gower,8,3166,6,214
2011,11,48,becky barrow,7,215,6,73
2011,11,48,david wilkes,2,657,6,147
2011,11,48,tony hetherington,2,5,0,0
2011,11,48,emma reynolds,8,3796,22,388
2011,11,48,thomas durante,1,108,0,5
2011,11,48,jeff powell,2,11,0,4
2011,11,48,nadia mendoza,9,255,9,121
2011,11,48,amelia proud,11,440,5,65
2011,11,48,hugo gye,5,832,2,95
2011,11,48,tom worden,1,102,1,6
2011,11,48,doree lewak,1,91,0,11
2011,11,48,patricia ramos,3,22,2,12
2011,11,48,lucy elkins,1,35,0,21
2011,11,48,emily sheridan,6,638,2,81
2011,11,48,mac,4,149,1,7
2011,11,48,rob cooper,5,357,2,37
2011,11,48,peter scudamore,1,0,0,0
2011,11,48,anthony bond,4,644,9,45
2011,11,48,paul milligan,1,254,1,11
2011,11,48,rupert steiner,4,1,0,4
2011,11,48,sonia poulton,2,20,2,10
2011,11,48,nina golgowski,1,9,0,1
2011,11,48,inderdeep bains,2,27,1,0
2011,11,48,thomas fleming,1,39,0,2
2011,11,48,deborah arthurs,9,4032,31,337
2011,11,48,dan hyde,1,1,0,0
2011,11,48,ross clark,1,0,0,1
2011,11,48,richard shears,3,244,0,15
2011,11,48,mike larkin,8,459,2,49
2011,11,48,sadie whitelocks,9,1754,7,167
2011,11,48,laura williamson,2,137,1,8
2011,11,48,matt lawton,1,15,0,2
2011,11,48,quentin letts,3,0,0,14
2011,11,48,simon lambert,3,5,0,3
2011,11,48,steve doughty,4,399,1,34
2011,11,48,sebastian o'kelly,1,0,0,1
2011,11,48,paul thompson,2,27,0,1
2011,11,48,tara evans,5,569,1,15
2011,11,48,gavin allen,3,3049,39,269
2011,11,48,craig mackenzie,5,1102,17,74
2011,11,48,tom kelly,1,15,0,3
2011,11,48,sara nelson,2,3,1,0
2011,11,48,sara nathan,3,2798,10,57
2011,11,48,daily mail,7,747,4,42
2011,11,48,this is money,1,0,0,0
2011,11,48,andrew levy,1,253,8,17
2011,11,48,lee boyce,7,45,1,14
2011,11,48,beth stebner,5,382,2,60
2011,11,48,sean poulter,5,167,3,25
2011,11,48,peta bee,1,9,0,3
2011,11,48,mike o'brien,2,1649,7,64
2011,11,48,ray massey,1,5,0,3
2011,11,48,holly thomas,3,386,3,64
2011,11,48,andy hooper,1,10,0,4
2011,11,48,ian lyall,1,0,0,0
2011,11,48,proactive investors,2,0,0,0
2011,11,48,valentina jovanovski,1,15,0,13
2011,11,48,neil moxley,4,9,0,7
2011,11,48,liz jones,2,166,0,25
2011,11,48,vanessa allen,4,151,1,53
2011,11,48,mark wilson,3,41,0,12
2011,11,48,katherine faulkner,2,136,1,29
2011,11,48,richard kay,2,19,0,6
2011,11,48,nick enoch,3,127,1,16
2011,11,48,andy yates,1,13,0,0
2011,11,48,huddlebuy,1,13,0,0
2011,11,48,harry glass,4,1,0,7
2011,11,48,fred mawer,1,15,0,1
2011,11,48,adrian lowery,5,31,0,4
2011,11,48,travelmail reporter,1,5,0,11
2011,11,48,gavin madeley,1,8,0,0
2011,11,48,fiona macrae,3,693,3,86
2011,11,48,this is money reporters,4,2,0,1
2011,11,48,dominic king,4,297,1,26
2011,11,48,rob davies,3,0,0,1
2011,11,48,daniel martin,7,844,4,154
2011,11,48,radhika holmstrm,2,194,1,17
2011,11,48,lee moran,3,90,0,10
2011,11,48,luke salkeld,7,1193,7,141
2011,11,48,mark duell,12,363,4,31
2011,11,48,alex brummer,6,6,0,7
2011,11,48,daniel miller,5,6366,42,652
2011,11,48,sophie borland,3,108,0,26
2011,11,48,mary berry,6,39,1,4
2011,11,48,ted thornhill,4,116,2,15
2011,11,48,jaya narain,3,510,11,88
2011,11,48,jonathan mcevoy,1,21,0,21
2011,11,48,keith gladdis,2,87,2,50
2011,11,48,hugo duncan,7,87,0,31
2011,11,48,martin samuel,4,310,1,39
2011,11,48,michael hanlon,1,1179,4,217
2011,11,48,amy williams,2,40,0,6
2011,11,48,tim shipman,6,83,2,15
2011,11,48,simon tomlinson,6,2657,20,141
2011,11,48,rachel ellis,1,484,1,21
2011,11,48,george pitcher,2,118,1,25
2011,11,48,jenny hope,4,1293,3,128
2011,11,48,james white,2,36,0,11
2011,11,48,phil cadden,1,0,0,2
2011,11,48,mary ellen synon,1,10,0,0
2011,11,48,laura schreffler,19,1339,9,132
2011,11,48,sam greenhill,2,60,1,14
2011,11,48,janine self,1,2,0,1
2011,11,48,peter allen,2,25,4,5
2011,11,48,paul newman,2,3,0,0
2011,11,48,andrew oxlade,2,23,0,1
2011,11,48,ben todd,3,393,5,25
2011,11,48,danny wheeler,1,8,0,8
2011,11,48,brendan monks,1,13,0,1
2011,11,48,claire bates,4,133,5,53
2011,11,48,matt barlow,4,466,4,45
2011,11,48,lauren paxman,7,5612,20,414
2011,11,48,harry phibbs,1,3,0,2
2011,11,48,lauren thompson,1,0,0,1
2011,11,48,rob freeman,1,5,1,14
2011,11,48,soriebah kajue,1,78,0,6
2011,11,48,donna mcconnell,2,245,0,31
2011,11,48,james chapman,8,1160,11,226
2011,11,48,wil longbottom,2,60,0,8
2011,11,48,associated press,14,1375,14,113
2011,11,48,david gardner,2,459,11,31
2011,11,48,alexander barratt,1,0,0,0
2011,11,48,naomi selvaratnam,1,0,3,0
2011,11,48,nick wood,1,9,0,0
2011,11,48,james salmon,1,2,0,3
2011,11,48,steve bird,1,63,0,8
2011,11,48,chris foy,10,53,0,10
2011,11,48,paul sims,1,212,0,25
2011,11,48,chris wheeler,1,28,1,3
2011,11,48,meghan keneally,1,50,0,11
2011,11,48,patrick marmion,1,3,0,2
2011,11,48,tom bellwood,2,36,1,18
2011,11,48,colin young,2,0,0,0
2011,11,48,ruth sunderland,3,6,0,3
2011,11,48,chris greenwood,3,330,2,46
2011,11,48,andrew alexander,1,6,2,2
2011,11,48,david williams,1,33,0,6
2011,11,48,dominique jackson,2,53,0,7
2011,11,48,brian marjoribanks,1,0,0,0
2011,11,48,linda blair,1,22,0,7
2011,11,48,crime reporter,1,270,1,40
2011,11,48,james slack,2,95,0,22
2011,11,48,john edwards,4,50,2,5
2011,11,48,richard barber,2,70,0,27
2011,11,48,john stevens,2,178,2,14
2011,11,48,matt fortune,2,14,0,30
2011,11,48,marcus townend,2,0,0,0
2011,11,48,jack doyle,1,95,0,36
2011,11,48,jenny johnston,1,152,0,18
2011,11,48,nick pisa,3,175,1,33
2011,11,48,lorraine candy,1,6,0,2
2011,11,48,louise boyle,3,129,4,12
2011,11,48,mike dickson,4,134,0,7
2011,11,48,simon duke,1,1,0,0
2011,11,48,tony hazell,1,0,0,1
2011,11,48,sebastian lander,1,25,0,15
2011,11,48,rebecca english,1,53,3,13
2011,11,48,daily mail comment,3,51,1,9
2011,11,48,money mail,6,14,0,3
2011,11,48,elaine lipworth,1,5,0,3
2011,11,48,matt lawless,2,49,0,9
2011,11,48,eleanor harding,1,100,2,8
2011,11,48,simon neville,2,91,3,29
2011,11,48,beth hale,2,76,2,17
2011,11,48,amanda platell,2,71,0,19
2011,11,48,andrea magrath,14,516,12,120
2011,11,48,mark hughes-morgan,3,15,0,0
2011,11,48,melissa kite,1,1,0,2
2011,11,48,leo spall,1,1,0,0
2011,11,48,julia manning,2,9,0,9
2011,11,48,chris brooke,2,772,3,56
2011,11,48,craig brown,1,10,0,0
2011,11,48,henry deedes,1,5,0,9
2011,11,48,eliza scarborough,1,11,0,4
2011,11,48,kerry mcqueeney,1,50,0,1
2011,11,48,india sturgis,2,32,0,5
2011,11,48,tamara abraham,1,20,0,1
2011,11,48,alan roden,1,87,0,11
2011,11,48,sarah gordon,1,11,1,19
2011,11,48,stewart maclean,2,498,4,37
2011,11,48,melanie phillips,2,58,1,12
2011,11,48,michael seamark,1,93,0,21
2011,11,48,bel mooney,1,29,0,8
2011,11,48,nadia gilani,3,146,2,34
2011,11,48,anna pursglove,1,13,2,2
2011,11,48,diana appleyard,1,192,0,21
2011,11,48,charles sale,2,1,0,2
2011,11,48,john greechan,1,0,0,1
2011,11,48,michael burleigh,1,1,0,2
2011,11,48,tim hayward,1,74,1,21
2011,11,48,mail foreign service,3,545,6,86
2011,11,48,tom cox,1,0,0,0
2011,11,48,richard littlejohn,1,19,1,4
2011,11,48,jim hooley,1,18,1,0
2011,11,48,zelda west-meads,1,0,0,3
2011,11,48,damien gayle,2,147,1,21
2011,11,48,simon cass,2,8,1,2
2011,11,48,moira petty,1,10,0,3
2011,11,48,paul harris,1,3,0,0
2011,11,48,lizzie harris,3,28,0,1
2011,11,48,david wigg,1,195,3,13
2011,11,48,tom utley,1,3,1,5
2011,11,48,chris johnson,1,128,3,93
2011,11,48,lydia warren,1,102,1,26
2011,11,48,michael arditti,2,19,0,0
2011,11,48,rik sharma,5,123,1,18
2011,11,48,travelmail,2,89,0,17
2011,11,48,kirsty walker,3,273,4,41
2011,11,48,laura freeman,1,808,7,14
2011,11,48,dr robert lefever,2,6,0,19
2011,11,48,marcus barnes,4,304,7,30
2011,11,48,max hastings,2,219,1,49
2011,11,48,mimi spencer,1,0,0,1
2011,11,48,rachel rickard straus,1,42,1,5
2011,11,48,luke benedict,1,1,0,3
2011,11,48,neil ashton,1,204,3,59
2011,11,48,geoffrey wansell,1,3,0,4
2011,11,48,john harding,1,92,0,5
2011,11,48,bella blissett,1,0,0,0
2011,11,48,peter campbell,1,1,0,1
2011,11,48,tim oglethorpe,2,4,1,1
2011,11,48,chris slack,2,56,0,15
2011,11,48,jan moir,1,84,0,17
2011,11,48,rebecca seales,1,0,0,0
2011,11,48,sally brompton,1,3,0,0
2011,11,48,andy townsend,1,118,0,10
2011,11,48,peter lewis,1,7,0,4
2011,11,48,vincent graff,1,0,0,0
2011,11,48,colin fernandez,1,233,1,28
2011,11,48,tom leonard,1,109,0,25
2011,11,48,neil sears,3,481,7,64
2011,11,48,nick mcdermott,1,5,0,0
2011,11,48,des kelly,1,5,0,7
2011,11,48,andrew magee,1,19,0,4
2011,11,48,jamie ashcroft,1,0,0,0
2011,11,48,paul nicholls,1,0,0,0
2011,11,48,rob wildman,1,0,0,0
2011,11,48,dan ripley,1,3,0,6
2011,11,48,lina das,1,120,1,3
2011,11,48,ian birrell,1,118,0,35
2011,11,48,jenny stocks,1,496,5,63
2011,11,48,chris tookey,3,8,0,1
2011,11,48,jeff prestridge,3,4,1,8
2011,11,48,helen carroll,1,67,1,14
2011,11,48,graham grant,1,92,3,4
2011,11,48,alison boshoff,1,34,0,9
2011,11,48,lara sargent,1,7,0,1
2011,11,48,jenny coad,1,30,1,8
2011,11,48,jamie oliver,1,0,0,1
2011,11,48,riath al-samarrai,2,17,0,5
2011,11,48,michael mosley,1,224,1,10
2011,11,48,allan mallinson,1,6,0,1
2011,11,48,tim chalmers,1,4,0,1
2011,11,48,ann pride,4,29,1,6
2011,11,48,tamara cohen,1,141,1,34
2011,11,48,sarah graham,1,74,0,10
2011,11,48,monty don,1,0,0,0
2011,11,48,ephraim hardcastle,1,0,0,0
2011,11,48,ian sparks,1,267,5,47
2011,11,48,tanith carey,1,68,1,16
2011,11,48,jill foster,1,121,4,33
2011,11,48,francesca preece,1,4,0,1
2011,11,48,mark ryan,1,3,0,2
2011,11,48,simon watkins,2,1,0,0
2011,11,48,dan atkinson,2,0,0,0
2011,11,48,sarah bridge,1,10,0,0
2011,11,48,james tozer,2,381,4,24
2011,11,48,nikki murfitt,2,43,0,9
2011,11,48,rick dewsbury,3,294,3,50
2011,11,48,bob cass,3,356,3,93
2011,11,48,alex hawkes,3,8,0,0
2011,11,48,joe bernstein,3,23,0,9
2011,11,48,paul morgan,1,2,0,0
2011,11,48,peter hitchens,1,12,0,2
2011,11,48,graham otway,1,0,0,0
2011,11,48,david law,1,37,3,0
2011,11,48,nick harris,1,38,0,11
2011,11,48,bill thornton,1,20,0,0
2011,11,48,richard dyson,1,0,0,4
2011,11,48,amy shindler,1,31,0,19
2011,11,48,dianne king,3,63,1,12
2011,11,48,neil craven,3,1,0,0
2011,11,48,black dog,1,6,0,3
2011,11,48,david rose,1,521,15,148
2011,11,48,dina behrman,1,61,0,19
2011,11,48,jonathan petre,1,89,1,5
2011,11,48,louise cahill,1,14,1,18
2011,11,48,mick collins,1,2,0,2
2011,11,48,sharon churcher,2,177,4,26
2011,11,48,paul revoir,1,20,1,6
2011,11,48,stephen womack,1,5,0,2
2011,11,48,tom mcghie,1,1,0,1
2011,11,48,robert hardman,1,45,0,8
2011,11,48,catherine ostler,1,9,1,14
2011,11,48,steve martyn,1,2,0,2
2011,11,48,andy whelan,1,138,0,39
2011,11,48,ian stafford,2,7,0,3
2011,11,48,jo thornhill,1,14,0,6
2011,11,48,suzanne moore,1,80,0,9
2011,11,48,hilary freeman,1,130,1,15
2011,11,48,rob draper,1,54,4,7
2011,11,48,laura powell,1,201,2,29
2011,11,48,bill day,1,0,0,0
2011,11,48,simon walters,2,5,0,12
2011,11,48,jim mcbeth,1,337,5,18
2011,11,48,brendan carlin,2,207,2,61
2011,11,48,patricia kane,1,8,0,1
2011,11,48,derek hunter,1,167,0,4
2011,11,48,katie nicholl,3,65,4,43
2011,11,48,mail on sunday political reporter,1,16,0,0
2011,11,48,robin turner,1,10,0,5
2011,11,48,katie silver,1,507,5,59
2011,11,48,gareth finighan,2,142,0,21
2011,11,48,linda kelsey,1,128,3,51
2011,11,48,mail on sunday reporter,3,214,4,102
2011,11,48,claudia joseph,1,37,1,18
2011,11,48,stephanie darrall,2,314,10,52
2011,11,48,james millbank,2,1741,8,143
2011,11,48,neil wilson,1,9,0,17
2011,11,48,nick metcalfe,2,74,0,12
2011,11,48,andrew pierce,1,1,0,12
2011,11,48,lawrie holmes,1,1,0,1
2011,11,48,sue reid,1,46,0,13
2011,11,48,james forsyth,1,1,0,1
2011,11,48,warren swords,1,0,0,0
2011,11,48,mail on sunday comment,1,9,0,0
2011,11,48,michelle fleming,1,2,0,1
2011,11,48,rowan pelling,1,12,0,3
2011,11,48,maya oakley,1,0,0,0
2011,11,48,glen owen,1,1,0,1
2011,11,48,sheila flynn,1,0,0,0
2011,11,48,stephen mcgowan,1,6,0,0
2011,11,48,emily allen,1,203,0,12
2011,11,48,philip duncan,1,0,0,4
2011,11,48,richard gibson,1,2,0,1
2011,11,48,vicki owen,1,4,0,0
2011,11,48,william keegan,1,0,0,0
2011,11,48,george arbuthnott,1,34,0,9
2011,11,48,michael walker,1,1,0,3
2011,11,48,lara gould,2,14,3,5
2011,11,48,bill mouland,1,1492,1,88
2011,11,48,valerie elliott,1,37,0,13
2011,11,48,hannah roberts,1,208,0,5
