year,month,week,name,articles,facebook,googleplus,twitter
2011,11,46,sportsmail reporter,187,5950,7,689
2011,11,46,joe ridge,1,0,0,6
2011,11,46,mike larkin,7,1107,3,36
2011,11,46,laura schreffler,17,340,4,57
2011,11,46,flic everett,1,273,2,40
2011,11,46,james chapman,3,36,1,8
2011,11,46,daily mail reporter,202,25920,170,2431
2011,11,46,nadia mendoza,13,1093,7,152
2011,11,46,dominique jackson,2,30,0,9
2011,11,46,michael burleigh,2,12,0,3
2011,11,46,daisy dumas,8,4444,20,514
2011,11,46,lucy elkins,1,145,0,25
2011,11,46,sarah fitzmaurice,11,222,2,54
2011,11,46,alanah eriksen,10,1264,11,171
2011,11,46,lucy buckland,8,584,6,118
2011,11,46,fiona macrae,3,232,2,53
2011,11,46,paul sims,3,1710,3,128
2011,11,46,craig brown,1,0,0,0
2011,11,46,anne diamond,1,228,1,71
2011,11,46,michael seamark,2,13,0,4
2011,11,46,sara nelson,5,665,6,28
2011,11,46,simon lambert,1,3,0,0
2011,11,46,chris slack,6,21,2,7
2011,11,46,david gardner,4,676,5,52
2011,11,46,clare ellicott,1,114,1,2
2011,11,46,holly thomas,10,1461,6,160
2011,11,46,katherine faulkner,3,89,0,22
2011,11,46,deborah arthurs,4,488,1,90
2011,11,46,ray massey,3,16,2,13
2011,11,46,daniel miller,1,10,0,1
2011,11,46,neil wilson,3,21,0,21
2011,11,46,ian ladyman,3,719,1,85
2011,11,46,michael zennie,14,5077,6,131
2011,11,46,martyn cox,1,2,0,0
2011,11,46,neil ashton,3,324,0,35
2011,11,46,sadie whitelocks,11,757,4,118
2011,11,46,rebecca camber,2,1425,5,125
2011,11,46,james tozer,1,1153,11,136
2011,11,46,daily mail,3,18,0,1
2011,11,46,james slack,4,54,0,9
2011,11,46,lee boyce,4,28,0,21
2011,11,46,this is money reporter,16,26,0,14
2011,11,46,simon cass,3,11,0,12
2011,11,46,amelia proud,13,606,3,43
2011,11,46,louise eccles,2,400,2,119
2011,11,46,emily allen,4,166,3,27
2011,11,46,andy hooper,1,4,0,2
2011,11,46,derek lawrenson,1,1,0,1
2011,11,46,tim shipman,13,1471,4,150
2011,11,46,inderdeep bains,3,249,4,22
2011,11,46,gareth finighan,3,622,2,81
2011,11,46,eve mcgowan,1,7,0,9
2011,11,46,nadia gilani,16,865,4,99
2011,11,46,adrian lowery,2,23,0,6
2011,11,46,lauren paxman,11,4022,14,456
2011,11,46,matt barlow,5,113,0,28
2011,11,46,jade watkins,9,283,6,41
2011,11,46,rachel quigley,6,197,2,9
2011,11,46,georgina littlejohn,9,1024,6,155
2011,11,46,simon duke,6,7,0,3
2011,11,46,tara evans,1,20,1,0
2011,11,46,meghan keneally,5,3970,33,403
2011,11,46,lydia warren,4,2880,7,166
2011,11,46,sam turner,4,0,0,2
2011,11,46,peta bee,1,10,0,2
2011,11,46,daniel bates,8,152,0,36
2011,11,46,quentin letts,1,10,0,6
2011,11,46,daily mail comment,4,87,1,7
2011,11,46,ted thornhill,12,1731,27,119
2011,11,46,richard kay,3,17,0,16
2011,11,46,rupert steiner,3,1,0,0
2011,11,46,travelmail reporter,4,515,2,58
2011,11,46,steve moxon,1,8,0,4
2011,11,46,matt whyman,1,142,1,22
2011,11,46,j j anisiobi,9,1077,4,127
2011,11,46,sonia poulton,1,8,0,1
2011,11,46,nina golgowski,5,216,2,19
2011,11,46,sean poulter,6,1053,3,193
2011,11,46,sebastian o kelly,1,3,0,5
2011,11,46,jan moir,2,174,0,22
2011,11,46,jessica satherley,14,2954,15,283
2011,11,46,mark littlewood,1,20,0,2
2011,11,46,ian drury,4,801,3,67
2011,11,46,hugo duncan,4,11,0,2
2011,11,46,peter allen,5,90,1,31
2011,11,46,laurie whitwell,7,5226,11,266
2011,11,46,anthony bond,7,488,5,93
2011,11,46,claire bates,9,601,8,118
2011,11,46,jaya narain,2,863,3,40
2011,11,46,richard shears,3,296,3,18
2011,11,46,thea jourdan,1,36,0,11
2011,11,46,lee moran,6,2171,16,210
2011,11,46,geoff foster,2,0,0,1
2011,11,46,ben todd,4,353,2,51
2011,11,46,sophie borland,4,112,1,32
2011,11,46,harry mount,1,231,1,31
2011,11,46,paul thompson,7,1350,4,79
2011,11,46,maysa rawi,7,579,1,60
2011,11,46,roger baird,2,0,0,6
2011,11,46,emma reynolds,7,889,4,119
2011,11,46,colin young,7,76,1,29
2011,11,46,patricia ramos,3,117,2,12
2011,11,46,chris parsons,6,898,2,69
2011,11,46,mac,2,73,0,4
2011,11,46,mark wilson,2,26,0,4
2011,11,46,david jones,2,150,0,5
2011,11,46,associated press,17,1956,8,108
2011,11,46,ralph ellis,1,4,0,0
2011,11,46,amanda platell,1,2,0,1
2011,11,46,nick abbot,1,22,0,2
2011,11,46,laura howard,1,2,0,0
2011,11,46,laura williamson,1,6,0,2
2011,11,46,sam dunn,2,1,0,1
2011,11,46,harry glass,3,0,0,0
2011,11,46,peter moss,1,7,0,2
2011,11,46,john naish,1,0,0,0
2011,11,46,andrea magrath,4,375,1,44
2011,11,46,dan hyde,4,92,0,19
2011,11,46,chris johnson,4,136,2,23
2011,11,46,sylvia morris,2,0,0,0
2011,11,46,john stevens,3,25,0,21
2011,11,46,simon tomlinson,3,480,3,216
2011,11,46,matt lawton,5,45,0,14
2011,11,46,rob wildman,3,1,0,3
2011,11,46,paul harris,2,2657,5,138
2011,11,46,andy dolan,2,2800,7,345
2011,11,46,chris greenwood,3,134,1,18
2011,11,46,m e synon,1,2,0,0
2011,11,46,simon jones,1,34,0,11
2011,11,46,chris brooke,3,396,3,52
2011,11,46,kirsty mccormack,11,701,7,144
2011,11,46,jill foster,1,82,0,29
2011,11,46,dan ripley,5,97,0,40
2011,11,46,clare nolan,2,3,0,0
2011,11,46,emily sheridan,4,122,1,14
2011,11,46,rebecca english,5,323,3,55
2011,11,46,hugo gye,7,982,7,83
2011,11,46,karen kay,1,18,0,15
2011,11,46,james coney,1,9,0,7
2011,11,46,nick pisa,2,15,0,3
2011,11,46,annabelle thomson,1,20,1,5
2011,11,46,jeff powell,4,193,0,26
2011,11,46,sarah gordon,1,4,0,1
2011,11,46,allan mallinson,1,6,0,3
2011,11,46,becky barrow,1,2,0,1
2011,11,46,michael hanlon,1,9,0,16
2011,11,46,marcus townend,5,3,0,0
2011,11,46,chris moncrieff,1,0,0,0
2011,11,46,hywel williams,2,11,0,0
2011,11,46,tony hazell,2,1,0,0
2011,11,46,stephen mcgowan,4,49,0,21
2011,11,46,john greechan,1,32,0,4
2011,11,46,kate loveys,3,722,1,53
2011,11,46,carol davis,1,11,0,5
2011,11,46,andrew alexander,1,3,0,1
2011,11,46,pat hagan,1,9,0,4
2011,11,46,erica heller,1,38,0,2
2011,11,46,dr robert lefever,2,32,1,4
2011,11,46,a n wilson,3,1710,6,103
2011,11,46,martin samuel,4,59,0,13
2011,11,46,rosanna spero,2,4,0,0
2011,11,46,rob cooper,3,158,0,15
2011,11,46,alex singleton,1,0,0,0
2011,11,46,sarah tomczak,1,133,1,30
2011,11,46,alex brummer,3,2,0,0
2011,11,46,lorraine candy,1,0,0,0
2011,11,46,rick dewsbury,5,1307,3,175
2011,11,46,charles sale,3,95,0,11
2011,11,46,jenny hope,3,72,3,29
2011,11,46,ephraim hardcastle,2,17,0,1
2011,11,46,graham smith,6,1637,7,139
2011,11,46,steve doughty,4,23,1,4
2011,11,46,john edwards,2,103,0,23
2011,11,46,alan fraser,1,22,0,3
2011,11,46,diana furchtgott - roth,1,36,0,8
2011,11,46,money mail,2,3,0,0
2011,11,46,lauren thompson,1,0,0,0
2011,11,46,ed monk,1,0,0,0
2011,11,46,julia llewellyn smith,1,453,3,64
2011,11,46,mike o'brien,2,273,0,5
2011,11,46,eleanor gower,6,1645,4,54
2011,11,46,sharon parsons,1,10,0,1
2011,11,46,neil moxley,2,8,0,4
2011,11,46,nick wood,1,0,0,0
2011,11,46,stephen glover,1,29,0,1
2011,11,46,hannah roberts,2,481,1,29
2011,11,46,graham chadwick,1,22,0,14
2011,11,46,richard hartley-parkinson,2,2,1,0
2011,11,46,kate melhuish,1,2,0,0
2011,11,46,eliza scarborough,1,0,0,0
2011,11,46,rob davies,2,15,0,0
2011,11,46,dominic king,5,16,0,7
2011,11,46,tamara cohen,2,16,0,10
2011,11,46,jim hooley,1,58,0,4
2011,11,46,catherine ostler,2,89,2,31
2011,11,46,liz hull,1,2113,1,143
2011,11,46,rachel marlowe,4,3161,12,445
2011,11,46,melanie phillips,2,22,0,2
2011,11,46,leo spall,1,35,0,6
2011,11,46,mike dickson,2,3,0,1
2011,11,46,patrick marmion,1,1,0,0
2011,11,46,live reporter,1,3,0,4
2011,11,46,denis irwin,1,1,0,0
2011,11,46,annabel venning,1,120,0,11
2011,11,46,sarah stacey,2,10,0,9
2011,11,46,louise boyle,1,16,0,5
2011,11,46,john koski,2,126,0,1
2011,11,46,stephanie darrall,2,1,1,0
2011,11,46,annie bell,3,7,0,0
2011,11,46,chris wheeler,2,17,0,2
2011,11,46,hugo daniel,1,10,0,3
2011,11,46,tamsin brown,1,0,0,0
2011,11,46,colin fernandez,2,256,1,11
2011,11,46,richard barber,1,19,0,1
2011,11,46,malcolm macdonald,1,4,0,1
2011,11,46,marcus barnes,7,323,3,52
2011,11,46,tom utley,1,3,0,1
2011,11,46,chris hall,1,0,0,0
2011,11,46,sally brompton,1,1,0,0
2011,11,46,liz jones diary,1,6,0,1
2011,11,46,roger lewis,2,87,2,28
2011,11,46,mark palmer,1,141,0,12
2011,11,46,mail foreign service,1,27,0,2
2011,11,46,jo wheatley,3,48,2,4
2011,11,46,harry phibbs,1,3,0,2
2011,11,46,christopher hudson,1,4,0,4
2011,11,46,val hennessy,1,0,0,0
2011,11,46,rik sharma,3,192,0,22
2011,11,46,monty don,1,0,0,0
2011,11,46,etain lavelle,1,2,0,0
2011,11,46,carla mckay,1,95,0,0
2011,11,46,mimi spencer,1,6,0,0
2011,11,46,pete jenson,1,4,0,2
2011,11,46,kirsty walker,5,409,1,104
2011,11,46,angela mason,1,0,0,0
2011,11,46,andrew levy,1,324,5,28
2011,11,46,luke salkeld,3,178,3,39
2011,11,46,joan bakewell,1,10,0,8
2011,11,46,ben laurance,1,0,0,0
2011,11,46,tamara abraham,2,49,1,3
2011,11,46,sami mokbel,1,0,0,0
2011,11,46,jennifer madison,1,0,0,0
2011,11,46,caroline baker,1,2,0,0
2011,11,46,simon heffer,1,5,1,0
2011,11,46,tim oglethorpe,1,3,0,1
2011,11,46,simon richards,1,6,0,0
2011,11,46,cole moreton,1,4,0,5
2011,11,46,jon roseman,1,14,0,5
2011,11,46,rebecca hardy,1,26,0,5
2011,11,46,luke benedict,2,77,0,7
2011,11,46,peter jackson,1,0,0,0
2011,11,46,chris tookey,1,9,0,7
2011,11,46,simon garner.,1,20,0,16
2011,11,46,jo fairley,1,7,0,6
2011,11,46,sam downes,1,15,0,0
2011,11,46,john hutchinson,1,0,0,0
2011,11,46,jenny bennett,1,14,0,5
2011,11,46,peter campbell,1,1,0,1
2011,11,46,daily mail recipe,1,7,0,0
2011,11,46,martin keown,1,3,0,3
2011,11,46,sarah edworthy,1,2,0,3
2011,11,46,a tanswell,2,89,1,24
2011,11,46,adrian radnedge,1,5,0,1
2011,11,46,adam hathaway,1,0,0,0
2011,11,46,nicole lampert,1,0,0,0
2011,11,46,craig mackenzie,3,550,5,41
2011,11,46,eleanor harding,2,49,0,21
2011,11,46,robert hardman,2,82,1,0
2011,11,46,tanith carey,1,212,0,39
2011,11,46,mark hughes-morgan,1,18,0,9
2011,11,46,neil barraclough,2,5,0,3
2011,11,46,lucy ballinger,1,204,2,46
2011,11,46,stephen wright,1,204,2,262
2011,11,46,kelvin mackenzie,1,10,0,5
2011,11,46,paul bracchi,1,42,0,27
2011,11,46,tom rawstorne,1,21,0,1
2011,11,46,rob freeman,1,120,1,21
2011,11,46,martin domin,1,36,0,8
2011,11,46,this is money,1,0,0,0
2011,11,46,mary ellen synon,1,0,0,0
2011,11,46,charles walford,1,465,6,64
2011,11,46,sophie goodchild,1,65,2,5
2011,11,46,jeff prestridge,1,0,0,0
2011,11,46,ann pride,5,242,4,20
2011,11,46,steve martyn,1,0,0,2
2011,11,46,joanne hart,1,0,0,0
2011,11,46,pamela owen,4,252,2,49
2011,11,46,suzanne moore,1,4,0,6
2011,11,46,bel mooney,1,6,0,0
2011,11,46,mike brown,1,1,0,0
2011,11,46,stephen womack,1,0,0,0
2011,11,46,chris hastings,2,201,5,73
2011,11,46,bob cass,1,23,0,6
2011,11,46,ian gallagher,1,91,0,28
2011,11,46,rob draper,2,113,0,12
2011,11,46,james forsyth,1,1,0,2
2011,11,46,richard price,1,64,0,4
2011,11,46,mail on sunday reporter,3,666,0,81
2011,11,46,jo thornhill,1,2,0,1
2011,11,46,jon rees,2,0,0,2
2011,11,46,peter day,1,0,0,0
2011,11,46,liz jones,1,33,0,17
2011,11,46,neil craven,1,25,1,3
2011,11,46,nick harris,1,636,3,155
2011,11,46,caroline graham,1,33,1,16
2011,11,46,tony hetherington,1,0,2,0
2011,11,46,joe bernstein,2,94,0,17
2011,11,46,malcolm folley,1,3,0,4
2011,11,46,richard dyson,1,2,0,2
2011,11,46,richard bott,1,15,0,0
2011,11,46,dr ellie cannon,1,0,0,1
2011,11,46,simon walters,4,172,2,55
2011,11,46,glen owen,2,23,1,16
2011,11,46,simon watkins,1,0,0,2
2011,11,46,paul milligan,1,4,0,3
2011,11,46,dianne king,2,116,0,13
2011,11,46,sharon churcher,1,42,1,36
2011,11,46,lisa buckingham,1,1,0,3
2011,11,46,ian stafford,1,0,0,0
2011,11,46,chris power,1,1,0,1
2011,11,46,cara sloman,1,142,0,17
2011,11,46,michael walker,1,1,0,0
2011,11,46,helen loveless,2,1,0,1
2011,11,46,brendan carlin,1,7,0,7
2011,11,46,abhijit pandya,1,14,0,1
2011,11,46,frank barrett,1,23,2,21
2011,11,46,vicki owen,1,35,2,16
2011,11,46,rose balston,1,34,0,17
2011,11,46,michael o'farrell,1,24,0,1
2011,11,46,glenys roberts,1,15,0,1
2011,11,46,jonathan petre,2,210,0,20
2011,11,46,holly millbank,1,3,0,0
2011,11,46,vanessa allen,1,133,1,32
2011,11,46,alex wood,1,0,0,0
2011,11,46,valerie elliott,2,66,1,21
2011,11,46,marianne power,1,199,4,62
2011,11,46,barbara mcmillan,1,42,0,10
2011,11,46,katie nicholl,1,1,0,0
2011,11,46,richard gibson,1,3,0,1
2011,11,46,alison smith-squire,1,123,0,16
2011,11,46,peter walsh,1,456,3,45
2011,11,46,lucy laing,1,364,0,111
2011,11,46,peter scudamore,1,0,0,0
2011,11,46,iraq,1,12,0,0
2011,11,46,compiled by thisismoney,1,0,0,1
2011,11,46,baz bamigboye,1,0,1,0
2011,11,46,allan hall,1,87,2,18
2011,11,46,mark webster,1,4,0,1
2011,11,46,john lee,1,2,0,4
2011,11,46,jamie redknapp,1,4,0,4
2011,11,46,andrew pierce,1,5,0,2
2011,11,46,anita bennett,1,97,2,11
