year,month,week,name,articles,facebook,googleplus,twitter
2011,7,28,jody thompson,10,837,1,158
2011,7,28,sportsmail reporter,152,5145,2,467
2011,7,28,tamara abraham,11,1460,5,129
2011,7,28,peta bee,2,1026,2,166
2011,7,28,daily mail reporter,349,39356,153,4995
2011,7,28,deborah arthurs,4,343,2,57
2011,7,28,john stevens,13,2748,7,252
2011,7,28,this is money reporters,17,33,0,30
2011,7,28,nigel colborn,1,2,0,1
2011,7,28,ian lyall,1,3,0,4
2011,7,28,proactive investors,1,3,0,4
2011,7,28,lee moran,2,284,0,38
2011,7,28,matt fortune,1,19,0,2
2011,7,28,ross clark,1,0,0,0
2011,7,28,harry phibbs,1,8,0,3
2011,7,28,jo waters,1,11,0,10
2011,7,28,john edwards,4,322,0,33
2011,7,28,emma reynolds,1,3,0,0
2011,7,28,ray massey,3,26,0,2
2011,7,28,paul bentley,15,1114,5,141
2011,7,28,ralph ellis,2,37,0,8
2011,7,28,christopher davies,1,4,0,1
2011,7,28,ciaran murphy,1,278,1,28
2011,7,28,vincent graff,1,106,0,8
2011,7,28,ben todd,1,150,0,12
2011,7,28,richard shears,2,440,4,38
2011,7,28,marcus townend,4,0,0,4
2011,7,28,chris greenwood,1,4,0,5
2011,7,28,janine self,1,282,3,28
2011,7,28,rupert steiner,3,0,0,0
2011,7,28,daily mail comment,6,33,0,23
2011,7,28,greg walton,2,0,0,0
2011,7,28,fiona roberts,9,663,4,76
2011,7,28,sarah fitzmaurice,12,768,3,104
2011,7,28,andrew oxlade,1,0,0,0
2011,7,28,sam turner,3,0,0,0
2011,7,28,sophie borland,4,292,0,36
2011,7,28,ivan speck,6,9,0,8
2011,7,28,hugo duncan,9,54,0,17
2011,7,28,peter mckay,2,0,0,3
2011,7,28,rebecca english,9,2320,4,234
2011,7,28,peter jardine,1,31,0,1
2011,7,28,sebastian o'kelly,1,1,0,24
2011,7,28,this is money,2,0,0,0
2011,7,28,andrea magrath,8,335,0,47
2011,7,28,daniel martin,1,29,0,2
2011,7,28,maysa rawi,3,716,0,142
2011,7,28,tara evans,8,116,0,30
2011,7,28,brian clark howard,3,1194,12,321
2011,7,28,nick mcdermott,1,30,0,3
2011,7,28,georgina littlejohn,8,377,0,64
2011,7,28,jason groves,1,33,0,3
2011,7,28,ruth bloomfield,1,2,0,0
2011,7,28,david wilkes,2,82,0,57
2011,7,28,tim shipman,3,340,1,37
2011,7,28,rebecca camber,3,159,0,23
2011,7,28,nick fagge,1,0,0,0
2011,7,28,dr martin scurr,1,8,0,5
2011,7,28,david simpson,1,2,0,4
2011,7,28,harry glass,2,0,0,1
2011,7,28,nick metcalfe,2,69,0,8
2011,7,28,paul thompson,7,129,0,6
2011,7,28,david thomas,1,22,0,5
2011,7,28,jessica satherley,4,760,1,80
2011,7,28,sara nathan,1,50,0,11
2011,7,28,mark lynas,1,0,0,0
2011,7,28,mike larkin,5,213,2,23
2011,7,28,roger baird,1,0,0,0
2011,7,28,charles sale,3,116,1,41
2011,7,28,marcus barnes,1,176,0,19
2011,7,28,steve doughty,2,53,0,13
2011,7,28,ian drury,6,332,2,9
2011,7,28,alex brummer,3,6,0,7
2011,7,28,andrew levy,2,18,0,6
2011,7,28,sarah bull,15,8492,3,510
2011,7,28,sylvia morris,1,0,0,1
2011,7,28,lauren thompson,3,13,0,3
2011,7,28,oliver pickup,2,38,1,10
2011,7,28,simon cass,5,15,0,14
2011,7,28,james chapman,4,822,0,155
2011,7,28,james tozer,4,604,0,54
2011,7,28,matt lawless,1,42,0,12
2011,7,28,rachel quigley,15,1070,6,156
2011,7,28,dan hyde,5,11,0,3
2011,7,28,tessa cunningham,2,42,0,28
2011,7,28,fay schlesinger,2,116,1,35
2011,7,28,lauren paxman,2,38,0,12
2011,7,28,wil longbottom,1,87,0,20
2011,7,28,neil wilson,4,10,0,7
2011,7,28,amy oliver,3,120,0,13
2011,7,28,becky barrow,1,5,0,7
2011,7,28,amy williams,1,62,0,7
2011,7,28,liz jones,2,854,3,262
2011,7,28,kirsty walker,4,134,0,45
2011,7,28,james coney,2,1,0,7
2011,7,28,paul newman,4,3,0,11
2011,7,28,ap reporter,1,23,0,2
2011,7,28,simon jones - the insider,2,16,0,1
2011,7,28,geoff foster,3,1,0,3
2011,7,28,ruth lythe,1,5,0,2
2011,7,28,clare nolan,1,11,0,3
2011,7,28,debbie emery,1,30,0,12
2011,7,28,martin keown,1,10,0,1
2011,7,28,lee boyce,2,7,0,0
2011,7,28,allan hall,2,74,0,10
2011,7,28,mimi spencer,1,5,0,20
2011,7,28,mac,2,59,0,3
2011,7,28,paul revoir,1,8,0,5
2011,7,28,annie bell,3,0,0,0
2011,7,28,john naish,1,335,0,34
2011,7,28,claire bates,1,72,0,79
2011,7,28,lawrence booth,2,0,0,5
2011,7,28,laurie whitwell,1,127,0,46
2011,7,28,tom kelly,3,142,0,31
2011,7,28,sean poulter,6,398,3,99
2011,7,28,ephraim hardcastle,1,0,0,2
2011,7,28,derek lawrenson,5,44,0,16
2011,7,28,phil neville,1,23,0,13
2011,7,28,gerri peev,3,81,0,31
2011,7,28,simon neville,1,90,0,36
2011,7,28,ticky hedley-dent,1,53,0,16
2011,7,28,sadie whitelocks,3,346,1,67
2011,7,28,michael seamark,1,2,0,2
2011,7,28,richard kay,3,18,1,19
2011,7,28,daily mail,2,46,0,6
2011,7,28,andy dolan,1,9,0,0
2011,7,28,chris brooke,1,44,0,12
2011,7,28,nick pisa,2,82,0,26
2011,7,28,alex millson,1,10,0,9
2011,7,28,daily mail recipe,1,5,0,0
2011,7,28,peter campbell,2,0,0,0
2011,7,28,guy lalibert,1,335,5,40
2011,7,28,luke sutton,1,3,0,19
2011,7,28,frank thorne,1,65,1,8
2011,7,28,mandy appleyard,1,39,0,3
2011,7,28,tom rawstorne,1,85,1,31
2011,7,28,jenny hope,1,357,0,37
2011,7,28,sami mokbel,6,1799,6,204
2011,7,28,martyn palmer,2,112,2,42
2011,7,28,christopher booker,1,777,2,65
2011,7,28,peter allen,1,52,0,2
2011,7,28,michael hanlon,1,113,4,44
2011,7,28,eliza scarborough,2,51,2,15
2011,7,28,andrew morrod,1,9,0,20
2011,7,28,baz bamigboye,2,128,2,12
2011,7,28,simon duke,4,5,0,1
2011,7,28,laura williamson,2,189,0,24
2011,7,28,mike o'brien,3,15,0,8
2011,7,28,kathryn knight,2,143,0,14
2011,7,28,ted thornhill,2,211,1,24
2011,7,28,martin samuel,1,19,0,3
2011,7,28,ian sparks,1,1,0,2
2011,7,28,constance craig smith,1,18,0,1
2011,7,28,daphne lockyer,1,10,1,3
2011,7,28,live reporter,1,1,1,3
2011,7,28,james walton,1,0,0,1
2011,7,28,richard littlejohn,1,28,0,7
2011,7,28,tom leonard,1,50,0,25
2011,7,28,linda tubby,2,26,0,1
2011,7,28,david derbyshire,4,297,0,65
2011,7,28,david gardner,2,184,5,83
2011,7,28,jade watkins,2,310,0,21
2011,7,28,wendy holden,1,15,0,4
2011,7,28,rob mcgibbon,1,5,0,3
2011,7,28,philip duncan,1,4,0,15
2011,7,28,diana appleyard,1,71,0,16
2011,7,28,sally brompton,1,0,0,0
2011,7,28,monty don,1,0,0,0
2011,7,28,nadia mendoza,2,92,2,32
2011,7,28,richard webber,1,4,0,0
2011,7,28,kate loveys,2,25,1,8
2011,7,28,caroline baker,1,6,0,4
2011,7,28,quentin letts,6,31,0,5
2011,7,28,fiona macrae,4,456,0,70
2011,7,28,lynne wallis,1,66,0,23
2011,7,28,natalie trombetta,1,61,1,11
2011,7,28,fred mawer,2,33,0,17
2011,7,28,david lloyd,1,0,0,1
2011,7,28,lina das,1,16,0,1
2011,7,28,maureen paton,1,11,0,1
2011,7,28,sarah stacey,1,10,0,35
2011,7,28,ed monk,2,6,0,1
2011,7,28,ashley gray,1,2,0,0
2011,7,28,richard bott,1,0,0,0
2011,7,28,chris tookey,1,14,0,3
2011,7,28,rob wildman,1,0,0,1
2011,7,28,alan fraser,2,8,5,3
2011,7,28,christopher hudson,1,16,1,3
2011,7,28,max hastings,1,20,0,21
2011,7,28,mark lawford,1,43,0,17
2011,7,28,oliver tree,2,85,1,6
2011,7,28,amar mahdi,1,17,0,1
2011,7,28,iain martin,1,36,0,29
2011,7,28,joia shillingford,1,0,0,0
2011,7,28,simon jones,1,0,0,0
2011,7,28,paul sims,1,58,0,16
2011,7,28,jonathan mcevoy,1,4,0,3
2011,7,28,an wilson,1,111,0,20
2011,7,28,james slack,1,209,0,16
2011,7,28,arthur martin,1,250,0,31
2011,7,28,donna mcconnell,1,0,0,0
2011,7,28,luke salkeld,2,304,0,36
2011,7,28,mike dickson,2,28,1,5
2011,7,28,tamara cohen,1,39,1,9
2011,7,28,shona sibary,1,11,0,4
2011,7,28,anna edwards,1,48,0,19
2011,7,28,david williams,1,78,0,6
2011,7,28,richard hartley-parkinson,1,13,0,3
2011,7,28,doree lewak,1,19,0,3
2011,7,28,tahmina mannan,1,3,0,1
2011,7,28,matt lawton,1,259,0,14
2011,7,28,colin young,1,42,0,13
2011,7,28,amanda platell,1,10,0,2
2011,7,28,sarah bridge,3,11,0,1
2011,7,28,chris power,1,0,0,4
2011,7,28,mail on sunday reporter,8,71,1,16
2011,7,28,malcolm folley,2,11,0,5
2011,7,28,alice grebot,1,128,0,41
2011,7,28,dan atkinson,3,0,0,1
2011,7,28,stephen womack,3,0,0,0
2011,7,28,ben lyttleton,1,3,0,4
2011,7,28,jon rees,1,10,0,3
2011,7,28,lisa buckingham,1,0,0,0
2011,7,28,simon watkins,3,0,0,1
2011,7,28,rob draper,1,3,1,0
2011,7,28,simon walters,2,219,1,88
2011,7,28,lawrie holmes,2,0,0,0
2011,7,28,martin delgado,1,36,0,14
2011,7,28,jo macfarlane,2,126,0,68
2011,7,28,james forsyth,1,2,0,26
2011,7,28,dave wood,1,107,0,11
2011,7,28,richard dyson,1,0,0,0
2011,7,28,peter hitchens,1,319,8,24
2011,7,28,james anderson,1,0,0,1
2011,7,28,sharon churcher,1,9,0,1
2011,7,28,amanda perthen,1,9,0,1
2011,7,28,rebecca evans,1,19,0,3
2011,7,28,natasha courtenay-smith,1,7,0,1
2011,7,28,james beal,1,32,0,4
2011,7,28,alanah eriksen,1,32,0,4
2011,7,28,glen owen,2,182,1,30
2011,7,28,petronella wyatt,1,0,0,0
2011,7,28,mail foreign service,1,1,0,1
2011,7,28,peter hayter,2,21,18,5
2011,7,28,alice smellie,1,93,2,34
2011,7,28,derek hunter,2,10,0,8
2011,7,28,rebecca twomey,1,13,0,8
2011,7,28,jeff prestridge,1,0,0,3
2011,7,28,bob cass,1,885,2,91
2011,7,28,abul taher,1,195,1,22
2011,7,28,nikki murfitt,1,20,0,3
2011,7,28,bonnie estridge,1,7,0,21
2011,7,28,vicki owen,1,21,0,0
2011,7,28,anita bennett,2,703,3,32
2011,7,28,james millbank,1,66,0,15
2011,7,28,ben haugh,1,3,0,1
2011,7,28,helen loveless,2,0,0,0
2011,7,28,anjana gosai,1,15,0,23
2011,7,28,mark wilson,1,70,0,2
2011,7,28,anne shooter,1,94,0,44
2011,7,28,gerard couzens,1,136,0,9
2011,7,28,lance price,1,44,0,5
2011,7,28,alison smith squire,1,0,0,0
2011,7,28,katie nicholl,3,76,0,62
2011,7,28,gwyneth rees,1,24,0,8
2011,7,28,colin fernandez,1,46,2,29
2011,7,28,polly humphris,1,98,0,19
2011,7,28,rowan pelling,1,32,0,20
2011,7,28,laura schreffler,1,37,0,2
2011,7,28,marianne power,1,382,5,78
2011,7,28,melanie phillips,1,35,0,37
2011,7,28,compiled by thisismoney,1,0,0,0
2011,7,28,kerry hiatt,1,0,0,0
2011,7,28,julian gavaghan,1,1130,8,688
2011,7,28,stephen dunne,1,1,0,3
2011,7,28,danny mcelhinney,1,2,0,1
2011,7,28,claire coleman,1,7972,8,270
2011,7,28,ian gallagher,1,38,0,6
