year,month,week,name,articles,facebook,googleplus,twitter
2011,7,29,matt lawless,1,17,0,6
2011,7,29,daily mail reporter,410,119316,1230,12780
2011,7,29,sportsmail reporter,157,9715,11,752
2011,7,29,harry glass,5,9,0,0
2011,7,29,daniel martin,2,13,0,7
2011,7,29,eve mcgowan,1,0,0,2
2011,7,29,richard kay,3,213,0,27
2011,7,29,steve doughty,4,163,0,9
2011,7,29,richard hartley-parkinson,6,161,0,34
2011,7,29,emily andrews,1,92,0,17
2011,7,29,michael seamark,1,29,0,38
2011,7,29,jody thompson,10,620,4,76
2011,7,29,travelmail reporter,1,4,0,4
2011,7,29,john edwards,2,88,0,35
2011,7,29,simon lambert,2,13,0,3
2011,7,29,mark duell,19,722,10,103
2011,7,29,paul bentley,11,652,3,77
2011,7,29,mail foreign service,2,13,0,1
2011,7,29,allan hall,1,104,1,9
2011,7,29,chris wheeler,6,551,0,21
2011,7,29,janine self,3,271,1,21
2011,7,29,liz thomas,5,201,1,29
2011,7,29,ian drury,2,150,0,18
2011,7,29,peter allen,2,133,1,39
2011,7,29,maysa rawi,5,115,0,17
2011,7,29,sami mokbel,3,207,0,41
2011,7,29,linda mckay,2,0,0,0
2011,7,29,derek lawrenson,7,18,0,22
2011,7,29,laura schreffler,2,4,0,14
2011,7,29,ross clark,3,0,0,2
2011,7,29,rachel quigley,6,9684,6,172
2011,7,29,alan fraser,5,6,0,11
2011,7,29,richard littlejohn,2,21,0,10
2011,7,29,david hurst,1,8,0,6
2011,7,29,dominic sandbrook,1,6,0,5
2011,7,29,daily mail,4,21,0,12
2011,7,29,alex brummer,4,2,0,1
2011,7,29,sarah fitzmaurice,5,96,1,37
2011,7,29,neil sears,1,1033,4,98
2011,7,29,this is money reporters,23,4,0,2
2011,7,29,georgina littlejohn,8,1186,5,198
2011,7,29,deborah arthurs,5,954,6,138
2011,7,29,ivan speck,7,15,1,2
2011,7,29,andy dolan,1,39,0,10
2011,7,29,ian lyall,1,0,0,1
2011,7,29,proactive investors,1,0,0,1
2011,7,29,ashley gray,2,14,0,4
2011,7,29,sophie borland,6,4773,31,441
2011,7,29,damien gayle,2,243,1,16
2011,7,29,brian marjoribanks,2,131,0,7
2011,7,29,matt lawton,3,1047,2,501
2011,7,29,sam turner,5,0,0,2
2011,7,29,dan cruickshank,1,77,0,9
2011,7,29,martyn cox,1,1,0,0
2011,7,29,andrea magrath,8,94,0,29
2011,7,29,sean poulter,4,238,0,97
2011,7,29,john naish,2,288,3,165
2011,7,29,quentin letts,5,43,0,48
2011,7,29,eliza scarborough,1,0,0,0
2011,7,29,katie silver,2,359,39,76
2011,7,29,mark wilson,5,234,0,4
2011,7,29,james tozer,3,92,0,35
2011,7,29,geoff foster,4,24,0,6
2011,7,29,stephen wright,2,42,0,6
2011,7,29,paul sims,1,62,0,13
2011,7,29,beth hale,1,75,5,77
2011,7,29,amy oliver,4,1341,7,81
2011,7,29,fiona roberts,10,722,3,55
2011,7,29,dominic king,7,761,4,86
2011,7,29,ray massey,4,51,1,36
2011,7,29,daily mail comment,3,11,0,7
2011,7,29,fiona macrae,4,1055,22,185
2011,7,29,petronella wyatt,1,1,0,4
2011,7,29,tamara abraham,6,157,1,53
2011,7,29,lucy elkins,1,89,0,66
2011,7,29,daily mail recipe,2,21,0,3
2011,7,29,rupert steiner,3,0,0,0
2011,7,29,mac,3,18,0,1
2011,7,29,rick dewsbury,2,1053,2,43
2011,7,29,lee boyce,5,43,0,8
2011,7,29,becky barrow,1,73,0,37
2011,7,29,andrew oxlade,2,2,0,0
2011,7,29,daniel bates,6,885,5,94
2011,7,29,john stevens,13,3701,47,308
2011,7,29,paul revoir,2,26,0,20
2011,7,29,david gardner,2,144,3,17
2011,7,29,rebecca english,1,113,0,15
2011,7,29,lauren paxman,1,15,0,14
2011,7,29,chris brooke,3,148,0,35
2011,7,29,clare mayhew,2,0,0,0
2011,7,29,ephraim hardcastle,3,4,1,12
2011,7,29,kate loveys,3,182,2,81
2011,7,29,catherine ostler,1,256,3,22
2011,7,29,sarah bull,13,1179,6,203
2011,7,29,ian ladyman,6,4,0,3
2011,7,29,james salmon,1,4,0,12
2011,7,29,ben todd,2,112,1,29
2011,7,29,ruth lythe,1,0,0,0
2011,7,29,katy b. olson,1,15,1,1
2011,7,29,paul newman,3,53,1,13
2011,7,29,kirsty walker,2,130,0,25
2011,7,29,jack doyle,3,377,0,49
2011,7,29,ted thornhill,2,42,0,5
2011,7,29,lawrence booth,2,9352,37,75
2011,7,29,tara evans,2,5,0,0
2011,7,29,barry norman,1,41,2,12
2011,7,29,james coney,1,0,0,2
2011,7,29,judith woods,1,10,0,9
2011,7,29,gerri peev,2,247,1,137
2011,7,29,marcus townend,4,20,0,9
2011,7,29,andrew alexander,1,2,0,2
2011,7,29,matt barlow,5,257,0,47
2011,7,29,tim shipman,4,454,0,39
2011,7,29,andrew levy,2,239,1,16
2011,7,29,max hastings,2,58,0,10
2011,7,29,lucy cavendish,1,134,1,266
2011,7,29,tahmina mannan,2,7,0,6
2011,7,29,lorraine candy,1,0,0,5
2011,7,29,rebecca camber,3,266,1,27
2011,7,29,liz jones,2,75,1,34
2011,7,29,nick mcdermott,1,201,1,25
2011,7,29,julia lawrence,1,52,1,36
2011,7,29,money mail,2,0,0,0
2011,7,29,margaret stone,2,0,0,1
2011,7,29,tamara cohen,3,310,5,42
2011,7,29,claire coleman,1,143,0,31
2011,7,29,david kent,1,0,0,4
2011,7,29,mike dickson,4,12,0,14
2011,7,29,david lloyd,1,1,0,1
2011,7,29,elsa mcalonan,1,11,0,43
2011,7,29,simon duke,3,4,0,1
2011,7,29,holly thomas,2,69,0,29
2011,7,29,emily sheridan,3,70,0,13
2011,7,29,travelmail guest channel,2,4,0,0
2011,7,29,colin young,4,164,1,42
2011,7,29,oliver tree,2,196,0,22
2011,7,29,lee moran,3,252,9,18
2011,7,29,sadie whitelocks,3,399,12,102
2011,7,29,hugo duncan,5,214,0,14
2011,7,29,tom bellwood,1,0,0,2
2011,7,29,marianne power,1,27,0,5
2011,7,29,rob davies,3,0,0,0
2011,7,29,tom kelly,1,31,0,5
2011,7,29,peter campbell,1,1,0,0
2011,7,29,tom worden,2,105,0,18
2011,7,29,dan ripley,2,75,0,13
2011,7,29,christine smith,1,5,0,0
2011,7,29,rick jones,1,30,0,7
2011,7,29,simon button,1,0,0,0
2011,7,29,tanya jefferies,1,0,0,0
2011,7,29,adam luck,1,17,0,21
2011,7,29,annie bell,3,24,0,4
2011,7,29,monty don,1,0,0,1
2011,7,29,luke salkeld,1,4,0,7
2011,7,29,sarah stacey,1,2,0,20
2011,7,29,zoe brennan,1,652,0,55
2011,7,29,ross gilfillan,2,24,0,2
2011,7,29,adam perry lang,3,34,0,4
2011,7,29,paul harris,1,3,0,2
2011,7,29,jacqui goddard,1,26,0,1
2011,7,29,cole moreton,1,5,0,0
2011,7,29,matthew wright,1,4,0,1
2011,7,29,james chapman,2,3,0,1
2011,7,29,peter lewis,1,0,0,0
2011,7,29,rachel royce,1,48,0,10
2011,7,29,colin fernandez,1,18,0,5
2011,7,29,martin samuel,3,50,0,15
2011,7,29,lina das,1,34,0,8
2011,7,29,adrian lowery,1,19,0,4
2011,7,29,simon jones - the insider,2,27,0,10
2011,7,29,anna edwards,3,87,2,9
2011,7,29,wil longbottom,1,357,0,36
2011,7,29,live reporter,2,61,0,12
2011,7,29,margie orford,1,37,0,10
2011,7,29,liz jones diary,1,2,0,0
2011,7,29,mike pattenden,1,401,0,21
2011,7,29,gabrielle donnelly,1,16,0,2
2011,7,29,david derbyshire,2,309,3,90
2011,7,29,fay schlesinger,1,4,0,1
2011,7,29,tristan harper,1,80,0,42
2011,7,29,baz bamigboye,2,96,1,44
2011,7,29,daily mail reporters,1,0,0,0
2011,7,29,jonathan mcevoy,3,2,2,20
2011,7,29,joe ridge,1,0,0,6
2011,7,29,richard luscombe,1,36,0,2
2011,7,29,nick parkinson,1,0,0,1
2011,7,29,helen nicholson,1,10,0,15
2011,7,29,nadia mendoza,3,286,1,29
2011,7,29,marcus barnes,2,39,0,10
2011,7,29,rob wildman,1,59,0,9
2011,7,29,jessie hewetson,1,0,0,4
2011,7,29,gavin beech,1,0,0,0
2011,7,29,steve boggan,1,107,1,23
2011,7,29,daisy dumas,1,107,0,5
2011,7,29,sarah harris,1,539,4,59
2011,7,29,nick pisa,1,4,0,2
2011,7,29,amanda platell,1,20,0,7
2011,7,29,jaci stephen,1,0,0,0
2011,7,29,anthony browne,1,77,0,13
2011,7,29,roger baird,1,0,0,0
2011,7,29,david miliband,1,32,0,7
2011,7,29,dr ellie cannon,1,101,1,85
2011,7,29,chris power,2,33,0,8
2011,7,29,chris hastings,1,20,0,5
2011,7,29,olga watkins,1,13,0,2
2011,7,29,alex hawkes,2,2,0,1
2011,7,29,graham ottway,1,0,0,0
2011,7,29,mail on sunday reporter,6,545,0,85
2011,7,29,suzanne moore,1,0,0,0
2011,7,29,graeme croser,3,78,0,6
2011,7,29,jonathan petre,2,13,0,11
2011,7,29,stephen womack,2,0,0,0
2011,7,29,dan atkinson,2,2,0,2
2011,7,29,rob draper,2,77,0,10
2011,7,29,glen owen,2,344,0,86
2011,7,29,bel mooney,1,64,1,13
2011,7,29,amanda perthen,1,40,0,6
2011,7,29,sarah bridge,1,0,0,0
2011,7,29,richard dyson,2,0,0,4
2011,7,29,bob cass,1,295,0,59
2011,7,29,black dog,1,0,0,0
2011,7,29,malcolm folley,2,0,0,12
2011,7,29,richard bott,1,0,0,0
2011,7,29,pamela owen,2,14,0,2
2011,7,29,frances hubbard,1,2,0,0
2011,7,29,lara gould,3,32,0,25
2011,7,29,lawrie holmes,1,0,0,0
2011,7,29,by daily mail reporter,2,5,0,5
2011,7,29,mike larkin,1,13,2,10
2011,7,29,kathryn knight,1,674,0,32
2011,7,29,peter hayter,1,31,4,24
2011,7,29,dr sean cummings,1,45,0,14
2011,7,29,peter higgs,2,2,0,1
2011,7,29,derek hunter,1,25,0,1
2011,7,29,caroline graham,1,91,1,11
2011,7,29,max wooldridge,1,6,0,7
2011,7,29,simon walters,3,175,2,364
2011,7,29,georgea blakey,1,58,0,3
2011,7,29,nigel colborn,1,0,0,0
2011,7,29,iain martin,1,0,0,11
2011,7,29,mail on sunday comment,1,1,0,1
2011,7,29,vicki owen,1,4,0,1
2011,7,29,rowan pelling,1,878,1,79
2011,7,29,lydia slater,1,0,0,0
2011,7,29,alexis parr,1,37,0,6
2011,7,29,lucy laing,1,20,0,2
2011,7,29,charles sale,1,2,0,3
2011,7,29,mark foxwell,1,1,0,1
2011,7,29,alex kay,1,158,1,49
2011,7,29,andrew magee,1,23,0,7
2011,7,29,claire ellicott,1,1,0,5
2011,7,29,neil wilson,1,1,0,0
2011,7,29,helen loveless,1,0,0,0
2011,7,29,jo thornhill,1,2,0,0
2011,7,29,pat hagan,1,24,0,10
2011,7,29,valerie elliott,1,120,0,6
2011,7,29,janet street porter,1,26,0,4
2011,7,29,nicole mowbray,1,65,0,11
2011,7,29,caitriona gaffney,1,9,0,0
2011,7,29,rob cooper,1,26,0,15
2011,7,29,peta bee,1,151,0,23
2011,7,29,robert hardman,1,2,0,5
