year,month,week,name,articles,facebook,googleplus,twitter
2012,1,2,sadie whitelocks,9,474,11,120
2012,1,2,lee moran,15,2323,56,440
2012,1,2,ivan speck,2,63,0,34
2012,1,2,kirsty walker,4,22,0,36
2012,1,2,anthony bond,4,54,0,22
2012,1,2,this is money reporter,14,8,0,11
2012,1,2,james chapman,13,352,6,131
2012,1,2,sportsmail reporter,206,6145,40,1939
2012,1,2,paul thompson,8,566,3,76
2012,1,2,rob waugh,20,4824,227,972
2012,1,2,david gerges,3,90,0,28
2012,1,2,daily mail reporter,174,9815,153,1692
2012,1,2,kirsty mccormack,20,2355,25,531
2012,1,2,shona sibary,2,453,4,77
2012,1,2,j j anisiobi,17,1320,18,240
2012,1,2,sean poulter,5,833,8,145
2012,1,2,emily sheridan,11,697,14,138
2012,1,2,carol davis,1,10,0,6
2012,1,2,emily allen,5,557,42,114
2012,1,2,alex brummer,6,10,0,2
2012,1,2,ted thornhill,7,1363,89,285
2012,1,2,alanah eriksen,13,433,4,81
2012,1,2,laura schreffler,12,373,11,125
2012,1,2,holly thomas,15,555,19,134
2012,1,2,sarah bull,4,134,4,49
2012,1,2,sam turner,4,0,0,1
2012,1,2,deborah arthurs,8,695,26,215
2012,1,2,matt barlow,2,21,0,4
2012,1,2,paul newman,1,1,0,1
2012,1,2,john chatfeild-roberts,1,2,0,1
2012,1,2,chris greenwood,2,624,2,87
2012,1,2,nigel colborn,1,24,0,3
2012,1,2,richard littlejohn,2,55,0,123
2012,1,2,emma reynolds,20,3655,87,514
2012,1,2,martin keown,2,14,0,5
2012,1,2,mark duell,18,1074,25,208
2012,1,2,dr jenna ward,1,247,0,17
2012,1,2,stephen mcgowan,3,124,1,21
2012,1,2,craig mackenzie,8,2056,79,455
2012,1,2,roger lewis,1,18,1,19
2012,1,2,claire bates,9,1097,13,369
2012,1,2,chris brooke,3,80,3,36
2012,1,2,rebecca seales,9,325,5,100
2012,1,2,mike dickson,2,2,0,14
2012,1,2,ben todd,2,134,2,31
2012,1,2,gareth finighan,7,501,17,169
2012,1,2,wendy driver,1,2,0,1
2012,1,2,lizzie enfield,1,18,0,13
2012,1,2,mike larkin,13,298,9,81
2012,1,2,eleanor harding,3,290,17,97
2012,1,2,john edwards,2,12,0,5
2012,1,2,luke salkeld,3,207,2,70
2012,1,2,meghan keneally,7,858,19,52
2012,1,2,mike o'brien,6,774,17,129
2012,1,2,leon watson,11,739,17,165
2012,1,2,ruth sunderland,3,5,0,4
2012,1,2,damien gayle,8,326,4,72
2012,1,2,gavin allen,10,566,10,130
2012,1,2,simon jones - the insider,2,8,0,5
2012,1,2,travelmail reporter,6,76,2,53
2012,1,2,denise van outen,1,16,0,15
2012,1,2,marissa charles,11,752,8,79
2012,1,2,martyn cox,1,32,0,8
2012,1,2,sam greenhill,1,29,2,1
2012,1,2,paul scott,1,16,2,7
2012,1,2,jeff powell,2,37,1,3
2012,1,2,lauren paxman,3,51,2,27
2012,1,2,fiona macrae,6,94,4,29
2012,1,2,allan hall,1,247,6,76
2012,1,2,reuters reporter,4,257,4,44
2012,1,2,richard shears,3,43,9,18
2012,1,2,frank barrett,1,0,0,0
2012,1,2,simon crompton,1,264,3,33
2012,1,2,jason groves,1,1,0,1
2012,1,2,ian drury,2,324,0,60
2012,1,2,colin young,4,29,0,13
2012,1,2,chris parsons,9,754,28,98
2012,1,2,phil cadden,1,0,0,3
2012,1,2,richard kay,2,65,1,8
2012,1,2,hugo duncan,6,2,0,3
2012,1,2,tamara abraham,4,864,8,72
2012,1,2,ellen connolly,15,2148,37,229
2012,1,2,roger dobson,1,21,0,3
2012,1,2,jack doyle,1,13,0,6
2012,1,2,sami mokbel,4,102,0,29
2012,1,2,thomas durante,3,18,0,3
2012,1,2,robert hardman,2,56,3,18
2012,1,2,rob davies,4,3,0,1
2012,1,2,ross clark,1,0,0,3
2012,1,2,associated press,17,339,17,105
2012,1,2,janine self,1,6,0,3
2012,1,2,megan mccluskie,1,5,0,12
2012,1,2,nick pisa,3,1265,31,64
2012,1,2,michael zennie,7,301,5,33
2012,1,2,nadia mendoza,10,464,15,141
2012,1,2,becky barrow,2,5,0,10
2012,1,2,neil ashton,2,775,0,139
2012,1,2,david blunkett,1,3,1,1
2012,1,2,stuart broad,1,18,1,2
2012,1,2,chris wheeler,3,25,0,14
2012,1,2,lauren thompson,1,2,0,1
2012,1,2,matt lawton,4,306,7,25
2012,1,2,nick wood,2,8,0,14
2012,1,2,nick mcdermott,1,7,2,5
2012,1,2,lindsay johns,1,20,0,1
2012,1,2,tony hazell,4,219,0,4
2012,1,2,jane gordon,2,53,0,36
2012,1,2,george pitcher,1,135,0,5
2012,1,2,mrs moneypenny,1,16,4,9
2012,1,2,peter allen,3,142,7,51
2012,1,2,this is money,2,35,1,5
2012,1,2,ask the experts,1,35,1,5
2012,1,2,leah simpson,11,639,21,134
2012,1,2,linda harrison,1,50,0,14
2012,1,2,rachel rickard straus,2,5,0,3
2012,1,2,money mail,1,2,0,0
2012,1,2,james slack,1,1,0,4
2012,1,2,richard hartley-parkinson,7,403,13,79
2012,1,2,luke benedict,2,16,0,4
2012,1,2,richard pendlebury,1,11,0,26
2012,1,2,maria realf,1,1,0,3
2012,1,2,dominic king,8,354,5,91
2012,1,2,charles walford,5,90,2,53
2012,1,2,wil longbottom,8,70,2,17
2012,1,2,sarah gordon,2,117,3,43
2012,1,2,dan ripley,6,53,2,52
2012,1,2,martin domin,1,29,0,16
2012,1,2,tanya jefferies,3,3,0,0
2012,1,2,stephen wright,2,56,1,17
2012,1,2,michael burleigh,1,9,2,4
2012,1,2,ephraim hardcastle,3,13,0,3
2012,1,2,tamara cohen,6,598,52,180
2012,1,2,nick enoch,2,91,0,13
2012,1,2,dan hyde,5,12,0,1
2012,1,2,paul harris,2,88,0,21
2012,1,2,iona kirby,17,374,17,89
2012,1,2,paul mckenna,3,139,2,18
2012,1,2,jennifer madison,1,288,11,93
2012,1,2,marcus barnes,1,186,5,33
2012,1,2,david jones,1,27,0,2
2012,1,2,ian ladyman,8,177,2,36
2012,1,2,david gardner,4,189,5,28
2012,1,2,arthur martin,1,163,5,28
2012,1,2,andy dolan,2,102,1,16
2012,1,2,chris foy,3,6,0,4
2012,1,2,julia manning,1,3,0,5
2012,1,2,steve doughty,3,98,2,19
2012,1,2,toby harnden,6,6608,12,502
2012,1,2,hugo gye,2,33,1,36
2012,1,2,graham smith,3,155,1,36
2012,1,2,suzannah hills,4,51,0,13
2012,1,2,sarah fitzmaurice,8,1108,28,113
2012,1,2,nadia gilani,6,1309,16,164
2012,1,2,donal blaney,1,0,0,0
2012,1,2,daily mail,4,8,0,0
2012,1,2,andrea magrath,6,235,2,29
2012,1,2,daniel martin,8,404,6,100
2012,1,2,mandy appleyard,1,11,0,2
2012,1,2,chris hall,1,16,1,4
2012,1,2,frank skinner,1,16,0,24
2012,1,2,georgina littlejohn,7,365,4,76
2012,1,2,ed monk,2,5,0,1
2012,1,2,liz jones,2,1,0,1
2012,1,2,marianne power,1,38,0,12
2012,1,2,diana appleyard,1,102,3,17
2012,1,2,simon lewis,1,67,1,17
2012,1,2,in iowa,1,16,0,7
2012,1,2,this is money reporters,3,0,0,0
2012,1,2,rachel quigley,2,122,10,14
2012,1,2,beth stebner,8,2718,27,159
2012,1,2,louise eccles,2,26,0,13
2012,1,2,rebecca english,4,586,15,207
2012,1,2,mark hughes-morgan,1,10,0,4
2012,1,2,fred mawer,2,22,3,11
2012,1,2,sarah harris,2,22,0,17
2012,1,2,marcus townend,3,2,0,2
2012,1,2,eliza scarborough,1,10,0,3
2012,1,2,charles sale,2,2631,9,1113
2012,1,2,tim shipman,4,499,11,124
2012,1,2,tara evans,3,1,0,2
2012,1,2,julian gavaghan,1,63,1,10
2012,1,2,india sturgis,1,7,0,4
2012,1,2,lucy buckland,12,962,9,147
2012,1,2,janice atkinson-small,2,25,0,2
2012,1,2,live reporter,2,3,0,5
2012,1,2,alison boshoff,1,15,0,3
2012,1,2,rachel marlowe,1,16,0,1
2012,1,2,diana furchtgott-roth,1,2,0,0
2012,1,2,brian darling,1,21,4,6
2012,1,2,sophie borland,1,58,0,42
2012,1,2,martin samuel,1,89,5,32
2012,1,2,rupert steiner,1,0,0,0
2012,1,2,victoria wellman,1,35,2,7
2012,1,2,simon neville,1,63,8,16
2012,1,2,maureen paton,2,19,0,11
2012,1,2,chris tookey,2,48,1,4
2012,1,2,kathy stevenson,1,16,1,22
2012,1,2,jane shilling,1,5,0,23
2012,1,2,mark wilson,1,0,0,0
2012,1,2,john koski,1,9,0,4
2012,1,2,dave wood,1,10,0,16
2012,1,2,andrew levy,3,346,9,99
2012,1,2,bella blissett,1,10,0,3
2012,1,2,sam stapleton,1,3,0,4
2012,1,2,nina golgowski,4,2164,22,148
2012,1,2,john stevens,2,121,0,47
2012,1,2,chris murphy,1,669,8,50
2012,1,2,tim oglethorpe,2,62,1,22
2012,1,2,baz bamigboye,2,44,3,12
2012,1,2,tanya de grunwald,1,0,0,2
2012,1,2,sally brompton,1,0,0,1
2012,1,2,chris johnson,2,30,0,3
2012,1,2,fiona mccarthy,1,0,0,0
2012,1,2,lydia warren,3,131,2,30
2012,1,2,mimi spencer,1,4,0,1
2012,1,2,david williams,1,9,0,0
2012,1,2,lee boyce,2,2,0,4
2012,1,2,kerry mcqueeney,7,186,2,49
2012,1,2,rob cooper,1,0,0,0
2012,1,2,matt lawless,1,52,0,16
2012,1,2,neil moxley,3,82,0,29
2012,1,2,louise boyle,1,116,1,11
2012,1,2,ray massey,1,7,0,6
2012,1,2,charlotte thomson,1,7,0,1
2012,1,2,daily mail comment,1,2,2,2
2012,1,2,tom utley,1,24,0,8
2012,1,2,roger baird,1,1,0,1
2012,1,2,jennifer irvine,2,7,0,0
2012,1,2,zelda west-meads,1,1,0,0
2012,1,2,john harding,1,1,0,0
2012,1,2,vanessa allen,1,64,0,12
2012,1,2,sara lawrence,1,0,0,7
2012,1,2,daily mail recipe,1,4,0,2
2012,1,2,stephanie cross,1,0,0,0
2012,1,2,liz thomas,3,73,2,33
2012,1,2,marcus berkmann,1,4,0,0
2012,1,2,adrian thrills,1,14,2,9
2012,1,2,tom leonard,1,89,1,28
2012,1,2,john greechan,1,1,0,0
2012,1,2,tom clarke,1,19,1,6
2012,1,2,nick metcalfe,3,348,3,50
2012,1,2,jill reilly,4,344,3,67
2012,1,2,mail foreign service,3,47,1,8
2012,1,2,tony bassett,1,195,1,56
2012,1,2,jamie ashcroft,1,0,0,0
2012,1,2,proactive investors,1,0,0,0
2012,1,2,greg walton,1,0,0,0
2012,1,2,lucy laing,2,130,1,9
2012,1,2,ian lyall,1,0,0,0
2012,1,2,liz hull,1,40,0,18
2012,1,2,melissa kite,1,46,0,26
2012,1,2,jan moir,1,8,1,3
2012,1,2,des kelly,1,15,0,0
2012,1,2,graham grant,1,7,1,6
2012,1,2,will stewart,1,0,0,0
2012,1,2,kelvin mackenzie,1,0,2,3
2012,1,2,tony rennell,1,35,1,3
2012,1,2,ashley gray,1,68,0,19
2012,1,2,sara nathan,1,63,1,4
2012,1,2,mel henderson,1,19,0,7
2012,1,2,tim chalmers,1,120,1,6
2012,1,2,michael hanlon,1,8,0,0
2012,1,2,daniel bates,1,39,1,4
2012,1,2,sue reid,1,576,2,116
2012,1,2,natalie clarke,1,596,10,57
2012,1,2,rob wildman,2,1,0,0
2012,1,2,gary mulgrew,1,20,1,24
2012,1,2,mail on sunday reporter,11,947,19,212
2012,1,2,bill thornton,1,0,0,0
2012,1,2,simon watkins,2,9,0,1
2012,1,2,dan atkinson,3,11,0,5
2012,1,2,ian stafford,2,4,1,4
2012,1,2,jon rees,2,1,0,0
2012,1,2,lee nolan,1,1,0,0
2012,1,2,sarah bridge,3,20,0,5
2012,1,2,glen owen,1,390,2,86
2012,1,2,alex hawkes,1,0,0,0
2012,1,2,michael walker,1,42,0,37
2012,1,2,jo thornhill,1,2,0,5
2012,1,2,mick collins,1,13,0,2
2012,1,2,joe bernstein,3,69,0,25
2012,1,2,ian gallagher,1,31,0,4
2012,1,2,stephen womack,2,15,0,8
2012,1,2,lara gould,1,25,2,9
2012,1,2,derek hunter,2,436,0,81
2012,1,2,neil craven,1,0,0,6
2012,1,2,malcolm folley,2,41,0,28
2012,1,2,chris moore,1,5,0,0
2012,1,2,ann pride,5,100,3,38
2012,1,2,lisa buckingham,1,0,0,0
2012,1,2,alice grebot,1,9,0,1
2012,1,2,tom mcghie,2,1,0,3
2012,1,2,helen loveless,1,1,0,2
2012,1,2,patrick collins,1,52,0,24
2012,1,2,bob cass,1,16,0,2
2012,1,2,tom bellwood,1,14,3,1
2012,1,2,martha kelner,1,0,0,0
2012,1,2,simon walters,1,22,3,25
2012,1,2,andrew young,1,20,0,5
2012,1,2,robert verkaik,3,47,1,39
2012,1,2,brendan carlin,1,10,0,7
2012,1,2,john mcgarry,1,307,1,58
2012,1,2,nick harris,1,1,0,1
2012,1,2,suzanne moore,1,31,0,39
2012,1,2,russell myers,1,83,0,17
2012,1,2,gary neville,1,157,0,14
2012,1,2,peter harris,1,1,0,4
2012,1,2,neil wilson,1,23,0,5
2012,1,2,donna air,1,27,0,10
2012,1,2,andrew oxlade,1,0,0,0
2012,1,2,chris slack,1,72,1,9
2012,1,2,richard dyson,1,0,0,0
2012,1,2,amy watkins,1,7,0,10
2012,1,2,laura williamson,1,22,0,3
2012,1,2,jonathan petre,1,6,0,3
2012,1,2,simon heffer,1,20,0,14
2012,1,2,niamh walsh,1,9,0,8
2012,1,2,william keegan,1,2,0,0
2012,1,2,dr rupert sheldrake,1,0,1,0
2012,1,2,sarah turner,1,6,0,5
2012,1,2,stewart maclean,1,0,1,0
2012,1,2,helen nugent,1,19,0,0
2012,1,2,katie nicholl,1,13,0,17
2012,1,2,mary mcconnell,1,196,1,33
2012,1,2,emily hill,1,4,0,8
2012,1,2,chris anderson,1,5,1,24
2012,1,2,riath al-samarrai,1,167,2,6
2012,1,2,dianne king,1,5,0,1
2012,1,2,pamela owen,1,114,2,14
