year,month,week,name,articles,facebook,googleplus,twitter
2012,2,7,Sarah Boseley,6,351,2,362
2012,2,7,Press Association,140,1833,32,3241
2012,2,7,Sam Jones,7,588,1,321
2012,2,7,Stephen Bates,7,552,7,215
2012,2,7,Denis Campbell,5,634,7,813
2012,2,7,Alan Travis,13,510,13,656
2012,2,7,Phillip Inman,7,128,4,226
2012,2,7,Angelique Chrisafis,7,1084,21,546
2012,2,7,Uki Goni,4,652,9,276
2012,2,7,agencies,29,1507,51,1305
2012,2,7,Dominic Fifield,4,53,0,117
2012,2,7,Paul Rees at Murrayfield,1,2,0,5
2012,2,7,Ben Quinn,5,1474,14,790
2012,2,7,Reuters,41,2040,34,1468
2012,2,7,Steve Busfield,2,137,1,44
2012,2,7,Paolo Bandini,7,304,4,110
2012,2,7,Michael Solomon,1,132,1,39
2012,2,7,Tim Hill,1,132,1,39
2012,2,7,Agencies,5,402,8,256
2012,2,7,Jill Insley,3,103,4,158
2012,2,7,Tom Levitt,1,5,0,10
2012,2,7,Tania Branigan,4,206,12,256
2012,2,7,Tamasin Ford,1,27,3,27
2012,2,7,Giles Fraser,2,44,3,101
2012,2,7,Martin Wainwright,17,2228,71,766
2012,2,7,Fiona Harvey,8,381,15,788
2012,2,7,Keith Stuart,13,173,6,712
2012,2,7,Associated Press,45,5378,86,1463
2012,2,7,Charles Arthur,10,33,6,713
2012,2,7,Gregg Roughley,3,511,1,167
2012,2,7,Jacob Steinberg,6,62,1,183
2012,2,7,Roy Greenslade,29,264,8,754
2012,2,7,Saeed Shah,2,45,3,83
2012,2,7,Johnjoe McFadden,1,164,2,53
2012,2,7,Alison Rourke,2,49,5,125
2012,2,7,Helena Smith,10,419,9,323
2012,2,7,Josh Halliday,18,438,45,2705
2012,2,7,John Holden,1,68,0,83
2012,2,7,Eddie Butler,2,13,0,13
2012,2,7,Dick Vinegar,1,3,0,17
2012,2,7,James Ball,8,878,11,623
2012,2,7,Barney Ronay,8,85,1,115
2012,2,7,Gill Hitchcock,9,20,0,93
2012,2,7,cute cat,1,0,0,14
2012,2,7,Oliver Laughland,2,291,0,128
2012,2,7,Eliot Smith,1,291,0,127
2012,2,7,Andy Gallagher,5,898,5,237
2012,2,7,GrrlScientist,20,357,51,428
2012,2,7,Nathan Brown,1,0,1,34
2012,2,7,Monkey,8,22,0,172
2012,2,7,Paul Brant,1,12,0,16
2012,2,7,John Genders,1,8,0,47
2012,2,7,Jo Boaden,1,0,0,16
2012,2,7,Laurence Topham,2,37,0,17
2012,2,7,Katherine Baldwin,1,65,2,39
2012,2,7,Nick Fletcher,22,163,8,212
2012,2,7,Paul Owen,3,115,2,245
2012,2,7,Deborah Doane,1,37,0,23
2012,2,7,William Lloyd-George,1,102,1,9
2012,2,7,John Plunkett,17,1036,29,1566
2012,2,7,Jo Tuckman,1,85,1,25
2012,2,7,Garry Blight,1,709,11,97
2012,2,7,Madhvi Pankhania,1,709,11,97
2012,2,7,Paul Torpey,1,709,11,97
2012,2,7,Lesley Simm,1,9,0,10
2012,2,7,Sean Michaels,8,680,7,288
2012,2,7,Mona Mahmood,6,973,11,537
2012,2,7,Mary Lewis,2,25,0,13
2012,2,7,Olaf Cramme,1,8,0,20
2012,2,7,Stuart Dredge,9,240,99,1019
2012,2,7,Maddy Potts,1,126,4,85
2012,2,7,John Vidal,5,3716,35,822
2012,2,7,environment editior,1,3369,24,544
2012,2,7,Staff,10,399,11,412
2012,2,7,Carol Rumens,1,59,0,26
2012,2,7,Liam Kelly,5,18,0,132
2012,2,7,Kate Hodge,8,15,1,87
2012,2,7,Michael Cox,1,115,0,99
2012,2,7,Colin Tudge,1,57,2,52
2012,2,7,Alan Connor,2,24,0,47
2012,2,7,Elaine Cass,1,3,0,8
2012,2,7,Chris Harding,1,15,0,22
2012,2,7,William Fotheringham,4,492,10,157
2012,2,7,Theresa Malone,2,1,0,41
2012,2,7,Anna Chesters,1,6,0,27
2012,2,7,Priya Virmani,1,30,2,100
2012,2,7,Tim Jonze,4,628,8,242
2012,2,7,Hélène Mulholl,5,729,12,427
2012,2,7,,10,2860,25,901
2012,2,7,Xan Brooks,4,634,12,178
2012,2,7,Jean-Louis Gassée,1,53,5,165
2012,2,7,Chris Cook,1,0,0,6
2012,2,7,Tony Paley,6,0,1,33
2012,2,7,David Reed,1,37,0,49
2012,2,7,James Meikle,8,490,8,304
2012,2,7,Dan Sabbagh,10,159,7,296
2012,2,7,Ami Sedghi,1,88,3,41
2012,2,7,Hugh Stephenson,1,0,0,0
2012,2,7,Tina Beattie,1,28,1,14
2012,2,7,Ben Caldecott,1,25,3,66
2012,2,7,James Leaton,1,25,3,66
2012,2,7,Michael White,8,79,0,144
2012,2,7,Clare Horton,6,20,0,14
2012,2,7,Jane Dudman,4,2,0,28
2012,2,7,Rob Taylor,1,2,0,19
2012,2,7,David Cox,1,1,0,4
2012,2,7,Ben Child,11,2378,33,761
2012,2,7,Harriet Sherwood,2,131,5,222
2012,2,7,Frédéric Filloux,1,19,3,121
2012,2,7,Alison Flood,12,2231,76,1223
2012,2,7,Andy Bull (morning session),1,34,1,19
2012,2,7,Rob Smyth (afternoon,1,34,1,19
2012,2,7,evening session),1,34,1,19
2012,2,7,Simon Chilvers,5,57,0,130
2012,2,7,Polly Curtis,4,6,0,77
2012,2,7,Dan Roberts,3,5,0,61
2012,2,7,Amanda Feilding,1,1047,4,76
2012,2,7,Martin Kettle,2,68,1,69
2012,2,7,Owen Bowcott,10,2290,56,1262
2012,2,7,David Levene,1,1438,7,127
2012,2,7,Ken Macfarlane,2,2118,17,253
2012,2,7,<a href="http://all-wrongs-reversed.net/">Morgan Giles</a>,1,1438,7,127
2012,2,7,Wadah Khanfar,1,80,0,40
2012,2,7,Natalie Haynes,1,60,0,20
2012,2,7,Viraal Balsari,1,3,0,12
2012,2,7,Christopher Priest,1,297,8,96
2012,2,7,Corrections,5,0,0,4
2012,2,7,Damian Carrington,5,4863,39,795
2012,2,7,Henry Barnes,14,1344,8,335
2012,2,7,Stuart Heritage,5,428,4,225
2012,2,7,Ian Tasker,1,8,2,16
2012,2,7,The people's panel,3,368,4,285
2012,2,7,Jonathan Jones,6,600,6,311
2012,2,7,Katy Stoddard,2,50,1,28
2012,2,7,Jessica Reed,1,1,0,1
2012,2,7,Vic Marks,4,43,1,28
2012,2,7,Adam Boult,10,83,2,120
2012,2,7,Miriam Gillinson,1,50,1,29
2012,2,7,Laura Laker,1,230,3,145
2012,2,7,Simon Rogers,8,537,21,709
2012,2,7,Graeme Wearden,6,414,21,494
2012,2,7,David Leigh,5,89,7,251
2012,2,7,Nancy Groves,2,26,0,71
2012,2,7,Ian Traynor,6,831,26,350
2012,2,7,Katy Murrells,1,6,0,10
2012,2,7,Bob Garfield,1,41,5,61
2012,2,7,David Lengel,1,11,0,3
2012,2,7,Hunter Felt,2,15,0,5
2012,2,7,Dawn Grant,1,1,0,9
2012,2,7,Presented by Alok Jha,1,35,0,39
2012,2,7,Produced by Iain Chambers,1,35,0,39
2012,2,7,Patrick Wintour,20,1564,27,2097
2012,2,7,Sade Laja,7,22,2,118
2012,2,7,Sid Lowe,1,7,0,22
2012,2,7,Greg Wood,5,0,0,27
2012,2,7,Maggie Faultless,1,290,5,111
2012,2,7,Michael Cragg,6,102,0,105
2012,2,7,John Sutherland,1,87,0,48
2012,2,7,Matthew Taylor,4,50,1,86
2012,2,7,Abdel-Rahman Hussein,1,94,1,43
2012,2,7,Joseph Stiglitz,1,46,3,21
2012,2,7,Simon Hodgson for the <a href="http://www.guardian.co.uk/guardian-professional" title="Guardian Professional Network">Guardian Professional Network</a>,1,9,0,37
2012,2,7,Corinne Camilleri-Ferrante,1,8,0,18
2012,2,7,Dave Hill,6,65,2,160
2012,2,7,Grace,1,3,1,26
2012,2,7,Arun Marsh,1,0,0,4
2012,2,7,Damien Walter,1,36,1,47
2012,2,7,Tom Morton,1,25,2,42
2012,2,7,Matt Trueman,5,52,0,127
2012,2,7,Sister Fa,1,119,3,43
2012,2,7,Peter Robinson,1,45,0,10
2012,2,7,<a href="http://www.businessgreen.com">BusinessGreen</a>,1,43,0,184
2012,2,7,part of the <a href="http://www.guardian.co.uk/environment/network" title="Guardian Environment Network">Guardian Environment Network</a>,5,198,26,484
2012,2,7,Mike Selvey at the Dubai International Cricket Stadium,1,47,0,10
2012,2,7,Hadley Freeman,3,593,6,170
2012,2,7,Lisa O'Carroll,10,116,11,491
2012,2,7,Kate Molleson,2,4,0,35
2012,2,7,Presented by James Richardson,2,20,0,45
2012,2,7,produced by Ben Green,3,20,0,87
2012,2,7,Riazat Butt,6,132,3,157
2012,2,7,Kim Willsher,2,139,2,65
2012,2,7,Haroon Siddique,3,180,5,375
2012,2,7,Brian Whitaker,3,177,6,353
2012,2,7,Jon Hotten,1,13,1,4
2012,2,7,for <a href="http://theoldbatsman.blogspot.com/" title="">The Old Batsman</a> part of the Guardian Sport Network,1,13,1,4
2012,2,7,Raphael Honigstein,1,20,0,22
2012,2,7,Paul Lester,5,117,1,152
2012,2,7,Paddy Allen,3,503,7,201
2012,2,7,Claire Provost,1,125,2,112
2012,2,7,Julia Kollewe,6,49,0,103
2012,2,7,Alex Needham,7,699,14,316
2012,2,7,Matthew Goodwin,1,53,1,39
2012,2,7,Denis Duncan,1,1,0,11
2012,2,7,Andy Wilson,3,7,0,22
2012,2,7,David Banks,1,21,0,136
2012,2,7,Richard Williams,4,301,1,144
2012,2,7,John Crace,4,106,1,75
2012,2,7,Barry Glendenning,3,44,0,80
2012,2,7,Simon Burnton,4,353,6,170
2012,2,7,Andrew Sparrow,7,482,5,520
2012,2,7,Michael MacLeod,2,13,2,41
2012,2,7,Ros Asquith,1,23,0,22
2012,2,7,Marc Abrahams,1,16,1,49
2012,2,7,Julia Hawkins for the <a href="http://www.guardian.co.uk/guardian-professional" title="Guardian Professional Network">Guardian Professional Network</a>,1,15,0,21
2012,2,7,Dominic Rushe,9,655,22,691
2012,2,7,Lucy Tobin,1,94,7,152
2012,2,7,Guardian readers,3,61,3,88
2012,2,7,Hannah Waldram,2,12,0,71
2012,2,7,Simon Jenkins,3,85,1,70
2012,2,7,Wendy Fonarow,1,158,2,111
2012,2,7,Lyn Gardner,9,196,0,192
2012,2,7,Amanda Sebestyen,1,1,0,7
2012,2,7,Simon Bowers,12,84,2,153
2012,2,7,Judith Mackrell,4,237,3,97
2012,2,7,Dave Simpson,3,42,0,53
2012,2,7,Andrew Brown,1,28,0,17
2012,2,7,Chris McGreal,7,803,20,327
2012,2,7,Jill Treanor,15,156,7,287
2012,2,7,Guardian Government Computing,3,6,1,28
2012,2,7,Rajeev Syal,2,44,0,73
2012,2,7,Ana Marie Cox,1,8,1,13
2012,2,7,Eliza Anyangwe,5,32,2,134
2012,2,7,Greg Wood at Ditcheat,2,1,0,15
2012,2,7,Dugald Baird,4,128,5,558
2012,2,7,Nick Hopkins,6,119,6,257
2012,2,7,Steven Morris,10,1348,7,543
2012,2,7,Alexis Petridis,3,67,0,58
2012,2,7,Juliette Jowit,10,863,18,1113
2012,2,7,Brian Logan,1,7,0,9
2012,2,7,Naomi Wolf,2,2067,12,327
2012,2,7,Alok Jha,3,995,16,336
2012,2,7,Valerie Hannah,1,68,3,38
2012,2,7,Alan Smith,1,10,2,23
2012,2,7,Dennis Hone,1,1,0,25
2012,2,7,Andrew Altman,1,1,0,25
2012,2,7,Martin Chulov,2,219,6,201
2012,2,7,Simon Hoggart,5,51,0,98
2012,2,7,Michael Rosen,1,827,1,244
2012,2,7,Janet Murray,1,8,0,36
2012,2,7,Richard Norton-Taylor,4,112,2,132
2012,2,7,Luke Harding,6,1349,13,656
2012,2,7,Gary Younge,2,104,3,50
2012,2,7,Peter Scott,1,17,1,76
2012,2,7,Peter Wilby,1,34,1,45
2012,2,7,Stuart Jeffries,1,707,7,263
2012,2,7,Patrick Kingsley,2,61,1,50
2012,2,7,Clare Considine,2,1,0,11
2012,2,7,Julia Raeside,3,18,0,46
2012,2,7,Ali Catterall,1,1,0,5
2012,2,7,Andrew Mueller,2,2,0,24
2012,2,7,Jonathan Wright,2,2,0,24
2012,2,7,Martin Skegg,1,1,0,5
2012,2,7,Ian Sample,4,1463,52,644
2012,2,7,Thomas Keneally,1,91,0,15
2012,2,7,George Monbiot,1,4709,40,820
2012,2,7,Henry McDonald,6,156,0,122
2012,2,7,Irel,5,137,0,104
2012,2,7,Liz Trinder,1,51,0,56
2012,2,7,Polly Toynbee,2,450,3,220
2012,2,7,John Vallins,1,0,0,40
2012,2,7,Aditya Chakrabortty,1,262,0,127
2012,2,7,Michele Hanson,1,21,0,25
2012,2,7,Rupert Neate,4,460,10,484
2012,2,7,Steven Bloor,2,23,0,57
2012,2,7,Sony Kapoor,1,28,1,32
2012,2,7,Peter Bofinger,1,28,1,32
2012,2,7,Mark Lawson,2,31,1,23
2012,2,7,Richard Adams,6,78,0,237
2012,2,7,Kevin McCarra,2,19,0,36
2012,2,7,Adam Gabbatt,3,366,6,127
2012,2,7,Lucy Mangan,2,50,0,66
2012,2,7,Donald McRae,1,23,0,35
2012,2,7,Louise Taylor,3,30,0,46
2012,2,7,Robert Kitson,8,40,0,61
2012,2,7,David Hytner,8,377,1,333
2012,2,7,Interviews by Sarah Phillips,1,28,0,36
2012,2,7,Shiv Malik,4,882,10,509
2012,2,7,Alex Healey,2,770,1,89
2012,2,7,Hugh Muir,5,18,0,83
2012,2,7,Paul Rees,7,45,1,56
2012,2,7,Tom Clark,3,120,0,165
2012,2,7,Daniel Taylor at Anfield,1,29,0,37
2012,2,7,Owen Gibson,12,133,1,316
2012,2,7,Kevin McCarra at Anfield,1,4,0,39
2012,2,7,Jo Confino for the <a href="http://www.guardian.co.uk/guardian-professional" title="Guardian Professional Network">Guardian Professional Network</a>,1,3,0,5
2012,2,7,Claire Tomalin,1,1608,9,204
2012,2,7,Zoe Wood,2,119,0,79
2012,2,7,Editorial,13,302,4,413
2012,2,7,Helen Pidd,5,2009,32,336
2012,2,7,Andy Hunter at Anfield,1,7,0,36
2012,2,7,Martin Rowson,5,230,6,158
2012,2,7,Jamie Lafferty,2,33,0,63
2012,2,7,Jessica Shepherd,10,802,15,893
2012,2,7,David Mills,2,4,0,16
2012,2,7,Mark Tran,2,107,4,62
2012,2,7,Aleks Krotoski,1,9,0,48
2012,2,7,Simon Barnard,2,56,0,72
2012,2,7,Joris Luyendijk,1,20,1,29
2012,2,7,June O'Sullivan,1,0,0,0
2012,2,7,Mike Anderiesz,2,13,0,101
2012,2,7,Simon Trevethick,1,7,0,27
2012,2,7,Terry Macalister,5,214,7,371
2012,2,7,Dean Spurrell,1,41,1,83
2012,2,7,Robert Hardy,1,7,0,9
2012,2,7,alicemae,1,1,0,5
2012,2,7,Lesley Chamberlain,1,297,6,35
2012,2,7,Simon Callow,1,737,1,81
2012,2,7,Shehani Fernando,1,737,1,81
2012,2,7,Deborah Garvie,1,52,1,43
2012,2,7,Rachel Aroesti,1,306,0,48
2012,2,7,John Ashdown,7,379,2,152
2012,2,7,Jonathan Wilson,3,183,5,120
2012,2,7,Terry Philpot,1,51,0,26
2012,2,7,Jill Berry,1,15,0,2
2012,2,7,Victoria Scott,1,70,0,31
2012,2,7,Sam Jordison,2,51,0,62
2012,2,7,Jack Craze,1,37,0,21
2012,2,7,Juliette Garside,10,244,33,795
2012,2,7,Charlie Robinson,1,0,0,5
2012,2,7,Sunny Hundal,2,421,2,208
2012,2,7,Jessica Fuhl,2,7,0,28
2012,2,7,Oliver Thring,1,263,11,243
2012,2,7,Joana Gorjão Henriques,1,35,2,15
2012,2,7,Katie Allen,7,117,11,162
2012,2,7,Will Hammonds,1,4,0,22
2012,2,7,Madeline Lewis,1,106,3,82
2012,2,7,Darran Messem for the Carbon Trust,1,2,0,27
2012,2,7,Adam Vaughan,1,57,3,159
2012,2,7,Mark Rice-Oxley,1,17,0,16
2012,2,7,Will Hayler,17,5,1,103
2012,2,7,Vladimir Putin,1,496,5,96
2012,2,7,Simon Winder,3,251,2,86
2012,2,7,Mark King,4,29,0,106
2012,2,7,Blair Jenkins,1,2,0,9
2012,2,7,Mark Brown,3,687,9,329
2012,2,7,Randeep Ramesh,5,167,5,353
2012,2,7,وضاح خنفر,1,10,3,11
2012,2,7,Lisa Evans,1,15,0,72
2012,2,7,Nicholas Lezard,1,14,0,9
2012,2,7,Ann McGauran,1,22,0,28
2012,2,7,Peter Bradshaw,8,643,10,290
2012,2,7,Andy Brockie,1,379,1,67
2012,2,7,Colin Horgan,2,58,0,31
2012,2,7,Rupert Jones,4,440,4,198
2012,2,7,John Nyen for <a href="http://theshinguardian.com/" title="">The Shin Guardian</a> part of the Guardian Sport Network,1,33,0,25
2012,2,7,Guardian staff,2,20,0,48
2012,2,7,Phil Hoad,1,23,1,24
2012,2,7,Nick Cowen,1,5,2,51
2012,2,7,Saba Salman,1,8,0,4
2012,2,7,Rebecca Smithers,5,288,8,508
2012,2,7,consumer affairs correpondent,1,45,1,149
2012,2,7,Kris Needs via <a href="http://www.rocksbackpages.com/" title="">Rock's Backpages</a>,1,106,0,34
2012,2,7,Kate McCann,4,12,2,84
2012,2,7,Laura Oliver,3,51,3,26
2012,2,7,Amelia Hill,1,7,2,57
2012,2,7,Tara Conlan,3,18,0,52
2012,2,7,Luis Hernández Navarro,1,70,0,16
2012,2,7,Andy Atkins,1,6,0,51
2012,2,7,Hilary Osborne,3,42,1,81
2012,2,7,Zoe Williams,4,2021,17,507
2012,2,7,Jo Best,3,1,1,33
2012,2,7,John Harris,4,358,7,210
2012,2,7,John Domokos,1,152,2,65
2012,2,7,Mick McCann,1,17,2,16
2012,2,7,Helen Carter,7,178,0,167
2012,2,7,Chris Curnow,1,6,0,14
2012,2,7,Isabelle Mandraud,1,26,0,25
2012,2,7,Richard Nelsson,1,22,2,17
2012,2,7,Christopher Masters,1,307,5,60
2012,2,7,Christine Chaumeau,1,25,1,39
2012,2,7,Olivier Truc,1,9,0,7
2012,2,7,Peter Dawson,1,78,0,58
2012,2,7,Sandrine Morel,1,34,2,25
2012,2,7,Francesca Dziadek,1,77,0,46
2012,2,7,Jenny Purt for the <a href="http://www.guardian.co.uk/guardian-professional" title="Guardian Professional Network">Guardian Professional Network</a>,2,11,1,90
2012,2,7,Kieron Monks,1,85,1,45
2012,2,7,Peter Walker,5,376,4,334
2012,2,7,Tom Service,1,15,0,21
2012,2,7,Guardian music,2,74,0,95
2012,2,7,Jason Farago,1,62,2,12
2012,2,7,Robert Booth,3,221,15,605
2012,2,7,Jason Deans,6,294,3,266
2012,2,7,Chris French,1,65,3,23
2012,2,7,Richard Johnson,1,19,0,66
2012,2,7,Jon Henley,3,1501,32,482
2012,2,7,Veronica Horwell,1,11,0,25
2012,2,7,Michael Tait,1,11,0,25
2012,2,7,Iain Chambers,1,11,0,25
2012,2,7,Santander,2,0,0,0
2012,2,7,Rory Carroll,8,1312,21,574
2012,2,7,Karen McVeigh,5,3245,17,266
2012,2,7,Andy Bull,4,21,0,25
2012,2,7,Guadalupe Cruz Jaime for <a href="http://www.ips.org/institutional/" title="">IPS</a>,1,35,1,34
2012,2,7,part of the <a href="http://www.guardian.co.uk/global-development/series/guardian-development-network" title="">Guardian development network</a>,3,81,1,109
2012,2,7,Agnès Poirier,1,24,0,9
2012,2,7,Catherine Shoard,5,517,5,114
2012,2,7,Jon Butterworth,1,10,1,14
2012,2,7,Dr James Taplin for the <a href="http://www.guardian.co.uk/guardian-professional" title="Guardian Professional Network">Guardian Professional Network</a>,1,4,1,11
2012,2,7,Jason Burke,6,418,7,247
2012,2,7,Rachel Pugh,1,153,0,67
2012,2,7,Michael Billington,8,163,0,153
2012,2,7,Rosie Harper,1,33,0,13
2012,2,7,Adrian Furse,1,33,0,13
2012,2,7,Natalie Bennett,1,1,0,0
2012,2,7,Paul Doyle,5,87,2,140
2012,2,7,Harry J Enten,4,34,1,50
2012,2,7,Cristian Cercel,1,29,0,11
2012,2,7,Ryan Devereaux,3,45,0,32
2012,2,7,Ian Black,4,110,2,94
2012,2,7,Julian Borger,6,609,6,353
2012,2,7,Frederika Whitehead,1,3,0,13
2012,2,7,Julia Eccleshare,1,0,0,9
2012,2,7,Ros Taylor,2,2,0,12
2012,2,7,Felicity Lawrence,1,22,0,34
2012,2,7,Leo Hickman,4,386,10,343
2012,2,7,Simon Tisdall,2,125,4,68
2012,2,7,Alexandra Topping,4,166,3,107
2012,2,7,Patrick Butler,5,129,2,280
2012,2,7,Nesrine Malik,1,144,0,18
2012,2,7,Jessica Shankleman for <a href="http://www.businessgreen.com">BusinessGreen</a>,1,28,8,54
2012,2,7,David Walker,1,1,0,8
2012,2,7,Ewen MacAskill,8,502,23,174
2012,2,7,Miriam Elder,4,559,47,626
2012,2,7,Simon Parker,1,0,0,10
2012,2,7,Matthew Weaver,7,1114,12,936
2012,2,7,Lawrence Krauss,1,1022,41,90
2012,2,7,Mark Lynas,1,575,9,166
2012,2,7,Angela Saini,1,55,2,111
2012,2,7,Teresa Wiltz,1,56,4,97
2012,2,7,Jess Cartner-Morley,3,252,1,150
2012,2,7,Mike Averis,6,51,1,54
2012,2,7,Charles Gant,1,4,0,18
2012,2,7,Hélène Mulholland,3,59,2,120
2012,2,7,Bill McKibben for <a href="http://www.tomdispatch.com/archive/175499/">TomDispatch</a>,1,474,6,184
2012,2,7,part of the <a href="http://www.guardian.co.uk/commentisfree/series/guardian-comment-network">Guardian Comment Network</a>,1,474,6,184
2012,2,7,Jonathan Calder,1,129,3,66
2012,2,7,Eric Metcalfe,1,11,0,10
2012,2,7,Adrian Searle,1,201,1,37
2012,2,7,Mustafa Khalili,1,33,0,20
2012,2,7,Fiona Bawdon,1,10,0,17
2012,2,7,Nils Pratley,5,7,0,38
2012,2,7,George Hall,1,2,0,16
2012,2,7,Kat Keene Hogue,1,26,0,14
2012,2,7,Guardian,1,26,0,14
2012,2,7,Andrew Gumbel,1,18,1,11
2012,2,7,Saeed Kamali Dehghan,1,146,7,101
2012,2,7,David Stubbs,2,1,0,25
2012,2,7,John Robinson,2,1,0,25
2012,2,7,Ben Arnold,1,0,0,6
2012,2,7,Jeevan Vasagar,1,97,2,140
2012,2,7,Joshua Alston,2,30,0,32
2012,2,7,Robin Denselow,3,11,0,32
2012,2,7,Simon Goodley,2,6,0,8
2012,2,7,Saabira Chaudhuri,4,126,2,74
2012,2,7,Larry Elliott,5,176,4,125
2012,2,7,Ian Cobain,1,0,0,0
2012,2,7,Sara Ilyas,1,3,0,9
2012,2,7,Harry Venning,1,4,0,4
2012,2,7,Paul Evans,1,10,0,47
2012,2,7,As seen by Catherine Bennett,1,18,0,17
2012,2,7,Praful Bidwai,1,52,0,57
2012,2,7,Interview by Laura Barnett,1,7,0,29
2012,2,7,Paul Wilson at Hillsborough,1,0,0,6
2012,2,7,Paul Doyle at St Mary's,1,3,0,11
2012,2,7,Paul Weaver,4,42,1,104
2012,2,7,Nancy Banks-Smith,1,10,0,26
2012,2,7,Seumas Milne,2,639,4,327
2012,2,7,Andy Hunter,5,134,0,268
2012,2,7,Daniel Taylor,6,109,1,119
2012,2,7,Mike Selvey,1,3,0,5
2012,2,7,Paul Harris,4,451,7,152
2012,2,7,Rob Bagchi,2,9,0,16
2012,2,7,Alastair Campbell,1,85,0,51
2012,2,7,Sam Wollaston,4,29,1,58
2012,2,7,Sarah Wollaston,1,10,0,48
2012,2,7,Justin McCurry,1,120,5,69
2012,2,7,Virginia Wallis,2,2,0,38
2012,2,7,Anita Pati,1,3,0,13
2012,2,7,Jonathan Glennie,1,148,4,69
2012,2,7,Oliver Balch for the <a href="http://www.guardian.co.uk/guardian-professional" title="Guardian Professional Network">Guardian Professional Network</a>,1,9,1,25
2012,2,7,Derek Malcolm,1,2,0,15
2012,2,7,Gill Rapley,1,163,0,33
2012,2,7,Madeleine Gabriel,1,0,0,0
2012,2,7,Paul Haigh,1,6,0,27
2012,2,7,Dany Louise,1,14,0,22
2012,2,7,Matt Corbett,1,0,0,20
2012,2,7,Sean Brennan,1,7,0,35
2012,2,7,June Perkin,1,7,0,35
2012,2,7,Nick Hurd,1,7,0,35
2012,2,7,Paul Amadi,1,7,0,35
2012,2,7,Giles Gibbons,1,7,0,35
2012,2,7,Mark Mullen,1,7,0,35
2012,2,7,John Gray,1,213,12,73
2012,2,7,TheBookThief,1,0,0,5
2012,2,7,Dominic Grieve,1,27,0,117
2012,2,7,Patrick Ness,1,19,0,21
2012,2,7,Chris Murray,1,5,0,2
2012,2,7,Tim Hayward,2,2486,24,236
2012,2,7,Michelle Pauli,1,26,0,39
2012,2,7,Andrew Pulver,8,416,2,190
2012,2,7,Thom Flint,3,273,3,58
2012,2,7,Brian Paddick,1,42,0,32
2012,2,7,Triona Kennedy,1,44,0,38
2012,2,7,Debbie Andalo,1,6,0,12
2012,2,7,Aparna Alluri,1,40,1,36
2012,2,7,Andy Cawthray,1,20,0,42
2012,2,7,Tom Scott,1,87,9,258
2012,2,7,Tom Cox,1,256,2,91
2012,2,7,Rick Gekoski,1,39,0,31
2012,2,7,Anna Tims,1,1,0,29
2012,2,7,Sinead Butters,1,1,0,10
2012,2,7,David Brindle,2,7,0,7
2012,2,7,Amy Fleming,1,11,0,15
2012,2,7,David Conn,6,490,2,241
2012,2,7,Imogen Fox,2,208,0,57
2012,2,7,Maryam Omidi,1,22,3,14
2012,2,7,Dan Milmo,4,72,3,182
2012,2,7,Stuart James,4,139,0,279
2012,2,7,World Business Council for Sustainable Development,1,17,0,26
2012,2,7,Michael Hann,3,196,1,111
2012,2,7,Ali Parsa,1,23,0,70
2012,2,7,guardian.co.uk,1,1,0,3
2012,2,7,Jo Confino,2,3,2,22
2012,2,7,Rosie Bristow for the <a href="http://www.guardian.co.uk/guardian-professional" title="Guardian Professional Network">Guardian Professional Network</a>,1,2,0,3
2012,2,7,Accenture,10,6,0,7
2012,2,7,Donna Ladkin for the <a href="http://www.guardian.co.uk/guardian-professional" title="Guardian Professional Network">Guardian Professional Network</a>,1,28,0,39
2012,2,7,Interview by Arun Marsh,1,1,0,13
2012,2,7,Angela Hartnett,1,22,0,28
2012,2,7,Laura Barnett,2,179,1,183
2012,2,7,Michael Cohen,1,78,0,32
2012,2,7,Lars Iyer,1,65,3,52
2012,2,7,Islam Lutfi,1,75,1,29
2012,2,7,Philip Jones,1,9,1,79
2012,2,7,Judith White,1,1,0,1
2012,2,7,Jermaine Gonzales,1,25,0,10
2012,2,7,James Walsh,3,37,1,34
2012,2,7,Noma restaurant staff,1,603,1,129
2012,2,7,Symeon Brown,1,20,0,17
2012,2,7,Peter M Jackson,1,2,0,1
2012,2,7,Justin McGuirk,2,85,1,84
2012,2,7,Fiona Walsh,1,0,0,6
2012,2,7,David Newnham,1,42,1,34
2012,2,7,Adam Bienkov,1,45,2,102
2012,2,7,Michael Hogan,1,19,0,48
2012,2,7,Vikram Dodd,1,7,0,14
2012,2,7,Ross Griffiths,1,2,0,9
2012,2,7,Tim Ashley,6,35,0,71
2012,2,7,Charlotte Jones,1,1,0,8
2012,2,7,James Antle,1,7,0,17
2012,2,7,Cheri Jacobus,1,7,0,17
2012,2,7,Matt Lewis,1,7,0,17
2012,2,7,Tim Montgomerie,2,107,0,61
2012,2,7,Grover Norquist,1,7,0,17
2012,2,7,Michael Wissot,1,7,0,17
2012,2,7,Matthew Caines,1,5,0,16
2012,2,7,James Murray for <a href="http://www.businessgreen.com">BusinessGreen</a>,1,45,15,158
2012,2,7,Martin Paul Eve,1,90,12,124
2012,2,7,Timothy Spence for <a href="http://www.ips.org/institutional/" title="">IPS</a>,1,11,0,33
2012,2,7,Dave Knight for the <a href="http://www.guardian.co.uk/guardian-professional" title="Guardian Professional Network">Guardian Professional Network</a>,1,0,1,17
2012,2,7,Julian Rayfield for <a href="http://talkingpointsmemo.com/" title="">Talking Points Memo</a>,1,47,0,4
2012,2,7,Tom Meltzer,2,531,10,249
2012,2,7,Joshua Rozenberg,1,25,0,38
2012,2,7,Dorian Lynskey,1,127,0,56
2012,2,7,Rob Evans,4,284,7,194
2012,2,7,Sarah Crown,1,215,3,122
2012,2,7,Frank-Walter Steinmeier for <a href="http://www.social-europe.eu/" title="">Social Europe Journal</a>,1,39,1,20
2012,2,7,part of the <a href="http://www.guardian.co.uk/commentisfree/series/guardian-comment-network" title="">Guardian Comment Network</a>,1,39,1,20
2012,2,7,Gines Haro Pastor,2,0,0,0
2012,2,7,Lynda Finn,1,1,0,1
2012,2,7,Lewis K Cooper,1,5,0,42
2012,2,7,Sophie Nield,1,25,0,14
2012,2,7,Lisa Hallgarten,1,20,0,8
2012,2,7,Susie Miles,1,19,0,10
2012,2,7,Nicola Davison,1,120,11,83
2012,2,7,Mel Groves,1,2,0,5
2012,2,7,Paul Wilson,4,35,1,119
2012,2,7,Alexandra Blakeman,3,33,0,83
2012,2,7,Scott Lemieux,1,49,0,15
2012,2,7,Julian Young for <a href="http://www.solicitorsjournal.com/" title="">Solicitors Journal</a>,1,33,0,26
2012,2,7,part of the <a href="http://www.guardian.co.uk/law/series/guardian-legal-network" title="">Guardian Legal Network</a>,1,33,0,26
2012,2,7,Tom Kington,3,56,2,72
2012,2,7,Lawrence Donegan at Pebble Beach,1,18,0,17
2012,2,7,Gary Naylor for <a href="http://nestaquin.wordpress.com/" title="">99.94</a>,1,10,0,4
2012,2,7,part of the Guardian Sport Network,1,10,0,4
2012,2,7,Joanna Geary,1,5,0,11
2012,2,7,Martin Farrer,1,53,5,76
2012,2,7,John Elkington for the <a href="http://www.guardian.co.uk/guardian-professional" title="Guardian Professional Network">Guardian Professional Network</a>,1,12,0,16
2012,2,7,Kirsty Scott,2,148,1,139
2012,2,7,Tom Shone,1,329,3,76
2012,2,7,Betty Clarke,1,0,0,9
2012,2,7,Alfred Hickling,2,25,0,14
2012,2,7,Kerry Andrew,1,224,1,127
2012,2,7,John Fordham,4,10,0,29
2012,2,7,Rian Evans,1,1,2,10
2012,2,7,Timothy Garton Ash,1,118,3,64
2012,2,7,David Batty,5,1401,32,969
2012,2,7,Vicky Frost,1,26,0,17
2012,2,7,Clar Ni Chonghaile,1,478,3,109
2012,2,7,Suzanne Moore,1,73,0,116
2012,2,7,Fiona Beckett,2,35,1,31
2012,2,7,Ken Murray,1,1951,49,335
2012,2,7,Paul Weaver at Jerez,2,17,0,22
2012,2,7,Patrick Barkham,4,518,3,173
2012,2,7,Phelim O'Neill,2,2,0,25
2012,2,7,Hannah Verdier,1,1,0,19
2012,2,7,Jim Newell,2,10,1,22
2012,2,7,Marcus Christenson,1,21,0,11
2012,2,7,Jonny Weeks,1,16,0,19
2012,2,7,Ray Collier,1,1,0,42
2012,2,7,Amy Lawrence,2,34,0,41
2012,2,7,Ewan Murray at Tynecastle,1,3,0,27
2012,2,7,Interview by Sarah Phillips,1,67,1,42
2012,2,7,Louise Taylor at the Riverside Stadium,1,5,0,18
2012,2,7,Marina Hyde,5,214,3,200
2012,2,7,Sid Lowe at the Camp Nou,1,13,2,23
2012,2,7,Felicity Cloake,1,405,13,79
2012,2,7,Kevin Powell,1,20,0,30
2012,2,7,Cass Jones,2,134,0,215
2012,2,7,Claire Phipps,1,68,0,137
2012,2,7,Paul Lewis,2,277,5,122
2012,2,7,John Suart,1,12,0,61
2012,2,7,Michael Jennings,1,147,1,76
2012,2,7,Nicholas de Jongh,1,3,0,9
2012,2,7,Ali Khan,1,13,0,62
2012,2,7,Doug Belshaw,1,16,3,8
2012,2,7,<a href="http://www.creativeboom.co.uk/" title="">Creative Boom</a>,1,2,0,18
2012,2,7,Mark Thomas,1,2,0,18
2012,2,7,part of the <a href="http://www.guardian.co.uk/culture-professionals-network" title="">Guardian Culture Professionals Network</a>,1,2,0,18
2012,2,7,Colin Cram,1,0,0,7
2012,2,7,SaiWish0221,1,0,0,8
2012,2,7,Petra Wilton,1,2,0,3
2012,2,7,Khaled Diab,1,25,0,46
2012,2,7,Lindsey Williams,1,2,0,28
2012,2,7,David Hodge,1,2,0,6
2012,2,7,Chris Taylor,2,33,0,29
2012,2,7,Susie Steiner,1,21,0,18
2012,2,7,Hannah J Davies,1,54,1,25
2012,2,7,Jennifer Ratner-Rosenhagen,1,37,3,19
2012,2,7,Colin Irwin,1,41,0,32
2012,2,7,Robert McCrum,2,70,6,64
2012,2,7,Jonathan Jenkins,1,0,0,0
2012,2,7,Lanre Bakare,3,149,1,64
2012,2,7,Eileen Byrne,1,154,1,26
2012,2,7,Amelia Gentleman,1,276,5,113
2012,2,7,Sian Norris,1,423,8,256
2012,2,7,Jo Johnson,1,7,0,13
2012,2,7,Presented by Jason Solomons,1,4,0,8
2012,2,7,produced by Iain Chambers with Xan Brooks,1,4,0,8
2012,2,7,Hannah Freeman,2,10,1,45
2012,2,7,Julian Baggini,1,45,17,33
2012,2,7,Alex von Tunzelmann,1,30,0,9
2012,2,7,Kathryn Erskine,1,21,1,28
2012,2,7,Richard Lea,1,20,3,30
2012,2,7,Jonathan Haynes,1,24,4,323
2012,2,7,Christopher Hodgson,1,1,2,19
2012,2,7,Jo Adetunji,2,12,0,44
2012,2,7,Lisa Bachelor,1,1,1,55
2012,2,7,Jane Martinson,2,560,1,87
2012,2,7,Ally Fogg,1,19,0,36
2012,2,7,Corrinne Burns,1,446,78,116
2012,2,7,Ben Kape,1,218,4,17
2012,2,7,Elliot Smith,1,218,4,17
2012,2,7,Adonis,1,93,1,36
2012,2,7,Helienne Lindvall,1,26,1,59
2012,2,7,Jessie Cave,1,64,1,100
2012,2,7,Alan White,1,6,0,10
2012,2,7,Jaquelin C Fisher for the <a href="http://www.guardian.co.uk/guardian-professional" title="Guardian Professional Network">Guardian Professional Network</a>,1,8,0,8
2012,2,7,Skye Sherwin,2,37,3,57
2012,2,7,Kate Bradbury,1,48,9,72
2012,2,7,Ermintrude,1,4,0,17
2012,2,7,<a href="http://www.guardian.co.uk/profile/tonymyers">Tony Myers</a>,1,231,11,273
2012,2,7,Constance Johnson,1,2133,40,245
2012,2,7,Guardian writers,1,7,0,29
2012,2,7,Invisible Woman,1,13,0,23
2012,2,7,Mark Samuels,1,0,0,16
2012,2,7,Presented by Tom Clark,1,7,1,11
2012,2,7,produced by Phil Maynard,1,7,1,11
2012,2,7,Jack Schofield,1,2,2,68
2012,2,7,Ivan McConnell,1,6,1,24
2012,2,7,Orcacrazy,2,0,0,25
2012,2,7,Jon Dennis,2,3,0,29
2012,2,7,Liu Xiaoming,1,40,2,38
2012,2,7,Matthew Yeomans for the <a href="http://www.guardian.co.uk/guardian-professional" title="Guardian Professional Network">Guardian Professional Network</a>,1,10,0,12
2012,2,7,Jean Candler,1,2,0,5
2012,2,7,Louisa Jencks,1,0,0,5
2012,2,7,Vic Carey,1,0,0,0
2012,2,7,Emma Sanderson-Nash,1,6,0,11
2012,2,7,Jack Hutchinson,1,17,1,90
2012,2,7,Maev Kennedy,1,34,0,5
2012,2,7,Guardian Interactive team,1,49,3,17
2012,2,7,Ranjit Dhaliwal,1,49,3,17
2012,2,7,Michael Wolff,1,74,5,170
2012,2,7,Alex Byrne,1,3,0,29
2012,2,7,CP Chandrasekhar,1,22,0,30
2012,2,7,Fred Pearce for <a href="http://www.e360.yale.edu" title="Yale Environment 360">Yale Environment 360</a>,1,72,3,48
2012,2,7,Pippa Jane Wielgos,1,0,0,1
2012,2,7,James Richardson,2,16,1,28
2012,2,7,James Callow,1,1,0,7
2012,2,7,Daniel Bettridge,1,15,1,19
2012,2,7,Heather Stewart,2,1,0,3
2012,2,7,Scott Murray,5,123,5,260
2012,2,7,Janice Gwilliam,1,2,0,35
2012,2,7,Ruth Collins,1,8,0,20
2012,2,7,By Tamba Tengbeh,1,35,0,42
2012,2,7,Damon van der Linde for <a href="http://www.ips.org/institutional/" title="">IPS</a>,1,35,0,42
2012,2,7,Amy Goodman,1,33,0,32
2012,2,7,Guardian Professional,1,0,0,14
2012,2,7,Wayne Gooderham,1,4,0,17
2012,2,7,Linda Jack,1,31,0,20
2012,2,7,Martin Chulov near Homs,2,300,10,257
2012,2,7,Peter Madden for the <a href="http://www.guardian.co.uk/guardian-professional" title="Guardian Professional Network">Guardian Professional Network</a>,1,47,1,56
2012,2,7,Sarah Butler,1,17,0,33
2012,2,7,Andrew Clements,3,10,0,19
2012,2,7,Graeme Virtue,1,3,0,24
2012,2,7,John Lewis,1,3,0,9
2012,2,7,Richard Wolff,1,163,2,51
2012,2,7,Ed Pilkington,2,456,5,256
2012,2,7,John Dugdale,1,0,0,37
2012,2,7,Katharine Houreld for Associated Press,1,15,0,24
2012,2,7,Marcela Mora y Araujo,1,10,0,23
2012,2,7,Giles Tremlett,3,428,10,117
2012,2,7,Brian Braiker,1,19,0,69
2012,2,7,Ami Sedghi &amp; Lisa Evans,1,7,2,24
2012,2,7,Tresa Edmunds,1,95,0,10
2012,2,7,Gwyn Topham,1,7,1,34
2012,2,7,Jonathan Wright | Ali Catterall | Martin Skegg | Ben Arnold | John Robinson | Julia Raeside,1,2,0,4
2012,2,7,Dan Gillmor,1,40,1,63
2012,2,7,Christine Smith,1,1,0,32
2012,2,7,Maddy Costa,1,5,1,7
2012,2,7,Elisabeth Mahoney,1,5,1,40
2012,2,7,Daisy Khan,1,223,2,122
2012,2,7,Ewan Murray,4,42,1,63
2012,2,7,Shaun Edwards,1,8,0,12
2012,2,7,Caroline Sullivan,2,0,0,15
2012,2,7,Richard Savill,1,1,2,18
2012,2,7,Rebecca Nicholson,2,1,0,7
2012,2,7,Jamie Thomson,1,17,0,8
2012,2,7,David Cairns,1,29,0,23
2012,2,7,Harry Pearson,1,5,0,6
2012,2,7,Milan Mandaric,1,2,0,5
2012,2,7,Andrew O'Hagan,1,14,1,65
2012,2,7,Matt Hall,1,4,0,15
2012,2,7,Dan Collyns,1,6,0,8
2012,2,7,Lawrence Donegan,1,1,1,10
2012,2,7,Sally Higham,1,8,0,23
2012,2,7,Ofra Koffman,1,126,3,115
2012,2,7,Marc Lockley,1,14,0,12
2012,2,7,Alison Adburgham,1,168,8,138
2012,2,7,Mike Taylor,1,182,31,127
2012,2,7,Open thread,1,255,1,36
2012,2,7,Claudia Cahalane,1,0,0,0
2012,2,7,Dr Alison Hramiak,1,60,3,96
2012,2,7,Blanche Vaughan,1,2,0,17
2012,2,7,Pollyanna Perkins,1,2,0,32
2012,2,7,Reema Patel,1,2,2,13
2012,2,7,Alistair McIntosh,1,3,0,40
2012,2,7,Peter Forbes,1,18,3,24
2012,2,7,Greg Freeman,1,4,0,6
2012,2,7,Aiman,1,7,0,9
2012,2,7,Edward Gibbes,1,6,0,10
2012,2,7,Tara Majumdar,1,2,0,8
2012,2,7,Richard Vize,1,0,0,7
2012,2,7,Hannah Fearn,1,3,0,18
2012,2,7,Jessica McCallin,1,82,0,95
2012,2,7,Secret Social Worker,1,78,0,25
2012,2,7,Tom Lamont,1,27,0,7
2012,2,7,Chris Power,1,14,3,29
2012,2,7,Andy Field,1,6,0,15
2012,2,7,Abdel Bari Atwan,1,136,0,60
2012,2,7,Michael Weiss,1,136,0,60
2012,2,7,Shashank Joshi,1,136,0,60
2012,2,7,Mehdi Hasan,1,136,0,60
2012,2,7,Rebecca Hardy,1,145,7,101
2012,2,7,Ben Dowell,1,56,0,50
2012,2,7,Alex Duval Smith,1,22,0,26
2012,2,7,Nick Cohen,1,5,0,9
2012,2,7,The Register,1,15,5,33
2012,2,7,Arthur Neslen for <a href="http://www.euractiv.com/en/climate-environment">EurActiv</a>,1,10,0,40
2012,2,7,Jane Rayner for the <a href="http://www.guardian.co.uk/guardian-professional" title="Guardian Professional Network">Guardian Professional Network</a>,1,3,2,35
2012,2,7,John Syrett,1,0,0,11
2012,2,7,David Barnett,1,156,1,95
2012,2,7,Richard Werner,1,32,0,88
2012,2,7,Caroline Lucas,1,32,0,88
2012,2,7,Andrea Vogt,1,149,3,49
2012,2,7,James Dart,1,0,0,10
2012,2,7,Nick Molho,1,9,0,82
2012,2,7,Philippe Douste-Blazy,1,66,1,38
2012,2,7,Denis Broun,1,66,1,38
2012,2,7,Rupert Sawyer,1,2,0,65
2012,2,7,Lars Tragardh,1,244,2,116
2012,2,7,Leonard Barden,1,1,0,4
2012,2,7,Keza MacDonald,1,8,0,50
2012,2,7,David Lacey,1,5,1,9
2012,2,7,Orrin Crowle,1,0,0,24
2012,2,7,Dan Hancox,1,8,1,22
2012,2,7,Lorraine,1,168,2,82
2012,2,7,Adam Mars-Jones,1,21,1,45
2012,2,7,The Observer,1,3,0,23
2012,2,7,Atiya Gourlay,1,21,0,2
2012,2,7,Seleha Lockwood,1,21,0,2
2012,2,7,Mark Damazer,1,6,0,44
2012,2,7,David Elliott,1,0,0,2
2012,2,7,Theo Bosanquet,1,112,1,69
2012,2,7,Matthew Baxter-Reynolds,1,18,3,92
2012,2,7,Stephen Lee,1,3,0,21
2012,2,7,Chris Smith,1,2,0,10
2012,2,7,Maureen Fiedler,1,36,0,19
2012,2,7,Presented by Claire Armitstead,1,44,1,42
2012,2,7,produced by Tim Maby,1,44,1,42
2012,2,7,Johnny Dee,2,23,0,25
2012,2,7,Carlene Thomas-Bailey,1,16,0,20
2012,2,7,Joanne Murray,1,1,0,5
2012,2,7,Tom Phillips,1,42,3,16
2012,2,7,Anne Perkins,1,16,0,26
2012,2,7,Sean Magee,1,2,0,10
2012,2,7,Sean O'Hagan,1,33,1,25
2012,2,7,Graham Black,1,0,0,11
2012,2,7,Jason Clay for the <a href="http://www.guardian.co.uk/guardian-professional" title="Guardian Professional Network">Guardian Professional Network</a>,1,37,3,42
2012,2,7,Jon Boone,1,36,0,9
2012,2,7,Jim Powell,1,91,0,39
2012,2,7,Presented by John Plunkett,1,0,0,42
2012,2,7,Simon Birch,1,177,2,97
2012,2,7,Sumon Chakrabarti,1,46,1,32
2012,2,7,Guardian Fashion,2,3,0,74
2012,2,7,Alistair Smith,1,1,0,12
2012,2,7,Styling: Sara Ilyas,1,6,1,12
2012,2,7,Photographs: Andy Barter. Words: Hannah Booth,1,81,1,62
2012,2,7,Naomi Alderman,1,61,0,31
2012,2,7,Jacob Steinberg (8.51am to 1.03pm,1,1,0,32
2012,2,7,2.01pm to 2.59pm),1,1,0,32
2012,2,7,Scott Murray (1.05pm to 1.57pm,1,1,0,32
2012,2,7,3.10pm onwards),1,1,0,32
2012,2,7,Isabel Choat,1,13,0,26
2012,2,7,Daniel Silver,1,10,0,27
2012,2,7,Tamara Maynes,1,25,1,27
2012,2,7,Steve Rose,4,104,0,90
2012,2,7,Brendan Fanning,1,0,0,7
2012,2,7,CAF partnerzone,1,0,0,0
2012,2,7,Richard Bentall,1,91,2,59
2012,2,7,Nick Craddock,1,91,2,59
2012,2,7,Stylist: Melanie Wilkinson,3,5,0,24
2012,2,7,Stylist: Priscilla Kwateng,1,2,0,20
2012,2,7,GlobeScan for the<em> </em><a href="http://www.wbcsd.org/templates/TemplateWBCSD5/layout.asp?MenuID=1" title=""><em>World Business Council for Sustainable Development</em></a>,1,2,0,1
2012,2,7,Jonathan Watts,1,680,10,126
2012,2,7,Kay Boycott,1,26,0,41
2012,2,7,Helen Goodman,1,14,0,30
2012,2,7,Greg Wood at Kempton,1,0,0,5
2012,2,7,Philip Ball,1,35,3,21
2012,2,7,Nick Young,1,38,0,19
2012,2,7,Jonathan Freedland,1,206,5,107
2012,2,7,Ian Jack,1,15,1,20
2012,2,7,Derek Niemann,1,1,0,15
2012,2,7,Interview by Emine Saner,1,31,0,27
2012,2,7,Deborah Orr,1,23,1,135
2012,2,7,Penelope Lively,1,4,0,17
2012,2,7,Jonny Steinberg,1,496,7,129
2012,2,7,Andy Wilson at Langtree Park,1,0,0,8
2012,2,7,David Hambling,1,0,1,8
2012,2,7,Jem Poster,1,6,0,9
2012,2,7,Rhiannon Batten,1,1,0,17
2012,2,7,Blake Morrison,1,0,0,10
2012,2,7,Emma Kennedy,1,7,0,10
2012,2,7,Patrick Collinson,3,417,4,132
2012,2,7,Vicky Baker,1,69,0,38
2012,2,7,Gemma Bowes,1,6,0,12
2012,2,7,John Brunton,1,410,1,83
2012,2,7,Yasmine El Rashidi,1,44,2,74
2012,2,7,Brian Dillon,1,33,0,18
2012,2,7,Lisa Appignanesi,1,11,1,8
2012,2,7,Carrie O'Grady,1,0,0,3
2012,2,7,Richard Shone,1,201,7,82
2012,2,7,John Barrell,1,14,0,6
2012,2,7,Paul Batchelor,1,3,0,8
2012,2,7,Sue Arnold,1,0,0,1
2012,2,7,Catherine Taylor,1,1,0,1
2012,2,7,John O'Connell,1,4,0,4
2012,2,7,John Mullan,2,4,0,9
2012,2,7,Steven Poole,1,1,0,4
2012,2,7,Jon McGregor,1,16,2,10
2012,2,7,Marcus Sedgwick,1,8,0,19
2012,2,7,Anonymous,1,1,0,8
2012,2,7,Tim Dowling,1,14,0,4
2012,2,7,Jane Perrone,1,4,0,1
2012,2,7,Stephen Collins,1,50,0,6
2012,2,7,Thomas Eaton,1,0,0,3
2012,2,7,Rosanna Greentsreet,1,27,1,6
2012,2,7,Yotam Ottolenghi,1,48,0,15
2012,2,7,Tom Dyckhoff,1,74,0,11
2012,2,7,Jessica Thom,1,149,0,40
2012,2,7,Alys Fowler,1,21,0,18
2012,2,7,Dan Lepard,1,33,0,53
2012,2,7,John Lanchester,1,7,1,19
2012,2,7,Oliver Burkeman,1,28,3,21
2012,2,7,Hugh Fearnley-Whittingstall,1,91,4,46
2012,2,7,Andrea Wren,1,2,2,28
2012,2,7,Graham Snowdon,2,379,6,108
2012,2,7,As told to Mark King,1,0,0,6
2012,2,7,Margaret Overton,1,169,2,104
2012,2,7,Miles Brignall,6,15,1,52
2012,2,7,Jeremy Bullmore,1,1,0,1
2012,2,7,The Secret Footballer,1,13,1,29
2012,2,7,Andrew Collins,1,6,0,11
2012,2,7,Mary Douglas-Home,1,6,0,11
2012,2,7,David Renshaw,1,109,0,25
2012,2,7,Sarah Hughes,1,15,0,5
2012,2,7,Jonathan Bernstein,1,7,0,5
2012,2,7,Jonathan Croall,1,3,0,4
2012,2,7,Josie Long,1,56,0,11
2012,2,7,Sarah Dempster,1,0,0,3
2012,2,7,James Kettle,1,0,0,2
2012,2,7,Patric Baird,1,28,0,8
2012,2,7,John Mitchell,1,28,0,8
2012,2,7,Sam Richards &amp; Marc Rowlands,1,28,0,8
2012,2,7,Sam Richards,1,5,0,8
2012,2,7,Mark Cook,1,0,0,10
2012,2,7,Lyn Gardner &amp; Judith Mackrell,1,0,0,10
2012,2,7,Jordan Gatesmith,1,14,0,5
2012,2,7,Robert Clark,1,1,0,29
2012,2,7,Robert Clark &amp; Skye Sherwin,1,2,0,10
2012,2,7,John Fordham &amp; John Robinson,1,7,0,5
2012,2,7,The Guide,3,1,0,7
2012,2,7,Nick Gillett,1,0,0,23
2012,2,7,Lee Gale,1,1,0,18
2012,2,7,Grace Dent,1,7,0,34
2012,2,7,Jon &amp; Mick/moderntoss.com,1,33,0,4
2012,2,7,John Patterson,1,19,0,21
2012,2,7,Annalisa Barbieri,1,0,0,0
2012,2,7,Harriet Lane,1,9,0,17
2012,2,7,Lena Corner,1,113,0,36
2012,2,7,Kevin Page,1,16,0,36
2012,2,7,Charlie Condou,1,3,0,11
2012,2,7,Colette Bernhardt &amp; Stuart Goodwin,1,8,0,30
2012,2,7,Al Murray,1,261,9,615
2012,2,7,Nicola Jennings,1,0,0,10
2012,2,7,Joe Berger &amp; Pascal Wyse,1,3,0,7
2012,2,7,Nathan Green,1,20,4,21
2012,2,7,Phoebe Doyle,1,8,0,5
2012,2,7,Steve Parish,1,4,0,33
2012,2,7,Kevin Mitchell,2,7,0,9
2012,2,7,John Catt,1,29,3,61
2012,2,7,Damien Pearse,6,267,27,335
2012,2,7,Saleyha Ahsan,1,35,0,34
2012,2,7,Daniel Taylor at Old Trafford,3,2358,4,2665
2012,2,7,Paul Wilson at Old Trafford,1,55,1,72
2012,2,7,Lisa Gray at East End Park,1,0,0,17
2012,2,7,Tom Jenkins,1,19,0,45
2012,2,7,Daniel Boffey,1,240,1,87
2012,2,7,Oregon,1,427,7,115
2012,2,7,Joe Lovejoy at Goodison Park,1,17,0,41
2012,2,7,Richard Gibson at Ewood Park,1,0,0,16
2012,2,7,Harry Polkey at the Reebok Stadium,1,2,0,20
2012,2,7,Louise Taylor at the Stadium of Light,1,25,0,32
2012,2,7,Vanessa Thorpe,1,99,3,73
2012,2,7,arts,1,99,3,73
2012,2,7,Paul Doyle at Madejski Stadium,1,0,2,7
2012,2,7,Evan Fanning,2,43,0,39
2012,2,7,Ewan Murray at Celtic Park,1,8,0,12
2012,2,7,Paul Rees at the Stadio Olimpico,2,4,0,9
2012,2,7,Julian Coman,1,116,6,72
2012,2,7,Nial Briggs,1,0,0,7
2012,2,7,Ed Vulliamy,1,223,3,91
2012,2,7,Amy Lawrence at White Hart Lane,1,28,0,35
2012,2,7,Michael Aylwin,1,0,0,5
2012,2,7,Andy Wilson at DW Stadium,1,1,0,7
2012,2,7,Paul Wood,1,161,0,91
2012,2,7,Dean Ryan,1,3,0,10
2012,2,7,Jamie Doward,2,253,7,102
2012,2,7,Mark Townsend,3,247,2,617
2012,2,7,Toby Helm,1,153,2,128
2012,2,7,David Hills,1,8,1,19
2012,2,7,Peter Preston,1,36,1,29
2012,2,7,Eddie Butler at the Stade de France,1,4,0,3
2012,2,7,Observer Sport staff,1,0,0,3
2012,2,7,David James,1,50,0,118
2012,2,7,Margaret Dibben,3,0,0,10
2012,2,7,Giles Richards,1,0,1,7
