year,month,week,name,articles,facebook,googleplus,twitter
2012,1,3,Dame Anne Owers,1,16,2,24
2012,1,3,Sarah Boseley,6,429,6,338
2012,1,3,Jason Deans,8,283,7,566
2012,1,3,Marcus Christenson,1,100,0,35
2012,1,3,Patrick Wintour,16,3251,23,1792
2012,1,3,Nicholas Watt,13,942,10,633
2012,1,3,Patrick Butler,4,996,11,792
2012,1,3,Rupert Neate,5,308,8,335
2012,1,3,Jill Treanor,10,165,1,213
2012,1,3,Editorial,16,472,3,387
2012,1,3,Reuters,40,2135,14,831
2012,1,3,Ben Quinn,5,1508,8,321
2012,1,3,Associated Press,66,3321,81,1464
2012,1,3,Jamie Jackson,12,155,1,212
2012,1,3,Helen Carter,9,331,6,201
2012,1,3,Michael Aylwin,1,0,0,2
2012,1,3,Martin Pengelly,1,0,0,2
2012,1,3,David Lengel,1,114,0,8
2012,1,3,Tom Marshall,1,20,0,55
2012,1,3,Keith Stuart,12,129,15,760
2012,1,3,Sarah Hartley,1,2,0,18
2012,1,3,Maura Kelly,1,229,4,106
2012,1,3,Justin McCurry,4,438,7,212
2012,1,3,<a href="http://www.ccskills.org.uk/" title="">Creative &amp; Cultural Skills</a>,1,10,1,21
2012,1,3,Catherine Large,1,10,1,21
2012,1,3,part of the <a href="http://www.guardian.co.uk/culture-professionals-network" title="">Guardian Culture Professionals Network</a>,2,38,2,65
2012,1,3,Tracey Caldwell,2,24,6,79
2012,1,3,Dick Vinegar,1,0,0,10
2012,1,3,Sunita Mason,1,4,0,5
2012,1,3,Lisa O'Carroll,17,287,11,784
2012,1,3,GrrlScientist,18,265,59,445
2012,1,3,Jon Butterworth,1,52,10,93
2012,1,3,Henry McDonald,14,182,2,190
2012,1,3,Irel,9,132,0,116
2012,1,3,Jane Houston,1,82,1,23
2012,1,3,Press Association,131,5133,81,3557
2012,1,3,guardian.co.uk,5,132,3,159
2012,1,3,Gregg Roughley,1,31,0,36
2012,1,3,Alan Gardner,3,37,0,61
2012,1,3,Jacob Steinberg,2,32,0,55
2012,1,3,Josh Halliday,18,373,22,1067
2012,1,3,Charles Arthur,20,536,70,2055
2012,1,3,Roy Greenslade,17,122,6,416
2012,1,3,Rob Bagchi,5,125,1,101
2012,1,3,Mark Sweney,23,896,26,1221
2012,1,3,Mark Henderson,1,0,0,21
2012,1,3,Kate Hodal,4,523,7,183
2012,1,3,Alex Thomson,1,3,0,4
2012,1,3,Paul Owen,5,394,13,978
2012,1,3,Dan Milmo,3,30,0,48
2012,1,3,Nick Fletcher,20,12,0,83
2012,1,3,David Cox,1,51,0,33
2012,1,3,Bella Mackie,6,73,1,87
2012,1,3,Jill Insley,5,69,4,152
2012,1,3,Allan Jenkins,1,4,1,15
2012,1,3,Dave Young,1,146,1,11
2012,1,3,Gines Haro Pastor,7,17,0,85
2012,1,3,Thressi Kottukapally,1,24,0,15
2012,1,3,Mark Graham,1,158,14,268
2012,1,3,Stuart Dredge,9,93,5,670
2012,1,3,Michael Keating,1,746,9,166
2012,1,3,Haroon Siddique,5,846,10,417
2012,1,3,Kate Hodge,8,33,0,109
2012,1,3,Ben Child,9,5392,7,242
2012,1,3,Eliza Anyangwe,4,107,11,294
2012,1,3,Alison Flood,7,3342,29,704
2012,1,3,David Walker,2,1,0,7
2012,1,3,Hari,2,147,1,96
2012,1,3,Jake,2,147,1,96
2012,1,3,Ben Dowell,1,1,0,15
2012,1,3,Sean Michaels,8,5213,15,486
2012,1,3,Agencies,20,1548,27,668
2012,1,3,Kaya Genç,1,22,0,12
2012,1,3,Frédéric Filloux,1,19,3,93
2012,1,3,Ewen MacAskill,7,181,9,139
2012,1,3,New Hampshire,5,173,9,119
2012,1,3,Michael White,8,119,1,164
2012,1,3,Stuart Heritage,4,322,4,268
2012,1,3,Tony Naylor,1,67,1,29
2012,1,3,Tania Branigan,5,263,3,180
2012,1,3,Steven Morris,5,1359,10,371
2012,1,3,Monkey,12,185,3,304
2012,1,3,Sarah Stevenson,1,2,0,7
2012,1,3,Jeremy Kay,1,5,0,16
2012,1,3,Jean-Louis Gassée,1,30,21,117
2012,1,3,Suzanne Goldenberg,7,3858,50,1059
2012,1,3,Andrew Pulver,9,665,7,425
2012,1,3,Sade Laja,5,16,1,60
2012,1,3,John Plunkett,13,507,8,502
2012,1,3,Martin Wainwright,15,346,7,752
2012,1,3,Anna Chesters,1,6,0,20
2012,1,3,Andrew Simms for the <a href="http://www.guardian.co.uk/guardian-professional" title="Guardian Professional Network">Guardian Professional Network</a>,1,29,1,29
2012,1,3,Dave Hill,7,32,1,185
2012,1,3,Brian Whitaker,1,54,2,31
2012,1,3,Carol Rumens,1,62,1,21
2012,1,3,Mark Tran,4,126,1,137
2012,1,3,Matt Trueman,5,274,3,129
2012,1,3,Rebecca Ratcliffe,3,1585,10,300
2012,1,3,Clare Horton,7,45,0,61
2012,1,3,Will Hayler,7,5,0,56
2012,1,3,Harriet Sherwood,4,447,5,139
2012,1,3,Catherine Norman,1,0,0,27
2012,1,3,Emilio Godoy,1,99,1,68
2012,1,3,for <a href="http://www.ipsnews.net/environment.asp">IPS</a>,1,99,1,68
2012,1,3,part of the <a href="http://www.guardian.co.uk/environment/network">Guardian Environment Network</a>,2,178,3,173
2012,1,3,Jessica Martin,1,6,0,10
2012,1,3,Owen Bowcott,6,241,4,189
2012,1,3,Guardian staff,8,644,10,219
2012,1,3,Louise Taylor,3,54,1,70
2012,1,3,Michael Hann,6,433,0,195
2012,1,3,Phillip Inman,6,977,29,335
2012,1,3,Greg Barker,1,81,3,92
2012,1,3,Julia Eccleshare,1,16,0,22
2012,1,3,Peter Walker,6,2506,92,1046
2012,1,3,Michael Cragg,5,1006,8,212
2012,1,3,Zoe Wood,13,622,6,566
2012,1,3,Justin McGuirk,1,100,4,38
2012,1,3,Owen Gibson,13,44,3,208
2012,1,3,Pollyanna Perkins,1,4,0,5
2012,1,3,Jane Martinson,2,131,0,94
2012,1,3,John Domokos,3,377,0,126
2012,1,3,Andy Gallagher,6,2160,9,392
2012,1,3,Corrections,5,5,0,5
2012,1,3,Rob Evans,3,79,0,79
2012,1,3,Ed Pilkington,5,4700,89,1686
2012,1,3,Natalia Antonova,1,48,3,22
2012,1,3,Paolo Bandini,4,24,2,69
2012,1,3,Open thread,3,115,1,55
2012,1,3,Jonathan Watts,4,558,8,269
2012,1,3,Gill Hitchcock,7,25,3,70
2012,1,3,John Hooper,6,858,12,318
2012,1,3,Jess Thom,1,335,2,90
2012,1,3,Andy Wilson,13,60,4,83
2012,1,3,Arun Marsh,1,0,0,6
2012,1,3,Rob Taylor,1,5,0,14
2012,1,3,AL Kennedy,1,152,1,44
2012,1,3,Will Nichols for <a href="http://www.businessgreen.com">BusinessGreen</a>,1,8,1,56
2012,1,3,part of the <a href="http://www.guardian.co.uk/environment/network" title="Guardian Environment Network">Guardian Environment Network</a>,6,1646,22,623
2012,1,3,Sid Lowe,2,416,6,129
2012,1,3,Sarah Crown,2,368,2,110
2012,1,3,Polly Curtis,6,749,29,536
2012,1,3,David Smith,7,1079,11,435
2012,1,3,Michael Cox,1,33,1,56
2012,1,3,Pete Foster for the <a href="http://www.guardian.co.uk/guardian-professional" title="Guardian Professional Network">Guardian Professional Network</a>,1,5,0,11
2012,1,3,Jonathan Jones,8,1090,20,321
2012,1,3,Mary Fitzgerald,1,117,1,135
2012,1,3,Carlton Reid,1,108,0,81
2012,1,3,Emma G Keller,2,33,1,45
2012,1,3,Nils Pratley,6,32,2,46
2012,1,3,Carbon Trust,2,3,0,6
2012,1,3,Bissau,1,3,0,4
2012,1,3,Richard Nelsson,1,1,0,1
2012,1,3,George Melly,1,1,0,9
2012,1,3,Alex Needham,6,708,11,342
2012,1,3,David Shariatmadari,5,1317,26,274
2012,1,3,Christie Watson,1,91,0,41
2012,1,3,Karen Fricker,1,29,2,16
2012,1,3,Presented by James Richardson,2,32,0,30
2012,1,3,produced by Ben Green,3,33,0,45
2012,1,3,Simon Chilvers,6,37,1,132
2012,1,3,Andrew Sparrow,7,65,0,380
2012,1,3,Marc Abrahams,1,13,6,9
2012,1,3,Joanna Moorhead,2,268,5,185
2012,1,3,Janet Murray,2,188,6,458
2012,1,3,Emma Drury,1,3,0,11
2012,1,3,Jeevan Vasagar,9,3986,119,2317
2012,1,3,Barney Ronay,6,458,4,233
2012,1,3,Barry Glendenning,5,125,2,151
2012,1,3,From our Bonn Correspondent,1,3,0,29
2012,1,3,Kim Willsher,2,72,2,71
2012,1,3,Graeme Wearden,8,367,5,907
2012,1,3,Alex Hawkes,2,67,0,206
2012,1,3,Radhika Holmström,1,1,0,8
2012,1,3,Monica Mark,4,995,6,256
2012,1,3,Graham Parker,2,62,0,45
2012,1,3,Tanith Carey,1,1065,3,140
2012,1,3,Alison Tupman,1,0,0,9
2012,1,3,Paul Lester,5,191,1,110
2012,1,3,Frances McLennan,1,1,0,4
2012,1,3,Deborah Hargreaves,1,2,0,25
2012,1,3,Simon Rogers,5,200,14,463
2012,1,3,Dominic Rushe,9,462,25,360
2012,1,3,Winifred Bird for <a href="http://www.e360.yale.edu" title="Yale Environment 360">Yale Environment 360</a>,1,312,4,51
2012,1,3,Helen Pidd,2,118,2,43
2012,1,3,Jeremy Isaacs,1,3,0,21
2012,1,3,John Curtice,1,45,0,36
2012,1,3,Mark Goyder for the <a href="http://www.guardian.co.uk/guardian-professional" title="Guardian Professional Network">Guardian Professional Network</a>,1,2,0,7
2012,1,3,Will Gore,1,36,2,22
2012,1,3,Anthony Hayward,1,3,0,17
2012,1,3,Richard Norton-Taylor,5,146,5,193
2012,1,3,Matthew Weaver,5,262,9,780
2012,1,3,Lizzy Davies,5,262,9,780
2012,1,3,Paul Wilson,4,208,3,147
2012,1,3,Dante Scala,1,2,0,12
2012,1,3,Martin Kettle,2,39,1,33
2012,1,3,Alan Travis,6,633,4,228
2012,1,3,Greg Wood,11,23,0,59
2012,1,3,Loz Kaye,1,165,6,229
2012,1,3,Mark Brown,5,243,6,252
2012,1,3,Elisabeth Mahoney,5,183,1,55
2012,1,3,Lyn Gardner,6,106,0,80
2012,1,3,Stuart James,5,96,1,154
2012,1,3,Alfred Hickling,2,26,1,35
2012,1,3,Tom Parfitt,3,130,5,96
2012,1,3,Leo Hickman,5,300,8,455
2012,1,3,Louise Tickle,2,280,0,121
2012,1,3,Robin Denselow,4,134,0,36
2012,1,3,Stewart Wood,1,55,0,93
2012,1,3,Saeed Shah,3,145,3,76
2012,1,3,Alok Jha,3,252,6,108
2012,1,3,Daniel Taylor,5,142,2,169
2012,1,3,Fiona Millar,1,11,0,42
2012,1,3,Catherine Shoard,2,198,0,58
2012,1,3,Alexandra Topping,4,238,3,143
2012,1,3,Dominic Fifield,11,154,1,343
2012,1,3,Ronan Bennett &amp; Daniel King,1,16,0,3
2012,1,3,Alison Benjamin,2,220,5,139
2012,1,3,Aditya Chakrabortty,1,283,7,99
2012,1,3,Chris McGreal,9,15643,286,2546
2012,1,3,Severin Carrell,9,870,6,346
2012,1,3,Scotl,6,725,6,241
2012,1,3,George Monbiot,2,1118,18,600
2012,1,3,Leo Benedictus,6,413,9,167
2012,1,3,Kira Cochrane,2,626,10,227
2012,1,3,Angus-Peter Campbell,1,239,0,22
2012,1,3,Juliette Garside,5,336,21,706
2012,1,3,Roger Tooth,1,183,7,199
2012,1,3,Denis Campbell,4,153,2,203
2012,1,3,Brian Braiker,3,466,2,105
2012,1,3,John Vallins,1,2,0,10
2012,1,3,John Crace,5,165,1,93
2012,1,3,Polly Toynbee,2,997,8,508
2012,1,3,Dan Sabbagh,8,94,1,186
2012,1,3,Tom Jenkins,4,10,0,31
2012,1,3,Jason Farago,1,87,3,20
2012,1,3,Lucy Mangan,4,42,0,48
2012,1,3,Charlotte Higgins,1,128,0,87
2012,1,3,Gabriel Weston,1,10,1,3
2012,1,3,Dr Luisa Dillner,1,70,0,48
2012,1,3,Geoffrey Macnab,1,549,1,47
2012,1,3,Ana Marie Cox,7,275,3,130
2012,1,3,David Stubbs,2,4,0,17
2012,1,3,John Robinson,2,6,0,14
2012,1,3,Gwilym Mumford,3,5,0,26
2012,1,3,Andrew Mueller,3,7,0,23
2012,1,3,Jonathan Wright,2,6,0,14
2012,1,3,Steve Bell,6,210,3,69
2012,1,3,Robert Kitson,5,17,0,41
2012,1,3,Sam Wollaston,4,46,0,92
2012,1,3,Interview by Laura Barnett,1,57,0,31
2012,1,3,<strong>Dominic Rushe </strong>in Detroit,1,4,0,15
2012,1,3,Julian Borger,8,816,15,293
2012,1,3,Hugh Muir,5,23,0,92
2012,1,3,Donald McRae,1,55,0,14
2012,1,3,Richard Williams,2,41,0,32
2012,1,3,Richard Adams,6,73,2,227
2012,1,3,David McKie,1,0,0,9
2012,1,3,Kevin McCarra at the Emirates Stadium,1,266,1,38
2012,1,3,Gwyn Topham,9,363,8,469
2012,1,3,Allegra Stratton,6,532,7,425
2012,1,3,Larry Elliott,10,1346,65,489
2012,1,3,Maev Kennedy,2,298,6,132
2012,1,3,Dominic Fifield at the Emirates Stadium,2,336,3,79
2012,1,3,Andy Hunter,6,164,1,293
2012,1,3,Michael Solomon,1,33,0,8
2012,1,3,Scott Manson,2,364,3,106
2012,1,3,Mary Jane Edwards,1,24,0,61
2012,1,3,Jonathan Glennie,1,14,1,20
2012,1,3,Corinne Camilleri-Ferrante,1,33,0,55
2012,1,3,Melanie Henwood,1,4,0,8
2012,1,3,Bob Hudson,1,23,0,37
2012,1,3,Allison Ogden-Newton,1,13,0,37
2012,1,3,Jessica Shepherd,9,480,20,874
2012,1,3,Ian Livingstone,2,90,6,285
2012,1,3,Graham Jenner,1,3,0,3
2012,1,3,Andrew Brown,2,469,1,65
2012,1,3,Valentine,1,15,0,9
2012,1,3,Nicholas Lezard,1,27,3,54
2012,1,3,Judy Lindsay,1,8,0,15
2012,1,3,Julie Reynolds,1,8,0,15
2012,1,3,Steve Busfield,1,4,0,3
2012,1,3,Nick Morrison,1,8,0,5
2012,1,3,Joy Kent,1,0,0,3
2012,1,3,Xan Brooks,3,1689,9,226
2012,1,3,Henry Barnes,3,1689,9,226
2012,1,3,Liam Kelly,3,11,0,95
2012,1,3,Sarah Hall,1,89,2,58
2012,1,3,Joe Utichi,1,52,1,44
2012,1,3,Paddy Allen,2,222,0,279
2012,1,3,OrliTheBookworm,1,0,0,10
2012,1,3,Betty Bee,1,45,0,27
2012,1,3,Kate Allen,1,44,1,24
2012,1,3,Angelique Chrisafis,6,866,7,326
2012,1,3,Amy Fleming,1,27,1,40
2012,1,3,Emma Mulqueeny,1,46,14,105
2012,1,3,Jill Poet for the <a href="http://www.guardian.co.uk/guardian-professional" title="Guardian Professional Network">Guardian Professional Network</a>,1,14,0,34
2012,1,3,Chris Harding,1,167,0,61
2012,1,3,Paul Curran,1,1,0,8
2012,1,3,Ami Sedghi,2,187,2,114
2012,1,3,Ben Kape,2,668,0,118
2012,1,3,Elliot Smith,4,563,1,162
2012,1,3,Shehani Fernando,2,494,0,91
2012,1,3,Jane Dudman,2,0,0,11
2012,1,3,Tony Paley,2,1,0,13
2012,1,3,Gavin Dykes,1,0,0,0
2012,1,3,Katie Burnetts,1,157,0,54
2012,1,3,Jane Renton,1,102,1,33
2012,1,3,Patrick Kingsley,1,8,0,12
2012,1,3,Nell Frizzell,1,133,1,59
2012,1,3,Phil Hoad,1,6,0,25
2012,1,3,Stephen Hale,1,103,1,73
2012,1,3,Jonathan Wilson,1,249,0,74
2012,1,3,Kat Keene Hogue,1,17,0,13
2012,1,3,Guardian,1,17,0,13
2012,1,3,Tara Conlan,6,451,1,138
2012,1,3,Melissa Benn,1,77,1,76
2012,1,3,Michael Billington,7,198,0,117
2012,1,3,Juliet Schor for the <a href="http://www.guardian.co.uk/guardian-professional" title="Guardian Professional Network">Guardian Professional Network</a>,1,55,1,36
2012,1,3,Peter Beaumont,3,355,7,170
2012,1,3,Imogen Fox,3,14,0,45
2012,1,3,Mark Lynas,1,9,3,73
2012,1,3,Oliver Thring,2,1467,4,178
2012,1,3,Matthew Caines,2,23,2,64
2012,1,3,Andy Bull,3,26,0,17
2012,1,3,Wendy Fermor,1,0,0,3
2012,1,3,Guardian music,1,166,0,27
2012,1,3,Tom Clark,3,494,0,326
2012,1,3,Yasemin Yazar,1,1113,21,1007
2012,1,3,Jon Simons,3,1413,41,1246
2012,1,3,Kate Edwards,1,26,0,25
2012,1,3,James Donaghy,2,60,0,49
2012,1,3,Jessica Mack,1,206,6,72
2012,1,3,Presented by Alok Jha,1,61,2,25
2012,1,3,produced by Jason Phipps with Ian Sample,1,61,2,25
2012,1,3,Mark Weisbrot,1,231,5,55
2012,1,3,Charles Gant,1,25,0,67
2012,1,3,Philippe Pons,1,13,0,6
2012,1,3,Russell Stannard,1,68,1,92
2012,1,3,Sophie Landrin,1,128,5,78
2012,1,3,Amy Lightfoot,1,14,0,8
2012,1,3,Max de Lotbinière,3,50,0,32
2012,1,3,Zubeida Mustafa,1,201,0,38
2012,1,3,Denver Kisting,1,68,1,18
2012,1,3,Rick Beven,1,40,2,37
2012,1,3,Edzard Ernst,1,77,4,62
2012,1,3,Chris Tribble,1,2,0,13
2012,1,3,Janet Hardy-Gould,2,9,3,12
2012,1,3,Elena Oncevska,1,83,2,9
2012,1,3,Thomas Sotinel,1,6,0,11
2012,1,3,Karen McVeigh,1,42,0,23
2012,1,3,From <a href="http://theoldbatsman.blogspot.com/" title="">The Old Batsman</a>,1,38,1,16
2012,1,3,part of the Guardian Sport Network,2,44,1,36
2012,1,3,Susie Steiner,2,197,6,157
2012,1,3,Helen Lewis-Hasteley,1,18,1,118
2012,1,3,Sam Jones,3,166,1,49
2012,1,3,Giles Hutchins for the <a href="http://www.guardian.co.uk/guardian-professional" title="Guardian Professional Network">Guardian Professional Network</a>,1,12,1,28
2012,1,3,John Vidal,5,908,10,532
2012,1,3,Rachel Aroesti,3,72,1,77
2012,1,3,Jason Burke,10,1676,21,648
2012,1,3,Kate McCann,3,89,0,62
2012,1,3,Rachel Williams,1,40,0,49
2012,1,3,Peter Dawson,1,196,0,67
2012,1,3,Bob Garfield,1,37,0,22
2012,1,3,Clare Kleinedler via <a href="http://www.rocksbackpages.com/" title="">Rock's Backpages</a>,1,128,2,42
2012,1,3,Jim Falzarano,1,4,0,1
2012,1,3,Staff,15,761,19,501
2012,1,3,agencies,25,2587,58,1242
2012,1,3,Russell Cunningham,1,9,0,6
2012,1,3,John Tizard,1,3,0,7
2012,1,3,Delhi,1,251,1,76
2012,1,3,Tom Goodhand,1,11,0,4
2012,1,3,Diane Langford,1,5,0,3
2012,1,3,Peter Judge,1,17,0,6
2012,1,3,Kaye Price,1,2,0,3
2012,1,3,Theresa Malone,1,320,17,223
2012,1,3,Hilary Osborne,8,192,6,293
2012,1,3,Su Sayer,1,24,0,28
2012,1,3,Adam Gabbatt,2,1,0,7
2012,1,3,Paul Doyle,7,52,1,122
2012,1,3,Giles Tremlett,1,797,1,85
2012,1,3,Jessica Fuhl,1,5,0,39
2012,1,3,Damian Carrington,4,234,7,424
2012,1,3,Andrew Gallix,1,286,8,185
2012,1,3,Peter Paul van de Wijs for the <a href="http://www.guardian.co.uk/guardian-professional" title="Guardian Professional Network">Guardian Professional Network</a>,1,13,1,41
2012,1,3,Travis Clark,2,30,1,40
2012,1,3,Lowkey,1,316,0,171
2012,1,3,Amelia Gentleman,1,676,4,112
2012,1,3,d'Artagnan,1,7,1,32
2012,1,3,Harry J Enten,1,18,0,14
2012,1,3,Paul Flynn,1,158,1,56
2012,1,3,Nick Prebble,1,6,0,3
2012,1,3,Hannah Freeman,2,0,0,23
2012,1,3,Sue George,1,1,0,1
2012,1,3,Simon Tisdall,1,90,1,29
2012,1,3,Guy Dammann,1,15,0,9
2012,1,3,Saeed Kamali Dehghan,4,702,16,173
2012,1,3,Simon Bowers,6,47,2,44
2012,1,3,Andrew Clements,8,45,0,46
2012,1,3,Bettye Pruitt,1,13,0,33
2012,1,3,Fiona Harvey,2,134,2,152
2012,1,3,Sarah Ditum,1,4,0,27
2012,1,3,Ian Black,3,337,8,151
2012,1,3,Mark Sparrow,1,223,0,71
2012,1,3,Esther Addley,3,834,10,209
2012,1,3,Heather Stewart,9,195,7,221
2012,1,3,Paula Cocozza,1,95,0,49
2012,1,3,Emine Saner,1,20,0,97
2012,1,3,Patrick Barkham,1,751,1,116
2012,1,3,Interviews by Laura Barnett,1,389,8,87
2012,1,3,Hadley Freeman,2,36,1,48
2012,1,3,James Ball,4,123,11,416
2012,1,3,Linda Melvern,1,367,4,74
2012,1,3,Lizz Winstead,1,3213,70,450
2012,1,3,Harry Venning,1,6,0,5
2012,1,3,Paul Evans,1,5,2,41
2012,1,3,Julia Raeside,2,2,0,15
2012,1,3,Sam Richards,3,128,0,43
2012,1,3,Phelim O'Neill,3,4,0,39
2012,1,3,Simon Jenkins,2,473,2,226
2012,1,3,Simon Hoggart,4,44,0,87
2012,1,3,Victoria Coren,1,7,0,4
2012,1,3,Josh Marshall for <a href="http://talkingpointsmemo.com/" title="">Talking Points Memo</a>,1,36,3,10
2012,1,3,Jess Cartner-Morley,3,72,1,60
2012,1,3,Sara Ilyas,1,4,0,9
2012,1,3,Nancy Banks-Smith,1,12,0,28
2012,1,3,Laura Barton,2,75,0,66
2012,1,3,Sandra Laville,2,14,1,65
2012,1,3,Jeremy Sams,1,80,1,36
2012,1,3,Seumas Milne,1,147,0,154
2012,1,3,Owen Gibson at the O2 Arena,1,1,0,8
2012,1,3,Stephen Bates,1,14,0,10
2012,1,3,Harold Jackson,1,14,0,18
2012,1,3,Rob Smyth,2,326,2,88
2012,1,3,Richard Horton,1,125,0,99
2012,1,3,Gary Younge,2,52,1,21
2012,1,3,Phoebe Taplin,1,194,3,196
2012,1,3,Virginia Wallis,2,5,1,26
2012,1,3,Karl Wilding,1,20,1,82
2012,1,3,Annalisa Barbieri,2,38,2,37
2012,1,3,John Githongo,1,98,1,41
2012,1,3,Rachel Briscoe,1,14,0,37
2012,1,3,Abla Kandalaft,1,29,0,16
2012,1,3,Margaret Hannah,1,1,0,9
2012,1,3,Servane Mouazan,1,76,1,75
2012,1,3,Joris Luyendijk,1,365,5,102
2012,1,3,Lisa Bachelor,6,237,3,213
2012,1,3,Colin Horgan,1,4,0,4
2012,1,3,Ala'a Shehabi,1,202,1,201
2012,1,3,Kristian Ulrichsen,1,202,1,201
2012,1,3,Paul Harris,6,284,13,116
2012,1,3,Paul Teverson,1,1,0,31
2012,1,3,Charlotte Stuffins,1,2,0,17
2012,1,3,Debbie Andalo,1,28,0,22
2012,1,3,Liu Xinyan for <a href="http://www.chinadialogue.net/">ChinaDialogue</a>,1,79,2,105
2012,1,3,John Ashdown,4,99,2,68
2012,1,3,Tess Morris,1,3,0,14
2012,1,3,Jon Ainger,1,4,0,15
2012,1,3,James Meikle,8,937,10,388
2012,1,3,John Wright,1,288,3,42
2012,1,3,Mattia Cabitza,2,81,1,70
2012,1,3,Luke Harding,3,301,10,138
2012,1,3,S J Pritchard,1,10,4,17
2012,1,3,Tolu Ogunlesi,1,212,1,50
2012,1,3,Peter Bradshaw,9,955,6,267
2012,1,3,John Elkington for the <a href="http://www.guardian.co.uk/guardian-professional" title="Guardian Professional Network">Guardian Professional Network</a>,1,4,0,27
2012,1,3,Lucy Snow,1,43,0,30
2012,1,3,Arthur Neslen for <a href="http://www.euractiv.com/en/climate-environment">EurActiv</a>,1,9,0,53
2012,1,3,Vicky Frost,3,187,0,63
2012,1,3,John Naughton,1,75,16,183
2012,1,3,Elizabeth Chan,1,1450,4,114
2012,1,3,Alan O'Donohoe,1,16,1,35
2012,1,3,Anna Wright,1,0,0,10
2012,1,3,Rebecca Nicholson,2,794,2,101
2012,1,3,Andy Beckett,2,60,2,84
2012,1,3,Cate,1,9,0,10
2012,1,3,Robert Booth,4,837,8,347
2012,1,3,Jonny Weeks,2,6,1,37
2012,1,3,Helen Wilson,3,473,5,120
2012,1,3,Matthew Batstone,1,297,0,80
2012,1,3,David Conn,3,221,2,193
2012,1,3,Coops UK,1,28,0,39
2012,1,3,Andrew Dickson,1,20,0,16
2012,1,3,Lindsay Poulton,1,20,0,16
2012,1,3,Nick Hopkins,4,431,1,173
2012,1,3,Phil Daoust,1,18,0,8
2012,1,3,Guardian social care network,1,0,0,5
2012,1,3,Natalie Bennett,1,1,0,1
2012,1,3,Kate Harrad,1,106,3,266
2012,1,3,Presented by Aleks Krotoski,1,18,0,71
2012,1,3,produced by Scott Cawley,2,41,0,100
2012,1,3,Andy Cawthray,1,140,0,51
2012,1,3,Hugh O'Shaughnessy,1,58,1,21
2012,1,3,Ian Tasker,1,32,1,12
2012,1,3,Nick Cowen,1,18,0,38
2012,1,3,Gary Fuller,1,2,0,28
2012,1,3,Martin Chulov,2,79,5,69
2012,1,3,John Harris,1,38,2,19
2012,1,3,Michael Ratner,1,267,4,54
2012,1,3,Ian Cobain,4,380,9,199
2012,1,3,Adam Wagner for the <a href="http://ukhumanrightsblog.com/" title="">UK Human Rights blog</a>,1,188,8,115
2012,1,3,part of the <a href="http://www.guardian.co.uk/law/series/guardian-legal-network" title="">Guardian Legal Network</a>,1,188,8,115
2012,1,3,Tony Dean,1,2,0,5
2012,1,3,Oliver Burkeman,2,41,3,40
2012,1,3,Randeep Ramesh,4,798,9,454
2012,1,3,Chris Birch,1,0,1,6
2012,1,3,Dan Martin,1,494,3,73
2012,1,3,Derek Little,1,0,0,0
2012,1,3,AishL,1,22,0,14
2012,1,3,Chris Salmon,1,4,1,49
2012,1,3,Paul Rees,6,14,1,25
2012,1,3,Catharine Howard,1,8,0,16
2012,1,3,Ellen Teague,1,10,0,0
2012,1,3,Alison Maitland,1,0,0,0
2012,1,3,Sheila Ross,1,0,0,7
2012,1,3,Paul Freeman,1,0,0,7
2012,1,3,Alan Freeman,1,0,0,7
2012,1,3,Judith Rushby,1,2,0,13
2012,1,3,Jonathan Hall,1,2,0,13
2012,1,3,Ellie Schling,1,4,0,1
2012,1,3,James Antle,1,5,1,7
2012,1,3,Cheri Jacobus,1,5,1,7
2012,1,3,Matt Lewis,1,5,1,7
2012,1,3,Grover Norquist,1,5,1,7
2012,1,3,Michael Wissot,1,5,1,7
2012,1,3,Angela Hartnett,1,94,0,24
2012,1,3,Presented by Katie Allen,1,0,0,22
2012,1,3,produced by Phil Maynard,2,8,0,38
2012,1,3,Terence Stephenson,1,7,0,7
2012,1,3,Simon Burnton,2,24,1,69
2012,1,3,Andrew Stuart,1,146,3,78
2012,1,3,Maya Wolfe-Robinson,1,14,0,17
2012,1,3,John Graham-Cumming,1,18,3,49
2012,1,3,Jose Antonio Vargas,1,43,2,10
2012,1,3,Jim Geraghty,1,10,0,9
2012,1,3,Lois Wilson,1,186,3,34
2012,1,3,Helen Seamons,1,5,0,11
2012,1,3,Jo Confino for the <a href="http://www.guardian.co.uk/guardian-professional" title="Guardian Professional Network">Guardian Professional Network</a>,1,2,0,16
2012,1,3,Katie Allen,6,73,1,178
2012,1,3,Louise Finn,1,41,0,17
2012,1,3,Mark Windsor,1,42,1,23
2012,1,3,Interview by Ben Johncock,1,8,0,27
2012,1,3,<strong>Lisa Bachelor </strong>,1,3,0,14
2012,1,3,<strong>Terry Macalister</strong>,1,3,0,14
2012,1,3,Mikhail Prokhorov,1,151,2,45
2012,1,3,Wayne Garvie,1,19,0,21
2012,1,3,Juliette Jowit,1,369,9,88
2012,1,3,Esther Walker,1,5,0,34
2012,1,3,Alex Hern for <a href="http://www.leftfootforward.org/" title="Left Foot Forward">Left Foot Forward</a>,1,52,0,47
2012,1,3,part of the <a href="http://www.guardian.co.uk/commentisfree/series/guardian-comment-network" title="Guardian Comment Network">Guardian Comment Network</a>,1,52,0,47
2012,1,3,Tom Phillips,1,325,2,98
2012,1,3,Claire Provost,2,494,9,188
2012,1,3,Paul Hohnen for the <a href="http://www.guardian.co.uk/guardian-professional" title="Guardian Professional Network">Guardian Professional Network</a>,1,5,0,15
2012,1,3,Tully Potter,1,18,0,25
2012,1,3,Andrew Roth,1,0,0,11
2012,1,3,Jenny Taylor,1,36,1,26
2012,1,3,Ian Gittins,1,8,0,5
2012,1,3,Caroline Sullivan,2,9,0,9
2012,1,3,George Hall,2,3,0,13
2012,1,3,Richard Luscombe,1,156,1,20
2012,1,3,Jo Tuckman,1,222,1,33
2012,1,3,Mike Averis,2,2,1,8
2012,1,3,<strong>Juliette Garside </strong>and<strong> Charles Arthur</strong>,1,11,1,55
2012,1,3,Laura Barnett,2,69,2,37
2012,1,3,Zoe Williams,3,133,4,86
2012,1,3,Tim Dowling,2,217,1,56
2012,1,3,Suzanne Moore,1,80,2,25
2012,1,3,<strong>Jill Treanor </strong>and<strong> Henry McDonald</strong>,1,7,0,8
2012,1,3,Jenni Russell,1,58,5,294
2012,1,3,Ray Collier,1,0,0,14
2012,1,3,A seen by Catherine Bennett,1,2,0,11
2012,1,3,Sadhbh Walshe,1,140,1,43
2012,1,3,Mark Lawson,1,3,1,21
2012,1,3,Daniel Taylor at Etihad Stadium,1,65,0,29
2012,1,3,Stephen Isaac-Wilson,1,362,1,133
2012,1,3,Jamie Jackson at White Hart Lane,1,39,0,33
2012,1,3,Sian Rowe,1,1,0,9
2012,1,3,Ben Arnold,2,3,0,15
2012,1,3,Interviews by Anna Tims,1,82,0,34
2012,1,3,Andy Hunter at Etihad Stadium,2,69,2,74
2012,1,3,Julia Kollewe,3,195,3,530
2012,1,3,David Hambling,1,7,1,8
2012,1,3,Mike Selvey,3,19,3,16
2012,1,3,Marina Hyde,4,242,4,182
2012,1,3,Jasmine Coleman,1,574,3,101
2012,1,3,undefined,2,2,0,1
2012,1,3,Tony Jenkins,1,2,0,11
2012,1,3,Steve Feekins,3,3,0,26
2012,1,3,Adrian Searle,1,189,0,59
2012,1,3,Zia Mahmood,1,4,0,2
2012,1,3,Felicity Cloake,1,890,14,226
2012,1,3,Rajeev Syal,2,1643,6,334
2012,1,3,Susan Greenwood,1,573,2,112
2012,1,3,Jonathan Pryce,1,10,0,21
2012,1,3,Kate Schroder,1,2,0,7
2012,1,3,David Torrance,1,5,0,20
2012,1,3,Julian Baggini,1,62,6,39
2012,1,3,Sarah Emily Duff for <a href="http://uvenus.org/" title="">University of Venus</a>,1,31,0,19
2012,1,3,Mike Gershon,1,10,0,4
2012,1,3,<a href="http://www.creativeboom.co.uk/" title="">Creative Boom</a>,1,18,0,41
2012,1,3,Katy Cowan,1,18,0,41
2012,1,3,part of the <a href="http://www.guardian.co.uk/culture-professionals-network/culture-professionals-blog/2011/dec/15/twitter-rules-etiquette" title="">Guardian Culture Professional Network</a>,1,18,0,41
2012,1,3,Joshua Alston,1,31,1,7
2012,1,3,Theo Tait,1,47,0,31
2012,1,3,Bookworm88,1,0,0,3
2012,1,3,Andrew Cummings,1,52,2,37
2012,1,3,Kate Davies,1,3,1,16
2012,1,3,Chris Wade,1,36,1,140
2012,1,3,Simon Tiernan,1,36,1,140
2012,1,3,Presented by Jason Solomons,1,0,0,10
2012,1,3,produced by Jason Phipps with Xan Brooks,1,0,0,10
2012,1,3,Hunter Felt,1,8,0,3
2012,1,3,Terry Eagleton,1,783,12,236
2012,1,3,Invisible Woman,1,28,0,16
2012,1,3,Aaron Akinyemi,1,40,0,38
2012,1,3,Alan Sykes,1,12,0,5
2012,1,3,Joshua Rozenberg,1,24,2,28
2012,1,3,Alex von Tunzelmann,1,31,0,6
2012,1,3,Rebecca Smithers,2,50,0,35
2012,1,3,Kevin Mitchell,8,35,0,35
2012,1,3,Nick Appleyard,1,0,0,4
2012,1,3,Skye Sherwin,2,158,0,44
2012,1,3,Abbie Rumbold,1,0,0,6
2012,1,3,Susana Ferreira,1,33,2,9
2012,1,3,Sam Jordison,1,19,0,8
2012,1,3,Richard Sprenger,1,275,0,33
2012,1,3,Ken Macfarlane,1,275,0,33
2012,1,3,Jules Peck for the <a href="http://www.guardian.co.uk/guardian-professional" title="Guardian Professional Network">Guardian Professional Network</a>,1,15,1,15
2012,1,3,Andy Brockie,1,1396,9,182
2012,1,3,Sara Shahriari,1,122,1,48
2012,1,3,Alan Connor,1,102,2,13
2012,1,3,John Sutherland,1,8,1,22
2012,1,3,Jack Schofield,1,2,1,59
2012,1,3,Jermaine Gonzales,1,22,0,12
2012,1,3,Francis Maude,1,1,0,10
2012,1,3,Kate Bradbury,1,44,4,80
2012,1,3,Steve Waters,1,24,0,13
2012,1,3,Alex Aldridge,1,89,1,58
2012,1,3,Dalya Alberge,1,8,0,24
2012,1,3,South Carolina,3,92,5,67
2012,1,3,Jessica Reed,1,3,1,37
2012,1,3,Isabeau Doucet,1,71,1,35
2012,1,3,<a href="http://www.ayoungertheatre.com/" title="">A Younger Theatre</a>,1,28,1,44
2012,1,3,Jake Orr,1,28,1,44
2012,1,3,Alexis Petridis,1,51,0,22
2012,1,3,Caspar Walsh,1,91,0,34
2012,1,3,Happygirl165,1,0,0,7
2012,1,3,Paul Bailey,1,27,0,31
2012,1,3,By Daniela Hirschfeld for <a href="http://www.scidev.net/en/" title="">SciDev</a>,1,48,2,272
2012,1,3,part of the <a href="http://www.scidev.net/en/" title="">Guardian development network</a>,1,48,2,272
2012,1,3,Pamela Stephenson Connolly,1,8,1,7
2012,1,3,Presented by Tom Clark,1,8,0,16
2012,1,3,Interview by Sachin Nakrani,1,6,0,11
2012,1,3,Guardian healthcare network,1,2,0,4
2012,1,3,Rachel Graham,1,71,2,32
2012,1,3,Richard Lea,3,194,2,134
2012,1,3,Khaled Hroub,1,37,0,13
2012,1,3,David Mottram,1,6,0,6
2012,1,3,Moira Cunningham,1,6,0,6
2012,1,3,Sarah Peskett,1,0,0,7
2012,1,3,Nicholas Conran,1,0,0,1
2012,1,3,Tom Service,2,81,0,40
2012,1,3,Kevin McCarra,1,26,1,17
2012,1,3,Jon Savage,1,57,1,18
2012,1,3,Jon Dennis,2,10,0,18
2012,1,3,Leon Kaye for the <a href="http://www.guardian.co.uk/guardian-professional" title="Guardian Professional Network">Guardian Professional Network</a>,1,47,4,26
2012,1,3,Amy Lawrence,2,34,4,45
2012,1,3,Samantha Oltman,1,295,6,76
2012,1,3,Kate Sheppard for <a href="http://motherjones.com">Mother Jones</a>,1,295,6,76
2012,1,3,Robert McCrum,1,14,1,33
2012,1,3,Martin Paul Eve,1,7,0,58
2012,1,3,Christopher Hoy,1,43,0,21
2012,1,3,Guardian Government Computing,1,2,2,5
2012,1,3,Gabriel Partos,1,35,0,3
2012,1,3,Amanda Marcotte,1,46,0,45
2012,1,3,Geoff Lye for the World Business Council for Sustainable Development,1,3,0,0
2012,1,3,Richard Peppiatt,2,14,0,20
2012,1,3,James Charlton,1,11,0,29
2012,1,3,Dan Gillmor,1,183,44,221
2012,1,3,Simon Rees,1,7,0,1
2012,1,3,David Marsh,1,407,2,199
2012,1,3,Barry Millington,1,17,0,25
2012,1,3,Mohammed Hanif,1,620,0,120
2012,1,3,Jonathan Glancey,2,115,1,75
2012,1,3,John Fordham,6,76,0,69
2012,1,3,Moazzam Begg,1,55,0,47
2012,1,3,Terry Macalister,2,3,0,49
2012,1,3,David Batty,3,491,5,246
2012,1,3,Vic Marks,3,5,1,43
2012,1,3,Helena Smith,2,97,2,78
2012,1,3,Caroline Davies,3,337,3,183
2012,1,3,As overheard by John Crace,1,2,0,6
2012,1,3,Michele Hanson,1,21,0,11
2012,1,3,Interviews by Nige Tassell,1,114,1,80
2012,1,3,Hannah Verdier,1,2,0,6
2012,1,3,Geraldine Bedell,1,247,1,40
2012,1,3,Pamela Hutchinson,1,16,0,24
2012,1,3,Christine Smith,1,3,1,17
2012,1,3,Jack Shenker,2,133,5,97
2012,1,3,James Riach,1,914,2,634
2012,1,3,Matthew Burgess,1,3,0,37
2012,1,3,Cath Clarke,1,1,0,13
2012,1,3,Anne Billson,1,105,5,82
2012,1,3,Vikram Dodd,1,185,4,60
2012,1,3,Stephen Lee,1,41,0,10
2012,1,3,Henrietta Bredin,1,147,0,37
2012,1,3,Maddy Costa,1,21,0,10
2012,1,3,Pamela Merritt,1,463,9,111
2012,1,3,Hannah Pool,1,463,9,111
2012,1,3,Bonnie Greer,1,463,9,111
2012,1,3,Bim Adewunmi,1,463,9,111
2012,1,3,Latoya Peterson,1,463,9,111
2012,1,3,Interviews by Ewan Murray,1,30,0,19
2012,1,3,Hermione Hoby,1,18,0,18
2012,1,3,Rob Fitzpatrick,1,481,2,58
2012,1,3,Harry Pearson,1,96,0,59
2012,1,3,Shaun Edwards,1,2,0,6
2012,1,3,Dave Simpson,1,20,1,14
2012,1,3,Paul MacInnes,1,4,0,21
2012,1,3,Clay Shirky,1,812,50,156
2012,1,3,Matt Wells,2,902,20,96
2012,1,3,David Ward,1,8,0,28
2012,1,3,Kelly Bowerbank,1,37,0,23
2012,1,3,Gabriele Köhler,1,139,0,12
2012,1,3,Andrew Pendleton,1,31,0,67
2012,1,3,Ayesha Janjua,1,5,0,9
2012,1,3,Full Care Order,1,26,0,7
2012,1,3,Nick Dunn,1,31,0,32
2012,1,3,Nick Davies,1,8,0,14
2012,1,3,Megan Clarke,1,32,0,28
2012,1,3,Kate Murray,1,1,0,6
2012,1,3,Hannah Fearn,1,5,0,10
2012,1,3,Aseem Malhotra,1,174,2,55
2012,1,3,Bookworm55,1,5,0,13
2012,1,3,Richard Vize,1,3,0,4
2012,1,3,Gideon Skinner,1,11,0,21
2012,1,3,Anna-Marie Crowhurst,1,668,6,96
2012,1,3,AP,1,133,0,33
2012,1,3,Mervyn Whitwell,1,12,0,14
2012,1,3,Matt Britland,1,27,2,31
2012,1,3,Scott Murray,1,161,3,45
2012,1,3,James Dart,1,0,0,9
2012,1,3,Oli Hill,1,62,0,32
2012,1,3,Neal Lawson,1,28,0,38
2012,1,3,Owen Jones,1,607,2,197
2012,1,3,Ben Denton,1,0,0,10
2012,1,3,Steven Bloor,1,8,0,15
2012,1,3,Gordon Miller for the <a href="http://www.guardian.co.uk/guardian-professional" title="Guardian Professional Network">Guardian Professional Network</a>,1,27,0,13
2012,1,3,Alex Renton,1,275,19,63
2012,1,3,Adam Mars-Jones,1,12,0,15
2012,1,3,Charles Fernyhough,2,598,11,189
2012,1,3,David Hearst,1,142,2,62
2012,1,3,Mary-Anne Boermans,1,24,0,18
2012,1,3,Sara Pantuliano,1,56,0,30
2012,1,3,Mark Say,1,5,0,20
2012,1,3,Cath Elliott,1,6,0,31
2012,1,3,Joseph Stiglitz,1,731,15,105
2012,1,3,MLL,2,1,0,0
2012,1,3,Sali Hughes,2,19,0,29
2012,1,3,Nat Saunders,1,13,0,12
2012,1,3,Leonard Barden,1,3,0,2
2012,1,3,David Lacey,1,8,0,26
2012,1,3,Presented by John Plunkett,1,1,0,15
2012,1,3,Rupert Sawyer,1,3,0,7
2012,1,3,Johnny Dee,2,366,2,69
2012,1,3,Tim Maby,1,7,0,6
2012,1,3,Billy Mills,1,7,0,16
2012,1,3,Owen Hatherley,1,20,4,54
2012,1,3,<a href="http://theshinguardian.com/" title="">The Shin Guardian</a>,1,6,0,20
2012,1,3,Dugald Baird,1,58,0,67
2012,1,3,Presented by Claire Armitstead,1,7,0,38
2012,1,3,produced by Tim Maby,1,7,0,38
2012,1,3,Duncan Campbell,1,14,0,28
2012,1,3,Laura Oliver,1,0,0,3
2012,1,3,Hannah Waldram,1,0,0,3
2012,1,3,Matt Hall,1,19,0,20
2012,1,3,Ben Daniels,1,14,1,24
2012,1,3,Stephen Moss,1,8,2,12
2012,1,3,Jon Robins,1,12,0,25
2012,1,3,Gerry Hassan,1,133,0,30
2012,1,3,Priscilla Kwateng,1,34,0,18
2012,1,3,Nouriel Roubini,1,34,0,7
2012,1,3,Declan McSweeney,1,25,1,42
2012,1,3,NewYorkGirl,3,23,0,29
2012,1,3,Michael Newton,1,152,3,48
2012,1,3,Stephen Page,1,91,4,185
2012,1,3,Edward Timms,1,0,0,0
2012,1,3,Jeff Schmidt,1,0,0,0
2012,1,3,Raymond Fitzwalter,1,5,0,4
2012,1,3,Bob Garratt,1,2,0,16
2012,1,3,Ian Prior,1,2,0,24
2012,1,3,Claire Thompson for <a href="http://grist.org/">Grist</a>,1,958,10,327
2012,1,3,Guy Champniss for the <a href="http://www.guardian.co.uk/guardian-professional" title="Guardian Professional Network">Guardian Professional Network</a>,1,9,0,20
2012,1,3,Joppe Cramwinckel for the World Business Council for Sustainable Development,1,13,0,20
2012,1,3,Heather Jameson,1,1,0,0
2012,1,3,Rachel Dixon,4,49,1,88
2012,1,3,Danny Quah,1,52,1,38
2012,1,3,Mike Anderiesz,1,18,1,45
2012,1,3,Nigel Bates,2,0,0,0
2012,1,3,Priti Patnaik,1,64,0,26
2012,1,3,Ronald Bergan,1,12,0,4
2012,1,3,James West for <a href="http://motherjones.com">Mother Jones</a>,1,64,1,60
2012,1,3,Olivier Culmann,1,28,0,4
2012,1,3,Cameron Robertson,6,1820,8,207
2012,1,3,David Barnett,1,47,1,49
2012,1,3,Alison Smith,1,9,0,7
2012,1,3,Mike Ripley,1,182,1,35
2012,1,3,Alex Blyth,1,4,0,2
2012,1,3,Kerry Eustice,1,16,3,59
2012,1,3,Ford Vox,1,17,1,24
2012,1,3,Patrick Kehoe,1,120,0,15
2012,1,3,Kim Catcheside,1,3,0,19
2012,1,3,Simon Hattenstone,3,215,0,133
2012,1,3,David Levene,1,16,0,11
2012,1,3,Helienne Lindvall,1,65,2,55
2012,1,3,Stephen Voss,1,32,0,10
2012,1,3,Interview by Patrick Kehoe,1,273,0,24
2012,1,3,Ruth Corbett,1,82,0,8
2012,1,3,Interview by Nicole Jackson,2,40,0,21
2012,1,3,Interview by Jonathan Franklin,1,176,1,26
2012,1,3,Guardian readers,1,18,0,7
2012,1,3,Interview by Patrick Barkham,2,8,0,45
2012,1,3,Interview by Simon Hattenstone,2,35,0,80
2012,1,3,Interview by Patrick Kingsley,1,9,0,15
2012,1,3,Judith Mackrell,1,7,0,15
2012,1,3,Alistair Smith,1,15,0,12
2012,1,3,Garry Blight,1,790,7,93
2012,1,3,Katharine Birbalsingh,1,26,0,28
2012,1,3,Alice Robinson,1,26,0,28
2012,1,3,Stephen Twigg,1,26,0,28
2012,1,3,Sally Llewellyn,1,26,0,28
2012,1,3,Jonathan Franklin,1,834,1,74
2012,1,3,Morten Andersen,1,834,1,74
2012,1,3,Jenny Purt for the <a href="http://www.guardian.co.uk/guardian-professional" title="Guardian Professional Network">Guardian Professional Network</a>,1,6,0,53
2012,1,3,Deborah Orr,2,126,2,86
2012,1,3,Rian Evans,1,2,0,5
2012,1,3,Brian Logan,1,0,0,8
2012,1,3,Ian Malin,1,0,0,3
2012,1,3,Cabinet Office Data Team,1,1,0,18
2012,1,3,John L Walters,1,4,0,19
2012,1,3,Presented by Alexis Petridis,1,23,0,29
2012,1,3,Charlie Lyne,1,149,1,51
2012,1,3,Tanya Gold,1,116,0,33
2012,1,3,Ian Jack,1,9,0,13
2012,1,3,Clive Lloyd,1,2,1,7
2012,1,3,Eileen Byrne,2,160,5,54
2012,1,3,Ross Caputi,1,1356,15,122
2012,1,3,Tehmina Kazi,1,119,0,77
2012,1,3,Brian Glanville,1,42,1,19
2012,1,3,Clar Ni Chonghaile,1,3,0,15
2012,1,3,Lynne Wallis,1,8,0,44
2012,1,3,Philip Ball,1,68,2,46
2012,1,3,Nicholas Wroe,1,743,6,214
2012,1,3,Interview by Emine Saner,1,23,0,40
2012,1,3,Derek Niemann,1,3,0,15
2012,1,3,Nick Broomfield,1,124,0,44
2012,1,3,Katrina vanden Heuvel,1,18,0,11
2012,1,3,Martin Rowson,1,75,1,55
2012,1,3,Jonathan Freedland,1,360,8,51
2012,1,3,Constanze Letsch,1,91,0,22
2012,1,3,Tim Radford,1,0,0,12
2012,1,3,Mirza Waheed,1,17,0,11
2012,1,3,Dixe Wills,3,47,1,71
2012,1,3,Jonathan Thompson,2,296,1,72
2012,1,3,Katharine Viner,1,13,0,8
2012,1,3,Sarfraz Manzoor,1,104,4,45
2012,1,3,Lisa Allardice,1,38,2,22
2012,1,3,Frances Stonor Saunders,1,97,0,17
2012,1,3,Ahdaf Soueif,1,135,2,47
2012,1,3,Patrick Ness,1,3,0,15
2012,1,3,Anthony McGowan,1,11,0,4
2012,1,3,Stuart Kelly,1,14,0,2
2012,1,3,Alberto Manguel,1,12,0,5
2012,1,3,Sam Leith,1,8,0,13
2012,1,3,Kathryn Hughes,1,10,0,6
2012,1,3,David Bromwich,1,82,2,23
2012,1,3,David Wheatley,1,39,0,4
2012,1,3,Laura Wilson,1,5,0,4
2012,1,3,Ian Thomson,1,22,0,3
2012,1,3,Steven Poole,1,2,0,1
2012,1,3,Susanna Rustin,1,0,0,0
2012,1,3,John Mullan,1,1,0,1
2012,1,3,Sue Arnold,1,1,0,2
2012,1,3,Kamila Shamsie,1,40,0,15
2012,1,3,Eoin Colfer,1,7,1,12
2012,1,3,Thomas Eaton,1,0,0,0
2012,1,3,Anna Tims,1,163,2,79
2012,1,3,As told to Rebecca Ratcliffe,1,0,0,8
2012,1,3,Miles Brignall,4,2,0,42
2012,1,3,Dan Lepard,1,32,0,36
2012,1,3,Rosanna Greenstreet,1,33,0,22
2012,1,3,Anonymous,2,138,1,25
2012,1,3,Jackie Mason,1,2,1,7
2012,1,3,Yotam Ottolenghi,1,20,0,7
2012,1,3,Interview: <strong>Becky Barnicoat</strong>. Portrait: <a href="http://www.emilystein.co.uk/" title=""><strong>Emily Stein</strong></a>,1,45,0,18
2012,1,3,Alys Fowler,1,29,1,11
2012,1,3,Jane Perrone,1,2,0,1
2012,1,3,Tom Dyckhoff,1,55,0,61
2012,1,3,Fiona Beckett,1,15,0,16
2012,1,3,Hugh Fearnley-Whittingstall,1,48,1,30
2012,1,3,John Lanchester,1,6,0,23
2012,1,3,Jeremy Bullmore,1,0,0,2
2012,1,3,Stephen Collins,1,37,0,1
2012,1,3,Andrea Wren,1,3,0,26
2012,1,3,Jenn Ashworth,1,276,7,118
2012,1,3,Jill Papworth,1,1,0,35
2012,1,3,Rupert Jones,1,1,0,35
2012,1,3,The Secret Footballer,1,114,5,40
2012,1,3,Ewan Murray,3,8,0,27
2012,1,3,Michael Burke,1,100,3,55
2012,1,3,Andrew Collins,1,5,0,9
2012,1,3,Damon Wise,1,25,0,18
2012,1,3,James Kettle,2,29,0,31
2012,1,3,Nick McGrath,1,20,0,3
2012,1,3,Roman Krznaric,1,288,3,56
2012,1,3,Steve Rose,2,8,0,2
2012,1,3,The Guide,1,4,0,1
2012,1,3,Clare Considine,1,3,0,21
2012,1,3,Sam Wolfson,1,7,0,5
2012,1,3,Lisa Wright,1,5,0,0
2012,1,3,Emma Beddington,1,185,0,40
2012,1,3,John Patterson,1,9,0,4
2012,1,3,Stuart Goodwin,1,0,0,2
2012,1,3,Jon &amp; Mick/moderntoss.com,1,3,0,0
2012,1,3,Josie Long,1,5,0,0
2012,1,3,Robert Clark,1,5,0,17
2012,1,3,Charlie Condou,1,0,0,2
2012,1,3,Grace Dent,1,45,0,19
2012,1,3,Richard Vine,1,0,0,3
2012,1,3,John Fordham &amp; John Robinson,1,14,0,9
2012,1,3,Robert Clark &amp; Skye Sherwin,1,10,0,17
2012,1,3,Nick Gillett,1,2,0,35
2012,1,3,Patric Baird,1,23,0,4
2012,1,3,John Mitchell,1,23,0,4
2012,1,3,Sam Richards &amp; Marc Rowlands,1,23,0,4
2012,1,3,Interview by Alexandra Topping,1,0,0,7
2012,1,3,Mark Cook,1,3,0,12
2012,1,3,Lyn Gardner &amp; Judith Mackrell,1,3,0,12
2012,1,3,Colette Bernhardt,1,6,0,30
2012,1,3,Stuart Goodwin &amp; Skye Sherwin,1,6,0,30
2012,1,3,Bidisha,1,5,0,2
2012,1,3,Robert Kitson at Ravenhill,1,10,0,5
2012,1,3,Christian Jarrett,2,249,14,134
2012,1,3,Alice Bell,1,90,3,210
2012,1,3,Hugo Spiers,1,240,5,117
2012,1,3,Joe Berger &amp; Pascal Wyse,1,3,0,7
2012,1,3,Lucy Siegle,1,0,0,4
2012,1,3,Andrew Graham,1,71,0,76
2012,1,3,Sid Ryan,1,71,1,37
2012,1,3,Tom Kington,3,1060,8,322
2012,1,3,South Tyrol,1,440,3,119
2012,1,3,Italy,1,440,3,119
2012,1,3,Gethin Chamberlain,1,385,7,184
2012,1,3,Maggie Brown,1,479,1,90
2012,1,3,Mark Townsend,2,506,11,324
2012,1,3,John Stoehr,1,152,3,21
2012,1,3,Ewan Murray at McDiarmid Park,1,0,0,14
2012,1,3,Juliet Jacques,1,120,4,73
2012,1,3,Paris,1,40,0,64
2012,1,3,Vanessa Thorpe,1,181,0,60
2012,1,3,Kate Bevan,1,52,8,201
2012,1,3,Joanna Walters,1,769,5,115
2012,1,3,<strong>by Vanessa Thorpe </strong>Arts,1,21,0,48
2012,1,3,Media Correspondent,1,21,0,48
2012,1,3,Paul Doyle at White Hart Lane,2,10,0,54
2012,1,3,Russell Kempson at Villa Park,1,0,0,15
2012,1,3,Joe Lovejoy at Anfield,1,5,0,32
2012,1,3,Richard Gibson at Ewood Park,1,2,0,14
2012,1,3,Amy Lawrence at Stamford Bridge,1,8,0,43
2012,1,3,Paul Rees at Parc y Scarlets,1,0,0,6
2012,1,3,Paul Wilson at Old Trafford,2,56,0,148
2012,1,3,Scott Anthony,1,0,0,7
2012,1,3,Will Hayler at Warwick,1,0,0,6
2012,1,3,Michael Aylwin at the Madejski Stadium,1,1,0,6
2012,1,3,Toby Young,1,89,2,39
2012,1,3,Martin Bright,1,89,2,39
2012,1,3,Georgina Turner at the City Ground,1,2,0,9
2012,1,3,Robin McKie,2,145,3,107
2012,1,3,Nial Briggs,1,5,0,16
2012,1,3,Jamie Doward,2,144,0,209
2012,1,3,Jamie Jackson at the Galpharm Stadium,1,9,0,11
2012,1,3,Daniel Boffey,4,227,0,368
2012,1,3,Adam Rutherford,1,1075,63,243
2012,1,3,Peter Preston,1,20,0,29
2012,1,3,Eddie Butler at The Stoop,1,2,0,7
2012,1,3,Toby Helm,2,131,0,187
2012,1,3,Interviews by Richard Rogers,1,18,0,26
2012,1,3,Tracy McVeigh,1,317,7,147
2012,1,3,Barry Neild,1,307,2,67
2012,1,3,Eva Wiseman,1,144,1,116
2012,1,3,David James,1,25,0,73
2012,1,3,Margaret Dibben,3,1,0,12
2012,1,3,Sachin Nakrani,1,6,0,25
2012,1,3,Eddie Butler,1,2,0,3
2012,1,3,Observer staff,1,5,0,49
