year,month,week,name,articles,facebook,googleplus,twitter
2011,8,34,Ben Quinn,7,876,8,407
2011,8,34,Lawrence Donegan at Atlanta Athletic Club,1,14,0,37
2011,8,34,Reuters,28,3514,39,1239
2011,8,34,Tony Mitchell,1,6,0,47
2011,8,34,June O'Sullivan,1,11,0,33
2011,8,34,Jonathan Glennie,2,215,0,102
2011,8,34,Carlton Reid,1,839,12,371
2011,8,34,Mark Sweney,17,7065,31,1366
2011,8,34,Ben Whitelaw,1,1,0,16
2011,8,34,Keith Stuart,16,896,14,755
2011,8,34,Associated Press,28,3025,15,943
2011,8,34,Haroon Siddique,6,1717,20,646
2011,8,34,Paul Owen,6,337,2,390
2011,8,34,Alan Gardner,2,63,2,160
2011,8,34,Ian McCourt,1,44,0,114
2011,8,34,Jacob Steinberg,3,46,1,209
2011,8,34,GrrlScientist,7,131,1,97
2011,8,34,Mark Say,8,55,0,70
2011,8,34,Fiona Harvey,10,2279,20,1218
2011,8,34,Sarah Hartley,2,32,1,138
2011,8,34,Mona Mahmood,2,67,0,57
2011,8,34,Amena Saleem,1,79,0,23
2011,8,34,Barney Ronay,7,114,4,177
2011,8,34,Rosie Niven,2,7,0,25
2011,8,34,Josh Halliday,26,1522,80,2422
2011,8,34,Natalie Hanman,5,9,0,25
2011,8,34,Phoenix,1,3,0,10
2011,8,34,Philip Oltermann,1,190,4,84
2011,8,34,Mustafa Khalili,1,190,4,84
2011,8,34,Elliot Smith,2,211,4,96
2011,8,34,Roy Greenslade,25,464,7,759
2011,8,34,Allegra Stratton,9,1758,10,924
2011,8,34,Andrew Sparrow,12,2188,21,995
2011,8,34,Dick Vinegar,2,1,0,18
2011,8,34,Press Association,87,3826,16,2434
2011,8,34,Michelle Pauli,3,487,0,109
2011,8,34,Carol Rumens,1,77,1,25
2011,8,34,Frédéric Filloux,1,22,1,96
2011,8,34,Stuart Dredge,10,180,6,761
2011,8,34,Alex Hawkes,21,13,0,211
2011,8,34,Dawit Mesfin,1,233,0,28
2011,8,34,Su Sayer,1,64,0,48
2011,8,34,David Marsh,1,344,2,149
2011,8,34,Nick Spencer,1,0,0,0
2011,8,34,Julie Bindel,2,72,1,59
2011,8,34,Sean Michaels,10,3427,6,439
2011,8,34,Graeme Wearden,10,6146,22,1438
2011,8,34,Ben Lyttleton,1,0,0,21
2011,8,34,Michael MacLeod,18,270,7,289
2011,8,34,Jill Insley,1,4,0,37
2011,8,34,Ewen MacAskill,1,34,0,16
2011,8,34,Garry Blight,1,34,0,16
2011,8,34,Sheila Pulham,1,34,0,16
2011,8,34,Kate Carter,3,108,0,186
2011,8,34,Jo Confino for the <a href="http://www.guardian.co.uk/guardian-professional" title="Guardian Professional Network">Guardian Professional Network</a>,1,50,0,94
2011,8,34,Charlotte Higgins,7,1114,5,257
2011,8,34,chief arts writer,4,307,3,136
2011,8,34,Monkey,11,110,2,243
2011,8,34,David Green,1,4,0,12
2011,8,34,Rowan Moore,2,386,3,121
2011,8,34,Michael Cox,1,36,0,86
2011,8,34,Liz Carolan,1,28,0,12
2011,8,34,Dave Hill,8,168,3,175
2011,8,34,Sarah Crown,4,480,3,239
2011,8,34,James Meikle,7,1004,5,472
2011,8,34,Andrew Dickson,2,151,1,52
2011,8,34,Alex Healey,2,184,5,20
2011,8,34,Ben Child,14,2733,37,500
2011,8,34,Simon Rogers,6,3543,32,2058
2011,8,34,Martin Kettle,2,316,7,86
2011,8,34,Caspar Llewellyn Smith,1,427,2,60
2011,8,34,Ed Rooksby,1,253,2,38
2011,8,34,Dominic Fifield,15,1106,1,623
2011,8,34,Martin Wainwright,7,701,9,206
2011,8,34,Daniel Taylor,4,135,2,185
2011,8,34,Ben Dowell,2,17,0,58
2011,8,34,Owen Gibson,10,242,1,418
2011,8,34,Guardian Healthcare,4,1,0,33
2011,8,34,Shiv Malik,4,4512,83,1107
2011,8,34,Judy Friedberg,4,18,0,34
2011,8,34,Riazat Butt,1,234,1,54
2011,8,34,Andy Wilson,12,12,0,82
2011,8,34,Mary Hamilton,1,12,1,11
2011,8,34,Jean-Louis Gassée,1,37,4,175
2011,8,34,Anthea Butler,1,168,2,50
2011,8,34,Sid Lowe,7,2492,15,818
2011,8,34,Mark King,6,924,7,350
2011,8,34,Kate McCann,5,25,0,63
2011,8,34,Clare Horton,5,65,1,18
2011,8,34,Hannah Freeman,1,28,0,9
2011,8,34,Polly Curtis,12,2118,12,748
2011,8,34,John Plunkett,12,236,2,545
2011,8,34,guardian.co.uk/music,1,779,10,170
2011,8,34,Will Hayler,5,2,0,68
2011,8,34,Open thread,4,73,0,75
2011,8,34,Jonathan Jones,7,1340,11,381
2011,8,34,Adam Vaughan,2,450,1,261
2011,8,34,Stephanie Merritt,6,105,0,80
2011,8,34,Alan Travis,13,2180,21,1170
2011,8,34,Mark Tran,6,500,6,249
2011,8,34,Hermione Hoby,2,246,4,40
2011,8,34,Jeremy Kay,1,12,0,19
2011,8,34,Kevin McCarra,3,44,0,65
2011,8,34,Andy Gallagher,4,155,1,62
2011,8,34,Paula Cerutti,1,133,0,38
2011,8,34,agencies,14,1451,13,782
2011,8,34,Anne Perkins,1,47,3,19
2011,8,34,Jason Rodrigues,1,8,0,11
2011,8,34,Lauren Niland,1,8,0,11
2011,8,34,Yvette Cooper,1,24,0,14
2011,8,34,Richard Sprenger,12,1690,10,157
2011,8,34,Chris Cook,7,29,1,77
2011,8,34,Stuart Heritage,7,329,2,158
2011,8,34,Corrections,5,9,0,15
2011,8,34,Adam Oxford for <a href="http://www.forumforthefuture.org/greenfutures" title="">Green Futures</a>,1,21,1,37
2011,8,34,part of the <a href="http://www.guardian.co.uk/sustainable-business/gsb-network" title="">Guardian Sustainable Business Network</a>,1,21,1,37
2011,8,34,Dean Baker,1,175,1,53
2011,8,34,Rachel Dixon,1,149,1,35
2011,8,34,Sustainability report 2011,4,14,1,158
2011,8,34,Tim Ashley,6,30,0,44
2011,8,34,Brian Logan,12,727,7,122
2011,8,34,Joe Utichi,2,576,6,74
2011,8,34,Michael Cragg,6,106,1,114
2011,8,34,Martin Chulov,7,536,4,383
2011,8,34,Asjad Nazir,1,245,2,30
2011,8,34,Gill Hitchock,1,0,0,3
2011,8,34,Harriet Sherwood,12,2564,14,693
2011,8,34,Mat Heywood,1,343,0,22
2011,8,34,Lawrence Donegan,1,2,0,19
2011,8,34,Hilary Osborne,4,48,2,142
2011,8,34,Alison Flood,12,1762,34,780
2011,8,34,Janet Murray,2,203,0,96
2011,8,34,Kevin Mitchell,9,1866,2,116
2011,8,34,Jason N Parkinson,1,62,0,15
2011,8,34,Daniel Bettridge,1,108,0,46
2011,8,34,Jane Clare Jones,1,50,0,6
2011,8,34,Barry Glendenning,6,79,4,182
2011,8,34,Lisa O'Carroll,6,1842,34,1371
2011,8,34,Matt Trueman,1,3,0,6
2011,8,34,Jo Adetunji,2,18,0,45
2011,8,34,Suzanne Goldenberg,6,4435,13,674
2011,8,34,Iowa,1,234,4,83
2011,8,34,Nicola Morgan,1,7,0,13
2011,8,34,Ronald Bergan,3,507,1,63
2011,8,34,Deborah Orr,4,321,1,174
2011,8,34,Ian Cobain,2,164,1,93
2011,8,34,Andy Hunter,7,1169,4,283
2011,8,34,Marc Abrahams,1,4,1,9
2011,8,34,Helen Pidd,5,1978,10,191
2011,8,34,Presented by James Richardson,2,73,2,60
2011,8,34,produced by Matt Hill,2,73,2,60
2011,8,34,Dave Levitan for <a href="http://www.e360.yale.edu" title="Yale Environment 360">Yale Environment 360</a>,1,99,0,64
2011,8,34,part of the <a href="http://www.guardian.co.uk/environment/network" title="Guardian Environment Network">Guardian Environment Network</a>,3,657,4,197
2011,8,34,John Domokos,1,3,0,19
2011,8,34,pinkbookworm,1,1,0,6
2011,8,34,Brian Whitaker,1,107,0,19
2011,8,34,Paul Lester,5,410,1,111
2011,8,34,Tom Service,3,43,1,31
2011,8,34,Lyn Gardner,13,429,0,139
2011,8,34,Sue Littlemore,2,10,1,23
2011,8,34,Saeed Kamali Dehghan,3,1109,5,230
2011,8,34,Simon Zadek,1,349,5,117
2011,8,34,Greg Wood,4,22,0,56
2011,8,34,Judith Mackrell,3,14,0,24
2011,8,34,Paul Rees,7,26,1,69
2011,8,34,Michael Billington,2,84,1,38
2011,8,34,Alan,1,0,0,25
2011,8,34,Jackie Bowman,1,0,0,25
2011,8,34,Mike Parker,1,1211,8,31
2011,8,34,Barbara Daniel,1,5,0,16
2011,8,34,Jessica Shepherd,13,622,1,713
2011,8,34,Richard Williams,2,30,1,43
2011,8,34,Mark Brown,2,187,4,39
2011,8,34,Tom Kington,5,5115,73,667
2011,8,34,Simon Woolley,1,11,0,17
2011,8,34,Lucy Tobin,6,275,0,364
2011,8,34,Conor Foley,1,14,0,19
2011,8,34,Linda Harrison,1,27,0,24
2011,8,34,Jon Butterworth,2,30,2,37
2011,8,34,Jessica de Grazia,1,22,0,26
2011,8,34,Danny Dorling,1,169,0,117
2011,8,34,Jeevan Vasagar,9,864,4,768
2011,8,34,Owen Bowcott,11,5736,63,1362
2011,8,34,Stephen Bates,3,1044,8,330
2011,8,34,Jason Burke,10,5146,58,669
2011,8,34,Alok Jha,4,1523,17,441
2011,8,34,Warwick Mansell,1,149,0,77
2011,8,34,Stephen Moss,3,314,6,139
2011,8,34,Simon Hattenstone,2,1779,9,183
2011,8,34,Nick Hopkins,1,624,9,95
2011,8,34,Patrick Kingsley,2,54,2,59
2011,8,34,Vikram Dodd,6,1822,21,1433
2011,8,34,Richard Norton-Taylor,3,648,13,847
2011,8,34,Sam Hinkley,3,13,0,45
2011,8,34,Larry Elliott,11,440,1,268
2011,8,34,Simon Bowers,5,34,1,95
2011,8,34,Elisabeth Mahoney,5,17,1,70
2011,8,34,Nils Pratley,11,145,1,185
2011,8,34,Chris McGreal,5,716,11,275
2011,8,34,Saeed Shah,2,77,1,117
2011,8,34,Nell Card,1,119,0,194
2011,8,34,John Harris,2,1693,2,215
2011,8,34,Emine Saner,3,258,2,184
2011,8,34,Luisa Dillner,1,6,0,15
2011,8,34,Gabriel Weston,1,3,1,14
2011,8,34,Sam Jones,6,253,5,369
2011,8,34,Robert Booth,2,99,3,68
2011,8,34,Raphael Honigstein,1,46,0,24
2011,8,34,Randeep Ramesh,7,1233,8,353
2011,8,34,As told to Leo Benedictus,1,9,0,19
2011,8,34,Ronan Bennett,1,0,0,8
2011,8,34,Daniel King,1,0,0,8
2011,8,34,Chris Arnot,1,6,0,13
2011,8,34,John Crace,4,260,3,62
2011,8,34,David Hytner,8,623,1,545
2011,8,34,Editorial,18,772,10,568
2011,8,34,Michael White,8,691,3,300
2011,8,34,Julian Glover,1,55,2,20
2011,8,34,Daniel Taylor at the Etihad Stadium,1,75,0,123
2011,8,34,Interview by Laura Barnett,1,235,1,29
2011,8,34,Isy Suttie,4,26,0,28
2011,8,34,Esther Addley,5,112,4,131
2011,8,34,Hannah Verdier,3,22,0,33
2011,8,34,Julia Raeside,2,20,0,35
2011,8,34,Ben Arnold,2,20,0,35
2011,8,34,Jonathan Wright,1,19,0,7
2011,8,34,Martin Skegg,2,20,0,35
2011,8,34,Phelim O'Neill,7,451,4,215
2011,8,34,Donald McRae,1,11,0,10
2011,8,34,Gareth Harvey (MeteoGroup),1,2,0,2
2011,8,34,Roger Redfern,1,0,0,27
2011,8,34,Martin Rowson,3,100,1,57
2011,8,34,Ben Adler,1,38,0,37
2011,8,34,Daniel Taylor at Etihad Stadium,1,4,0,83
2011,8,34,Andy Hunter at Etihad Stadium,1,1,0,67
2011,8,34,Zoe Wood,5,79,1,152
2011,8,34,Dan Milmo,4,262,3,220
2011,8,34,Dom Potter,1,1,0,23
2011,8,34,Oscar Tollast,6,83,0,90
2011,8,34,Caroline Davies,5,515,1,189
2011,8,34,Julian Borger,3,1648,24,475
2011,8,34,Chris Stephen,3,764,9,359
2011,8,34,,2,410,3,137
2011,8,34,Claudia Cahalane,1,13,0,20
2011,8,34,Stephen P Groff,1,95,1,91
2011,8,34,Aled Thomas,1,88,3,54
2011,8,34,Lesley Crawley,1,176,1,63
2011,8,34,Emma Hardy,1,219,0,41
2011,8,34,Jas Bains,1,2,0,28
2011,8,34,Peter John,1,1,0,0
2011,8,34,Sachin Nakrani,5,1166,0,351
2011,8,34,Steve Gold,1,2,1,15
2011,8,34,Jenny Stevens,1,283,2,222
2011,8,34,Tom O'Malley,1,130,1,25
2011,8,34,Tara Conlan,2,696,9,808
2011,8,34,Sam Jordison,2,174,3,114
2011,8,34,Oliver Thring,1,396,5,77
2011,8,34,Jane Fae,1,314,13,95
2011,8,34,Tim Crouch,1,173,1,38
2011,8,34,Jonathan Wilson,1,185,3,60
2011,8,34,Adam Gabbatt,2,274,0,112
2011,8,34,Robert Kitson,5,53,1,59
2011,8,34,Xan Brooks,3,412,4,104
2011,8,34,Kable Healthcare,2,2,0,4
2011,8,34,Alison Rourke,1,1695,37,586
2011,8,34,Tim Jonze,2,329,2,95
2011,8,34,Gines Haro Pastor,2,24,0,84
2011,8,34,Hooshang Amirahmadi,1,57,0,17
2011,8,34,Maev Kennedy,3,3773,53,675
2011,8,34,Henry Barnes,7,878,14,221
2011,8,34,Guardian Government Computing,2,6,0,45
2011,8,34,James Robinson,6,585,7,831
2011,8,34,Juliette Garside,6,127,14,641
2011,8,34,Marianne Taylor,1,374,2,24
2011,8,34,George Hall,4,13,0,26
2011,8,34,Claire Provost,2,48,0,54
2011,8,34,Jaz Cummins,1,22,0,39
2011,8,34,Nick Appleyard,2,17,0,21
2011,8,34,Nick Davies,1,3846,53,2024
2011,8,34,James Poskett,1,24,0,40
2011,8,34,Agencies,3,153,0,108
2011,8,34,Charles Gant,1,157,0,36
2011,8,34,Robert White,1,7,0,20
2011,8,34,Annotated by James Robinson,1,556,12,839
2011,8,34,Andy Bull,2,41,1,21
2011,8,34,Lindy Blair,1,3,0,11
2011,8,34,David Banks,1,34,0,17
2011,8,34,Jacopo Ponticelli,1,686,6,98
2011,8,34,Hans-Joachim Voth,1,686,6,98
2011,8,34,Keren Levy,1,38,0,13
2011,8,34,Justin McGuirk,1,98,1,69
2011,8,34,Gill Hitchcock,4,87,0,73
2011,8,34,Salvatore Aloïse,1,12,0,16
2011,8,34,Stuart Goodwin,1,69,0,23
2011,8,34,Yves Bordenave,1,168,3,33
2011,8,34,Laetitia Clavreul,1,222,1,40
2011,8,34,Owen Hatherley,1,2628,7,88
2011,8,34,Sam Peach,1,15,0,7
2011,8,34,Tora Davidson,1,15,0,7
2011,8,34,Melinda Soos,1,117,0,12
2011,8,34,Kat Banyard,1,166,1,35
2011,8,34,Mike McCusker,1,22,0,13
2011,8,34,Dan Martin,2,530,6,79
2011,8,34,Brian Cathcart,1,129,2,97
2011,8,34,Bethany Rutter,1,68,0,11
2011,8,34,Severin Carrell,3,251,4,143
2011,8,34,Johnny Dee,2,79,0,33
2011,8,34,Jim Falzarano,1,4,0,6
2011,8,34,Matthew Caines,1,8,0,10
2011,8,34,Eliza Anyangwe,3,18,0,31
2011,8,34,Sarah Boseley,4,373,3,200
2011,8,34,Karla Zabludovsky,1,129,0,43
2011,8,34,David Smith,4,1077,8,301
2011,8,34,Carole Jahme,1,83,0,48
2011,8,34,Paul Dickinson for the <a href="http://www.guardian.co.uk/guardian-professional" title="Guardian Professional Network">Guardian Professional Network</a>,1,2,0,11
2011,8,34,Samia Fitouri,1,204,0,27
2011,8,34,Tom Bawden,6,58,0,133
2011,8,34,Kieran Yates,2,210,0,106
2011,8,34,Leon Kaye for the <a href="http://www.guardian.co.uk/guardian-professional" title="Guardian Professional Network">Guardian Professional Network</a>,2,193,0,66
2011,8,34,Stephanie Hegarty,1,51,1,16
2011,8,34,Madster,1,1,0,7
2011,8,34,Henning Meyer,1,23,1,22
2011,8,34,Louise Taylor,4,107,0,165
2011,8,34,Isabel Choat,2,9,0,7
2011,8,34,Matthew Connolly,1,22,0,14
2011,8,34,Roger Graef,1,190,1,15
2011,8,34,Xan Rice,2,221,1,93
2011,8,34,Mark Fisher,1,56,0,19
2011,8,34,Sade Laja,5,10,2,54
2011,8,34,Judy Smither,1,3,0,29
2011,8,34,Hilary,1,0,0,20
2011,8,34,Heather De Lyon,1,0,0,20
2011,8,34,Chris Ryder,1,10,0,2
2011,8,34,Wendy M Grossman,1,20,0,22
2011,8,34,Janine Utell for <a href="http://uvenus.org/" title="">University of Venus</a>,1,158,4,79
2011,8,34,Paul Harris,2,2110,29,206
2011,8,34,in Rome,1,811,14,133
2011,8,34,Stephen Burgen,4,2258,26,436
2011,8,34,in Barcelona,1,811,14,133
2011,8,34,Paul Weaver,1,0,0,15
2011,8,34,Helen Carter,10,8035,79,1898
2011,8,34,Nour Ali,3,191,3,182
2011,8,34,Mike Averis,1,0,0,12
2011,8,34,Tania Branigan,3,251,5,118
2011,8,34,Andrew Martin,1,214,1,45
2011,8,34,John L Walters,1,24,0,27
2011,8,34,William Fotheringham,2,8,0,26
2011,8,34,Paul Hayes,1,21,0,53
2011,8,34,Staff,2,203,4,108
2011,8,34,Hadley Freeman,1,1354,17,72
2011,8,34,Jay Rayner,2,62,2,77
2011,8,34,Patrick Barkham,3,5210,18,572
2011,8,34,Dan Gillmor,1,32,7,155
2011,8,34,Camila Ruz,3,5361,19,675
2011,8,34,Harry Venning,1,21,0,7
2011,8,34,Simon Chilvers,1,3,0,20
2011,8,34,Ian Birrell,1,43,0,31
2011,8,34,David Conn,4,750,2,502
2011,8,34,Victoria Coren,2,28,0,29
2011,8,34,Leslie Colitt,1,92,4,19
2011,8,34,Sam Wollaston,3,59,0,62
2011,8,34,Alexandra Topping,2,161,1,42
2011,8,34,Mohamed El Dahshan,1,99,1,186
2011,8,34,Hugh Muir,1,13,0,12
2011,8,34,Dorian Lynskey,1,56,0,22
2011,8,34,Kevin McCarra at the Emirates Stadium,1,11,0,21
2011,8,34,Rebecca Nicholson,2,7,0,13
2011,8,34,Simon Burnton at Vicarage Road,1,28,0,18
2011,8,34,Erica Jeal,1,51,0,19
2011,8,34,Daniel Denvir,1,144,1,47
2011,8,34,Rob Bagchi,3,98,2,47
2011,8,34,Jonathan Steele,3,1855,25,343
2011,8,34,Andrew Mueller,2,1,0,50
2011,8,34,Gwilym Mumford,4,4,0,65
2011,8,34,Helen Clifton,2,2637,39,578
2011,8,34,Paul Evans,1,4,0,25
2011,8,34,Alan Pickup,1,39,0,21
2011,8,34,Tom Parfitt,3,236,2,66
2011,8,34,Melissa Benn,1,733,4,152
2011,8,34,Amelia Hill,3,572,20,690
2011,8,34,Richard Williams at Emirates Stadium,1,12,2,25
2011,8,34,Alam Khan,1,69,0,49
2011,8,34,David Hytner at the Emirates,1,36,0,57
2011,8,34,Owen Gibson at Olympic Park,1,2,0,20
2011,8,34,Linda Quinn,1,50,0,43
2011,8,34,Laura Laker,1,534,11,141
2011,8,34,Dalibor Tomko,1,29,0,9
2011,8,34,Virginia Wallis,2,8,0,30
2011,8,34,Chris Greer,1,12,1,22
2011,8,34,Eugene McLaughlin,1,12,1,22
2011,8,34,John Wright,1,217,0,22
2011,8,34,Presented by Aleks Krotoski,1,6,1,97
2011,8,34,produced by Scott Cawley,2,28,1,134
2011,8,34,Emma Jones,1,201,1,58
2011,8,34,Adam Ma'anit,1,165,1,62
2011,8,34,Louise Ellman,1,0,0,1
2011,8,34,Rob Appleby,1,48,1,22
2011,8,34,Hannah Fearn,2,5,0,36
2011,8,34,May,1,10,0,7
2011,8,34,Cory Doctorow,1,323,41,308
2011,8,34,Scott Murray,7,213,5,407
2011,8,34,Simon Harris,1,122,2,15
2011,8,34,Prune Antoine,2,340,1,27
2011,8,34,Tony Naylor,3,341,5,70
2011,8,34,Walter Crasshole,1,119,1,1
2011,8,34,D Strauss,1,281,1,6
2011,8,34,Jeroen van Marle,1,34,1,5
2011,8,34,Kevin Braddock,1,1349,2,34
2011,8,34,Charley McKenzie,3,101,0,109
2011,8,34,Clare Holdsworth,1,0,0,4
2011,8,34,Malcolm Burgess,1,317,3,21
2011,8,34,Rachel B Doyle,1,289,2,15
2011,8,34,Frances Booth,1,59,0,56
2011,8,34,Giles Foden,1,40,2,25
2011,8,34,Noah Payne-Frank,1,54,0,6
2011,8,34,Allan Jenkins,2,22,0,30
2011,8,34,Patrick Collinson,2,114,3,96
2011,8,34,Lorna Fitzsimons,1,78,0,10
2011,8,34,Heather Stewart,13,934,2,523
2011,8,34,Anthony Clavane,1,103,0,27
2011,8,34,Naomi Klein,1,9413,50,483
2011,8,34,Simon Zadek for the <a href="http://www.guardian.co.uk/guardian-professional" title="">Guardian Professional Network</a>,1,47,0,23
2011,8,34,Ewan Murray,7,210,1,114
2011,8,34,Richard Rae,3,5,0,13
2011,8,34,Jeroen van Marle / Berlin In Your Pocket,1,465,2,79
2011,8,34,Andrew Pulver,2,69,3,42
2011,8,34,findingberlin.com,1,164,1,37
2011,8,34,Arun Sood,1,458,0,11
2011,8,34,Andrew Clements,10,30,0,58
2011,8,34,Andrew Brown,3,1638,4,195
2011,8,34,Luisa Weiss,2,374,4,32
2011,8,34,Liz McGrath,1,230,0,12
2011,8,34,Jack Howard,1,230,0,12
2011,8,34,Rory MacLean,1,294,3,36
2011,8,34,Henning Lahmann,1,123,0,18
2011,8,34,Mary Scherpe,1,321,1,5
2011,8,34,Dario Natale,1,321,1,5
2011,8,34,Claudio Rimmele,1,415,2,20
2011,8,34,Frank R Schroeder,1,415,2,20
2011,8,34,Tom Lamont,2,104,0,64
2011,8,34,Christopher Thomond,1,87,0,4
2011,8,34,Peter Sale,1,87,0,4
2011,8,34,Katy Stoddard,2,28,0,46
2011,8,34,Flic Everett,1,91,1,5
2011,8,34,James Murray for <a href="http://www.businessgreen.com">BusinessGreen</a>,1,123,1,34
2011,8,34,Jo Caird,1,19,0,10
2011,8,34,Murdo MacLeod,1,43,0,25
2011,8,34,Sarah Ditum,1,34,0,19
2011,8,34,Jonathan Richards,2,146,2,23
2011,8,34,Ami Sedghi,2,744,7,63
2011,8,34,Mariana Santos,2,146,2,23
2011,8,34,Paul Wilson,3,292,0,227
2011,8,34,Meena Bhandari,1,1078,2,142
2011,8,34,Nathan Green,2,902,19,94
2011,8,34,Chris Miller,1,237,0,36
2011,8,34,Rhik Samadder,1,154,0,6
2011,8,34,Felix Clay,2,183,0,8
2011,8,34,Rob Evans,1,13,1,9
2011,8,34,Sandra Laville,2,55,1,50
2011,8,34,Mark Rice-Oxley,1,694,5,57
2011,8,34,Jenny Ridley,1,694,5,57
2011,8,34,Sasha Magill,1,694,5,57
2011,8,34,Mark Lawson,2,33,0,41
2011,8,34,Dave Hamilton,1,19,1,21
2011,8,34,Sven Kästner,1,179,1,8
2011,8,34,By <strong>Shane Dean</strong>,1,55,1,63
2011,8,34,<strong>Josh Halliday</strong>,1,55,1,63
2011,8,34,Ken Macfarlane,2,188,0,18
2011,8,34,Ben Kape,2,135,1,24
2011,8,34,Groovy Dhruv,1,0,0,2
2011,8,34,Scotl,1,8,0,7
2011,8,34,Benjamen Walker,1,291,6,60
2011,8,34,Alex Haslam,1,162,6,57
2011,8,34,John Elkington for the Guardian Professional Network,1,8,0,18
2011,8,34,Chris Salmon,1,3,1,24
2011,8,34,John Fordham,4,48,0,35
2011,8,34,Charlotte Jones,1,0,0,7
2011,8,34,Tom Ewing,1,335,4,22
2011,8,34,Kathy Sweeney,1,39,0,8
2011,8,34,Tamson Pietsch,1,8,1,20
2011,8,34,Ian Brinkley,1,11,0,10
2011,8,34,Fiona Beckett,3,170,5,128
2011,8,34,Robert Hewison,1,61,0,11
2011,8,34,Amy Goodman,1,128,3,45
2011,8,34,Hannah Booth,2,118,2,19
2011,8,34,Will Hayler at York,5,10,0,23
2011,8,34,Benjamin Ward,1,575,1,104
2011,8,34,Catherine Shoard,1,249,0,30
2011,8,34,Paul Fairclough,1,16,0,0
2011,8,34,Frank Swain,1,69,3,22
2011,8,34,Mira Katbamna,8,157,0,60
2011,8,34,Georgina Smith,2,1354,22,369
2011,8,34,Andrew Haydon,1,31,0,8
2011,8,34,Alex Macpherson,3,116,2,56
2011,8,34,Jack Arnott,1,68,0,4
2011,8,34,Lynne Ravenscroft,1,22,0,20
2011,8,34,Seema Sengupta,1,144,3,8
2011,8,34,Mark Weisbrot,1,223,0,30
2011,8,34,Guy Dammann,4,101,0,61
2011,8,34,Vic Marks,2,1,0,24
2011,8,34,Richard Wachman,4,57,1,186
2011,8,34,Roy Shearer,1,12,0,0
2011,8,34,Terry Ashton,1,6,0,0
2011,8,34,David Buckman,1,6,0,3
2011,8,34,David Jays,1,11,0,4
2011,8,34,John Redwood,1,51,1,46
2011,8,34,Angela Hartnett,1,25,1,14
2011,8,34,Ed Pilkington,1,526,6,146
2011,8,34,Laura Barnett,1,1542,24,632
2011,8,34,Julian Baggini,1,226,6,28
2011,8,34,Chetan Bhagat,1,12915,21,398
2011,8,34,Shehani Fernando,1,187,2,16
2011,8,34,Ian Sample,2,31258,266,2201
2011,8,34,Caperton for <a href="http://www.feministe.us/blog/archives/2011/08/15/a-media-guide-to-michele-bachmann/">Feministe</a>,1,39,0,20
2011,8,34,part of the <a href="http://www.guardian.co.uk/commentisfree/series/guardian-comment-network">Guardian Comment Network</a>,1,39,0,20
2011,8,34,Luke Harding,7,1153,17,648
2011,8,34,Peter Beaumont,4,896,15,533
2011,8,34,Dileep Premachandran,1,16,0,8
2011,8,34,David Hopps at The Oval,2,4,0,20
2011,8,34,Audrey Gillan,2,1473,7,243
2011,8,34,Abdel Bari Atwan,1,101,0,18
2011,8,34,Greg Wood at York,5,6,0,24
2011,8,34,Tim Montgomerie,1,83,0,47
2011,8,34,Richard Vine,1,454,3,63
2011,8,34,Andy Wilson at Blackpool,2,0,0,8
2011,8,34,Ali Catterall,2,3,0,15
2011,8,34,Steve Rose,5,109,1,91
2011,8,34,Göran Björkdahl,1,58,1,10
2011,8,34,Daniel Riemer,1,20,2,9
2011,8,34,Emma John,1,6,0,5
2011,8,34,David Hopps,3,8,0,26
2011,8,34,David Hambling,1,0,0,1
2011,8,34,Matt Shardlow,1,6,0,10
2011,8,34,Michael Hann,3,1,0,33
2011,8,34,Joe Lovejoy at the City of Cardiff Stadium,1,52,0,5
2011,8,34,Stuart James at the King Power Stadium,1,2,0,2
2011,8,34,Richard Rae at Scarborough,3,0,0,12
2011,8,34,David Walker,1,0,0,10
2011,8,34,Robert McFarland,1,0,0,4
2011,8,34,Zia Mahmood,1,1,0,2
2011,8,34,Stuart James,4,52,0,129
2011,8,34,Sid Lowe at Camp Nou,1,219,2,81
2011,8,34,Ceri Jones,1,14,0,24
2011,8,34,Lynn Blackadder &amp; Rob Jackson,1,13,0,49
2011,8,34,Madeleine Bunting,1,156,1,49
2011,8,34,Felicity Cloake,1,501,7,72
2011,8,34,James Hargrave,1,31,0,17
2011,8,34,Shiona Tregaskis,1,190,0,160
2011,8,34,Louise Tickle,1,21,0,13
2011,8,34,Mario Ambrosi,1,2,0,15
2011,8,34,Duncan Jefferies,1,39,11,285
2011,8,34,Julia Kollewe,8,837,6,528
2011,8,34,Simon Jeffery,1,70,0,210
2011,8,34,Joanna Goodrich,1,15,0,30
2011,8,34,the King's Fund,1,15,0,30
2011,8,34,Catherine Dale,1,15,0,30
2011,8,34,King's Health Partners Integrated Cancer Centre,1,15,0,30
2011,8,34,Yoshi,1,0,0,8
2011,8,34,Tom Meltzer,2,33,0,20
2011,8,34,Harriet Swain,1,16,0,26
2011,8,34,Millie Shuter,1,21,1,25
2011,8,34,Istanbul,1,51,0,28
2011,8,34,Oliver Milman,1,167,0,100
2011,8,34,Jonathan Derbyshire,1,93,0,19
2011,8,34,Nicholas Lezard,1,8,0,14
2011,8,34,David Mitchell,2,777,23,227
2011,8,34,Rob Smyth (morning,2,23,1,55
2011,8,34,evening session),1,7,0,21
2011,8,34,Alan Gardner (afternoon session),1,7,0,21
2011,8,34,Presented by Jason Solomons,1,14,0,4
2011,8,34,produced by Jason Phipps,1,14,0,4
2011,8,34,Guardian Fashion,2,486,4,119
2011,8,34,Henry McDonald,6,480,10,252
2011,8,34,Irel,3,13,2,54
2011,8,34,Peter Walker,6,773,11,303
2011,8,34,Saci Lloyd,1,395,3,69
2011,8,34,Ruth Farwell,1,3,0,1
2011,8,34,Phil Hoad,1,123,6,53
2011,8,34,Dave Simpson,2,472,3,60
2011,8,34,Kate Hodge,2,12,0,99
2011,8,34,Jonathan Watts,1,58,2,57
2011,8,34,Vera Baird,1,113,1,90
2011,8,34,Steve Boxer,1,26,0,36
2011,8,34,Alex von Tunzelmann,1,2257,1,52
2011,8,34,Rajeev Syal,2,98,0,19
2011,8,34,Martin Belam,1,3,1,11
2011,8,34,David Gow,1,67,0,34
2011,8,34,Alan Connor,1,63,3,56
2011,8,34,Miriam Gillinson,1,34,0,18
2011,8,34,Justin McCurry,2,279,3,65
2011,8,34,Alex Aldridge,1,27,0,15
2011,8,34,Aaron Porter,1,6,0,4
2011,8,34,Lottie Longshanks,1,2,0,10
2011,8,34,Peter Bradshaw,3,40,0,46
2011,8,34,Skye Sherwin,2,81,0,20
2011,8,34,Elizabeth McGowan for <a href="http://solveclimate.com/">SolveClimate</a>,1,435,3,99
2011,8,34,Ana Marie Cox,1,330,0,40
2011,8,34,Jon Dennis,2,27,0,37
2011,8,34,Islam Qasem for <a href="http://www.opendemocracy.net/" title="Open Democracy">Open Democracy</a>,1,33,0,36
2011,8,34,part of the <a href="http://www.guardian.co.uk/commentisfree/series/guardian-comment-network" title="Guardian Comment Network">Guardian Comment Network</a>,2,466,4,228
2011,8,34,Alice Salfield,1,90,0,20
2011,8,34,Rob Smyth,2,29,2,58
2011,8,34,Pete Foster for the <a href="http://www.guardian.co.uk/guardian-professional" title="Guardian Professional Network">Guardian Professional Network</a>,1,19,1,66
2011,8,34,Sana Saleem,1,190,0,94
2011,8,34,Cameron Robertson,1,19,0,10
2011,8,34,Christine Oliver,2,1925,44,505
2011,8,34,Interview by Simon Burnton,1,1,0,7
2011,8,34,Catherine Nelson,1,0,0,7
2011,8,34,Michael Lazarus,1,7,0,1
2011,8,34,Nicholas Rengger,1,13,0,24
2011,8,34,Paul Hayward,3,1222,8,440
2011,8,34,Michael Palin,1,2199,1,141
2011,8,34,Jill Mead,1,55,0,25
2011,8,34,Jonangelo Molinari,1,55,0,25
2011,8,34,Marissa Keating,1,55,0,25
2011,8,34,Stephen Moss (Singers: Anthony Stuart Lloyd,1,55,0,25
2011,8,34,Laura Parfitt,1,55,0,25
2011,8,34,Evelina Runbäck),1,55,0,25
2011,8,34,Presented by Madeleine Bunting,1,91,0,21
2011,8,34,produced by Vivienne Perry,1,91,0,21
2011,8,34,researched by Claire Provost,1,91,0,21
2011,8,34,Cedric Pulford,1,1,0,4
2011,8,34,Ted Trautman,1,61,3,73
2011,8,34,Sue Pilkington,1,29,0,7
2011,8,34,Vic Marks at The Oval,3,32,0,43
2011,8,34,Tom Phillips,1,792,8,151
2011,8,34,John Wyver,1,16,0,32
2011,8,34,Ian Malin,1,1,0,10
2011,8,34,Sigurdur Sverrisson,1,9,1,17
2011,8,34,Iain Duncan Smith,1,23,0,15
2011,8,34,Marina Hyde,4,211,1,120
2011,8,34,Sali Hughes,3,358,2,315
2011,8,34,Heidi Stephens,1,259,0,104
2011,8,34,Jessica Valenti,1,927,16,163
2011,8,34,Paul Weaver at The Oval,3,10,1,27
2011,8,34,John Ashton,1,144,0,25
2011,8,34,Pamela Stephenson Connolly,1,2,0,10
2011,8,34,Sady Doyle,1,3664,12,62
2011,8,34,Virginia Lopez,1,116,0,26
2011,8,34,Rupert Neate,3,189,3,213
2011,8,34,Lizzy Davies,2,97,1,112
2011,8,34,Lisa Evans,2,1367,16,1012
2011,8,34,Matthew Taylor,2,1289,8,222
2011,8,34,Paul Lewis,1,1282,7,212
2011,8,34,Rob Fitzpatrick,1,1330,5,98
2011,8,34,Michele Hanson,1,8,0,16
2011,8,34,As overheard by John Crace,1,77,0,12
2011,8,34,Jenni Russell,1,37,0,43
2011,8,34,Cath Clarke,3,60,1,24
2011,8,34,Kevin McCarra at Tynecastle,1,46,0,15
2011,8,34,Maddy Costa,1,3,0,14
2011,8,34,Tom Hughes,2,27,1,28
2011,8,34,Chris Elliott,1,9,0,5
2011,8,34,Henry K Miller,1,345,4,144
2011,8,34,Jane Graham,1,56,0,18
2011,8,34,James Donaghy,1,1,0,8
2011,8,34,Anne Billson,1,48,0,33
2011,8,34,Robin Denselow,2,23,0,15
2011,8,34,David Batty,7,1281,12,449
2011,8,34,Laura Barton,1,59,0,10
2011,8,34,Jeff Stier,1,23,2,82
2011,8,34,Ewan Murray at Tynecastle,2,27,0,29
2011,8,34,Stephen Thrower,1,999,14,145
2011,8,34,Alexis Petridis,2,44,0,17
2011,8,34,John Robinson,1,0,0,22
2011,8,34,Rosemary Roach,1,0,0,23
2011,8,34,Jeremy Plester,1,0,0,9
2011,8,34,Caroline Sullivan,1,18,1,14
2011,8,34,Imogen Morrell,1,14,0,27
2011,8,34,Harry Pearson,1,15,1,21
2011,8,34,Nick Hayes,1,95,0,28
2011,8,34,Rebecca Birkbeck,1,15,0,45
2011,8,34,Val Jones,1,70,0,24
2011,8,34,Mattia Cabitza,1,71,0,72
2011,8,34,Tim Radford,2,12,1,24
2011,8,34,Matthew Weait,1,164,0,69
2011,8,34,Richard Vize,1,1,0,8
2011,8,34,Rebecca Bennett Casserly,1,0,0,20
2011,8,34,Chris Russell,1,36,0,9
2011,8,34,MidnightGhost,1,0,0,7
2011,8,34,James Dart,1,1,0,6
2011,8,34,By Maina Waruru for <a href="http://www.scidev.net/en/" title="">SciDev.net</a>,1,21,0,47
2011,8,34,part of the <a href="http://www.guardian.co.uk/global-development/series/guardian-development-network" title="">Guardian's development network</a>,1,21,0,47
2011,8,34,Jon Boone,3,192,2,243
2011,8,34,Will Self,1,671,10,81
2011,8,34,Edward Lawrence,1,247,0,32
2011,8,34,Austin Mackell,1,451,1,87
2011,8,34,evening),1,16,1,34
2011,8,34,Alan Gardner (afternoon),1,16,1,34
2011,8,34,Rob Cromwell,1,56,0,33
2011,8,34,Scott Murray (earlier),1,10,0,11
2011,8,34,Barry Glendenning (now),1,10,0,11
2011,8,34,Theresa Malone,1,295,2,40
2011,8,34,Stephen Reicher,1,269,3,83
2011,8,34,Clifford Stott,1,269,3,83
2011,8,34,Marshall Chase for the <a href="http://www.guardian.co.uk/guardian-professional" title="Guardian Professional Network">Guardian Professional Network</a>,1,16,0,42
2011,8,34,Emma Kennedy,1,135,1,39
2011,8,34,Martin Pengelly,2,7,0,50
2011,8,34,Tim Farron,1,26,0,17
2011,8,34,Alex English,1,114,1,36
2011,8,34,Lewis K Cooper,1,0,0,6
2011,8,34,Stefan Collini,1,376,3,79
2011,8,34,Bernardine Evaristo,1,76,2,39
2011,8,34,Imogen Fox,6,69,1,124
2011,8,34,Helienne Lindvall,1,0,0,10
2011,8,34,Danny Leigh,1,764,8,115
2011,8,34,Keith Coleman,1,1,0,15
2011,8,34,Alan Sykes,1,2,0,11
2011,8,34,Kim Willsher,1,23,1,39
2011,8,34,Charles Arthur,1,148,12,130
2011,8,34,Neil Rose,1,8,1,70
2011,8,34,Libby Brooks,1,102,2,67
2011,8,34,Jill Robinson,1,13,0,10
2011,8,34,David Lacey,2,179,2,119
2011,8,34,Dr Nik Taylor,1,147,0,38
2011,8,34,Timothy Snyder for the <a href="http://www.nybooks.com/blogs/nyrblog/" title="New York Review of Books">New York Review of Books</a> blog,1,433,4,192
2011,8,34,David Stubbs,2,57,0,33
2011,8,34,Yolanda Pierce,1,191,1,45
2011,8,34,Ally Fogg,1,62,0,28
2011,8,34,Mary Creagh,1,612,0,56
2011,8,34,Sarah-Louise Quinnell,1,1,0,3
2011,8,34,Maggie Brown,1,15,0,42
2011,8,34,Firebird,1,1,0,4
2011,8,34,Joanna Clarke-Jones,1,1108,0,15
2011,8,34,David Mills,1,2,0,30
2011,8,34,Sarah Phillips,1,258,0,53
2011,8,34,Emily Bell,1,81,1,47
2011,8,34,Presented by Sarah Crown,1,65,0,20
2011,8,34,produced by Iain Chambers,1,65,0,20
2011,8,34,Jonathan Glancey,1,53,1,20
2011,8,34,Richard Brandon,1,3,0,11
2011,8,34,Kate Kellaway,1,68,0,19
2011,8,34,Adrian Voce,1,70,0,14
2011,8,34,Kamila Shamsie,1,140,1,41
2011,8,34,Rob Edwards,1,182,2,88
2011,8,34,Evgeny Morozov,1,46,3,132
2011,8,34,Lisa Weintrobe for the <a href="http://www.guardian.co.uk/guardian-professional" title="Guardian Professional Network">Guardian Professional Network</a>,1,3,0,7
2011,8,34,Laura Oliver,1,0,0,15
2011,8,34,James Walsh,1,0,0,15
2011,8,34,Hannah Waldram,1,0,0,15
2011,8,34,Socitm Consulting,1,0,0,0
2011,8,34,Graham Snowdon,3,255,8,444
2011,8,34,Sam Richards,1,80,1,25
2011,8,34,Alistair Smith,1,6,0,14
2011,8,34,Sarah Kline,1,93,1,19
2011,8,34,Elisabeth Young-Bruehl,1,230,5,30
2011,8,34,Stewart J Lawrence,1,11,0,10
2011,8,34,Presented by Alexis Petridis,1,22,0,37
2011,8,34,Kakoli Bhattacharya,1,74,1,17
2011,8,34,Sarah Marsh,1,38,1,97
2011,8,34,Martin Shuttleworth,1,96,0,17
2011,8,34,Matthew Tempest,1,96,0,17
2011,8,34,&amp; Benji Lanyado,1,96,0,17
2011,8,34,Ann Pettifor,1,49,0,14
2011,8,34,Constanze Letsch,1,102,1,74
2011,8,34,Judith Maltby,1,20,0,24
2011,8,34,Beirut,1,40,0,50
2011,8,34,Polly Toynbee,1,776,3,133
2011,8,34,Tanya Gold,1,3566,10,267
2011,8,34,Ben Goldacre,1,156,15,60
2011,8,34,Interview by Emine Saner,1,139,0,19
2011,8,34,Simon Hoggart,1,3,0,20
2011,8,34,Beth Wellington,1,207,2,106
2011,8,34,Peter White,1,35,0,15
2011,8,34,Hannah Godfrey,2,127,2,158
2011,8,34,Mehdi Hasan,1,111,0,66
2011,8,34,Richard Williams at the Olympic Park,1,4,0,11
2011,8,34,Phoebe Kirk,1,32,0,11
2011,8,34,Hal Hodson,1,32,0,11
2011,8,34,Siraj Datoo,2,38,0,45
2011,8,34,Gemma Bowes,1,127,0,28
2011,8,34,Joanne O'Connor,1,127,0,28
2011,8,34,Tom Griffiths,1,39,0,24
2011,8,34,Tom Hall,1,208,1,157
2011,8,34,Vicky Baker,1,3014,15,178
2011,8,34,Andy Wilson at the DW Stadium,1,0,0,5
2011,8,34,Peter Forbes,1,82,7,37
2011,8,34,Philip Hensher,1,17,0,6
2011,8,34,Siddhartha Deb,1,113,0,23
2011,8,34,Sue Arnold,1,5,0,22
2011,8,34,Cathi Unsworth,1,1,0,2
2011,8,34,Ian Pindar,1,0,0,0
2011,8,34,Aimee Shalan,1,2,0,0
2011,8,34,Kathryn Hughes,1,7,0,5
2011,8,34,Rachel Seiffert,1,0,0,0
2011,8,34,Adam Newey,1,7,1,14
2011,8,34,William Leith,1,13,0,2
2011,8,34,John Mullan,1,30,2,54
2011,8,34,Laura Wilson,1,12,0,18
2011,8,34,Frances Stonor Saunders,1,44,0,26
2011,8,34,Michael Holroyd,1,1,0,4
2011,8,34,Jancis Robinson,1,5,0,3
2011,8,34,Leonard Barden,1,0,0,2
2011,8,34,Alys Fowler,2,12,0,8
2011,8,34,Angela Neustatter,1,525,6,63
2011,8,34,Yotam Ottolenghi,1,79,2,42
2011,8,34,Joanna Blythman,1,10,1,4
2011,8,34,Rosanna Greenstreet,1,24,1,16
2011,8,34,<strong>Alexis Petridis</strong>,1,1,0,29
2011,8,34,Tom Dyckhoff,1,90,0,9
2011,8,34,Dan Lepard,1,424,1,45
2011,8,34,Matthew Fort,1,0,0,13
2011,8,34,Charlotte Hilbrandt Kallehauge,1,236,1,19
2011,8,34,Interview by Becky Barnicoat. Photograph by <a href="http://www.emilystein.co.uk/" title="">Emily Stein</a>,1,3,0,6
2011,8,34,Lia Leendertz,1,5,0,5
2011,8,34,Thomas Eaton,1,0,0,0
2011,8,34,Oliver Burkeman,1,75,1,24
2011,8,34,Tom Stuart-Smith,1,21,1,13
2011,8,34,Tim Dowling,1,13,0,14
2011,8,34,Rose Smith,1,1,0,9
2011,8,34,Zoe Williams,1,989,2,250
2011,8,34,Miles Brignall,3,4,0,60
2011,8,34,Tom Gockelen-Kozlowski,1,136,0,18
2011,8,34,Alexander Masters,1,505,34,72
2011,8,34,Emma Lunn,1,7,1,37
2011,8,34,Anna Tims,1,63,1,33
2011,8,34,Jeremy Bullmore,1,7,0,5
2011,8,34,Polly Benson,1,89,0,32
2011,8,34,Rupert Jones,2,115,0,85
2011,8,34,The Secret Footballer,1,42,1,119
2011,8,34,Jim Perrin,1,9,0,21
2011,8,34,Patrick Ness,1,15,0,20
2011,8,34,Ben Jennings,1,41,0,19
2011,8,34,Andrew Collins,1,1,0,2
2011,8,34,Francesca Babb,1,20,0,8
2011,8,34,Kevin Sampson,1,16,0,13
2011,8,34,Paul MacInnes,1,1,0,16
2011,8,34,Annalisa Barbieri,1,22,0,7
2011,8,34,Robert Clark,1,42,0,8
2011,8,34,Sian Rowe,1,97,0,27
2011,8,34,The Guide,3,275,0,40
2011,8,34,Nick McGrath,1,7,0,6
2011,8,34,Chris Mullin,1,6,0,19
2011,8,34,Joanna Briscoe,1,27,0,24
2011,8,34,Michelle Hather,1,21,0,39
2011,8,34,Maureen Paton,1,146,1,41
2011,8,34,John Patterson,1,2,1,2
2011,8,34,Grace Dent,1,7,0,51
2011,8,34,John Fordham &amp; John Robinson,1,0,0,4
2011,8,34,Gareth Aveyard,1,38,2,79
2011,8,34,Nick Gillett,1,0,1,53
2011,8,34,Patric Baird,1,4,0,3
2011,8,34,John Mitchell,1,4,0,3
2011,8,34,Sam Richards &amp; Marc Rowlands,1,4,0,3
2011,8,34,Mark Cook &amp; Lyn Gardner,1,20,0,9
2011,8,34,Michael Holden,1,0,0,0
2011,8,34,Robert Clark &amp; Skye Sherwin,1,54,0,19
2011,8,34,James Kettle,1,17,0,8
2011,8,34,Stuart Jeffries,1,54,0,25
2011,8,34,Interview by Paula Cerutti,1,0,0,9
2011,8,34,Colette Bernhardt,1,0,0,2
2011,8,34,Clare Considine &amp; Katrina Dixon,1,0,0,2
2011,8,34,Oliver Laughland,1,0,0,7
2011,8,34,Dale Berning,1,0,0,6
2011,8,34,Imogen Tilden,1,53,1,35
2011,8,34,Fiona Maddocks,2,124,2,31
2011,8,34,Simon Callow,1,180,0,30
2011,8,34,Nicola Jennings,1,1,0,6
2011,8,34,Joe Berger &amp; Pascal Wyse,1,0,0,4
2011,8,34,Valentine,1,5,0,11
2011,8,34,Bidisha,1,1,0,6
2011,8,34,Peter Tinson,1,0,0,4
2011,8,34,David Roberts,1,695,2,257
2011,8,34,Paul Muldoon,1,0,0,6
2011,8,34,Louise Taylor at the Stadium of Light,1,53,2,79
2011,8,34,Paul Wilson at the Emirates Stadium,1,209,1,146
2011,8,34,Mats Persson,1,16,1,26
2011,8,34,Christopher Stephen,1,86,1,152
2011,8,34,Eddie Butler at the Millennium Stadium,1,2,1,6
2011,8,34,Sarah Wildman,1,20,1,20
2011,8,34,Andy Hunter at Goodison Park,1,21,1,61
2011,8,34,David Lacey at Villa Park,1,8,1,61
2011,8,34,<strong>Joe Lovejoy </strong>at the Liberty Stadium,1,3,0,84
2011,8,34,Georgina Turner at the City Ground,1,2,0,10
2011,8,34,Agnès Poirier,1,40,0,15
2011,8,34,Paul Wilson at Emirates Stadium,1,63,2,70
2011,8,34,Sam Cunningham at St Mary's Stadium,1,13,0,9
2011,8,34,Andy Wilson at The Stoop,1,0,0,5
2011,8,34,Paul Hayward at the Emirates Stadium,1,40,0,148
2011,8,34,Daniel Boffey,3,1756,2,505
2011,8,34,Jamie Doward,5,1109,6,430
2011,8,34,Dominic Fifield at Stamford Bridge,1,30,1,145
2011,8,34,Nial Briggs,1,1,0,9
2011,8,34,Mike Brearley,1,9,0,16
2011,8,34,Cherry Wilson,1,54,0,80
2011,8,34,Tony Blair,1,944,5,220
2011,8,34,Toby Helm,1,1244,2,348
2011,8,34,Inez Sarkodee-Adoo,1,129,0,32
2011,8,34,Anna Kessel,1,313,1,31
2011,8,34,Ginetta Vedrickas,1,25,0,36
2011,8,34,Eddie Butler,1,1,1,15
2011,8,34,Giles Richards,1,3,0,23
2011,8,34,Paul Rees at the Aviva Stadium,1,0,0,10
2011,8,34,Marlon Devonish,1,4,0,4
2011,8,34,Margaret Dibben,3,7,1,30
2011,8,34,Chris Riddell,1,38,0,24
2011,8,34,Tom Lee,1,2,0,6
2011,8,34,Jo Jones,2,4,0,16
2011,8,34,Julian Coman,1,413,3,122
2011,8,34,Elizabeth Day,1,5,0,10
2011,8,34,Barbara Ellen,1,15,0,18
2011,8,34,Dan Pearson,1,33,1,28
2011,8,34,Peter Conrad,1,246,3,141
2011,8,34,Alex Clark,2,28,1,51
2011,8,34,Kitty Empire,3,48,0,11
2011,8,34,Dalya Alberge,1,63,1,17
2011,8,34,Andy Morgan,1,570,2,74
2011,8,34,Jacob Kenedy,1,196,5,65
2011,8,34,Philip Womack,1,3,0,1
2011,8,34,Lucy Siegle,1,130,1,40
2011,8,34,Rob Gallagher,1,0,0,4
2011,8,34,Gareth Grundy,1,1,1,13
2011,8,34,Philip French,7,69,1,28
2011,8,34,Susannah Clapp,1,19,0,11
2011,8,34,Mark Townsend,2,82,1,54
2011,8,34,Vanessa Thorpe,3,425,1,171
2011,8,34,David Hills,1,31,1,11
2011,8,34,Ben Shephard,1,21,0,6
2011,8,34,Killian Fox,2,54,0,22
2011,8,34,Molloy Woodcraft,1,1,0,3
2011,8,34,Annie Kelly,1,754,10,145
2011,8,34,Matthew Kneale,1,25,1,41
2011,8,34,Ed Vulliamy,1,136,1,37
2011,8,34,Robin McKie,2,1176,29,421
2011,8,34,Morwenna Ferrier,1,2,0,7
2011,8,34,Mark Kermode,1,1,0,9
2011,8,34,Dave Gelly,1,0,0,1
2011,8,34,Interview by Killian Fox,1,86,0,24
2011,8,34,Katharine Whitehorn,1,2,0,1
2011,8,34,Tim Lewis,2,137,1,40
2011,8,34,Mikey Cuddihy,1,134,1,12
2011,8,34,Adam Mars-Jones,1,5,0,2
2011,8,34,Neil Spencer,1,2,0,1
2011,8,34,Shahesta Shaitly,1,18,0,9
2011,8,34,Mina Holland,1,16,0,6
2011,8,34,Aleks Krotoski,1,45,6,95
2011,8,34,Interview by James McMeekin,1,25,0,1
2011,8,34,Quentin Wheeler,1,28,0,23
2011,8,34,Helen Seamons,1,1,0,6
2011,8,34,Mariella Frostrup,1,0,0,5
2011,8,34,Chris Schilling,2,3,0,40
2011,8,34,Interview by Tom Lamont,1,9,0,5
2011,8,34,Phil Hogan,1,0,0,4
2011,8,34,John Naughton,2,157,26,284
2011,8,34,Stephen Pritchard,1,0,0,5
2011,8,34,Nicholas Kenyon,2,8,0,15
2011,8,34,Peter Preston,3,8,0,33
2011,8,34,Euan Ferguson,1,4,0,14
2011,8,34,Jason Solomons,1,42,0,13
2011,8,34,Jon Davis,1,105,0,19
2011,8,34,Jason Cowley,1,92,1,77
2011,8,34,The Observer,1,1,0,8
2011,8,34,Gareth Rubin,1,119,0,19
2011,8,34,Bradley Wilkinson,1,151,2,95
2011,8,34,Catherine Bennett,1,15,1,10
2011,8,34,Kevin McKenna,1,14,0,22
2011,8,34,Nick Cohen,1,113,0,28
2011,8,34,Mark Honigsbaum,1,978,16,152
