year,month,week,name,articles,facebook,googleplus,twitter
2011,7,30,Editorial,20,188,13,600
2011,7,30,Agencies,12,2199,10,500
2011,7,30,Andy Hunter,1,3,0,13
2011,7,30,Paul Chronnell,4,6,1,48
2011,7,30,Press Association,90,1059,35,2229
2011,7,30,Vikram Dodd,11,1749,45,849
2011,7,30,Tom Jenkins,4,3,1,37
2011,7,30,Ed Pilkington,7,2439,100,1348
2011,7,30,Mark King,10,108,4,497
2011,7,30,Michael Smyth,1,5,0,30
2011,7,30,Madeleine Bunting,3,864,18,246
2011,7,30,Sarah Hartley,2,8,1,87
2011,7,30,Graeme Wearden,9,187,11,351
2011,7,30,Maggie Brown,3,20,0,74
2011,7,30,Roy Greenslade,31,1121,23,733
2011,7,30,Dave Hill,9,74,0,150
2011,7,30,Jemima Kiss,13,502,154,1992
2011,7,30,Keith Stuart,8,47,13,367
2011,7,30,Matthew Caines,5,8,0,207
2011,7,30,Kate Sahota,1,1,0,5
2011,7,30,Andrew Sparrow,5,4262,60,2500
2011,7,30,Ben Quinn,5,3575,84,1858
2011,7,30,Lisa O'Carroll,17,136,25,712
2011,7,30,Jill Treanor,8,259,8,256
2011,7,30,Associated Press,30,2440,113,1508
2011,7,30,Justin McCurry,3,357,5,170
2011,7,30,Scott Murray,3,21,1,71
2011,7,30,Dick Vinegar,2,2,0,35
2011,7,30,Donnacha DeLong,1,22,0,15
2011,7,30,Rol,1,47,1,21
2011,7,30,Marden,1,47,1,21
2011,7,30,Matthew Weaver,3,40,0,143
2011,7,30,Duncan Campbell,2,77,0,45
2011,7,30,Rick Stein,3,36,0,37
2011,7,30,Jonathan Wilson,5,160,10,79
2011,7,30,David Walker,2,0,0,18
2011,7,30,Reuters,23,784,23,733
2011,7,30,Stuart Dredge,7,53,23,557
2011,7,30,Alex Hawkes,19,2,1,170
2011,7,30,AL Kennedy,1,31,3,49
2011,7,30,Nick Hopkins,8,64,2,143
2011,7,30,Mark Vernon,1,169,1,44
2011,7,30,Pete Langman,1,53,2,39
2011,7,30,Hélène Mulholland,9,830,20,319
2011,7,30,political reporter,3,18,6,125
2011,7,30,Frédéric Filloux,1,6,2,68
2011,7,30,Sarah Crown,8,79,5,209
2011,7,30,Marcel Engel for the <a href="http://www.guardian.co.uk/guardian-professional?INTCMP=SRCH" title="">Guardian Professional Network</a>,1,16,0,35
2011,7,30,Evan Fanning,6,213,7,333
2011,7,30,Simon Rogers,6,189,12,540
2011,7,30,Ami Sedghi,5,122,7,323
2011,7,30,Catherine Phipps,1,21,0,49
2011,7,30,Jean-Louis Gassée,1,5,0,71
2011,7,30,Jeremy Kay,1,43,8,46
2011,7,30,Sean Michaels,12,904,30,702
2011,7,30,Monkey,6,12,4,103
2011,7,30,Andrew Clements,12,52,0,93
2011,7,30,Jonathan Watts,5,308,15,296
2011,7,30,Hugh Muir,8,152,8,258
2011,7,30,Sandra Laville,1,3,0,14
2011,7,30,Marc Lockley,1,11,1,13
2011,7,30,Jacob Kenedy,2,117,1,23
2011,7,30,Alex Healey,1,22,1,3
2011,7,30,Gary Barker,1,62,1,11
2011,7,30,Amisha Ghadiali,1,16,0,50
2011,7,30,Henry McDonald,11,222,7,242
2011,7,30,Irel,3,106,2,38
2011,7,30,Gerard Lemos,1,23,0,28
2011,7,30,Charles Arthur,21,3697,507,4323
2011,7,30,agencies,18,408,139,1609
2011,7,30,Ben Child,9,379,29,293
2011,7,30,Claire Provost,1,22,0,22
2011,7,30,Professor Dominic Shellard,1,16,0,38
2011,7,30,Judy Friedberg,4,11,0,36
2011,7,30,Benrik Pitch,1,0,0,3
2011,7,30,Guardian Government Computing,8,3,2,55
2011,7,30,Patrick Wintour,15,423,34,874
2011,7,30,Leo Hickman,4,1347,35,989
2011,7,30,Claire Armitstead,2,2,0,48
2011,7,30,Hilary Osborne,4,12,0,89
2011,7,30,Philip Oltermann,1,63,0,34
2011,7,30,Christian Bennett,2,63,0,38
2011,7,30,Carol Rumens,1,36,0,19
2011,7,30,Anonymous,2,21,1,66
2011,7,30,Peter Walker,7,150,7,752
2011,7,30,Ally Fogg,1,480,13,116
2011,7,30,Dixe Wills,1,47,2,14
2011,7,30,Greg Wood,6,3,0,34
2011,7,30,Clare Horton,5,28,0,17
2011,7,30,Ian Gittins,2,7,0,15
2011,7,30,Dan Milmo,9,451,6,412
2011,7,30,By Our Industrial Staff,1,0,0,25
2011,7,30,Charlie,1,78,1,11
2011,7,30,Henry Barnes,8,130,1,149
2011,7,30,Open thread,4,22,1,75
2011,7,30,Richard Lea,3,120,7,121
2011,7,30,Rachel Dixon,4,3606,13,462
2011,7,30,Michael Cragg,5,51,0,131
2011,7,30,Gill Hitchcock,3,4,0,50
2011,7,30,SABMiller,1,2,0,17
2011,7,30,John Plunkett,7,301,3,162
2011,7,30,Betsy Rothstein,1,140,0,20
2011,7,30,Julia Eccleshare,2,0,0,91
2011,7,30,Jason Deans,5,126,2,106
2011,7,30,Sam Jones,4,824,14,123
2011,7,30,Kim Foo,1,44,1,18
2011,7,30,Mark Borkowski,1,7,1,23
2011,7,30,Nicholas Watt,10,45,4,203
2011,7,30,Bill Nighy,1,14,0,24
2011,7,30,James Meikle,5,213,35,409
2011,7,30,Jonathan Jones,7,470,23,384
2011,7,30,Krystina Nellis,1,181,3,68
2011,7,30,Tracey Caldwell,1,0,1,18
2011,7,30,Harriet Sherwood,4,567,8,247
2011,7,30,Ewan Murray,6,16,0,74
2011,7,30,Sunshine Lichauco de Leon,1,55,0,35
2011,7,30,Michael White,4,41,3,106
2011,7,30,Mike Averis,8,29,1,47
2011,7,30,Steven Morris,8,67,3,241
2011,7,30,Jane Martinson,6,23,3,227
2011,7,30,Brian Logan,2,22,0,30
2011,7,30,Kate McCann,9,22,2,171
2011,7,30,Hari,3,11,0,161
2011,7,30,Jake,3,11,0,161
2011,7,30,Michael Jacobs,1,15,2,52
2011,7,30,Hannah Freeman,1,0,0,7
2011,7,30,Dave Young,1,241,1,18
2011,7,30,Leon Kaye for the <a href="http://www.guardian.co.uk/guardian-professional" title="">Guardian Professional Network</a>,1,7,0,69
2011,7,30,Matthew Taylor,4,107,3,84
2011,7,30,Rosie Niven,3,19,1,69
2011,7,30,Starburst,1,0,0,3
2011,7,30,Graham Kings,1,9,0,16
2011,7,30,Robert Engelman for <a href="http://www.e360.yale.edu" title="Yale Environment 360">Yale Environment 360</a>,1,2399,57,408
2011,7,30,part of the <a href="http://www.guardian.co.uk/environment/network" title="Guardian Environment Network">Guardian Environment Network</a>,5,2639,94,800
2011,7,30,Rory Carroll,1,50,1,46
2011,7,30,Michael Hann,3,257,6,107
2011,7,30,Andy Wilson,9,77,7,72
2011,7,30,Donald McRae,1,12,0,19
2011,7,30,Mark Say,7,2,6,68
2011,7,30,Declan Walsh,3,311,4,213
2011,7,30,Richard Norton-Taylor,7,86,7,494
2011,7,30,Allan Jenkins,1,2,0,13
2011,7,30,Elizabeth Baines,1,57,0,29
2011,7,30,Josh Halliday,13,99,12,571
2011,7,30,James Robinson,2,25857,825,11963
2011,7,30,Rupert Neate,5,75,2,184
2011,7,30,Marc Abrahams,1,18,2,8
2011,7,30,Mustafa Khalili,6,1665,13,199
2011,7,30,Laurence Topham,1,219,6,43
2011,7,30,Rebecca Waters,1,219,6,43
2011,7,30,Alan Travis,7,281,1,336
2011,7,30,Larry Elliott,7,260,3,288
2011,7,30,Phillip Inman,7,438,3,338
2011,7,30,Matt Trueman,2,84,0,36
2011,7,30,Jenny Jones,1,23,0,16
2011,7,30,Rachel Williams,3,134,1,115
2011,7,30,Simon Birch,1,14,0,100
2011,7,30,Louise Tickle,1,16,0,32
2011,7,30,Steven Heffer for the <a href="http://inforrm.wordpress.com/" title="">Inforrm blog</a>,1,49,0,34
2011,7,30,part of the <a href="http://www.guardian.co.uk/law/series/guardian-legal-network" title="">Guardian Legal Network</a>,1,49,0,34
2011,7,30,Paul Lester,5,82,1,95
2011,7,30,John Vidal,5,914,17,856
2011,7,30,Richard Adams,4,53,15,189
2011,7,30,Sarfraz Manzoor,1,155,2,102
2011,7,30,Saeed Kamali Dehghan,3,245,14,479
2011,7,30,Giles Tremlett,1,307,1,32
2011,7,30,Shiv Malik,3,2157,10,633
2011,7,30,Owen Gibson,9,261,18,655
2011,7,30,Cameron Robertson,1,1325,5,108
2011,7,30,Mona Mahmood,2,1326,5,119
2011,7,30,Caspar Llewellyn Smith,6,131,3,109
2011,7,30,Alfred Hickling,5,28,0,39
2011,7,30,Lyn Gardner,7,38,0,56
2011,7,30,Margaret Hughes,1,2,0,9
2011,7,30,Amelia Hill,4,29311,908,14363
2011,7,30,Caroline Davies,6,26418,855,12087
2011,7,30,David Subacchi,1,36,0,6
2011,7,30,John Fordham,6,211,3,46
2011,7,30,Dave Simpson,4,51,6,93
2011,7,30,Tom Parfitt,2,124,5,69
2011,7,30,Jonathan Powell,1,28,2,55
2011,7,30,Sara Elkamel,2,300,4,149
2011,7,30,Julian Glover,3,121,0,271
2011,7,30,Rob Evans,6,396,4,508
2011,7,30,Paul Lewis,10,983,26,980
2011,7,30,Nour Ali,5,151,4,367
2011,7,30,Harriet Swain,1,267,1,93
2011,7,30,Nick Davies,7,1978,48,2431
2011,7,30,Terry Smith,1,21,1,35
2011,7,30,Ian Black,4,914,11,461
2011,7,30,Interviews by Dave Simpson,1,69,3,61
2011,7,30,Stanley Uys,1,5,0,4
2011,7,30,Jeevan Vasagar,6,194,2,336
2011,7,30,Helena Smith,3,141,3,45
2011,7,30,Dominic Rushe,9,587,14,431
2011,7,30,Sarah Boseley,5,529,7,427
2011,7,30,Martin Robbins,2,70,4,79
2011,7,30,Simon Goodley,1,11,0,19
2011,7,30,Mike Baker,1,3,0,26
2011,7,30,John O'Connor,1,14,1,6
2011,7,30,Julian Borger,5,629,23,495
2011,7,30,Lianne Gutcher,4,167,1,107
2011,7,30,Janet Murray,1,6,0,37
2011,7,30,Alok Jha,3,338,13,151
2011,7,30,John Harris,3,1106,18,209
2011,7,30,Simon Hoggart,5,32,0,100
2011,7,30,Aditya Chakrabortty,1,37,2,63
2011,7,30,Abi Morgan,1,2,0,6
2011,7,30,as told to Vicky Frost,1,2,0,6
2011,7,30,Jon Henley,4,521,14,239
2011,7,30,Kira Cochrane,1,23,2,13
2011,7,30,Patrick Kingsley,2,251,8,186
2011,7,30,Chris Stephen,3,27,0,210
2011,7,30,Emma Drury,1,18,1,41
2011,7,30,Polly Toynbee,2,318,4,103
2011,7,30,Elisabeth Mahoney,4,5,0,36
2011,7,30,Ian Traynor,10,47,10,594
2011,7,30,Andrew Thomson,1,18,0,37
2011,7,30,George Monbiot,1,82,0,82
2011,7,30,Amelia Gentleman,1,77,0,72
2011,7,30,Gabriel Weston,1,1,0,2
2011,7,30,Luisa Dillner,1,11,1,11
2011,7,30,Hannah Booth,1,259,0,47
2011,7,30,Tim Dowling,3,447,3,46
2011,7,30,John Crace,4,8,1,75
2011,7,30,Nils Pratley,12,18,0,148
2011,7,30,Steve Bell,7,188,1,98
2011,7,30,Nina Power,1,296,0,77
2011,7,30,Mark Fisher,1,270,1,27
2011,7,30,Anna Kessel,4,6,0,19
2011,7,30,Interview by Laura Barnett,2,188,3,54
2011,7,30,Richard Williams,5,88,7,48
2011,7,30,Stuart Jeffries,4,62,2,97
2011,7,30,Stuart James,9,69,0,137
2011,7,30,Dominic Fifield,7,79,10,383
2011,7,30,Agnes Bolsø,1,124,0,73
2011,7,30,David Hopps at Lord's,9,34,7,82
2011,7,30,Julia Raeside,5,50,2,57
2011,7,30,Phelim O'Neill,6,4,0,48
2011,7,30,Nosheen Iqbal,2,4,0,20
2011,7,30,John Robinson,2,4,0,20
2011,7,30,Kevin Mitchell,5,15,0,31
2011,7,30,Ronan Bennett,1,0,0,15
2011,7,30,Daniel King,1,0,0,15
2011,7,30,David Hytner,4,59,3,121
2011,7,30,Matt Scott,8,3,1,105
2011,7,30,Alan Rusbridger,1,2,0,36
2011,7,30,Gareth Harvey (MeteoGroup),1,3,0,29
2011,7,30,Roger Redfern,1,6,0,44
2011,7,30,Denis Campbell,4,356,14,513
2011,7,30,Hannah Godfrey,5,2871,185,3572
2011,7,30,Jermaine Haughton,4,10,0,41
2011,7,30,Corrections,9,1,0,21
2011,7,30,Lawrence Donegan,3,27,1,86
2011,7,30,Ewen MacAskill,5,378,20,520
2011,7,30,Alan Sykes,1,29,1,29
2011,7,30,Nilanjana Bhowmick,1,71,1,33
2011,7,30,Philip Hunt,1,109,0,66
2011,7,30,Trevor Fisher,1,109,0,66
2011,7,30,Oliver Milman,1,253,1,147
2011,7,30,Martin Innes,1,5,0,17
2011,7,30,GrrlScientist,1,7,0,16
2011,7,30,Paul Owen,4,3507,48,1897
2011,7,30,Matt Wells,2,3547,44,1015
2011,7,30,Fiona Harvey,5,399,5,553
2011,7,30,Cllr Simon Henig,1,1,0,20
2011,7,30,Ian Hembrow,1,0,0,9
2011,7,30,Barney Ronay,2,25,1,48
2011,7,30,SA Mathieson,1,0,0,4
2011,7,30,Ivan Radford,1,238,0,109
2011,7,30,Tom Pietrasik,1,36,1,25
2011,7,30,Oliver Thring,1,220,3,18
2011,7,30,smilez,1,1,0,8
2011,7,30,Paddy Allen,1,409,23,344
2011,7,30,James Ball,6,536,41,874
2011,7,30,Paul Scruton,2,529,33,409
2011,7,30,Nicky Rojas,1,409,23,344
2011,7,30,Peter Beresford,1,15,0,12
2011,7,30,Katy Murrells,1,23,0,18
2011,7,30,Rahila Gupta,1,23,0,23
2011,7,30,Martin Wainwright,3,14,0,50
2011,7,30,Chris Smith,1,10,1,40
2011,7,30,Joshua Rozenberg,2,14,0,69
2011,7,30,Elizabeth Chamberlain,1,0,1,6
2011,7,30,Philip Mossop for the <a href="http://www.guardian.co.uk/guardian-professional?INTCMP=SRCH" title="">Guardian Professional Network</a>,1,5,0,14
2011,7,30,Tim Robinson,1,3,0,33
2011,7,30,for the <a href="http://www.guardian.co.uk/guardian-professional?INTCMP=SRCH" title="">Guardian Professional Networks</a>,1,3,0,33
2011,7,30,John Self,1,789,43,420
2011,7,30,Debbie Andalo,2,1,1,56
2011,7,30,Peter Bradshaw,8,51,0,96
2011,7,30,Curtis Jobling,1,11,0,39
2011,7,30,Barry Glendenning,4,17,14,66
2011,7,30,Alexandra Topping,5,198,4,300
2011,7,30,Sade Laja,4,4,1,44
2011,7,30,Helen Carter,8,62,5,195
2011,7,30,Leo Tong,1,193,8,89
2011,7,30,Kate Hodge,2,5,0,73
2011,7,30,John Podmore,1,38,0,27
2011,7,30,Chris Cook,4,1,0,24
2011,7,30,Tony Paley,4,0,0,34
2011,7,30,Catherine Shoard,2,62,0,27
2011,7,30,Nick Dearden,1,258,4,72
2011,7,30,Jamie Jackson,8,209,7,395
2011,7,30,Andy Bull,1,20,1,10
2011,7,30,Christophe Châtelot,1,4,1,6
2011,7,30,Philippe Dagen,1,102,1,28
2011,7,30,Daniel Murphy,1,21,0,34
2011,7,30,Anne Chemin,1,112,2,27
2011,7,30,Gary Younge,1,444,2,80
2011,7,30,Lindesay Irvine,2,2,0,33
2011,7,30,Stuart Evers,1,18,0,11
2011,7,30,Adam Sampson,1,2,0,25
2011,7,30,Liz Ford,3,128,5,130
2011,7,30,Zoe Williams,5,133,2,195
2011,7,30,Richard Peppiatt,1,123,1,68
2011,7,30,Eamonn Butler,1,123,1,68
2011,7,30,Henry Porter,3,139,12,400
2011,7,30,Brian Cathcart,1,123,1,68
2011,7,30,Heather Brooke,2,124,2,93
2011,7,30,Sophie Atherton,1,191,6,70
2011,7,30,Justin Dillon,1,12,1,67
2011,7,30,Sam Cowie,1,10,0,2
2011,7,30,Rob Percival,1,1,0,7
2011,7,30,Roberta Radu,1,29,0,0
2011,7,30,Manini Sheker,1,21,0,0
2011,7,30,Hanna Hindstrom,1,6,0,1
2011,7,30,Paige McClanahan,1,6,0,1
2011,7,30,Eleanor Davis,1,2,0,1
2011,7,30,Peter Geoghegan,1,2,0,0
2011,7,30,Samira Shackle,1,83,0,10
2011,7,30,Alice Klein,1,16,0,7
2011,7,30,Kiran Flynn,1,13,0,0
2011,7,30,Sarah Turley,1,1,1,14
2011,7,30,Angela Robson,1,0,0,0
2011,7,30,Huw Poraj-Wilczynski,1,2,0,0
2011,7,30,Jack Craze,1,0,0,1
2011,7,30,Chris Arnot,2,93,0,73
2011,7,30,New York,1,7,0,14
2011,7,30,Owen Bowcott,11,348,16,1035
2011,7,30,Alexis Petridis,4,386,8,218
2011,7,30,Melissa Cole,1,98,7,79
2011,7,30,happygirl165,1,2,0,8
2011,7,30,Bruce Barcott for <a href="http://www.onearth.org">OnEarth</a>,1,94,1,66
2011,7,30,Graham Snowdon,3,30,1,71
2011,7,30,Anthony Painter,1,18,0,38
2011,7,30,Randeep Ramesh,4,4083,64,2107
2011,7,30,Liz Williams,1,152,2,70
2011,7,30,Dan Sabbagh,6,55,3,127
2011,7,30,Rupert Jones,1,8,0,24
2011,7,30,Kim Willsher,7,1539,23,378
2011,7,30,Riazat Butt,2,594,2,87
2011,7,30,Mark Tran,6,1000,11,429
2011,7,30,Andrew Pulver,2,35,4,34
2011,7,30,Charles Gant,1,115,7,45
2011,7,30,Adam Gabbatt,1,0,0,13
2011,7,30,Damian Carrington,3,136,2,372
2011,7,30,Chris Stott,1,16,0,16
2011,7,30,Chris Wilkinson,1,2,0,7
2011,7,30,Justin McGuirk,1,157,3,67
2011,7,30,Maseeh Rahman,5,103,23,233
2011,7,30,Tom Hall,1,6,0,11
2011,7,30,John Plunkett and<strong> </strong>Jane Martinson,1,1199,40,224
2011,7,30,Xan Rice,5,5789,163,1013
2011,7,30,in Nairobi,1,5625,159,703
2011,7,30,Maren Meyer,2,22,0,25
2011,7,30,Laura Barnett,3,37,1,96
2011,7,30,Hélène Mulholl,5,92,4,335
2011,7,30,,5,92,4,335
2011,7,30,Simon Ricketts,1,9,1,19
2011,7,30,Stuart Heritage,6,76,7,188
2011,7,30,Simon Tisdall,2,0,0,18
2011,7,30,Peter Hetherington,1,41,0,35
2011,7,30,John Hooper,2,434,8,153
2011,7,30,Stephanie Thompson,1,1,0,10
2011,7,30,Alison Hurrey,1,0,0,0
2011,7,30,Andrew Gilbert,1,3,0,33
2011,7,30,Dave Laing,1,21,1,14
2011,7,30,Christopher Masters,1,15,0,19
2011,7,30,Katy Stoddard,1,7,0,12
2011,7,30,Chris Cook at Marlborough,1,4,0,4
2011,7,30,Stephen Carrick-Davies,1,38,5,138
2011,7,30,Daniel Boffey,5,208,3,425
2011,7,30,Tim Jonze,3,28,3,95
2011,7,30,Caroline Sullivan,5,48,10,828
2011,7,30,Jonathan Rowson,1,10,0,80
2011,7,30,Helen Meany,1,1,1,4
2011,7,30,Stephanie Blankenburg,1,10,0,25
2011,7,30,Suzanne Goldenberg,7,1719,23,875
2011,7,30,Pankaj Mishra,1,137,1,31
2011,7,30,Julia Kollewe,6,15,8,252
2011,7,30,Interviews by Dileep Premachandran,1,73,6,23
2011,7,30,John Ashdown,3,73,6,179
2011,7,30,Nagraj Gollapudi,1,73,6,23
2011,7,30,Hadley Freeman,1,22,0,12
2011,7,30,David Brindle,3,64,1,104
2011,7,30,Benji Lanyado,1,29,2,45
2011,7,30,Peter Collett,1,32,1,21
2011,7,30,Stephen Moss,2,109,3,61
2011,7,30,Tom Meltzer,1,6,0,4
2011,7,30,Peter Beaumont,8,192,82,1162
2011,7,30,Lucy Prebble,1,25,0,9
2011,7,30,Jess Cartner-Morley,5,57,0,166
2011,7,30,Sara Ilyas,1,6,0,15
2011,7,30,Harry Venning,1,45,0,5
2011,7,30,Simon Chilvers,3,16,1,80
2011,7,30,Jonathan Richards,1,427,82,1075
2011,7,30,Alex Graul,1,427,82,1075
2011,7,30,Martin Shuttleworth,1,427,82,1075
2011,7,30,Mariana Santos,1,427,82,1075
2011,7,30,Mee-Lai Stone,1,427,82,1075
2011,7,30,Alastair Dant,1,427,82,1075
2011,7,30,Ros Coward,1,93,2,148
2011,7,30,Dorian Lynskey,2,49,2,47
2011,7,30,Jonathan Freedland,1,81,0,21
2011,7,30,Xan Brooks,3,47,10,96
2011,7,30,SE Smith for <a href="http://meloukhia.net/">This Ain't Livin'</a>,1,27,1,21
2011,7,30,part of the Guardian Comment Network<strong> </strong>,1,27,1,21
2011,7,30,Victoria Coren,2,11,4,52
2011,7,30,Rebecca Nicholson,2,9,0,16
2011,7,30,Sam Wollaston,2,78,1,37
2011,7,30,Daniel Taylor,9,160,4,707
2011,7,30,Edward Herman,1,106,2,25
2011,7,30,David Peterson,1,106,2,25
2011,7,30,Johnny Howorth,1,24,0,15
2011,7,30,Elliot Smith,2,121,1,34
2011,7,30,Mike Selvey,2,0,0,7
2011,7,30,Alan Gardner,1,147,5,95
2011,7,30,Michael Billington,1,23,0,18
2011,7,30,Ben Arnold,3,26,1,45
2011,7,30,Andrew Mueller,3,22,3,88
2011,7,30,Rob Bagchi,2,60,2,21
2011,7,30,Virginia Spiers,1,2,0,29
2011,7,30,Alan Pickup,1,6,1,16
2011,7,30,Garry Blight,1,48,3,75
2011,7,30,Andy Gallagher,2,145,4,94
2011,7,30,Paul Torpey,1,48,3,75
2011,7,30,Sheila Pulham,1,48,3,75
2011,7,30,Paul Harris,2,147,7,229
2011,7,30,Simon Jenkins,2,186,4,130
2011,7,30,Marina Hyde,5,356,4,385
2011,7,30,Jay Rosen,1,321,38,389
2011,7,30,Jane Dudman,2,0,0,21
2011,7,30,Jo Adetunji,3,1,0,31
2011,7,30,Colin Cram,1,0,0,1
2011,7,30,Mark Smith,2,0,0,4
2011,7,30,Ben Cook,2,0,0,9
2011,7,30,Nick Huber,1,0,0,1
2011,7,30,Ian McCourt,1,5,0,3
2011,7,30,Jacob Steinberg,4,183,8,101
2011,7,30,Maev Kennedy,3,58,0,75
2011,7,30,Virginia Wallis,2,0,0,27
2011,7,30,Alex Evans,1,25,0,60
2011,7,30,Adam Vaughan,2,43,1,146
2011,7,30,Rebecca Smithers,3,43,0,274
2011,7,30,Rowenna Davis,1,1,0,43
2011,7,30,Maurice Glasman,1,1,0,43
2011,7,30,Presented by Aleks Krotoski,1,5,0,70
2011,7,30,produced by Scott Cawley,2,13,0,104
2011,7,30,Paul Doyle,3,15,0,70
2011,7,30,Keith Rhoades,1,0,0,14
2011,7,30,Hannah Fearn,2,0,0,13
2011,7,30,David Batty,4,130,64,1294
2011,7,30,Gerard Poole,1,379,0,110
2011,7,30,SuperBen,1,1,0,13
2011,7,30,Haroon Siddique,4,12,111,3422
2011,7,30,Jemima Jewell,1,0,0,26
2011,7,30,Stuart Kench,1,21,1,58
2011,7,30,Helen Parry,1,21,1,58
2011,7,30,Toby Manhire,1,75,3,46
2011,7,30,Megan Greene,1,5,0,20
2011,7,30,John Wright,1,11,1,27
2011,7,30,John Bailey,1,5,0,29
2011,7,30,Peter Forbes,1,43,5,65
2011,7,30,George Irvin for <a href="http://www.social-europe.eu/" title="Social Europe Journal">Social Europe Journal</a>,1,3,0,24
2011,7,30,part of the Guardian Comment Network,1,3,0,24
2011,7,30,David Barnett,1,3,0,44
2011,7,30,<a href="http://www.nickcunard.co.uk/">Nick Cunard</a>,1,22,0,21
2011,7,30,Adrian Leibowitz,1,22,0,21
2011,7,30,Sabine Pusch,1,22,0,21
2011,7,30,Lisa Evans,3,83,7,245
2011,7,30,Jason Farago,1,3,1,21
2011,7,30,Erica Jeal,2,0,0,14
2011,7,30,Richard Rae,4,0,0,26
2011,7,30,Paul Weaver,4,0,0,25
2011,7,30,Tina El-hage,1,14,0,36
2011,7,30,Alex Needham,3,263,20,387
2011,7,30,guardian.co.uk/fashion,2,30,1,60
2011,7,30,Amy Goodman,1,0,2,24
2011,7,30,Dan Gillmor,1,0,3,26
2011,7,30,Knox Chitiyo,1,42,1,56
2011,7,30,Patrick Barkham,1,14,3,73
2011,7,30,Alexander Lebedev,1,0,0,19
2011,7,30,Kate Sheppard for <a href="http://motherjones.com">Mother Jones</a>,1,18,2,93
2011,7,30,Alex Clark,1,32,0,16
2011,7,30,Kamin Mohammadi,1,91,11,53
2011,7,30,James Donaghy,1,32,2,18
2011,7,30,Ami Sedghi &amp; Simon Rogers,2,7,2,55
2011,7,30,Siobhain Butterworth,1,3,0,16
2011,7,30,Robert Greenwald,1,0,0,38
2011,7,30,Alistair Beaton,1,5,2,18
2011,7,30,By <a href="http://www.irinnews.org/" title="">IRIN</a>,1,9,0,45
2011,7,30,part of the <a href="http://www.guardian.co.uk/global-development/series/guardian-development-network" title="">Guardian development network</a>,1,9,0,45
2011,7,30,Rob Smyth,3,67,6,76
2011,7,30,Tamson Pietsch,1,0,0,3
2011,7,30,Andrew Gallix,1,2,1,21
2011,7,30,Henry K Miller,1,1,0,18
2011,7,30,Interview by Adrian Meyer,1,3,1,19
2011,7,30,Sarah Lewis-Hammond,1,49,0,79
2011,7,30,Adrian Meyer,1,3,0,28
2011,7,30,Presented by Aditya Chakrabortty,1,0,0,12
2011,7,30,produced by Phil Maynard,2,0,0,32
2011,7,30,James Kingsland,1,3,19,82
2011,7,30,Jane Perrone,1,0,0,10
2011,7,30,John Brunton,1,4,0,29
2011,7,30,Barbara O'Brien,1,56,6,37
2011,7,30,John Elkington for the <a href="http://www.guardian.co.uk/guardian-professional" title="Guardian Professional Network">Guardian Professional Network</a>,1,1,0,19
2011,7,30,Jonnie Marbles,1,49,18,222
2011,7,30,Chris Salmon,1,1,0,24
2011,7,30,Ben Dowell,3,9,0,150
2011,7,30,Matt Gemmell,1,38,20,304
2011,7,30,Christopher W,1,0,0,10
2011,7,30,Neil Clark,1,3,0,18
2011,7,30,Jo Blason,1,0,0,5
2011,7,30,Paul Fairclough,2,2,0,18
2011,7,30,Jason Rodrigues,2,0,1,10
2011,7,30,Vic Marks,1,0,0,10
2011,7,30,Angela Hartnett,1,7,0,9
2011,7,30,Anne Perkins,1,0,0,11
2011,7,30,Virginia Lopez,2,333,14,129
2011,7,30,Rosie Bristow for the <a href="http://www.guardian.co.uk/guardian-professional?INTCMP=SRCH" title="">Guardian Professional Network</a>,1,20,0,73
2011,7,30,Richard Williams at Pinerolo,1,1,7,7
2011,7,30,Ian Sample,3,232,148,497
2011,7,30,The people's panel,2,6,0,56
2011,7,30,Martin Argles,1,278,8,107
2011,7,30,Tom Service,1,7,0,16
2011,7,30,Matthew Pennycook,1,1,0,23
2011,7,30,Rick Muir,1,0,1,43
2011,7,30,Helen de Jode,1,12,5,92
2011,7,30,Clive Stafford Smith,1,3,2,17
2011,7,30,Natalie Bennett,1,0,0,3
2011,7,30,John di Folco,1,0,0,5
2011,7,30,Anthony Hayward,1,2,0,10
2011,7,30,Humphrey Burton,1,2,0,9
2011,7,30,Tully Potter,1,1,0,12
2011,7,30,Mo Dodson,1,15,0,5
2011,7,30,Patrick Butler,3,28,1,118
2011,7,30,Mark Beaumont,1,1,0,8
2011,7,30,David Hopps,1,0,0,10
2011,7,30,Stephen Bates,3,41,1,164
2011,7,30,Benjamen Walker,1,53,22,223
2011,7,30,Douglas Coupland,1,78,83,406
2011,7,30,Juliette Garside,11,2,0,137
2011,7,30,Will Hayler,4,0,0,30
2011,7,30,Heather Stewart,4,5,0,105
2011,7,30,Felicity Cloake,1,11,2,22
2011,7,30,Deborah Orr,3,7,4,140
2011,7,30,Andy Wilson at Headingley,3,0,0,10
2011,7,30,Matthieu Aikins,1,0,1,41
2011,7,30,in Kandahar,1,0,1,41
2011,7,30,Timothy Garton Ash,1,17,4,53
2011,7,30,Paul Weaver at Edgbaston,4,0,0,10
2011,7,30,Robert Booth,4,14,5,616
2011,7,30,Terry Macalister,3,12,0,102
2011,7,30,Mehdi Hasan,1,1,0,19
2011,7,30,As seen by Catherine Bennett,1,1,0,2
2011,7,30,Jon Boone,1,6,0,43
2011,7,30,Norman Tebbit,1,0,1,67
2011,7,30,David Leigh,3,6,7,252
2011,7,30,Seumas Milne,1,34,9,147
2011,7,30,Mark Lawson,1,6,0,12
2011,7,30,Mara Hvistendahl,1,2,1,20
2011,7,30,Interviews by Anna Tims,1,11,0,17
2011,7,30,Gwilym Mumford,3,2,0,38
2011,7,30,Ali Catterall,2,2,0,18
2011,7,30,Lydia Hislop,1,0,0,12
2011,7,30,Matt Shardlow,1,5,0,24
2011,7,30,Steve Rose,4,42,0,69
2011,7,30,Presented by Matt Wells,1,4,1,48
2011,7,30,produced by Ben Green,1,4,1,48
2011,7,30,Steve Judge,1,0,0,9
2011,7,30,David Mitchell,2,21,7,60
2011,7,30,AK Dube,1,17,0,28
2011,7,30,Martyn Hart,1,1,0,6
2011,7,30,Leo Benedictus,3,10,3,36
2011,7,30,Roy Mayall,1,22,2,17
2011,7,30,Daniel Taylor at Century Link Field,1,0,3,113
2011,7,30,Paddy Ashdown,1,53,2,129
2011,7,30,Kathleen Kelly,1,3,0,37
2011,7,30,Rachel Karasik,1,3,0,33
2011,7,30,Jess West,1,8,0,33
2011,7,30,lilybelle,1,0,0,6
2011,7,30,Aaron Porter,1,1,0,8
2011,7,30,John Neill,1,2,0,15
2011,7,30,chief executive,1,2,0,15
2011,7,30,Unipart Group,1,2,0,15
2011,7,30,Anna Codrea-Rado,1,0,0,3
2011,7,30,<a href="http://www.businessgreen.com">BusinessGreen</a>,1,70,33,147
2011,7,30,Tim Richardson,1,9,0,38
2011,7,30,Presented by Xan Brooks,1,0,0,19
2011,7,30,produced by Jason Phipps,1,0,0,19
2011,7,30,with Peter Bradshaw,1,0,0,19
2011,7,30,Martin Lindsay,1,34,1,84
2011,7,30,Marc Lester,1,34,1,84
2011,7,30,Jonathan Ross,1,20,6,91
2011,7,30,David Mead,1,24,0,29
2011,7,30,Nicholas Lezard,1,32,2,20
2011,7,30,Andy Bull (morning,2,0,0,62
2011,7,30,evening session),1,0,0,22
2011,7,30,Rob Smyth (afternoon session),1,0,0,22
2011,7,30,Caroline Slocock,1,0,0,5
2011,7,30,Tiana Reid,1,45,6,88
2011,7,30,Luke Barrett,1,0,0,10
2011,7,30,Hannah Read-Baldrey,1,20,0,19
2011,7,30,Christine Leech,1,20,0,19
2011,7,30,Isabel Choat,3,14,0,71
2011,7,30,Stephanie Draper for the <a href="http://www.guardian.co.uk/guardian-professional?INTCMP=SRCH" title="">Guardian Professional Network</a>,1,0,1,22
2011,7,30,Kate Carter,2,55,0,75
2011,7,30,Tim Ashley,1,0,0,14
2011,7,30,John Domokos,1,24,0,33
2011,7,30,Robert McCrum,2,6,0,127
2011,7,30,Kate Kellaway,1,0,0,24
2011,7,30,Geraldine Brennan,1,0,0,21
2011,7,30,Lisa O'Kelly,1,4,0,20
2011,7,30,Gemma Kappala-Ramsamy,2,98,19,88
2011,7,30,Richard Nelsson,1,0,0,41
2011,7,30,Richard Luscombe,2,9,21,94
2011,7,30,Peter Conrad,1,5,1,16
2011,7,30,Guardian Healthcare,3,0,0,19
2011,7,30,David Stark,1,12,6,116
2011,7,30,Fielding,1,6,1,28
2011,7,30,Bim Adewunmi,1,5,1,16
2011,7,30,Laura Laker,1,5,2,144
2011,7,30,Matina Stevis,1,1,0,29
2011,7,30,Darragh McManus,1,5,2,43
2011,7,30,Ed Pilkington New York,1,0,8,229
2011,7,30,Sam Haselby,1,3,2,29
2011,7,30,David Eastwood,1,2,0,18
2011,7,30,Natalie Hanman,1,0,0,22
2011,7,30,Lawrence Krauss,1,45,11,62
2011,7,30,Jill Insley,1,42,0,67
2011,7,30,Ben Kape,1,97,1,19
2011,7,30,Jonathan DG Jones,1,23,7,170
2011,7,30,Alex Aldridge,1,3,1,28
2011,7,30,Euclides Montes,1,7,0,9
2011,7,30,Presented by Jon Henley,1,0,0,20
2011,7,30,Kevin Fong,1,1,0,16
2011,7,30,Kari-Ruth Pedersen,1,74,5,126
2011,7,30,Helienne Lindvall,1,48,9,138
2011,7,30,Shehani Fernando,1,56,1,15
2011,7,30,Ken Macfarlane,2,62,1,25
2011,7,30,Glenn Greenwald,1,80,54,410
2011,7,30,guardian.co.uk,2,0,0,1
2011,7,30,Chris O'Brien,1,2,1,17
2011,7,30,James Grieve,1,1,0,19
2011,7,30,George Perrin,1,1,0,19
2011,7,30,Jo Confino,1,2,0,7
2011,7,30,ChristopherW,1,0,0,5
2011,7,30,Caroline De Haas,1,25,0,34
2011,7,30,Stephen Kelly,1,92,16,145
2011,7,30,Siobhan Dowling,3,30,11,114
2011,7,30,Leon Kaye for the <a href="http://www.guardian.co.uk/guardian-professional" title="Guardian Professional Network">Guardian Professional Network</a>,1,114,3,113
2011,7,30,Charles Bolden,1,0,0,17
2011,7,30,Kathy Sweeney,1,1,2,16
2011,7,30,Francis Gilbert,2,25,0,110
2011,7,30,Skye Sherwin,2,18,0,42
2011,7,30,Jon Dennis,2,21,0,26
2011,7,30,Dominic Fifield at the National Stadium,1,0,0,32
2011,7,30,Bukit Jalil,1,0,0,32
2011,7,30,Sadhbh Walshe,1,0,4,39
2011,7,30,Jack Schofield,1,1,1,43
2011,7,30,Richard Williams on the Col du Galibier,1,2,2,14
2011,7,30,Adam Rutherford,1,61,21,28
2011,7,30,Steven Barnett,1,0,0,42
2011,7,30,Jamie Thunder,1,2,0,81
2011,7,30,Judy Douglas-Boyd,1,0,0,3
2011,7,30,Christopher Evans,1,0,0,11
2011,7,30,Jermaine Houghton,1,1,0,1
2011,7,30,Ella Rolfe,1,3,1,23
2011,7,30,John Davies,1,0,0,19
2011,7,30,Jarosław Adamowski,1,0,0,7
2011,7,30,David Nutt,1,10,4,37
2011,7,30,David Frith,1,0,0,2
2011,7,30,Maddy Costa,3,3,0,27
2011,7,30,agency,1,0,0,26
2011,7,30,Anthony Thwaite,1,9,0,21
2011,7,30,David Smith,2,4,1,130
2011,7,30,Julie Bindel,1,7,2,48
2011,7,30,Richard Wachman,4,5,2,88
2011,7,30,Dr Karen James,1,3,2,20
2011,7,30,Chris Cook at Sandown,1,0,0,8
2011,7,30,Libby Brooks,1,1,0,49
2011,7,30,Simon Bowers,3,19,0,55
2011,7,30,Godfrey Mapondera,1,2,1,104
2011,7,30,Jim Newell,1,14,4,32
2011,7,30,Emine Saner,2,108,15,237
2011,7,30,Imogen Fox,3,5,0,95
2011,7,30,Alexander Chancellor,1,3,1,19
2011,7,30,Lance Price,1,1,1,39
2011,7,30,Vic Marks at Lord's,3,0,0,12
2011,7,30,Ellie Mae O'Hagan,1,290,0,135
2011,7,30,Phil Daoust,1,0,0,1
2011,7,30,Giles Richards at the Nürburgring,3,0,1,14
2011,7,30,John Patterson,2,1,2,47
2011,7,30,Michele Hanson,1,0,0,12
2011,7,30,As overheard by John Crace,1,0,0,4
2011,7,30,Pamela Stephenson Connolly,1,3,0,19
2011,7,30,Mike Selvey at Lord's,3,1,0,19
2011,7,30,Michael Volpe,1,2,0,13
2011,7,30,Kate Abbott,1,2,0,18
2011,7,30,Martin Kettle,1,0,0,17
2011,7,30,Matthew Sweet,1,10,1,26
2011,7,30,Vicky Frost,1,0,0,6
2011,7,30,Cath Clarke,2,16,0,10
2011,7,30,Geoffrey Macnab,1,20,0,10
2011,7,30,Anne Billson,1,0,0,10
2011,7,30,Jon Butterworth,2,9,6,39
2011,7,30,Laura Barton,1,0,0,9
2011,7,30,Soweto Kinch,1,6,0,12
2011,7,30,Patrick Curry,1,46,1,75
2011,7,30,Robin Denselow,3,3,0,23
2011,7,30,Richard Rae at the Rose Bowl,2,0,0,5
2011,7,30,Alex Macpherson,1,7,1,16
2011,7,30,Harry Pearson,1,0,2,39
2011,7,30,Richard Vine,1,2,0,8
2011,7,30,John Gilbey,1,0,0,30
2011,7,30,Kate Ravilious,1,1,0,5
2011,7,30,Zia Mahmood,1,0,0,3
2011,7,30,Catherine Lampert,1,27,8,64
2011,7,30,Mark Casebow,1,134,0,13
2011,7,30,Jess Cartner-Morley at Buckingham Palace,1,1,1,43
2011,7,30,Vanessa Thorpe,3,106,50,422
2011,7,30,Adrian Searle,1,5,2,32
2011,7,30,Diccon Bewes,1,15,1,13
2011,7,30,James Derounian,1,0,0,31
2011,7,30,Alexa Clay,1,12,2,107
2011,7,30,By <a href="http://www.irinnews.org/" title="IRIN">IRIN</a>,1,3,4,31
2011,7,30,part of the <a href="http://www.guardian.co.uk/global-development/series/guardian-development-network" title="Guardian development network">Guardian development network</a>,1,3,4,31
2011,7,30,Osama Diab,1,37,4,57
2011,7,30,David McCandless,1,118,10,184
2011,7,30,Tom Symons,1,1,0,15
2011,7,30,Anita Pati,1,0,0,15
2011,7,30,Richard Vize,1,0,0,23
2011,7,30,James Campbell,1,2,0,95
2011,7,30,Jacqui Timberlake,1,26,0,41
2011,7,30,Sanjoy Roy,1,1,0,4
2011,7,30,Lewis K Cooper,1,0,0,13
2011,7,30,Michael Rosen,1,2,0,55
2011,7,30,Tim Chester,1,0,3,62
2011,7,30,Paul MacInnes,1,1,2,35
2011,7,30,Jenn Ashworth,1,12,0,11
2011,7,30,evening),1,0,0,40
2011,7,30,Alan Gardner (afternoon),1,0,0,40
2011,7,30,Trewin Restorick for the <a href="http://www.guardian.co.uk/guardian-professional" title="">Guardian Professional Network</a>,1,31,0,56
2011,7,30,Tayo Yusuff,2,1,1,64
2011,7,30,David L Rattigan,1,68,3,51
2011,7,30,Edward Lawrence,1,0,1,16
2011,7,30,Ed Jacobs,1,0,0,14
2011,7,30,Karen Homer,1,0,0,15
2011,7,30,Pete Foster for the <a href="http://www.guardian.co.uk/guardian-professional" title="Guardian Professional Network">Guardian Professional Network</a>,1,0,0,5
2011,7,30,Michelle Pauli,1,0,0,26
2011,7,30,Damian Tambini,1,0,0,38
2011,7,30,Rory Sullivan for the <a href="http://www.guardian.co.uk/guardian-professional" title="">Guardian Professional Network</a>,1,4,0,39
2011,7,30,Dr Nathalie Pettorelli,1,76,18,64
2011,7,30,Dr Seirian Sumner,1,76,18,64
2011,7,30,Frederika Whitehead,2,8,0,55
2011,7,30,Seema Sengupta,1,16,3,43
2011,7,30,Frances Booth,1,0,0,5
2011,7,30,John Baron,2,13,0,12
2011,7,30,Neil Rose,1,2,0,33
2011,7,30,Sue Rice,1,0,0,12
2011,7,30,Stuart O'Connor,1,0,0,27
2011,7,30,Ray Smith for <a href="http://www.ipsnews.net/news.asp?idnews=49597">IPS</a>,1,21,0,51
2011,7,30,part of the <a href="http://www.guardian.co.uk/environment/network">Guardian Environment Network</a>,2,214,6,171
2011,7,30,Adam Aston for <a href="http://www.onearth.org">OnEarth</a>,1,58,1,86
2011,7,30,Leonard Barden,1,0,0,1
2011,7,30,By Judith D Schwartz for <a href="http://www.conservationmagazine.org/2011/06/greener-pastures/">Conservation</a>,1,193,6,120
2011,7,30,Presented by Alexis Petridis,1,8,0,34
2011,7,30,Jo Wheeler,1,8,0,34
2011,7,30,Presented by Claire Armitstead,1,5,0,9
2011,7,30,Produced by Iain Chambers,2,18,1,27
2011,7,30,Nick Cowen,1,0,0,33
2011,7,30,Belinda Webb,1,0,0,23
2011,7,30,Kim Catcheside,1,0,0,8
2011,7,30,Michellle Pauli,1,3,0,9
2011,7,30,Presented by Hugh Muir,1,7,0,19
2011,7,30,produced by Peter Sale,1,7,0,19
2011,7,30,Steve Boxer,1,12,0,34
2011,7,30,Lucy Reed,1,11,1,29
2011,7,30,Ian Katz,2,1,2,166
2011,7,30,Laura Oliver,1,0,0,14
2011,7,30,James Walsh,1,0,0,14
2011,7,30,Hannah Waldram,1,0,0,14
2011,7,30,John Barker,1,1,1,35
2011,7,30,Jason Phipps,2,0,1,14
2011,7,30,Ben Goldacre,1,68,1,384
2011,7,30,Rowan Moore,3,61,3,147
2011,7,30,Richard Williams at Alpe-d'Huez,1,1,1,6
2011,7,30,Alistair Smith,1,0,0,11
2011,7,30,Charlie Charalambous,1,66,2,51
2011,7,30,in New York,1,0,1,50
2011,7,30,Andrew O'Hagan,1,18,3,58
2011,7,30,Miriam Elder,1,18,5,41
2011,7,30,Sarah Davenport,1,10,3,21
2011,7,30,Kirsty Scott,2,5,1,94
2011,7,30,Mark Weisbrot,1,119,2,32
2011,7,30,Laura Cumming,3,25,4,42
2011,7,30,Judith Mackrell,2,0,0,9
2011,7,30,Merope Mills,1,14,0,20
2011,7,30,Ian Rickson,1,5,0,23
2011,7,30,Gwyneth Jones,1,3,1,27
2011,7,30,Interviews by William Fotheringham,1,12,1,39
2011,7,30,Ian Jack,1,4,0,14
2011,7,30,Reuters Lilongwe,1,6,0,23
2011,7,30,Suzanne Moore,1,0,1,39
2011,7,30,Interview by Susanna Rustin,1,6,0,18
2011,7,30,Giulio Frigieri,1,0,0,3
2011,7,30,Giles Richards,3,0,0,27
2011,7,30,Megan Carpentier,1,0,1,17
2011,7,30,Sid Lowe,1,2,2,103
2011,7,30,Lee Glendinning,1,5,3,32
2011,7,30,Tolu Ogunlesi,1,5,3,32
2011,7,30,Oliver Laughland,1,0,0,9
2011,7,30,Interview by Oliver Laughland,1,0,0,1
2011,7,30,Sali Hughes,2,2,0,13
2011,7,30,Jill Hamilton,1,12,0,28
2011,7,30,Sally Shalam,1,3,0,17
2011,7,30,Hank Wangford,1,44,0,9
2011,7,30,Jane Mulkerrins,1,23,0,3
2011,7,30,Joanne O'Connor,1,0,0,7
2011,7,30,Rupert Mellor,1,38,9,14
2011,7,30,Mark Porter,1,11,1,19
2011,7,30,Ian Thomson,1,10,2,31
2011,7,30,PD Smith,1,8,0,47
2011,7,30,Ian Pindar,1,0,0,1
2011,7,30,Vera Rule,1,3,0,2
2011,7,30,Alberto Manguel,1,32,0,24
2011,7,30,Miri Rubin,1,3,0,0
2011,7,30,John Mullan,1,0,0,7
2011,7,30,Joanna Kavenna,1,8,2,8
2011,7,30,Laura Wilson,1,0,0,8
2011,7,30,Paul Batchelor,1,0,0,1
2011,7,30,Steven Poole,1,8,2,6
2011,7,30,Isobel Montgomery,2,0,0,3
2011,7,30,Aimee Shalan,1,0,0,7
2011,7,30,John Banville,1,8,2,23
2011,7,30,Sue Arnold,1,5,0,4
2011,7,30,Joe Dunthorne,1,1,1,11
2011,7,30,Tessa Hadley,1,9,0,1
2011,7,30,Jeremy Bullmore,1,0,0,3
2011,7,30,Miles Brignall,8,68,5,485
2011,7,30,Fiona Beckett,1,4,0,23
2011,7,30,Noel Hernandez,1,0,0,1
2011,7,30,Kate Jacobs,1,10,0,2
2011,7,30,Dan Lepard,1,13,0,28
2011,7,30,Joe Berger,1,1,0,0
2011,7,30,Pascal Wyse,1,1,0,0
2011,7,30,Jess Cartner-Morley:,1,0,0,6
2011,7,30,Lia Leendertz,2,0,0,3
2011,7,30,Alys Fowler,2,5,0,11
2011,7,30,Moby,1,8,0,3
2011,7,30,Tom Dyckhoff,1,350,1,15
2011,7,30,Rosanna Greenstreet,1,13,2,40
2011,7,30,Matthew Fort,1,0,0,2
2011,7,30,Yotam Ottolenghi,1,26,2,25
2011,7,30,John Lanchester,1,3,0,7
2011,7,30,Dawn Isaac,1,3,0,10
2011,7,30,Oliver Burkeman,1,121,7,89
2011,7,30,Hugh Fearnley-Whittingstall,1,45,6,65
2011,7,30,Jon McGregor,1,9,0,13
2011,7,30,Jennifer Egan,1,322,23,416
2011,7,30,Interview by Becky Barnicaot,1,15,0,17
2011,7,30,Thomas Eaton,1,0,0,8
2011,7,30,Emma Lunn,1,19,2,167
2011,7,30,Fan Flaherty,1,2,0,13
2011,7,30,Adam Dewar,1,21,14,79
2011,7,30,David Nicholls,1,40,1,43
2011,7,30,Anna Tims,1,19,0,5
2011,7,30,Angela Foster,1,13,0,38
2011,7,30,Adam Bryant,1,16,2,82
2011,7,30,Jill Papworth,1,19,0,26
2011,7,30,Maggie Robb,2,18,0,8
2011,7,30,Ursula Wills-Jones,1,0,0,8
2011,7,30,George Craig,1,9,0,2
2011,7,30,Teresa Stenson,1,3,1,28
2011,7,30,Patrick Collinson,2,40,17,434
2011,7,30,Jim Perrin,1,0,0,22
2011,7,30,Tim Radford,1,1,0,1
2011,7,30,Daniel Taylor Los Angeles,1,2,0,41
2011,7,30,Martin Rowson,1,1,0,13
2011,7,30,Philip Horne,1,33,0,29
2011,7,30,Nicholas Wroe,1,11,0,42
2011,7,30,Marcus Sedgwick,1,3,0,3
2011,7,30,James Hall,1,9,0,9
2011,7,30,Read by David Nicholls,1,13,1,18
2011,7,30,Grant Morrison,1,60,18,87
2011,7,30,Alex Godfrey,1,0,1,19
2011,7,30,Nick McGrath,1,0,1,7
2011,7,30,Paul Walker,1,2,0,11
2011,7,30,Robert Clark,1,0,0,28
2011,7,30,Johnny Dee,1,0,0,2
2011,7,30,Justin Quirk,1,11,2,7
2011,7,30,Laura Ambrose,1,0,0,5
2011,7,30,Annalisa Barbieri,1,0,0,6
2011,7,30,Simon Stephenson,1,132,3,75
2011,7,30,Ian Sansom,1,3,0,17
2011,7,30,Grace Dent,1,20,5,88
2011,7,30,Rosie Millard,1,4,0,13
2011,7,30,The Guide,2,0,0,5
2011,7,30,John Fordham &amp; John Robinson,1,0,0,6
2011,7,30,Tony Naylor,1,9,0,11
2011,7,30,Nick Gillett,1,0,0,41
2011,7,30,James Kettle,1,0,0,5
2011,7,30,Patric Baird,1,0,0,6
2011,7,30,Leonie Cooper,1,0,0,6
2011,7,30,John Mitchell &amp; Marc Rowlands,1,0,0,6
2011,7,30,Michael Holden,1,1,0,0
2011,7,30,Mark Cook &amp; Lyn Gardner,1,3,0,4
2011,7,30,Robert Clark &amp; Skye Sherwin,1,4,0,13
2011,7,30,Iain Aitch,1,0,0,3
2011,7,30,Camilla Apcar &amp; Clare Considine,1,0,0,3
2011,7,30,Nicola Jennings,1,0,0,14
2011,7,30,Dan Martin,1,2,0,11
2011,7,30,Tom Bryant,1,1,0,90
2011,7,30,Rob Smyth (morning,1,0,5,37
2011,7,30,evening sessions),1,0,5,37
2011,7,30,Simon Burnton (afternoon session),1,0,5,37
2011,7,30,Greg Chamberlain,1,2,0,11
2011,7,30,John Gower,1,1,0,25
2011,7,30,Francis Spufford,1,4,3,55
2011,7,30,Gregg Roughley,1,0,2,15
2011,7,30,Giles Richards at Nürburgring,2,0,0,10
2011,7,30,Ewan Murray at Ibrox,1,0,1,5
2011,7,30,Nial Briggs,1,0,0,3
2011,7,30,Mike Brearley at Lord's,1,4,3,26
2011,7,30,Paul Doyle at the KC Stadium,1,5,1,42
2011,7,30,Mark Townsend,4,80,27,669
2011,7,30,Tracy McVeigh,5,136,35,636
2011,7,30,Andy Wilson at the Halliwell Jones Stadium,1,0,0,12
2011,7,30,Cherry Wilson,3,25,58,457
2011,7,30,Greg Wood at Ascot,1,1,0,4
2011,7,30,Knut Olav Åmås,1,5,5,78
2011,7,30,Toby Helm,2,14,12,340
2011,7,30,Jamie Doward,5,114,21,470
2011,7,30,Barbara Ellen,3,20,2,107
2011,7,30,Sean O'Hagan,1,4,5,59
2011,7,30,Simon Burnton,1,0,0,8
2011,7,30,Tim Lewis,2,14,4,40
2011,7,30,Paul Hayward,1,1,0,16
2011,7,30,Margaret Dibben,3,0,0,23
2011,7,30,Jay Rayner,2,252,4,221
2011,7,30,Gavin Turk,1,0,0,1
2011,7,30,Jonathan Crowther,1,0,0,0
2011,7,30,Observer,1,2,0,10
2011,7,30,William Feaver,1,31,3,18
2011,7,30,Philip French,8,88,2,32
2011,7,30,Tim Adams,2,593,231,1440
2011,7,30,Matteo Fagotto,1,17,1,124
2011,7,30,Aleks Krotoski,1,29,11,85
2011,7,30,Miranda Sawyer,2,4,0,36
2011,7,30,Killian Fox,3,143,55,886
2011,7,30,Hermione Hoby,1,12,6,86
2011,7,30,Wendy Holden,1,3,0,11
2011,7,30,Chris Schiling,1,0,0,8
2011,7,30,Fiona Maddocks,2,7,0,12
2011,7,30,William Keegan,1,0,0,12
2011,7,30,The Observer,1,0,0,0
2011,7,30,<strong>Bulent Yusuf </strong>,1,0,0,30
2011,7,30,Nigel Slater,2,14,4,46
2011,7,30,Dan Pearson,1,0,1,10
2011,7,30,Chris Riddell,1,3,0,0
2011,7,30,Bella Bathurst,1,111,0,78
2011,7,30,Ben East,1,0,1,2
2011,7,30,Robin McKie,3,85,19,226
2011,7,30,Tom Lamont,1,2,1,6
2011,7,30,James Purdon,1,1,0,8
2011,7,30,Dave Gelly,1,0,0,0
2011,7,30,Neil Spencer,1,1,0,0
2011,7,30,Kitty Empire,3,8,0,22
2011,7,30,Mariella Frostrup,1,6,0,5
2011,7,30,Shahesta Shaitly,2,1,0,21
2011,7,30,Lucy Siegle,1,4,0,41
2011,7,30,Eva Wiseman,2,5,0,28
2011,7,30,Martin Love,1,2,0,12
2011,7,30,Katharine Whitehorn,1,0,0,4
2011,7,30,Jo Jones,1,0,0,13
2011,7,30,Craig McLean,1,14,1,39
2011,7,30,Morwenna Ferrier,2,23,0,10
2011,7,30,Mark Kermode,1,3,0,7
2011,7,30,Ally Carnwath,1,0,0,1
2011,7,30,Paul Mardles,1,5,0,6
2011,7,30,David Williams,1,2,0,5
2011,7,30,Toby Moses,1,0,0,9
2011,7,30,Stuart Richardson,1,0,0,9
2011,7,30,Jonathan Fenby,1,67,4,40
2011,7,30,Stephen Pritchard,1,2,0,2
2011,7,30,Nicholas Kenyon,1,0,0,7
2011,7,30,Clare Brennan,1,0,0,2
2011,7,30,John Naughton,1,15,3,39
2011,7,30,Euan Ferguson,1,0,0,8
2011,7,30,Susannah Clapp,1,1,1,13
2011,7,30,Dr Gerry Mander,1,0,0,5
2011,7,30,Peter Preston,3,5,1,104
2011,7,30,Natasha Onwuemezi,1,27,2,185
2011,7,30,Nick Cohen,1,1,0,62
2011,7,30,Ed Vulliamy,1,114,8,95
2011,7,30,Kevin McKenna,1,11,2,12
2011,7,30,Tom Kington,1,6,0,48
2011,7,30,Dalya Alberge,1,47,8,55
2011,7,30,Catherine Bennett,1,2,0,13
2011,7,30,Andrew Anthony,1,1,0,9
2011,7,30,Eric Allison,1,4,0,5
2011,7,30,Andrew Rawnsley,1,0,0,48
2011,7,30,Peter Allen,1,44,4,54
2011,7,30,Will Hutton,1,15,1,82
2011,7,30,Staff reporter,1,1,0,69
2011,7,30,Sara Abbasi,1,4,0,60
