year,month,week,name,articles,facebook,googleplus,twitter
2012,4,18,Graham Parker,4,44,0,79
2012,4,18,Press Association,132,3807,73,3615
2012,4,18,Barney Ronay at Loftus Road,1,5,0,26
2012,4,18,Guardian staff,4,3682,266,537
2012,4,18,Louise Taylor at the Riverside Stadium,1,0,0,20
2012,4,18,Hélène Mulholland,8,908,8,536
2012,4,18,Colin Horgan,4,1185,6,78
2012,4,18,Hilary Osborne,7,228,8,275
2012,4,18,Caroline Fiennes,1,59,5,51
2012,4,18,Associate Press,2,45,2,48
2012,4,18,Angelique Chrisafis,9,1858,66,628
2012,4,18,Keith Stuart,13,1493,93,964
2012,4,18,David Smith,4,243,10,251
2012,4,18,Chris Hoy,1,18,1,26
2012,4,18,Stuart Dredge,10,135,34,727
2012,4,18,Jon Butterworth,1,46,5,11
2012,4,18,Steve Hewlett,1,2,2,26
2012,4,18,Associated Press,51,4468,184,2048
2012,4,18,Florida,1,59,2,18
2012,4,18,Richard Adams,4,40,1,109
2012,4,18,Sarah Hughes,1,37,0,16
2012,4,18,Andrew Bibby,1,0,0,0
2012,4,18,Jacob Steinberg,3,228,12,171
2012,4,18,Rob Smyth,6,338,8,203
2012,4,18,Gregg Roughley,1,43,7,45
2012,4,18,Susie Steiner,1,103,0,21
2012,4,18,Charles Arthur,16,796,76,1647
2012,4,18,Paul Dix,1,55,0,54
2012,4,18,Adam Boult,7,63,2,141
2012,4,18,Nick Spencer,1,9,2,18
2012,4,18,Dick Vinegar,1,31,5,22
2012,4,18,Brian Robson,1,5,0,22
2012,4,18,Adrian Davey,1,27,2,28
2012,4,18,Monkey,5,30,3,179
2012,4,18,GrrlScientist,21,911,59,338
2012,4,18,Peter Walker,8,1913,36,909
2012,4,18,Neil Thompson,1,31,2,24
2012,4,18,Christine Ockrent,1,9,2,13
2012,4,18,David Hytner,3,50,0,124
2012,4,18,Karen Homer,1,90,7,71
2012,4,18,Nick Fletcher,21,358,16,516
2012,4,18,Jean-Louis Gassée,1,67,6,130
2012,4,18,Jamie Andrews,1,82,2,49
2012,4,18,Neil Hopkins,1,3,0,12
2012,4,18,Jenny Purt <a href="http://www.guardian.co.uk/guardian-professional" title="Guardian Professional Network">Guardian Professional Network</a>,1,26,0,45
2012,4,18,David Archer,1,394,9,116
2012,4,18,Mike Robinson,1,62,3,27
2012,4,18,Laura Davies,1,5,0,31
2012,4,18,Dan Milmo,8,57,4,155
2012,4,18,Josh Halliday,13,1947,46,1428
2012,4,18,Sean Michaels,9,1297,12,291
2012,4,18,Sid Lowe,10,1376,45,991
2012,4,18,Gines Haro Pastor,2,0,0,0
2012,4,18,Theo Hobson,1,58,3,27
2012,4,18,Kate Hodge,6,16,0,21
2012,4,18,Tim Rutherford-Johnson,1,38,0,24
2012,4,18,Frédéric Filloux,1,13,5,121
2012,4,18,Harriet Sherwood,6,21498,88,1200
2012,4,18,<a href="http://www.guardian.co.uk/profile/rebecca-ratcliffe" title="">Rebecca Ratcliffe</a>,1,117,3,86
2012,4,18,Paolo Bandini,2,112,1,38
2012,4,18,Anne Billson,1,362,11,148
2012,4,18,Bella Mackie,3,0,0,3
2012,4,18,John Plunkett,7,1533,32,839
2012,4,18,Ben Child,11,1072,36,587
2012,4,18,guardian.co.uk,4,76,0,34
2012,4,18,Simon Parkin,3,123,25,301
2012,4,18,Ann Morgan,1,189,6,39
2012,4,18,Alan Connor,2,7,1,31
2012,4,18,By staff of <a href="http://www.businessgreen.com/bg/news/2169394/poll-people-renewables?WT.rss_f=Home&amp;WT.rss_a=Poll%3A+Nine+out+of+10+people+want+more+renewables">Business Green</a>,1,360,9,179
2012,4,18,part of the <a href="http://www.guardian.co.uk/environment/network">Guardian Environment Network</a>,1,360,9,179
2012,4,18,Alison Flood,11,1261,86,949
2012,4,18,Mark Sweney,17,202,5,555
2012,4,18,Hiroshi Ota,1,33,0,53
2012,4,18,Lucy Fry,1,55,0,94
2012,4,18,Ewan Murray,11,226,0,201
2012,4,18,William Makower,1,7,2,19
2012,4,18,Clare Horton,5,56,2,16
2012,4,18,Michael Felse,1,5,0,29
2012,4,18,Daniel Carins,1,6,0,3
2012,4,18,Prem Sikka,1,170,4,81
2012,4,18,Neil Spencer,3,10206,11,123
2012,4,18,Ian Traynor,5,519,16,222
2012,4,18,Imogen Fox,3,111,3,94
2012,4,18,By Staff,1,227,13,255
2012,4,18,Dave Hill,10,305,5,296
2012,4,18,Nick Gillett,2,8,1,112
2012,4,18,Guardian Government Computing,3,1,0,13
2012,4,18,Rebecca Smithers,3,201,9,268
2012,4,18,Matt Seaton,1,0,0,1
2012,4,18,Ruth Spencer,5,82,7,219
2012,4,18,Paddy Allen,6,672,36,245
2012,4,18,Jeremy Kay,1,8,0,23
2012,4,18,Keir Martin,1,203,6,48
2012,4,18,Jaz Cummins,5,1,2,31
2012,4,18,Stuart Heritage,6,198,4,153
2012,4,18,Chris Cook,7,156,0,44
2012,4,18,Nicholas Watt,4,81,1,95
2012,4,18,Rachel Williams,3,150,4,141
2012,4,18,Helen Carter,7,383,6,202
2012,4,18,Simon Rogers,11,486,38,773
2012,4,18,Henry Barnes,5,303,9,141
2012,4,18,Ian McCourt,1,10,0,54
2012,4,18,Patrick F Barbour,1,16,0,16
2012,4,18,Jason N Parkinson,1,85,4,47
2012,4,18,Open thread,3,3,1,51
2012,4,18,Public leaders network,1,0,0,16
2012,4,18,Leonie Cooper,1,165,4,46
2012,4,18,Kim Willsher,5,114,12,115
2012,4,18,Viv Groskop,2,43,0,42
2012,4,18,John Fordham,6,69,1,81
2012,4,18,Jon Henley,5,898,11,288
2012,4,18,Fiona Shields,3,67,4,30
2012,4,18,Michael Cox,1,35,0,44
2012,4,18,Julie Masis,1,237,2,40
2012,4,18,Jonathan Jones,6,305,17,220
2012,4,18,Ian Sample,5,9993,246,1495
2012,4,18,Kate Hodal,2,541,4,80
2012,4,18,agencies,22,2296,49,1047
2012,4,18,Andrew Brown,2,180,4,67
2012,4,18,Martin Wainwright,10,1094,11,497
2012,4,18,Joe Prince-Wright,1,5,0,14
2012,4,18,Mark Lawson,2,7,0,36
2012,4,18,Dan Sabbagh,13,820,52,1112
2012,4,18,Lisa O'Carroll,19,933,32,1010
2012,4,18,Ed Pilkington,8,2094,55,655
2012,4,18,Dominic Rushe,12,2810,119,1288
2012,4,18,Julia Kollewe,14,763,13,495
2012,4,18,political reporter,4,157,1,150
2012,4,18,Amanda Bancroft,2,166,6,427
2012,4,18,Julia Eccleshare,1,9,0,16
2012,4,18,Philip Hoare,1,110,2,58
2012,4,18,John Vidal,6,3500,102,935
2012,4,18,Claire Provost,4,1259,39,478
2012,4,18,Geoffrey Mitchell,1,10,0,9
2012,4,18,Tim Dawson,1,14,0,42
2012,4,18,Steve Busfield,7,64,2,69
2012,4,18,Richard Moorhead,1,25,2,40
2012,4,18,Severin Carrell,8,847,16,390
2012,4,18,Scotl,6,689,12,332
2012,4,18,Caroline Davies,8,332,20,254
2012,4,18,Sarah Boseley,6,290,4,235
2012,4,18,Marion Jordan,1,0,0,16
2012,4,18,Phillip Inman,10,1115,19,317
2012,4,18,Bill Baue for the <a href="http://www.guardian.co.uk/guardian-professional" title="Guardian Professional Network">Guardian Professional Network</a>,1,23,0,55
2012,4,18,Alexandra Topping,1,11,1,38
2012,4,18,Jo Adetunji,1,3,2,7
2012,4,18,Rosemary Stones,1,164,0,20
2012,4,18,David Bevan for <a href="http://theseventytwo.com/">The Seventy Two</a>,1,2,0,15
2012,4,18,part of the Guardian Sport Network,1,2,0,15
2012,4,18,Rhiannon Lucy Cosslett,2,111,1,94
2012,4,18,Steven Morris,6,309,19,212
2012,4,18,Patrick Wintour,20,1517,64,1989
2012,4,18,Renato Rocha,1,119,1,25
2012,4,18,Michael Wolff,4,25,2,226
2012,4,18,Corrections,5,1,0,12
2012,4,18,Raphael Honigstein,1,20,2,21
2012,4,18,Tom Service,3,2751,40,505
2012,4,18,Alan Travis,6,549,25,588
2012,4,18,Gwyn Topham,5,103,6,105
2012,4,18,Nils Pratley,8,12,1,53
2012,4,18,Pierre Haski,1,203,0,49
2012,4,18,Presented by James Richardson,2,56,4,63
2012,4,18,produced by Ben Green,2,56,4,63
2012,4,18,Marishka Van Steenbergen,1,64,1,34
2012,4,18,Alex Needham,2,24,0,59
2012,4,18,Andy Wilson,7,15,0,44
2012,4,18,Guardian,2,100,2,14
2012,4,18,Les Roopanarine,1,73,3,27
2012,4,18,Tara Conlan,3,6,0,56
2012,4,18,Haroon Siddique,1,16,1,65
2012,4,18,Mark Heraghty,1,2,0,7
2012,4,18,Michael Cragg,5,834,1,556
2012,4,18,Brian Baxter,1,2,0,26
2012,4,18,Jill Insley,6,491,7,238
2012,4,18,Amelia Hill,3,1179,14,199
2012,4,18,Mike Bradford,1,1,1,21
2012,4,18,Marc Abrahams,1,13,5,33
2012,4,18,Andrew Sparrow,4,60,8,454
2012,4,18,Kevin Rushby,1,14,2,33
2012,4,18,Louise Taylor,3,43,3,49
2012,4,18,Andrew Clements,10,14,9,128
2012,4,18,Justin McGuirk,1,112,5,53
2012,4,18,Jessica Shepherd,1,73,0,121
2012,4,18,Tim Ashley,1,17,0,5
2012,4,18,Carol Rumens,1,2,0,8
2012,4,18,Adam Gabbatt,2,105,4,55
2012,4,18,George Hall,2,13,0,12
2012,4,18,Bruce Katz for the <a href="http://www.guardian.co.uk/guardian-professional" title="Guardian Professional Network">Guardian Professional Network</a>,1,159,4,114
2012,4,18,Chris Cross,1,55,24,81
2012,4,18,Joanna Geary,10,79,33,261
2012,4,18,Guardian readers,8,300,27,236
2012,4,18,James Ball,3,1200,93,462
2012,4,18,Teodora Beleaga,1,5,0,7
2012,4,18,Nicola Hughes,2,0,0,40
2012,4,18,Saeed Kamali Dehghan,3,166,4,174
2012,4,18,Jill Treanor,15,157,11,346
2012,4,18,Allan Jenkins,1,39,1,22
2012,4,18,Maggie Brown,2,49,0,40
2012,4,18,James Copnall,1,72,6,101
2012,4,18,South Sudan,1,72,6,101
2012,4,18,Paul Lester,5,243,3,143
2012,4,18,Karen McVeigh,6,485,18,230
2012,4,18,Ansel Mullins for <a href="http://istanbuleats.com" title="">Istanbul Eats</a>,1,49,2,49
2012,4,18,part of the <a href="http://www.guardian.co.uk/travel/series/guardian-travel-network" title="">Guardian Travel Network</a>,1,49,2,49
2012,4,18,Rupert Neate,2,262,4,113
2012,4,18,Helen Czerski,1,15,1,20
2012,4,18,Mark Brown,6,724,11,386
2012,4,18,Tim Bale,1,22,0,13
2012,4,18,Suzanne Goldenberg,3,169,9,164
2012,4,18,Michael Billington,5,70,0,39
2012,4,18,Julian Borger,3,425,16,160
2012,4,18,Mark Fisher,3,52,0,60
2012,4,18,Katherine Stewart,1,187,10,81
2012,4,18,Elisabeth Mahoney,3,27,0,37
2012,4,18,Tom Clark,4,898,12,625
2012,4,18,Interviews by Tom Service,1,96,4,26
2012,4,18,Pamela Hutchinson,2,78,5,63
2012,4,18,Roel Janssen,1,29,0,15
2012,4,18,Rajeev Syal,3,554,17,600
2012,4,18,Solomon Hughes,1,487,6,340
2012,4,18,Nick Hopkins,2,25,2,24
2012,4,18,Jonathan Tasini,1,534,23,239
2012,4,18,Interview by Laura Barnett,1,28,0,29
2012,4,18,John Burn-Murdoch,9,109,21,447
2012,4,18,Jo Confino for the <a href="http://www.guardian.co.uk/guardian-professional" title="Guardian Professional Network">Guardian Professional Network</a>,3,142,9,106
2012,4,18,Vikram Dodd,5,490,14,360
2012,4,18,Michael Carlson,1,8,0,18
2012,4,18,Graeme Wearden,2,590,9,293
2012,4,18,Metropolitan police report,1,19,0,11
2012,4,18,Patrick Butler,5,1901,24,482
2012,4,18,Emily Drabble,1,41,0,51
2012,4,18,Steve Rose,4,198,2,99
2012,4,18,Luke Harding,1,44,2,32
2012,4,18,Estelle Morris,1,12,0,134
2012,4,18,Simon Bowers,7,35,3,98
2012,4,18,Jonathan Wolff,1,171,1,107
2012,4,18,Juliette Garside,6,80,7,457
2012,4,18,Andy Bull,2,7,0,24
2012,4,18,Harriet Swain,1,100,3,72
2012,4,18,Ben Quinn,6,1202,15,521
2012,4,18,Bob Edgar,1,35,2,24
2012,4,18,Dorian Lynskey,2,253,2,75
2012,4,18,Ed Balls,1,13,0,33
2012,4,18,Fran Abrams,1,39,0,107
2012,4,18,Ali Catterall,2,10,0,25
2012,4,18,Jonathan Wright,2,0,0,32
2012,4,18,David Stubbs,3,29,0,43
2012,4,18,Andrew Mueller,1,0,0,9
2012,4,18,Gwilym Mumford,2,58,2,38
2012,4,18,John Robinson,2,0,0,32
2012,4,18,Miriam Elder,3,884,26,203
2012,4,18,Leo Hickman,3,248,8,296
2012,4,18,Aditya Chakrabortty,1,1182,74,524
2012,4,18,Simon Hoggart,6,44,1,175
2012,4,18,Sonia Purnell,1,314,2,74
2012,4,18,Dominic Fifield,10,576,8,549
2012,4,18,Paul Rees,4,80,0,55
2012,4,18,Polly Toynbee,2,874,14,403
2012,4,18,Michael White,8,129,3,145
2012,4,18,George Monbiot,2,2977,52,550
2012,4,18,Greg Wood,3,0,0,22
2012,4,18,Daniel Taylor,3,48,2,133
2012,4,18,Kevin McCarra,3,39,4,160
2012,4,18,Claire Stares,1,4,0,23
2012,4,18,Belinda Parmar,1,133,2,164
2012,4,18,Michele Hanson,1,55,1,31
2012,4,18,Hadley Freeman,2,173,2,57
2012,4,18,Julia Raeside,3,25,0,41
2012,4,18,Paul Weaver,1,6,0,15
2012,4,18,Brian Braiker,6,243,1,191
2012,4,18,Steve Bell,7,395,15,191
2012,4,18,Nick Davies,6,1313,35,1058
2012,4,18,Editorial,17,273,21,485
2012,4,18,Richard Rae at King Power Stadium,1,24,0,16
2012,4,18,Stuart Jeffries,1,2,0,21
2012,4,18,Robert Reich,1,152,4,42
2012,4,18,Hugh Muir,4,15,1,67
2012,4,18,Esther Addley,3,36,2,64
2012,4,18,Donald McRae,1,26,0,30
2012,4,18,Richard Williams,4,358,6,145
2012,4,18,Owen Gibson,8,96,5,311
2012,4,18,Tom McCarthy,4,20,2,135
2012,4,18,Owen Gibson at City of Coventry Stadium,1,5,0,21
2012,4,18,James Meikle,5,226,6,200
2012,4,18,Owen Bowcott,7,952,4,327
2012,4,18,Richard Norton-Taylor,2,36,5,140
2012,4,18,Harry J Enten,3,5,3,43
2012,4,18,Robin Wells,1,161,23,93
2012,4,18,David Conn,5,80,1,111
2012,4,18,Andrew Dickson,1,286,2,73
2012,4,18,Alex Bath,1,81,3,37
2012,4,18,Ed Anderton,1,3,1,218
2012,4,18,Reuters,4,7317,62,671
2012,4,18,Christopher Reed,1,0,0,22
2012,4,18,Alex Duval Smith,1,50,0,64
2012,4,18,Olivier De Schutter,1,635,9,205
2012,4,18,Steve Malone,1,8,0,41
2012,4,18,Jessica Fuhl,3,147,3,161
2012,4,18,Barney Ronay,6,258,7,114
2012,4,18,Claire Munro,1,4,0,26
2012,4,18,Mark Fonseca Rendeiro,1,192,6,58
2012,4,18,Polly Curtis,4,613,11,438
2012,4,18,Jan Hart,1,4,0,10
2012,4,18,David Marsh,1,38,0,70
2012,4,18,Tom Harrow,1,147,0,64
2012,4,18,Unilever,1,2,0,14
2012,4,18,Hari,2,11,0,55
2012,4,18,Jake,2,11,0,55
2012,4,18,Coun Karen Garrido,1,0,0,5
2012,4,18,Randeep Ramesh,5,837,24,347
2012,4,18,Mokhtar Benabdallaoui,1,22,0,14
2012,4,18,Tony Paley,3,0,0,22
2012,4,18,Matthew Caines,2,25,0,76
2012,4,18,Esme Kettle,1,51,0,43
2012,4,18,Nathan Ditum,2,8,0,80
2012,4,18,Mark Tran,3,116,1,68
2012,4,18,Rosamund Daw,1,392,6,21
2012,4,18,Charles Gant,1,12,0,24
2012,4,18,Natalia Antonova,1,409,6,67
2012,4,18,Fiona Harvey,6,1361,23,677
2012,4,18,Annika Small,1,0,0,0
2012,4,18,Colin Cram,1,0,0,12
2012,4,18,Laura Laker,1,230,4,75
2012,4,18,Tyler Neylon,1,283,35,179
2012,4,18,Blair McPherson,1,0,0,11
2012,4,18,Beverley Cuddy,1,339,4,24
2012,4,18,Barry Eisler,1,199,18,259
2012,4,18,Duncan Jefferies,1,42,5,19
2012,4,18,Guy Grandjean,1,13,2,5
2012,4,18,Ben Dowell,8,146,5,655
2012,4,18,Evan Fanning,3,286,2,84
2012,4,18,Kath Parson,1,56,2,32
2012,4,18,OrliTheBookworm,2,5,0,12
2012,4,18,Hannah Freeman,1,1,0,17
2012,4,18,Vicky Frost,4,1512,0,114
2012,4,18,Jonathan Coad,1,1,0,4
2012,4,18,Alan Sykes,2,82,4,42
2012,4,18,Nancy Groves,2,17,0,25
2012,4,18,Nicholas Lezard,1,22,1,18
2012,4,18,Rob Elsworth,1,79,4,80
2012,4,18,Guy Herbert,1,58,0,38
2012,4,18,Jo Best,2,3,6,141
2012,4,18,Cynthia Ozick,1,18,1,30
2012,4,18,Erin Spens,1,1519,20,396
2012,4,18,Christine Gilland,1,1519,20,396
2012,4,18,Andrew Pulver,6,653,12,278
2012,4,18,Peter Hetherington,1,8,0,26
2012,4,18,James Derounian,2,10,0,38
2012,4,18,Kevin Watkins,1,50,1,57
2012,4,18,Al Aronowitz,1,398,8,55
2012,4,18,Craig Dearden-Phillips,1,20,0,36
2012,4,18,Oliver Balch for the <a href="http://www.guardian.co.uk/guardian-professional" title="Guardian Professional Network">Guardian Professional Network</a>,1,26,3,38
2012,4,18,Damian Carrington,6,1618,32,760
2012,4,18,Peter Beresford,1,9,2,41
2012,4,18,Slavoj Žižek,1,2053,33,289
2012,4,18,Robert Kitson,5,35,2,34
2012,4,18,Hannah Fearn,2,3,0,25
2012,4,18,Melissa Bounoua,1,67,7,129
2012,4,18,Christophe Martyn,1,0,0,2
2012,4,18,Alison Hardie,1,1,2,13
2012,4,18,Christopher Bell,1,0,0,5
2012,4,18,CAF Partnerzone,1,0,3,0
2012,4,18,Alisa Tang,1,59,0,29
2012,4,18,Marie-Béatrice Baudet,1,164,4,66
2012,4,18,Joseph Quinn,1,3,2,17
2012,4,18,David Lengel at the Prudential Center,1,22,0,5
2012,4,18,Harry Bellet,1,3,0,17
2012,4,18,Justine Boulo,1,16,2,42
2012,4,18,Carlene Firmin,1,32,2,52
2012,4,18,Roma Tearne,1,77,0,23
2012,4,18,Liz Ford,2,21,0,19
2012,4,18,Mee-Lai Stone,3,82,3,39
2012,4,18,Rob Bagchi,4,75,1,93
2012,4,18,Ferdin,1,557,0,45
2012,4,18,Mount,1,557,0,45
2012,4,18,Kate McCann,4,13,0,49
2012,4,18,irav,1,0,1,6
2012,4,18,David Biddle,1,74,1,52
2012,4,18,By <a href="http://www.irinnews.org/" title="">IRIN</a>,1,23,0,23
2012,4,18,part of the <a href="http://www.guardian.co.uk/global-development/series/guardian-development-network" title="">Guardian development network</a>,2,60,1,49
2012,4,18,Helen Pidd,6,140,5,217
2012,4,18,Paul Owen,4,350,4,90
2012,4,18,Gustav Temple,1,846,7,185
2012,4,18,Phil Hoad,1,43,4,91
2012,4,18,Matt Trueman,4,298,5,185
2012,4,18,Presented by Aleks Krotoski,1,27,5,68
2012,4,18,produced by Jason Phipps,3,27,8,84
2012,4,18,Richard Stone,1,50,0,19
2012,4,18,Imogen Tilden,2,150,1,81
2012,4,18,Sue-Wen Quek,1,16,0,36
2012,4,18,Philip Hawkins,1,16,0,12
2012,4,18,Jane Dudman,2,2,2,24
2012,4,18,Amanda Marcotte,1,10,0,25
2012,4,18,Campbell Robb,1,54,0,16
2012,4,18,Lyn Gardner,6,392,2,171
2012,4,18,Jessie Cave,1,26,0,72
2012,4,18,Larry Elliott,5,639,8,274
2012,4,18,Sade Laja,5,10,5,128
2012,4,18,Chris McGreal,5,203,7,87
2012,4,18,Simon Kelner,1,229,9,616
2012,4,18,David Walker,2,0,0,14
2012,4,18,Matthew Weaver,4,125,5,763
2012,4,18,Brian Whitaker,4,125,5,763
2012,4,18,Mary O'Hara,1,445,10,104
2012,4,18,Abby Deveney,1,0,0,0
2012,4,18,James Legge,1,40,2,34
2012,4,18,David Cox,2,52,1,79
2012,4,18,Zoe Wood,6,26,1,89
2012,4,18,AP,2,28,0,16
2012,4,18,David Leigh,7,514,16,801
2012,4,18,Ana Marie Cox,2,17,0,22
2012,4,18,Jack Shenker,1,105,2,44
2012,4,18,Diana Athill,1,11,0,16
2012,4,18,Liam Kelly,4,14,0,102
2012,4,18,Phil Drew for the <a href="http://www.guardian.co.uk/guardian-professional" title="Guardian Professional Network">Guardian Professional Network</a>,1,65,8,88
2012,4,18,Ryan Devereaux,1,7,0,13
2012,4,18,Rachel Rawlins,1,56,1,47
2012,4,18,Adrian Searle,2,131,2,61
2012,4,18,Heather Stewart,6,1709,4,248
2012,4,18,Robert Booth,5,221,7,195
2012,4,18,Angelique Chrisafis Paris,1,22,3,45
2012,4,18,John Hooper,1,165,5,64
2012,4,18,Harry Venning,1,1,0,7
2012,4,18,Alok Jha,2,560,12,136
2012,4,18,Ian Black,5,181,11,155
2012,4,18,Tamasin Ford,3,256,6,60
2012,4,18,Rachel Stevenson,2,233,6,42
2012,4,18,Freetown,1,93,4,36
2012,4,18,Ewen MacAskill,5,741,16,193
2012,4,18,Michael Ratner,1,358,17,294
2012,4,18,Noah Payne-Frank,2,196,1,67
2012,4,18,Mustafa Khalili,1,142,1,38
2012,4,18,Interview by John Plunkett,2,0,3,16
2012,4,18,with Dan Sabbagh,2,0,3,16
2012,4,18,Amelia Gentleman,1,171,6,178
2012,4,18,Shiv Malik,8,686,12,464
2012,4,18,Lynsey Hanley,1,21,2,25
2012,4,18,Fiona Bawdon,1,0,0,5
2012,4,18,John Harris,5,1017,5,154
2012,4,18,Patrick Kingsley,3,269,2,58
2012,4,18,Tim Dowling,2,5,0,11
2012,4,18,Martin Skegg,3,39,0,50
2012,4,18,Phelim O'Neill,4,43,0,75
2012,4,18,Susanna Rustin,2,199,3,74
2012,4,18,Greg Wood at Punchestown,4,1,0,26
2012,4,18,Charlie Porter,1,24,2,27
2012,4,18,Steven Bloor,3,104,1,57
2012,4,18,Jamie Jackson,11,539,11,519
2012,4,18,Jess Cartner-Morley,5,109,0,131
2012,4,18,Simon Goodley,1,1,0,23
2012,4,18,Paul Evans,1,7,0,47
2012,4,18,As seen by Catherine Bennett,1,9,0,17
2012,4,18,Jon Boone,2,26,0,86
2012,4,18,Tom Watson,1,59,2,110
2012,4,18,Simon Jenkins,2,1376,34,427
2012,4,18,Stuart James at Villa Park,1,9,0,33
2012,4,18,Dan Gillmor,1,45,9,120
2012,4,18,Paul MacInnes,2,21,1,12
2012,4,18,Zoe Williams,3,1420,4,214
2012,4,18,Daniel Taylor at Camp Nou,1,735,14,108
2012,4,18,Ian Cobain,1,89,2,94
2012,4,18,Seumas Milne,1,74,0,64
2012,4,18,Maria van der Hoeven,1,99,6,167
2012,4,18,Frank Keating,1,1,0,6
2012,4,18,Hélène Mulholl,1,131,7,95
2012,4,18,,1,131,7,95
2012,4,18,Dominic Fifield at Camp Nou,2,100,5,112
2012,4,18,David Brindle,1,110,1,38
2012,4,18,Richard Williams at Camp Nou,1,126,3,52
2012,4,18,Staff reporter,1,1,1,28
2012,4,18,David Pleat,1,86,5,69
2012,4,18,Tom Hall,1,4,0,18
2012,4,18,Tania Branigan,7,359,35,340
2012,4,18,Denis Campbell,3,2337,133,803
2012,4,18,Debbie Andalo,1,29,0,64
2012,4,18,Virginia Wallis,2,6,0,50
2012,4,18,Lysa John,1,120,4,36
2012,4,18,Stephen Hale,1,120,4,36
2012,4,18,Roy Greenslade,13,38,1,151
2012,4,18,Ben Myers,1,55,0,41
2012,4,18,Mark Johnson,1,0,0,0
2012,4,18,Clive Davenport,1,5,0,5
2012,4,18,Ed Halliwell,1,577,8,169
2012,4,18,David Lengel,1,2,0,7
2012,4,18,Claudia Megele,1,20,0,39
2012,4,18,Mario Ambrosi,1,1,0,28
2012,4,18,Graham Russell,1,0,0,12
2012,4,18,Pat McArdle,1,14,2,41
2012,4,18,Michel Faber,1,32,0,44
2012,4,18,Harry Day,1,28,0,69
2012,4,18,Alison Rourke,2,184,2,77
2012,4,18,Scott Murray,6,388,3,200
2012,4,18,John Willis,1,16,0,34
2012,4,18,Vicky Baker,1,253,2,63
2012,4,18,Taz Rasul,1,88,0,37
2012,4,18,Oliver Thring,1,138,4,43
2012,4,18,Chris Bird,1,31,0,36
2012,4,18,Samer Libdeh,1,62,1,36
2012,4,18,Simon Martin,1,270,5,73
2012,4,18,Will Coldwell,1,96,0,56
2012,4,18,Charles Dickens,1,5,1,26
2012,4,18,Marianne Kirby,1,28,0,79
2012,4,18,Peter Wothers,1,21,0,54
2012,4,18,David Mills,4,6,0,59
2012,4,18,Sam Jordison,2,114,4,77
2012,4,18,Philip King,1,25,0,44
2012,4,18,Nick Mead,1,38,0,31
2012,4,18,Rory Carroll,2,56,6,62
2012,4,18,Sandra Laville,7,1225,15,458
2012,4,18,Derek Flynn,1,5,5,23
2012,4,18,Paula Cocozza,1,4,1,10
2012,4,18,Priya Elan,2,92,3,53
2012,4,18,Joe Glenton,1,923,9,65
2012,4,18,Will Hayler,12,0,2,80
2012,4,18,Ewan Morrison,1,44,2,79
2012,4,18,Mark King,2,355,8,98
2012,4,18,Afua Hirsch,2,77,2,76
2012,4,18,Angela Robson,1,48,2,10
2012,4,18,Cabinet Office open data team,1,0,1,4
2012,4,18,Sarah Raven,3,226,8,141
2012,4,18,Nicky Taylor,1,46,0,40
2012,4,18,Nesrine Malik,1,1640,14,163
2012,4,18,Sachin Nakrani,3,143,2,131
2012,4,18,Toni Greaves for Mercy Corps,1,417,7,65
2012,4,18,Selma James,1,50,1,51
2012,4,18,Rose Clark,3,91,2,49
2012,4,18,Paul Wilson,4,62,1,130
2012,4,18,Invisible Woman,1,6,0,24
2012,4,18,Jim Shee,1,82,0,22
2012,4,18,Emma Graham-Harrison,1,14,0,29
2012,4,18,Peter Wilby,1,30,0,77
2012,4,18,Barry Glendenning,7,509,6,195
2012,4,18,Joris Luyendijk,4,131,7,114
2012,4,18,John Ashdown,1,280,3,101
2012,4,18,Constanze Letsch,1,43,2,26
2012,4,18,Anna Powell-Smith,1,324,11,112
2012,4,18,BlueVia,2,15,3,157
2012,4,18,Lawrence Donegan,1,4,0,11
2012,4,18,Mindy Lubber for the <a href="http://www.guardian.co.uk/guardian-professional" title="Guardian Professional Network">Guardian Professional Network</a>,1,7,2,52
2012,4,18,Tim Anderson,1,143,51,293
2012,4,18,Gill Hitchcock,2,17,5,32
2012,4,18,Michael Cohen,1,7,0,22
2012,4,18,Felicity Cloake,2,912,18,232
2012,4,18,Sonia Massai,1,98,6,49
2012,4,18,Kate Bevan,1,13,0,83
2012,4,18,Victoria Gooch,1,48,2,49
2012,4,18,Valentine,1,0,0,14
2012,4,18,Edward Helmore,2,822,24,114
2012,4,18,Mexico,1,568,19,63
2012,4,18,Dirk Singer,1,140,23,105
2012,4,18,Lucy Halsall,1,60,0,39
2012,4,18,Mark Kramer for the <a href="http://www.guardian.co.uk/guardian-professional" title="Guardian Professional Network">Guardian Professional Network</a>,1,18,2,31
2012,4,18,Stuart James,3,770,6,221
2012,4,18,Emily Ding,1,26,0,33
2012,4,18,Miriam O'Reilly,1,332,1,115
2012,4,18,Jeevan Vasagar,6,3759,36,1062
2012,4,18,Sophie Monks Kaufman,1,56,1,30
2012,4,18,Jim Geraghty,1,2,0,12
2012,4,18,Jonathan Bernstein,1,3,0,7
2012,4,18,Joe Jervis,2,35,6,103
2012,4,18,James Callow,2,2,0,18
2012,4,18,Henry McDonald,5,463,1,157
2012,4,18,Irel,3,94,0,69
2012,4,18,Glyn Robbins,1,12,0,49
2012,4,18,James Antle,1,12,0,11
2012,4,18,Cheri Jacobus,1,12,0,11
2012,4,18,Matt Lewis,1,12,0,11
2012,4,18,Tim Montgomerie,1,12,0,11
2012,4,18,Grover Norquist,1,12,0,11
2012,4,18,Michael Wissot,1,12,0,11
2012,4,18,Jo Tuckman,1,59,0,12
2012,4,18,Kate Connolly,5,931,36,326
2012,4,18,John Elkington for the <a href="http://www.guardian.co.uk/guardian-professional" title="Guardian Professional Network">Guardian Professional Network</a>,1,24,3,36
2012,4,18,Magnus Linklater,1,11,1,31
2012,4,18,Anka Mulder,1,33,8,235
2012,4,18,Jon Robins,1,18,1,53
2012,4,18,Eric Allison,2,28,0,75
2012,4,18,agency,1,196,12,70
2012,4,18,Interview by Sarah Phillips,1,455,6,119
2012,4,18,Jaymi McCann,1,21,2,207
2012,4,18,Brian Cathcart,1,10,0,23
2012,4,18,Michael Hann,3,22,1,49
2012,4,18,Caroline Sullivan,2,0,0,20
2012,4,18,Graeme Virtue,1,0,1,8
2012,4,18,Alexis Petridis,3,3892,28,197
2012,4,18,Ian Gittins,1,5,0,11
2012,4,18,Judith Mackrell,2,17,2,33
2012,4,18,Jason Burke,2,116,7,81
2012,4,18,Delhi,1,96,5,69
2012,4,18,Giles Tremlett,1,28,0,58
2012,4,18,Martin Kettle,2,44,4,41
2012,4,18,Angela Hartnett,1,29,0,14
2012,4,18,Decca Aitkenhead,1,460,6,94
2012,4,18,Patrick Barkham,1,159,2,23
2012,4,18,Ben Arnold,2,39,0,27
2012,4,18,Josephine Moulds,2,344,13,443
2012,4,18,Tom Meltzer,1,857,19,101
2012,4,18,Suzanne Moore,1,57,2,29
2012,4,18,John Crace,2,5,2,16
2012,4,18,Harold Evans,1,300,7,221
2012,4,18,Matt Shardlow,1,7,0,44
2012,4,18,Will Hutton,2,1786,8,426
2012,4,18,Martin Dunn,1,6,0,13
2012,4,18,Lucy Mangan,3,47,0,49
2012,4,18,Timothy Garton Ash,1,25,2,49
2012,4,18,Heidi Stephens,1,64,1,29
2012,4,18,Sid Lowe at the Bernabéu,2,477,5,133
2012,4,18,Dawood Ahmed,1,63,1,43
2012,4,18,Ed Pilkington New York,1,146,3,26
2012,4,18,Marcus Christenson,1,26,1,21
2012,4,18,Mike Selvey,3,3,0,27
2012,4,18,Simon Burnton,2,25,0,71
2012,4,18,David Batty,6,538,5,254
2012,4,18,Justin McCurry,2,192,8,65
2012,4,18,Alison Maclennan,1,19,0,34
2012,4,18,Simon Day,1,359,4,169
2012,4,18,Staff,6,571,6,250
2012,4,18,ME Durham,1,1,0,8
2012,4,18,Alex Bailey,1,69,7,113
2012,4,18,Graham Clayton,1,58,0,50
2012,4,18,Sue Ferns,1,11,0,7
2012,4,18,Rupert Sawyer,1,1,0,17
2012,4,18,Rick Gekoski,1,25,1,15
2012,4,18,John Palmer,1,64,3,30
2012,4,18,Yousif Nur,1,9,1,35
2012,4,18,Tim Pinder,1,3,0,35
2012,4,18,Teri,1,0,0,12
2012,4,18,Mya,1,0,0,12
2012,4,18,John Adams,1,5,0,40
2012,4,18,Paul Turner,1,0,0,0
2012,4,18,Theo Tait,1,3,0,17
2012,4,18,James Taylor,1,62,2,38
2012,4,18,Skye Sherwin,3,41,0,34
2012,4,18,Alex Thomson,1,13,0,41
2012,4,18,Blanche Vaughan,1,1,0,19
2012,4,18,Thomas McGee,1,564,0,83
2012,4,18,Ben Kape,1,662,8,63
2012,4,18,Alex Healey,1,662,8,63
2012,4,18,Elliot Smith,2,754,9,112
2012,4,18,Lindsay Poulton,2,781,8,68
2012,4,18,Alice Salfield,1,662,8,63
2012,4,18,Alex von Tunzelmann,1,43,2,31
2012,4,18,Joanna Ruck,2,80,4,34
2012,4,18,Paul Doyle,6,190,3,115
2012,4,18,Photos by Alastair Lee,1,341,4,56
2012,4,18,Zaid Al-Zaidy,1,32,6,20
2012,4,18,Laura Barton,3,323,8,142
2012,4,18,Frank Speiser,1,42,13,30
2012,4,18,Jonathan Glennie,1,99,3,39
2012,4,18,Miles Brignall,2,61,1,112
2012,4,18,Ally Fogg,1,3,2,32
2012,4,18,Cameron Robertson,3,64,0,42
2012,4,18,Giulio Frigieri,1,1,0,9
2012,4,18,Alex Bywater,1,1,0,9
2012,4,18,Leon Kaye for the <a href="http://www.guardian.co.uk/guardian-professional" title="Guardian Professional Network">Guardian Professional Network</a>,1,45,5,52
2012,4,18,Marina Hyde,4,560,23,388
2012,4,18,Jon Dennis,2,10,0,25
2012,4,18,Rachel Coldicutt,1,23,3,61
2012,4,18,Jonathan Wilson,1,146,0,111
2012,4,18,The Register,1,1,0,11
2012,4,18,Sara Ilyas,2,1506,9,145
2012,4,18,Jill Filipovic,1,41,3,45
2012,4,18,for <a href="http://www.feministe.us/blog/" title="">Feministe</a>,1,41,3,45
2012,4,18,part of the <a href="http://www.guardian.co.uk/commentisfree/series/guardian-comment-network" title="">Guardian Comment Network</a>,1,41,3,45
2012,4,18,Michael Meadowcroft,1,0,0,18
2012,4,18,Katie Drummond,1,149,2,39
2012,4,18,Vic Marks,3,2,0,25
2012,4,18,Santander Partnerzone,1,16,0,1
2012,4,18,Robert McCrum,4,5535,88,560
2012,4,18,Will Gant,1,6,5,20
2012,4,18,Emily Band,1,689,15,81
2012,4,18,Dr Tim Anstiss,1,283,14,190
2012,4,18,Antonia Bance,1,6,0,30
2012,4,18,Brant Moscovitch,1,44,2,82
2012,4,18,Tom Vater,1,490,6,54
2012,4,18,Thomas Hoblyn,1,4,0,22
2012,4,18,Philip Landau,1,10,0,27
2012,4,18,Ramallah,1,524,8,97
2012,4,18,Frans Hofmeester,1,146,4,89
2012,4,18,Matthew Yeomans for the <a href="http://www.guardian.co.uk/guardian-professional" title="Guardian Professional Network">Guardian Professional Network</a>,1,11,2,21
2012,4,18,Tony Soares,1,0,0,16
2012,4,18,Bruce Talbot,2,2,0,19
2012,4,18,Helienne Lindvall,1,28,3,38
2012,4,18,Katie Puckrik,1,80,2,43
2012,4,18,Leo Benedictus,1,15,0,16
2012,4,18,Mwangi Kimenyi,1,49,3,31
2012,4,18,John Mbaku,1,49,3,31
2012,4,18,Jack Schofield,1,7,1,39
2012,4,18,Angus,1,0,0,4
2012,4,18,Isobel,1,0,0,4
2012,4,18,aged 4,1,0,0,4
2012,4,18,Julian M Simpson,1,0,0,2
2012,4,18,Melody Hossaini,1,0,0,0
2012,4,18,Tim Burrows,1,60,0,50
2012,4,18,Graham Barnfield,1,10,0,9
2012,4,18,Dean Baker,1,4,2,14
2012,4,18,Nick Harkaway,1,140,24,325
2012,4,18,SAS,3,0,0,9
2012,4,18,Gerry Hassan,1,32,0,35
2012,4,18,Ed Douglas,1,138,2,108
2012,4,18,Sita Brahmachari,1,33,2,29
2012,4,18,Catherine Shoard,4,177,3,84
2012,4,18,Stephen Gilbert,1,92,0,42
2012,4,18,Jonny Weeks,2,119,6,42
2012,4,18,Amy Goodman,1,392,14,312
2012,4,18,Agencies,2,323,5,91
2012,4,18,Phnom Penh,1,295,5,83
2012,4,18,Alex Aldridge,1,40,0,32
2012,4,18,Caroline Richmond,1,9,0,9
2012,4,18,Peter Vacher,1,10,0,17
2012,4,18,Matthew Baxter-Reynolds,1,16,0,68
2012,4,18,David Dickson for <a href="http://www.scidev.net/en/" title="">SciDev.net</a>,1,37,1,26
2012,4,18,Hannah Waldram,2,1,1,64
2012,4,18,Lauren Niland,1,3,0,9
2012,4,18,Presented by Tom Clark,1,3,0,17
2012,4,18,produced by Phil Maynard,1,3,0,17
2012,4,18,Daniel Bettridge,1,39,3,13
2012,4,18,Michael McNay,1,31,0,17
2012,4,18,Simon Chilvers,1,2,0,12
2012,4,18,Posted by Liana Silva for <a href="http://uvenus.org/" title="">University of Venus</a>,1,15,0,26
2012,4,18,Tom Kington,2,1116,66,289
2012,4,18,Vaudine Engl,1,74,5,34
2012,4,18,in Hong Kong,1,74,5,34
2012,4,18,Tim Jonze,1,55,0,21
2012,4,18,Terry Macalister,3,161,8,180
2012,4,18,Jonathan Watts,3,606,54,289
2012,4,18,Zafar Sobhan,1,67,1,18
2012,4,18,Philippa Hobson,1,11,0,9
2012,4,18,<a href="http://www.creative-choices.co.uk/" title="">Creative Choices</a>,1,11,0,9
2012,4,18,part of the <a href="http://www.guardian.co.uk/culture-professionals-network" title="">Guardian Culture Professionals Network</a>,1,11,0,9
2012,4,18,Sanjoy Roy,1,6,0,6
2012,4,18,Joshua Rozenberg,1,14,0,27
2012,4,18,Brian Logan,1,0,0,4
2012,4,18,David Cesarani,1,198,1,29
2012,4,18,Rupert Jones,3,51,1,58
2012,4,18,Eoin Lettice,1,140,8,105
2012,4,18,Dave Simpson,2,73,1,32
2012,4,18,Monica Mark,2,273,2,90
2012,4,18,Hannah Verdier,1,29,0,11
2012,4,18,Martin Chulov,2,1859,13,118
2012,4,18,Dalya Alberge,2,135,6,66
2012,4,18,Oliver Laughland,1,95,5,26
2012,4,18,Peter Robinson,1,136,4,33
2012,4,18,Richard Mollet,1,73,4,248
2012,4,18,Sadhbh Walshe,1,23,0,25
2012,4,18,Bruce Talbot at Hove,2,11,0,12
2012,4,18,Vic Marks at Taunton,3,0,0,23
2012,4,18,Rosemary Roach,1,2,0,37
2012,4,18,Rebecca Nicholson,2,3,0,38
2012,4,18,California,1,25,1,24
2012,4,18,Peter Bradshaw,6,155,1,109
2012,4,18,Aminatta Forna,1,102,1,33
2012,4,18,Alex Macpherson,1,1,0,16
2012,4,18,Costas Simitis,1,1066,13,132
2012,4,18,Yannis Stournaras,1,1066,13,132
2012,4,18,Maddy Costa,1,0,0,15
2012,4,18,Tim de Lisle,1,10,0,18
2012,4,18,Robin Denselow,2,15,0,12
2012,4,18,Ian Katz,1,44,3,92
2012,4,18,Mike Selvey at Worcester,1,1,0,5
2012,4,18,Zoë Blackler,1,23,1,11
2012,4,18,Shaun Edwards,1,2,0,4
2012,4,18,Jason Farago,1,60,4,19
2012,4,18,Harry Pearson,1,67,2,47
2012,4,18,Anna Kessel,2,0,0,20
2012,4,18,Paul Lewis,1,46,0,30
2012,4,18,Simon Murphy,1,6,0,49
2012,4,18,Justine Picardie,1,9,1,43
2012,4,18,Tom Bryant,1,8,1,14
2012,4,18,James Richardson,1,20,0,41
2012,4,18,Matt Hall,1,20,0,41
2012,4,18,Richard Sprenger,2,117,0,48
2012,4,18,Liza Ramrayka,1,137,0,93
2012,4,18,Tim Hill,1,3,0,12
2012,4,18,Nicholas de Jongh,1,1,0,20
2012,4,18,Ed Jacobs,1,1,0,19
2012,4,18,Tim Radford,1,79,7,37
2012,4,18,Sean Carey,1,4,0,13
2012,4,18,Keith Kahn-Harris,1,11,0,22
2012,4,18,The Snork Maiden,1,0,0,4
2012,4,18,Sarah&nbsp;Churchwell,1,1126,0,46
2012,4,18,Beena Nadeem,1,32,0,26
2012,4,18,Marc Vallée,1,61,0,57
2012,4,18,Celia Richardson,1,0,0,0
2012,4,18,Richard Vize,1,4,0,18
2012,4,18,Bernadette Hyland,1,1,0,37
2012,4,18,Rosie Niven,1,0,0,17
2012,4,18,Kendra Wilson,2,19,0,28
2012,4,18,Marc Lockley,1,31,0,24
2012,4,18,Sejal Sukhadwala,1,293,7,67
2012,4,18,Karen Hough,1,3,0,20
2012,4,18,Benji Lanyado,1,185,4,103
2012,4,18,Damien Walter,1,327,10,85
2012,4,18,Mo Costandi,1,554,15,26
2012,4,18,Andy Gallagher,2,132,1,17
2012,4,18,Laurence Topham,1,119,0,5
2012,4,18,Xan Brooks,1,92,1,49
2012,4,18,Layla Maghribi,1,97,0,23
2012,4,18,Diane Shipley,1,384,5,97
2012,4,18,The Guardian Media Network,1,13,0,9
2012,4,18,Patrick Hussey,1,148,12,205
2012,4,18,Mary Douglas-Home,1,15,0,22
2012,4,18,Guardian music,1,273,1,31
2012,4,18,D Ben Rees,1,0,0,8
2012,4,18,Billy Bragg,1,2115,12,78
2012,4,18,Bobby White,1,11,0,11
2012,4,18,Interview by Killian Fox,1,30,1,19
2012,4,18,Andrew Gilchrist,1,139,1,28
2012,4,18,Dinah Hutchinson,1,8,0,6
2012,4,18,Andrew Read,1,88,0,13
2012,4,18,Richard Alcock,1,1,0,17
2012,4,18,Reg Platt,1,11,0,65
2012,4,18,Michael Rosenblum,1,4,2,3
2012,4,18,Stuart O'Connor,1,106,1,10
2012,4,18,Orhan Pamuk,1,862,5,83
2012,4,18,Edzard Ernst,1,1597,30,190
2012,4,18,Laura Oliver,1,0,1,9
2012,4,18,Tamsin Omond,1,407,7,101
2012,4,18,Claudia Cahalane,1,0,0,0
2012,4,18,Steve Hynes on the <a href="http://legalactiongroupnews.blogspot.com/" title="">Legal Action Group blog</a>,1,26,0,43
2012,4,18,part of the <a href="http://www.guardian.co.uk/law/series/guardian-legal-network" title="">Guardian Legal Network</a>,1,26,0,43
2012,4,18,Joshua Alston,1,19,0,30
2012,4,18,Stephen Abbott,1,12,0,2
2012,4,18,Dan Catt,1,12,0,2
2012,4,18,Richard Schiffman,1,156,10,49
2012,4,18,Rob Evans,1,13,0,47
2012,4,18,David Lacey,1,6,0,29
2012,4,18,Presented by Claire Armitstead,1,71,1,46
2012,4,18,produced by Tim Maby,1,71,1,46
2012,4,18,Presented by Alexis Petridis,1,33,0,22
2012,4,18,Kieran Yates,1,33,0,22
2012,4,18,Clar Ni Chonghaile,1,46,2,36
2012,4,18,Claire Armitstead,2,164,11,133
2012,4,18,Stafford Scott,1,20,0,30
2012,4,18,Dr Caroline Shuldham,1,5,0,5
2012,4,18,Gozde Zorlu,1,62,3,57
2012,4,18,Eileen Byrne,1,1814,10,72
2012,4,18,Abdel-Rahman Hussein,1,1814,10,72
2012,4,18,Garry Blight,1,917,11,835
2012,4,18,Sean Clarke,1,917,11,835
2012,4,18,Simon Jeffery,1,917,11,835
2012,4,18,James Dart,1,4,0,11
2012,4,18,Louise O'Neill,1,48,0,20
2012,4,18,Graham Hayday,1,2,0,19
2012,4,18,Sean O'Hagan,4,2771,31,371
2012,4,18,Dawn Foster,1,82,0,39
2012,4,18,Jagdish Bhagwati,1,10,3,11
2012,4,18,Katie Rogers,1,52,0,10
2012,4,18,ilovepercyjacksonbooks!,2,2,0,28
2012,4,18,Benedicte Page,1,31,0,45
2012,4,18,Kirsty Scott,1,162,0,21
2012,4,18,Stylist: Aradia Crockett,1,5,0,7
2012,4,18,Sarahi Uribe,1,43,1,15
2012,4,18,Russell Foster,1,137,2,54
2012,4,18,Photographs: <a href="http://www.helengraceventurathompson.com/">Helen Thompson</a>. Words: Hannah Booth,1,492,9,112
2012,4,18,Guardian fashion,1,2,0,24
2012,4,18,Hunter Felt,1,7,1,7
2012,4,18,Jan Trott,1,0,0,3
2012,4,18,Susan Gentles,1,0,0,3
2012,4,18,Margaret Holborn,1,0,0,3
2012,4,18,Mariam Yamin,1,0,0,3
2012,4,18,Presented by John Plunkett,1,8,0,16
2012,4,18,produced by Peter Sale,1,8,0,16
2012,4,18,Jason Phipps,1,8,0,16
2012,4,18,Tanya de Grunwald,1,21,0,40
2012,4,18,Anna Tims,3,71,0,42
2012,4,18,Alistair Smith,1,5,1,38
2012,4,18,Gordon Pearson for the <a href="http://www.guardian.co.uk/guardian-professional" title="Guardian Professional Network">Guardian Professional Network</a>,1,74,2,22
2012,4,18,Naomi Wolf,1,219,37,176
2012,4,18,Andrew Collins,1,13,1,12
2012,4,18,Sarah Morris,1,12,4,14
2012,4,18,Martin Farrer,1,30,1,56
2012,4,18,Bim Adewunmi,1,40,0,101
2012,4,18,Bibi van der Zee,1,225,3,58
2012,4,18,Edward Jay Epstein,2,497,13,128
2012,4,18,Stephen Burgen,1,151,7,79
2012,4,18,Mark Beaumont,1,28,0,18
2012,4,18,Emma Gilbey Keller,1,103,2,144
2012,4,18,Moni Mohsin,1,30,0,31
2012,4,18,Kelly Askin on the <a href="http://blog.soros.org/" title="">Open Society Blog</a>,1,30,1,21
2012,4,18,part of the <a href="http://www.guardian.co.uk/legalnetwork" title="">Guardian Legal Network</a>,1,30,1,21
2012,4,18,Deborah Orr,3,1300,18,200
2012,4,18,Giles Fraser,1,6,0,38
2012,4,18,Chuka Umunna,1,18,2,5
2012,4,18,Ed Pilkington à New York et Angelique Chrisafis à Paris,1,106,3,25
2012,4,18,Jean-Luc Mélenchon,1,341,10,76
2012,4,18,Kris Kotarski,1,43,4,47
2012,4,18,Jonathan Watts Beijing,1,198,8,59
2012,4,18,George Takei,1,1129,13,85
2012,4,18,Interview by Emine Saner,1,8,0,22
2012,4,18,Dan Roberts,1,12,0,29
2012,4,18,Scott Lemieux,1,57,6,36
2012,4,18,Interview by Santorri Chamley,1,0,0,4
2012,4,18,Jonathan Freedland,1,727,5,83
2012,4,18,Jim Perrin,1,6,0,33
2012,4,18,Isabel Hilton,1,10,5,38
2012,4,18,Joe Moran,1,17,3,44
2012,4,18,Mark Weisbrot,1,104,5,58
2012,4,18,Ian Jack,1,11,1,38
2012,4,18,Paul Simons,1,1,0,27
2012,4,18,Chris Power,1,22,0,13
2012,4,18,Sam Wollaston,1,285,5,42
2012,4,18,Simon Ingram,1,108,0,45
2012,4,18,Gemma Bowes,1,52,7,25
2012,4,18,Phoebe Smith,1,6,0,11
2012,4,18,Fiona MacCarthy,1,558,11,173
2012,4,18,Catherine Taylor,1,1,0,3
2012,4,18,Fatima Bhutto,1,15,1,31
2012,4,18,Mal Peet,1,0,0,3
2012,4,18,John Mullan,2,5,0,16
2012,4,18,Sean O'Brien,1,4,0,13
2012,4,18,William Dalrymple,1,64,4,19
2012,4,18,Elif Shafak,1,293,3,45
2012,4,18,John Dugdale,1,204,5,188
2012,4,18,Georgina Harding,1,42,0,23
2012,4,18,Leonard Barden,1,0,0,3
2012,4,18,Andy Wilson at Bigfellas Stadium,1,0,0,6
2012,4,18,Craig Taylor,1,233,9,206
2012,4,18,Ed Kashi,1,400,5,120
2012,4,18,Geoffrey Wadhurst,1,0,0,12
2012,4,18,John Lanchester,2,18,0,8
2012,4,18,<strong>Imogen Fox</strong>,1,119,2,27
2012,4,18,<strong>Jenny McIvor</strong>,1,119,2,27
2012,4,18,<strong>Hannah Booth</strong>,1,119,2,27
2012,4,18,Alys Fowler,2,18,0,5
2012,4,18,Stephen Collins,1,39,0,22
2012,4,18,Rosanna Greenstreet,1,670,11,155
2012,4,18,Tom Dyckhoff,1,25,0,23
2012,4,18,Yotam Ottolenghi,1,50,0,5
2012,4,18,Dan Lepard,1,220,6,37
2012,4,18,Becky Barnicoat. Portrait by <a href="http://emilystein.co.uk" title="">Emily Stein</a>,1,27,0,6
2012,4,18,Robert Halford,1,65,0,24
2012,4,18,Thomas Eaton,1,0,0,1
2012,4,18,Sam&nbsp;Wollaston,1,0,1,40
2012,4,18,Celia Birtwell,1,3,0,5
2012,4,18,Fiona Beckett,1,4,0,8
2012,4,18,Hugh Fearnley-Whittingstall,1,120,2,20
2012,4,18,Anonymous,1,30,0,4
2012,4,18,Sali Hughes,1,68,3,15
2012,4,18,Jane Perrone,1,3,0,7
2012,4,18,Oliver Burkeman,2,435,5,119
2012,4,18,As told to Mark King,1,1,0,4
2012,4,18,Jill Papworth,1,43,1,33
2012,4,18,Simon Hattenstone,2,654,14,308
2012,4,18,Lisa Bachelor,4,18,0,57
2012,4,18,Patrick Collinson,4,176,5,127
2012,4,18,Jeremy Bullmore,1,2,0,1
2012,4,18,Photograph by <a href="http://www.aarontilley.com/">Aaron Tilley</a>. Styling by Finola Inger,1,27,3,20
2012,4,18,The Secret Footballer,1,41,2,42
2012,4,18,Martin Rowson,1,42,0,30
2012,4,18,Maev Kennedy,1,29,1,12
2012,4,18,Sam Richards,2,493,1,47
2012,4,18,John Patterson,1,33,0,16
2012,4,18,Bridget Coaker,1,26,0,11
2012,4,18,Charlie Condou,1,1,0,11
2012,4,18,Rosie Swash,1,108,0,21
2012,4,18,Emine Saner,1,526,6,118
2012,4,18,Jon &amp; Mick/moderntoss.com,1,2,0,7
2012,4,18,Robert Clark,1,8,0,9
2012,4,18,Johnny Dee,1,88,0,7
2012,4,18,Annalisa Barbieri,1,2,0,1
2012,4,18,The Guide,1,0,0,1
2012,4,18,Tim Lott,1,3,0,4
2012,4,18,Jessica Mann,1,548,2,73
2012,4,18,John Burnham Schwartz,1,23,0,15
2012,4,18,Hannah Booth,1,2,0,7
2012,4,18,Joanna Moorhead,1,44,1,15
2012,4,18,Martin Horsfield,1,0,0,4
2012,4,18,Gwilym Mumford &amp; Rebecca Nicholson,1,0,0,4
2012,4,18,John Fordham &amp; John Robinson,1,0,0,3
2012,4,18,Robert Clark &amp; Skye Sherwin,1,17,0,34
2012,4,18,Stuart Goodwin,1,1,0,2
2012,4,18,Gareth Aveyard,1,21,0,45
2012,4,18,James Kettle,1,15,0,6
2012,4,18,Patric Baird,1,23,0,6
2012,4,18,John Mitchell,1,23,0,6
2012,4,18,Sam Richards &amp; Marc Rowlands,1,23,0,6
2012,4,18,Iain Aitch &amp; Stuart Goodwin,1,2,0,18
2012,4,18,Mark Cook &amp; Judith Mackrell,1,244,0,21
2012,4,18,Nicola Jennings,1,1,0,12
2012,4,18,Joe Berger &amp; Pascal Wyse,1,0,1,7
2012,4,18,The Secret Teacher,1,175,3,42
2012,4,18,Michael Blastland,1,39,11,206
2012,4,18,Mark Vernon,1,314,13,46
2012,4,18,Sara Khan,1,579,5,88
2012,4,18,Corinne,1,0,0,9
2012,4,18,Millie,1,0,0,9
2012,4,18,aged 5,1,0,0,9
2012,4,18,Saman Shad,1,100,3,44
2012,4,18,Robin McKie,2,627,17,200
2012,4,18,Conal Urquart,1,29,0,42
2012,4,18,Sachin Nakrani at St Mary's,2,198,1,28
2012,4,18,Jonny Weeks at Upton Park,1,1,0,13
2012,4,18,pinkbookworm,1,4,0,26
2012,4,18,Conal Urquhart,1,14,4,66
2012,4,18,cutecat,1,3,0,23
2012,4,18,New York,1,254,5,51
2012,4,18,<strong>Tania Branigan </strong>Beijing,1,156,11,98
2012,4,18,Joe Lovejoy at the Britannia Stadium,1,2,0,29
2012,4,18,Paul Wilson at the DW Stadium,2,66,0,39
2012,4,18,Ewan Murray at East End Park,1,0,0,10
2012,4,18,Andy Wilson at the Halliwell Jones Stadium,1,1,0,5
2012,4,18,Luke Bainbridge,1,255,2,64
2012,4,18,Vanessa Thorpe,3,1081,7,119
2012,4,18,Mark Townsend,2,1678,10,132
2012,4,18,Tim Lewis,1,444,5,249
2012,4,18,Nial Briggs,1,0,0,6
2012,4,18,Paul Doyle at Carrow Road,1,235,0,34
2012,4,18,Eddie Butler at the Aviva Stadium,1,1,0,5
2012,4,18,Peter Beaumont,2,921,16,221
2012,4,18,Toby Helm,4,660,7,307
2012,4,18,Daniel Boffey,5,1040,26,759
2012,4,18,Andrew Rawnsley,1,1015,9,157
2012,4,18,Henry Porter,1,261,9,64
2012,4,18,Peter Preston,3,5,2,53
2012,4,18,David Puttnam,1,685,10,66
2012,4,18,Jamie Doward,4,332,13,315
2012,4,18,Barry Neild,3,392,2,95
2012,4,18,Margaret Dibben,3,1,0,8
2012,4,18,Joanne O'Connell,1,216,3,86
2012,4,18,Kevin Mitchell,1,7,1,12
2012,4,18,Giles Richards,3,510,8,114
2012,4,18,Eddie Butler,1,2,0,4
2012,4,18,Tracy McVeigh,3,21007,63,969
2012,4,18,David Hills,1,27,1,68
2012,4,18,Observer Sport staff,2,706,0,63
2012,4,18,Joanne O'Connor,2,674,1,57
2012,4,18,Imogen Carter,1,69,0,33
2012,4,18,Louise Taylor at the Stadium of Light,1,2,0,15
2012,4,18,Introduction by Killian Fox,1,848,18,102
2012,4,18,Peter Conrad,1,34,3,48
2012,4,18,Laura Barnett,1,17,0,4
2012,4,18,Vaughan Bell,1,265,40,162
2012,4,18,Carole Cadwalladr,1,3296,146,545
2012,4,18,Philip French,9,1186,3,64
2012,4,18,Toby Moses,1,0,0,13
2012,4,18,Matt Kamen,2,1,0,37
2012,4,18,Interview by Michael Cragg,1,0,0,5
2012,4,18,Dan Pearson,1,17,0,26
2012,4,18,William Skidelsky,1,0,0,7
2012,4,18,Rowan Moore,1,76,0,53
2012,4,18,Jason Solomons,2,54,5,22
2012,4,18,Gareth Grundy,1,411,0,12
2012,4,18,Kevin McKenna,1,748,2,55
2012,4,18,Ben East,2,621,3,18
2012,4,18,Rachel Cooke,1,6,0,14
2012,4,18,Lauren Laverne,1,13,0,22
2012,4,18,David Williams,1,9,0,3
2012,4,18,Lucy Siegle,1,11,1,22
2012,4,18,Gay Dad,1,0,0,0
2012,4,18,Phil Hogan,1,0,0,6
2012,4,18,Tim Adams,1,26,2,25
2012,4,18,with interviews by Kathy Sweeney,1,10199,10,82
2012,4,18,David Harewood,1,497,0,39
2012,4,18,Tom Lamont,1,32,0,3
2012,4,18,Kitty Empire,6,78,0,32
2012,4,18,David Eagleman,1,3895,153,618
2012,4,18,Raymond Tallis,1,3895,153,618
2012,4,18,Stuart James at The Hawthorns,1,0,0,22
2012,4,18,Bella Bathurst,1,38,0,9
2012,4,18,Jo Jones,1,3,0,16
2012,4,18,Helen Seamons,1,3,0,16
2012,4,18,Killian Fox,1,0,0,10
2012,4,18,Chris Riddell,1,26,0,3
2012,4,18,Geraldine Brennan,1,153,0,7
2012,4,18,Lucy Cavendish,1,41,4,19
2012,4,18,Rebecca Seal,1,2,0,2
2012,4,18,Anna Baddeley,1,25,6,75
2012,4,18,Andrew Anthony,2,32,0,23
2012,4,18,John Gallagher,1,6,2,6
2012,4,18,Mina Holland,1,1,0,4
2012,4,18,Nigel Slater,2,172,0,13
2012,4,18,Phil Mongredien,1,113,2,1
2012,4,18,Mariella Frostrup,1,2,0,0
2012,4,18,Paul Mardles,1,0,0,0
2012,4,18,Fiona Maddocks,2,6,0,15
2012,4,18,Jay Rayner,1,338,0,65
2012,4,18,Nicholas Kenyon,1,0,0,1
2012,4,18,Ally Carnwath,1,2,0,2
2012,4,18,Dave Gelly,1,0,0,4
2012,4,18,Craig McLean,1,1121,12,95
2012,4,18,Katharine Whitehorn,1,0,0,1
2012,4,18,Martin Love,1,2,2,28
2012,4,18,Eva Wiseman,2,120,7,35
2012,4,18,Katie Burnetts,1,59,0,4
2012,4,18,Alex Clark,2,231,0,42
2012,4,18,Mark Kermode,1,19,0,8
2012,4,18,Jessica Holland,1,5,0,8
2012,4,18,Miranda Sawyer,1,2,0,16
2012,4,18,John Naughton,1,599,57,613
2012,4,18,Nick Cohen,1,316,7,184
2012,4,18,Laura Cumming,1,8,0,16
2012,4,18,David Mitchell,1,743,17,430
2012,4,18,Susannah Clapp,1,115,0,5
2012,4,18,Stephen Pritchard,1,1,0,5
2012,4,18,Clare Brennan,1,13,0,5
2012,4,18,Emma John,1,11,0,6
2012,4,18,Dr Gerry Mander,1,0,0,4
2012,4,18,Luke Jennings,1,10,0,8
2012,4,18,Catherine Bennett,1,16,0,42
2012,4,18,Laura Hartmann,1,419,2,83
2012,4,18,Barbara Ellen,1,36,0,26
2012,4,18,Sarah Harris,1,73,1,54
2012,4,18,Observer,1,1,0,14
