year,month,week,name,articles,facebook,googleplus,twitter
2011,12,49,Randeep Ramesh,5,769,4,291
2011,12,49,Peter Walker,1,722,3,100
2011,12,49,Owen Gibson,6,93,3,73
2011,12,49,Jill Treanor,17,379,3,317
2011,12,49,Gregg Roughley,2,223,0,48
2011,12,49,guardian.co.uk/music,1,1759,14,196
2011,12,49,Nick Hopkins,8,2570,22,479
2011,12,49,Paolo Bandini,7,41,1,48
2011,12,49,Robert Booth,5,226,3,174
2011,12,49,Reuters,43,1331,21,577
2011,12,49,Jack Shenker,6,1723,12,432
2011,12,49,Flemmich Webb,1,206,1,96
2011,12,49,Press Association,117,11511,49,2248
2011,12,49,Laura Sleight,1,11,0,15
2011,12,49,Katie Allen,8,915,4,232
2011,12,49,Jonathan Glennie,3,319,7,96
2011,12,49,Sarah Hartley,1,3,0,16
2011,12,49,Andy Duckworth,1,90,2,73
2011,12,49,Associated Press,46,18015,142,2671
2011,12,49,Kit Friend,1,141,0,62
2011,12,49,Charles Arthur,17,895,52,1767
2011,12,49,agencies,46,15811,98,3552
2011,12,49,Claudia Cahalane,1,11,0,63
2011,12,49,Roy Greenslade,16,87,8,326
2011,12,49,Tracey Caldwell,1,2,0,11
2011,12,49,John Ashdown,6,642,2,295
2011,12,49,Evan Fanning,1,19,0,33
2011,12,49,Alan Gardner,5,166,0,80
2011,12,49,Paul Weaver,4,92,1,76
2011,12,49,Kevin Mitchell at the O<sub>2</sub> Arena,1,191,1,10
2011,12,49,John Hooper,3,354,10,177
2011,12,49,Rob Edwards,1,44,0,52
2011,12,49,Keith Stuart,11,202,7,571
2011,12,49,Simon Rogers,9,7326,89,2030
2011,12,49,David Cox,1,18,1,19
2011,12,49,James Derounian,1,4,2,15
2011,12,49,Ian Dodds,1,12,0,6
2011,12,49,Timothy Coleridge,1,12,0,6
2011,12,49,Josh Halliday,26,5145,43,2044
2011,12,49,Guardian Social Care,1,0,0,1
2011,12,49,Guardian Healthcare,1,0,0,0
2011,12,49,Alex Hawkes,4,97,5,115
2011,12,49,Barry Glendenning,6,106,1,132
2011,12,49,Martin Wainwright,18,890,3,426
2011,12,49,Starburst,1,1,0,4
2011,12,49,Dick Vinegar,1,2,0,3
2011,12,49,Henry Barnes,7,5497,18,503
2011,12,49,Catherine Shoard,8,5436,17,399
2011,12,49,Harriet Sherwood,4,758,9,137
2011,12,49,Julia Kollewe,12,272,10,354
2011,12,49,Oliver Laughl,1,24,0,26
2011,12,49,,5,403,1,151
2011,12,49,Christian Bennett,2,217,0,64
2011,12,49,Hari,2,18,0,106
2011,12,49,Jake,2,18,0,106
2011,12,49,Ivan Lewis,1,47,0,43
2011,12,49,Stuart Dredge,11,202,8,808
2011,12,49,Bella Mackie,4,39,0,12
2011,12,49,Louise Kanolik &amp; Ela Turker,1,54,1,12
2011,12,49,Allegra McEvedy,2,247,1,33
2011,12,49,Alex Healey,2,358,2,45
2011,12,49,Anna Chesters,1,25,0,24
2011,12,49,Hanna Gersmann,4,446,6,204
2011,12,49,Simon Zadek,1,122,0,76
2011,12,49,Michael Cox,1,10,1,40
2011,12,49,Monkey,12,83,1,240
2011,12,49,Steph Gray,1,7,4,36
2011,12,49,Sean Michaels,11,2114,16,289
2011,12,49,World Business Council for Sustainable Development,3,2,0,12
2011,12,49,Gines Haro Pastor,6,14,0,82
2011,12,49,Jill Insley,10,378,4,304
2011,12,49,Sarah Ditum,2,97,3,94
2011,12,49,William Annandale,1,29,0,50
2011,12,49,Polly Curtis,6,2048,1,299
2011,12,49,Duncan Campbell,1,94,0,14
2011,12,49,Kate Hodge,7,10,0,29
2011,12,49,Jon Hotten for <a href="http://theoldbatsman.blogspot.com/" title="">The Old Batsman</a>,1,66,0,7
2011,12,49,part of the Guardian Sport Network,3,227,3,36
2011,12,49,Eileen Jones,1,25,2,23
2011,12,49,James Robinson,8,296,5,193
2011,12,49,Lisa O'Carroll,19,1615,32,1141
2011,12,49,Rebecca Front,1,412,0,43
2011,12,49,John Plunkett,8,161,2,179
2011,12,49,Presented by Alok Jha with Kevin Fong,1,138,2,34
2011,12,49,produced by Jason Phipps,2,139,2,49
2011,12,49,Carol Rumens,1,99,1,24
2011,12,49,Oliver Milman,1,16,0,11
2011,12,49,Sam Jones,2,1096,4,284
2011,12,49,Miriam Elder,4,367,8,180
2011,12,49,Judy Friedberg,4,37,0,44
2011,12,49,Charlotte Higgins,3,217,4,79
2011,12,49,Larry Elliott,15,1379,21,709
2011,12,49,John Domokos,3,735,2,56
2011,12,49,Matt Scott,7,82,1,62
2011,12,49,Frédéric Filloux,1,6,0,50
2011,12,49,Jonathan Glancey,2,121,1,51
2011,12,49,Fiona Harvey,9,1502,14,738
2011,12,49,Jean-Louis Gassée,1,53,3,143
2011,12,49,Oliver Thring,1,50,0,20
2011,12,49,Guardian Government Computing,3,24,0,15
2011,12,49,Saeed Shah,4,1527,12,390
2011,12,49,Jon Boone,4,2482,20,525
2011,12,49,Ed Pilkington,7,4695,78,779
2011,12,49,Jessica Martin,1,61,1,27
2011,12,49,Mark Sweney,13,1118,22,1145
2011,12,49,Jamie Jackson,15,467,4,304
2011,12,49,Alison Flood,12,2803,41,944
2011,12,49,Clar Ni Chonghaile,1,65,0,20
2011,12,49,Clare Horton,4,45,0,11
2011,12,49,Caroline Davies,4,1169,4,303
2011,12,49,Chris Cook,1,0,0,4
2011,12,49,Mark Tran,8,877,10,438
2011,12,49,in Busan,5,531,9,282
2011,12,49,Jessica Shepherd,9,1005,15,939
2011,12,49,John Houston,1,4,0,10
2011,12,49,Dan Sabbagh,8,1310,4,493
2011,12,49,Mark Say,6,22,0,50
2011,12,49,Hilary Osborne,5,484,2,238
2011,12,49,Dave Hill,6,115,3,131
2011,12,49,Lyn Gardner,6,173,0,50
2011,12,49,Steven Appleby,1,15,0,6
2011,12,49,Presented by John Vidal,1,61,1,47
2011,12,49,produced by Celeste Hicks,1,61,1,47
2011,12,49,researched by Claire Provost,1,61,1,47
2011,12,49,John Vidal,3,844,7,260
2011,12,49,Open thread,4,355,4,100
2011,12,49,Maxton Walker,1,12,0,44
2011,12,49,Andrew Pulver,5,650,1,139
2011,12,49,Matt Trueman,6,942,4,94
2011,12,49,Hannah J Davies,1,43,0,17
2011,12,49,Ben Child,10,718,10,331
2011,12,49,Adam Boult,7,992,3,105
2011,12,49,Dan Milmo,15,5150,27,835
2011,12,49,John Bridcut,1,101,0,24
2011,12,49,Alan Connor,2,14,0,18
2011,12,49,Sid Lowe,1,158,1,54
2011,12,49,Lizzy Davies,4,1828,11,401
2011,12,49,Nancy Groves,1,3,1,43
2011,12,49,Kim Willsher,1,25,0,95
2011,12,49,Michael White,8,303,2,101
2011,12,49,Gill Hitchcock,9,333,0,84
2011,12,49,Martin Chulov,2,435,4,58
2011,12,49,Steven Morris,13,1745,18,525
2011,12,49,Joanna Blythman,1,13,0,11
2011,12,49,Helen Carter,3,77,0,51
2011,12,49,Severin Carrell,12,4334,47,678
2011,12,49,Scotl,8,2033,26,333
2011,12,49,Andrew Raingold for the <a href="http://www.guardian.co.uk/guardian-professional?INTCMP=SRCH" title="">Guardian Professional Network</a>,1,78,1,45
2011,12,49,Derek Malcolm,1,888,7,43
2011,12,49,Esther Walker,1,38,0,28
2011,12,49,Kristiana Wrixon,1,71,0,29
2011,12,49,Felicity Dennistoun,1,71,0,29
2011,12,49,Steve Boxer,1,23,0,60
2011,12,49,David Hopps,6,9,0,22
2011,12,49,Tamson Pietsch,1,15,0,34
2011,12,49,Jason Deans,6,321,4,153
2011,12,49,Corrections,5,2,0,7
2011,12,49,Jason Burke,9,1192,15,226
2011,12,49,TheBookThief,1,1,0,5
2011,12,49,Staff,15,10319,52,1217
2011,12,49,Hannah Waldram,6,896,6,242
2011,12,49,Paddy Allen,3,369,3,51
2011,12,49,Luke Harding,4,654,6,179
2011,12,49,Declan McSweeney,2,31,0,51
2011,12,49,Leon Kaye for the <a href="http://www.guardian.co.uk/guardian-professional" title="">Guardian Professional Network</a>,1,30,1,23
2011,12,49,Hayder al-Khoei,1,530,1,99
2011,12,49,Rian Evans,1,0,0,7
2011,12,49,Mark King,12,138,1,172
2011,12,49,Alok Jha,2,335,28,121
2011,12,49,Ulrich Beck,1,304,3,61
2011,12,49,Michael Cragg,5,227,0,68
2011,12,49,Kelly Rigg,1,92,1,47
2011,12,49,Seumas Milne,2,10233,10,524
2011,12,49,Damian Carrington,6,676,8,485
2011,12,49,Simon Bowers,5,22,0,81
2011,12,49,Sean O'Hagan,2,113,2,48
2011,12,49,Ewen MacAskill,10,862,14,203
2011,12,49,Matthew Weaver,5,361,7,390
2011,12,49,Andrew Sparrow,7,365,7,621
2011,12,49,Marc Abrahams,1,48,3,35
2011,12,49,GrrlScientist,16,352,41,286
2011,12,49,David Nutt,1,1358,2,65
2011,12,49,Dominic Rushe,11,1567,28,495
2011,12,49,Barney Ronay,6,203,1,111
2011,12,49,Owen Bowcott,6,480,5,438
2011,12,49,Paul Lester,5,466,3,104
2011,12,49,Katy Stoddard,1,21,0,9
2011,12,49,Brenda Hale,1,31,1,25
2011,12,49,Honour Bayes,1,77,0,35
2011,12,49,Phillip Inman,6,784,3,200
2011,12,49,Tom Jenkins,1,35,3,15
2011,12,49,Sarah Warwick,1,869,2,74
2011,12,49,Presented by James Richardson,2,39,0,27
2011,12,49,produced by Ben Green,1,14,0,9
2011,12,49,Mattia Cabitza,2,148,4,92
2011,12,49,Bertie Bosrédon,1,0,0,3
2011,12,49,Agencies,7,243,0,81
2011,12,49,Ed Carrasco,3,445,1,78
2011,12,49,Riazat Butt,8,510,3,289
2011,12,49,Graeme Wearden,5,518,14,635
2011,12,49,Sade Laja,7,9,0,29
2011,12,49,الصحفية منى محمود/ الجارديان البريطانية,2,67,0,32
2011,12,49,Jonathan Jones,9,5235,37,623
2011,12,49,Dick Pound,1,6,1,20
2011,12,49,Jenny Purt for the <a href="http://www.guardian.co.uk/guardian-professional" title="Guardian Professional Network">Guardian Professional Network</a>,2,51,1,99
2011,12,49,Greg Wood,5,9,0,12
2011,12,49,David Smith,7,430,4,158
2011,12,49,Chris Corrigan,1,0,0,6
2011,12,49,Andrew Clements,7,117,0,40
2011,12,49,Mark Fisher,1,7,0,3
2011,12,49,Ian Gittins,2,65,1,20
2011,12,49,John L Walters,1,14,0,9
2011,12,49,Muhammad Al-Hussaini,1,22,2,18
2011,12,49,Peter Bradshaw,7,536,2,148
2011,12,49,Matt Seaton,1,345,6,88
2011,12,49,Simon Hoggart,5,86,1,88
2011,12,49,Richard Nobbs,1,14,0,14
2011,12,49,Monica Mark,2,1332,13,162
2011,12,49,Ian Black,5,1400,18,446
2011,12,49,Harriet Swain,1,13,0,22
2011,12,49,Interviews by Melissa Denes,1,256,0,23
2011,12,49,Laura Barnett,1,256,0,23
2011,12,49,Melissa Benn,1,202,3,110
2011,12,49,David Gow,5,670,9,136
2011,12,49,Saeed Kamali Dehghan,9,3570,21,1587
2011,12,49,Paul Rees,12,114,1,49
2011,12,49,Fran Abrams,1,312,0,49
2011,12,49,Luisa Dillner,1,25,0,14
2011,12,49,John Crace,4,114,0,44
2011,12,49,Nic Fleming,2,170,23,180
2011,12,49,Aditya Chakrabortty,1,128,6,35
2011,12,49,Gabriel Weston,1,24,0,4
2011,12,49,Elisabeth Mahoney,5,28,2,74
2011,12,49,Kira Cochrane,1,103,0,6
2011,12,49,Patrick Kingsley,2,826,13,65
2011,12,49,Andy Beckett,1,102,0,43
2011,12,49,James Meikle,2,59,2,37
2011,12,49,Anna Bawden,1,59,1,14
2011,12,49,Rajeev Syal,4,573,2,191
2011,12,49,Hélène Mulholland,9,5542,18,655
2011,12,49,Janet Murray,1,32,0,29
2011,12,49,Ian Traynor,6,483,17,219
2011,12,49,Ana Marie Cox,7,45,4,93
2011,12,49,Valerie Hannah,1,60,0,37
2011,12,49,George Monbiot,4,1060,16,614
2011,12,49,Chris Arnot,1,111,0,32
2011,12,49,Imogen Fox,3,138,2,59
2011,12,49,Camilla Apcar,1,69,0,24
2011,12,49,Adam Gabbatt,4,1008,7,143
2011,12,49,Zoe Wood,3,53,6,155
2011,12,49,Alan Travis,9,3226,32,616
2011,12,49,John Vallins,1,27,0,20
2011,12,49,Katie Puckrik,1,266,3,41
2011,12,49,John Harris,2,86,0,36
2011,12,49,Xan Brooks,4,530,3,99
2011,12,49,Andy Gallagher,5,986,1,62
2011,12,49,Dominic Fifield,6,211,0,135
2011,12,49,Patrick Wintour,12,719,5,579
2011,12,49,Lucy Mangan,6,196,1,60
2011,12,49,Steve Bell,7,335,5,111
2011,12,49,Terry Eagleton,1,120,1,47
2011,12,49,Sali Hughes,3,881,0,118
2011,12,49,Ronan Bennett,1,6,0,0
2011,12,49,Daniel King,1,6,0,0
2011,12,49,Rob Bagchi,1,84,1,6
2011,12,49,Editorial,15,470,4,357
2011,12,49,Praful Bidwai,1,140,0,59
2011,12,49,John Robinson,2,29,0,8
2011,12,49,Ali Catterall,2,15,0,9
2011,12,49,Rebecca Nicholson,3,17,0,40
2011,12,49,Phelim O'Neill,5,77,0,37
2011,12,49,David Stubbs,3,17,0,12
2011,12,49,Maddy Costa,3,159,2,72
2011,12,49,Robert Kitson,9,51,0,34
2011,12,49,Louise Taylor,6,445,2,146
2011,12,49,Chris Burton <em>MeteoGroup</em>,1,26,0,17
2011,12,49,Interview by Laura Barnett,2,66,2,40
2011,12,49,Suzanne Goldenberg,7,1153,22,559
2011,12,49,Henry McDonald,6,1482,17,339
2011,12,49,Irel,4,1432,15,279
2011,12,49,Stephen Moss,3,24,3,72
2011,12,49,Hugh Muir,5,24,0,48
2011,12,49,Richard Williams,3,25,0,22
2011,12,49,David Hytner,7,187,0,150
2011,12,49,Nicholas Watt,11,782,12,437
2011,12,49,John Ashdown at The Valley,1,11,0,9
2011,12,49,Stephen Bates,2,315,16,178
2011,12,49,Sarah Boseley,5,589,3,227
2011,12,49,Richard Norton-Taylor,5,1376,12,432
2011,12,49,Denis Campbell,4,289,0,152
2011,12,49,Jeevan Vasagar,5,966,14,366
2011,12,49,Lindsay Poulton,1,376,0,26
2011,12,49,Michael Tait,1,376,0,26
2011,12,49,John Suart,1,3,0,29
2011,12,49,Alastair McKechnie,1,44,0,45
2011,12,49,Andy Wilson,2,9,0,13
2011,12,49,Ami Sedghi,2,77,0,24
2011,12,49,James Ball,3,799,10,361
2011,12,49,Lisa Evans,3,207,5,120
2011,12,49,James Stanley,1,68,0,39
2011,12,49,Ivan Radford,1,258,2,145
2011,12,49,Rebecca Smithers,3,383,6,133
2011,12,49,Lynn Watson,1,12,0,28
2011,12,49,Tania Branigan,6,778,14,192
2011,12,49,Charlotte Stuffins,1,8,2,17
2011,12,49,pollster,1,3,1,0
2011,12,49,Tom Service,1,29,0,14
2011,12,49,Steve Busfield,1,4,0,4
2011,12,49,Paul Kilbey,1,38,0,16
2011,12,49,Nicholas Lezard,1,4,0,4
2011,12,49,Russell Cunningham,1,2,0,6
2011,12,49,Paul Doyle,11,240,3,210
2011,12,49,Paul Howlett,1,136,0,24
2011,12,49,Alan Leaman,1,0,0,9
2011,12,49,Dave Clements,1,44,1,23
2011,12,49,Nick Fletcher,21,3,0,26
2011,12,49,Juliette Garside,6,200,6,633
2011,12,49,Ed Mayo,1,86,1,18
2011,12,49,Alan Newland,1,107,0,10
2011,12,49,Terry Philpot,1,12,0,9
2011,12,49,Tania Ahsan,1,31,1,27
2011,12,49,James Walsh,2,89,0,22
2011,12,49,Guardian readers,1,89,0,13
2011,12,49,Ahmed Shehata,1,405,2,26
2011,12,49,Caroline Anstey,1,343,2,223
2011,12,49,Michael Fish,1,18,0,25
2011,12,49,Public Leaders,1,0,0,4
2011,12,49,David Docherty,1,4,0,31
2011,12,49,Hélène Mulholl,2,62,0,27
2011,12,49,Naomi McAuliffe,1,34,1,29
2011,12,49,Will Hayler,6,2,0,22
2011,12,49,Tony Paley,7,106,1,57
2011,12,49,Rachel Williams,2,1301,12,297
2011,12,49,Donald McRae,1,484,0,123
2011,12,49,Rick Gekoski,1,37,1,22
2011,12,49,David Pavett,1,132,1,39
2011,12,49,Sunny Hundal,1,1675,4,116
2011,12,49,Jonathan Watts,3,323,1,184
2011,12,49,Arun Marsh,1,0,0,11
2011,12,49,Jo Confino,1,9,0,11
2011,12,49,وضاح خنفر,1,146,1,16
2011,12,49,Stuart Heritage,6,260,3,113
2011,12,49,The Guardian,1,2,0,10
2011,12,49,Mark Morrin,1,23,1,119
2011,12,49,Jared Schiller,1,317,2,27
2011,12,49,Leo Hickman,1,12,4,114
2011,12,49,Alison Benjamin,2,1243,2,123
2011,12,49,Pratap Chatterjee,2,1507,18,293
2011,12,49,Julia Eccleshare,2,34,1,22
2011,12,49,Justin McCurry,2,490,8,149
2011,12,49,Bruno Philip,1,12,1,9
2011,12,49,Jean-Pierre Stroobants,1,35,0,17
2011,12,49,Claire Guillot,1,34,1,6
2011,12,49,Guillaume Fraissard,1,11,0,36
2011,12,49,Mike Jahn,1,367,3,137
2011,12,49,Ignacio Cano,1,106,0,4
2011,12,49,David Skelton,1,37,0,22
2011,12,49,Cain Nunns,1,39,3,24
2011,12,49,Claire McEvoy,1,27,2,11
2011,12,49,Raphael Honigstein,1,252,1,21
2011,12,49,Nils Pratley,7,30,0,50
2011,12,49,Andy Bull,2,934,5,339
2011,12,49,Natasha Tripney,1,17,0,15
2011,12,49,Simon Chilvers,3,171,2,68
2011,12,49,Shehani Fernando,1,159,0,10
2011,12,49,Maggie Brown,2,119,1,55
2011,12,49,Joshua Rozenberg,1,12,0,43
2011,12,49,Ian Sample,5,1466,39,598
2011,12,49,Miles Brignall,4,18,0,49
2011,12,49,Ranjit Dhaliwal,1,3524,25,334
2011,12,49,the Guardian Interactive team,2,3809,29,409
2011,12,49,Butterfly Rainbow,1,0,0,6
2011,12,49,Chuka Umunna,1,106,0,15
2011,12,49,Sheila Lawlor,1,106,0,15
2011,12,49,David Blanchflower,2,124,1,32
2011,12,49,Adam Werbach for the <a href="http://www.guardian.co.uk/guardian-professional" title="Guardian Professional Network">Guardian Professional Network</a>,1,88,0,8
2011,12,49,Kate McCann,8,17,1,101
2011,12,49,Brian Cathcart,1,8,0,13
2011,12,49,in Dakar,1,19,0,13
2011,12,49,Senegal,1,19,0,13
2011,12,49,Sophie Petit-Zeman,1,21,0,24
2011,12,49,Liz Ford,1,7,0,3
2011,12,49,Sara Olsen,4,492,8,141
2011,12,49,Joseph Allchin,1,19,0,7
2011,12,49,Graham Snowdon,1,15,0,18
2011,12,49,David Conn,4,120,1,58
2011,12,49,Nina Lovelace,1,2,0,52
2011,12,49,SABMiller,1,6,0,18
2011,12,49,Paul Rowlinson,1,8,0,12
2011,12,49,Kate Treacy,1,532,1,70
2011,12,49,Jessica Shankleman for <a href="http://www.businessgreen.com">BusinessGreen</a>,2,51,0,80
2011,12,49,part of the <a href="http://www.guardian.co.uk/environment/network" title="Guardian Environment Network">Guardian Environment Network</a>,2,51,0,80
2011,12,49,Haroon Siddique,5,680,6,506
2011,12,49,Patrick Collinson,7,187,0,169
2011,12,49,Presented by Aditya Chakrabortty,1,1,0,4
2011,12,49,Tom Clark,2,31,0,60
2011,12,49,produced by Phil Maynard,1,1,0,4
2011,12,49,Patrick Butler,5,379,3,153
2011,12,49,Jim Falzarano,1,7,0,4
2011,12,49,Mark Brown,6,2459,27,393
2011,12,49,Simon Goodley,3,5,0,8
2011,12,49,Simon Tisdall,2,1524,11,131
2011,12,49,Greg Wood at Lambourn,2,8,0,4
2011,12,49,Guardian film,1,0,1,5
2011,12,49,Salil Tripathi,1,45,4,35
2011,12,49,Paul Harris,7,1641,19,280
2011,12,49,Matthew Baxter-Reynolds,1,8,2,70
2011,12,49,Eliza Anyangwe,1,25,0,78
2011,12,49,Charles Gant,1,6,0,24
2011,12,49,Matthew Caines,2,227,5,174
2011,12,49,Gill Wyness,1,2,0,11
2011,12,49,Massoumeh Torfeh,1,66,1,24
2011,12,49,Richard Sprenger,3,1064,1,63
2011,12,49,Steve Waters,1,11,0,1
2011,12,49,Presented by Aleks Krotoski,1,13,0,52
2011,12,49,produced by Scott Cawley,2,128,2,90
2011,12,49,Brussels,2,104,4,28
2011,12,49,Ewan Murray,7,17,0,30
2011,12,49,Tara Conlan,4,207,1,79
2011,12,49,Daniel Riemer,1,90,0,6
2011,12,49,Heather Stewart,9,468,10,288
2011,12,49,Gavin Kelly,1,19,0,9
2011,12,49,Pete Foster for the <a href="http://www.guardian.co.uk/guardian-professional" title="Guardian Professional Network">Guardian Professional Network</a>,1,7,2,23
2011,12,49,Tom Lutz,4,85,0,43
2011,12,49,Amelia Gentleman,3,109,0,47
2011,12,49,Angelique Chrisafis,3,1905,28,184
2011,12,49,Brian Logan,1,0,0,3
2011,12,49,Michael Billington,3,103,0,41
2011,12,49,Giles Tremlett,1,33,1,4
2011,12,49,Dave Simpson,4,265,6,74
2011,12,49,Alfred Hickling,3,115,0,59
2011,12,49,Tim Ashley,3,11,0,18
2011,12,49,Peter Suchin,1,50,1,41
2011,12,49,Jane Martinson,4,118,3,180
2011,12,49,Guy Dammann,1,17,0,8
2011,12,49,David Hearst,3,408,7,107
2011,12,49,Hadley Freeman,2,2720,21,328
2011,12,49,Jon Henley,1,656,0,66
2011,12,49,Tom Meltzer,3,351,3,123
2011,12,49,Tim Dowling,3,92,1,35
2011,12,49,Amelia Hill,2,486,3,204
2011,12,49,Polly Toynbee,1,5812,9,761
2011,12,49,Jonathan Freedland,1,64,0,25
2011,12,49,Paul Evans,1,6,0,20
2011,12,49,Shaun Woodward,1,15,0,47
2011,12,49,Julian Borger,8,1652,8,575
2011,12,49,Guardian fashion desk,1,8,0,8
2011,12,49,Victoria Coren,1,9,0,2
2011,12,49,Jess Cartner-Morley,5,66,1,78
2011,12,49,Simon Jenkins,3,392,18,354
2011,12,49,Mark Lawson,2,17,1,42
2011,12,49,Nicholas Wright,1,7,0,15
2011,12,49,Lisa Jardine,1,54,0,1
2011,12,49,Mark Weisbrot,1,59,2,19
2011,12,49,Dominic Fifield at Stamford Bridge,1,325,3,52
2011,12,49,Joe Lovejoy at Cardiff City Stadium,1,6,0,7
2011,12,49,Martin Skegg,1,3,0,4
2011,12,49,Andrew Mueller,2,5,0,7
2011,12,49,Robert Skidelsky,1,121,2,65
2011,12,49,Kevin McCarra at Emirates Stadium,1,11,0,10
2011,12,49,Tim Jonze,2,971,10,269
2011,12,49,Amy Lawrence at Emirates Stadium,1,9,0,26
2011,12,49,Louise Taylor at Riverside Stadium,1,76,0,7
2011,12,49,Paul Walker,1,89,0,15
2011,12,49,Shaun Reeve,1,89,0,15
2011,12,49,David Hambling,1,33,1,30
2011,12,49,David Hytner at Stamford Bridge,2,39,0,70
2011,12,49,Francis Beckett,1,2,0,15
2011,12,49,Jonny Weeks,4,17,0,77
2011,12,49,Jamie Jackson at Emirates Stadium,1,8,0,14
2011,12,49,Daniel Taylor,8,607,3,329
2011,12,49,Sally Jones,1,0,0,1
2011,12,49,Kevin Gallagher,1,17,0,113
2011,12,49,Frank Keating,1,13,0,10
2011,12,49,Paul Wilson,6,1054,2,304
2011,12,49,Beatrice Woolf,4,3587,21,423
2011,12,49,Money reporters,1,41,0,32
2011,12,49,Virginia Wallis,2,0,0,31
2011,12,49,Vicky Browning,1,7,0,8
2011,12,49,Joe Dunckley,1,70,0,54
2011,12,49,François Biloko,1,42,0,45
2011,12,49,Will Wood,1,88,2,44
2011,12,49,Rob Taylor,1,2,0,4
2011,12,49,Katy Bevan,1,200,0,17
2011,12,49,Associated Press at The Hague,1,46,1,43
2011,12,49,Colin Cram,1,4,0,5
2011,12,49,Dan Jellinek,1,12,0,3
2011,12,49,Neil Merrick,1,3,0,0
2011,12,49,Hannah Fearn,2,7,0,25
2011,12,49,Richard Vine,1,184,3,45
2011,12,49,Dorian Lynskey,1,84,0,49
2011,12,49,PompomEllie,1,5,0,8
2011,12,49,Frances O'Grady,1,183,0,31
2011,12,49,Zoe Williams,4,736,8,156
2011,12,49,Jamie Robertson,1,261,1,18
2011,12,49,Rosie Taylor,1,98,0,58
2011,12,49,Debbie Andalo,1,1,0,6
2011,12,49,Lizzie Enfield,1,1931,3,183
2011,12,49,Audrey Gillan,1,993,3,51
2011,12,49,Sarah Crown,2,65,5,48
2011,12,49,Simon Burnton,2,167,5,121
2011,12,49,John Tizard,1,6,0,8
2011,12,49,Jessica Reed,1,37,0,9
2011,12,49,Oliver Laughland,2,37,0,10
2011,12,49,Jane Dudman,1,0,0,4
2011,12,49,Jessica Fuhl,1,82,2,20
2011,12,49,Amir Hannan,1,15,1,23
2011,12,49,Natalie Bennett,1,1,0,1
2011,12,49,Daniel Bettridge,1,55,2,33
2011,12,49,Sue Littlemore,1,7,0,22
2011,12,49,Peter Beresford,1,424,0,62
2011,12,49,Sandra Laville,2,290,2,187
2011,12,49,Richard Heinberg,1,1513,15,160
2011,12,49,Gill Green,1,2,0,13
2011,12,49,Kate Abbott,1,10,0,5
2011,12,49,Stephen Glaister,1,4,0,21
2011,12,49,Rachel Holmes,1,21,0,17
2011,12,49,Robin Christian,1,1,0,5
2011,12,49,Caroline Foley,1,3,1,8
2011,12,49,Anna Tims,2,81,0,50
2011,12,49,Victor Fraga,1,5,0,22
2011,12,49,Ros Coward,1,8,1,8
2011,12,49,Felicity Carus,1,217,1,66
2011,12,49,Caron Bradshaw,1,0,0,8
2011,12,49,Len Brown,1,5,0,14
2011,12,49,Cassie Werber,1,363,2,36
2011,12,49,guardian.co.uk,1,0,0,2
2011,12,49,Colin Horgan,1,2,0,8
2011,12,49,Nushin Arbabzadah,1,146,9,68
2011,12,49,Sandra Stathie,1,14,0,3
2011,12,49,Arwa Mahdawi,1,115,1,44
2011,12,49,Redundant Public Servant,1,0,0,5
2011,12,49,Caspar Llewellyn Smith,4,378,0,84
2011,12,49,Harry Venning,1,3,0,5
2011,12,49,Jaz Cummins,1,66,2,28
2011,12,49,Neil Addison,1,107,4,49
2011,12,49,Lisa Stokes,1,4,0,12
2011,12,49,Mark Ruffalo,1,111,0,61
2011,12,49,Manoj Kumar,1,638,6,26
2011,12,49,Stuart Kelly,1,219,4,39
2011,12,49,Joe,1,0,0,2
2011,12,49,Tom Phillips,3,3264,5,169
2011,12,49,Aslak Sira Myhre,1,901,3,43
2011,12,49,Andy Hunter,4,100,2,56
2011,12,49,Philip Landau,1,1261,1,234
2011,12,49,Anna Calvi,2,289,0,46
2011,12,49,Dai Fujikura,1,94,0,57
2011,12,49,Max Benson for <a href="http://www.thesportcollective.com/" title="">The Sport Collective</a>,1,5,0,6
2011,12,49,Mark Redding,1,22,0,9
2011,12,49,Amy Goodman,1,141,1,103
2011,12,49,Tom Crompton,1,13,0,19
2011,12,49,Sarah McMahon for the <a href="http://www.guardian.co.uk/guardian-professional" title="Guardian Professional Network">Guardian Professional Network</a>,1,13,0,19
2011,12,49,Terry Macalister,3,232,0,204
2011,12,49,Rhys Morgan,1,315,8,136
2011,12,49,Rob Evans,2,1183,8,271
2011,12,49,Chris Salmon,1,71,0,38
2011,12,49,Natalia Antonova,1,21,0,18
2011,12,49,Alan Sykes,1,19,0,20
2011,12,49,Michael Paarlberg,1,150,0,6
2011,12,49,Dalya Alberge,2,509,6,127
2011,12,49,Shelagh McKinlay,1,26,0,5
2011,12,49,Shiv Malik,3,267,1,127
2011,12,49,Simon Arms for <a href="http://www.earthisland.org">Earth Isl,1,53,1,55
2011,12,49,Journal</a>,1,53,1,55
2011,12,49,part of the <a href="http://www.guardian.co.uk/environment/network">Guardian Environment Network</a>,1,53,1,55
2011,12,49,Harry Mount,1,84,1,37
2011,12,49,Angela Hartnett,2,26,1,20
2011,12,49,Dr Adam Winstock,1,83,1,49
2011,12,49,Sam Sims,1,8,0,11
2011,12,49,Caroline Crampton,1,900,2,99
2011,12,49,Karen McVeigh,4,1718,14,328
2011,12,49,Bali Rai,1,9,0,3
2011,12,49,Guardian staff,1,15,0,12
2011,12,49,Eric Augenbraun,1,65,1,10
2011,12,49,Mike Selvey,1,6,0,6
2011,12,49,David Jary,1,2,0,12
2011,12,49,John McHugh,1,2,0,12
2011,12,49,Neill Nugent,1,2,0,12
2011,12,49,Michael Moran,1,2,0,12
2011,12,49,Malcolm Jack,1,0,0,4
2011,12,49,Nicholas Jacobs,1,22,0,10
2011,12,49,Pete Messent,1,79,0,17
2011,12,49,Patrick Foster,1,213,4,26
2011,12,49,Veronica Horwell,1,2,0,24
2011,12,49,Kirsty Scott,1,97,0,19
2011,12,49,Michael Coveney,1,10,0,13
2011,12,49,Piers Jones,2,8,0,92
2011,12,49,Richard Wachman,3,125,1,32
2011,12,49,Allegra Stratton,3,601,1,160
2011,12,49,Mariano Fernández,1,9,0,27
2011,12,49,Esther Addley,2,123,0,51
2011,12,49,Vicky Frost,2,65,0,51
2011,12,49,Suzanne Moore,1,260,3,64
2011,12,49,Julie Bindel,1,29,1,18
2011,12,49,Timothy Garton Ash,1,130,0,35
2011,12,49,Vikram Dodd,1,23,2,21
2011,12,49,Emine Saner,3,84,0,71
2011,12,49,Ray Collier,1,4,0,30
2011,12,49,Mark Malloch-Brown,1,66,0,33
2011,12,49,Ewan Murray at Celtic Park,1,2,0,7
2011,12,49,Jonathan Wright,1,2,0,3
2011,12,49,Gwilym Mumford,2,6,0,44
2011,12,49,Ben Arnold,1,2,0,3
2011,12,49,As seen by Catherine Bennett,1,24,0,5
2011,12,49,Interviews by Kate Abbott,1,857,1,108
2011,12,49,Alex Needham,2,904,1,135
2011,12,49,Arun Gupta,1,2717,25,136
2011,12,49,Maev Kennedy,4,335,6,121
2011,12,49,Martin Pengelly,1,3,0,0
2011,12,49,Essam El-Arian,1,168,0,32
2011,12,49,Bernard Harcourt,1,646,9,57
2011,12,49,Jamie Jackson at White Hart Lane,1,122,1,5
2011,12,49,Daniel Taylor at Old Trafford,2,347,0,89
2011,12,49,Marina Hyde,5,811,8,667
2011,12,49,Andy Nicolson,1,7,0,27
2011,12,49,Ben Quinn,1,1091,4,269
2011,12,49,Greg Grimes,3,7,0,9
2011,12,49,Zia Mahmood,1,1,0,1
2011,12,49,Charlotte Jones,1,149,2,29
2011,12,49,Felicity Cloake,4,193,2,52
2011,12,49,Johnny Howorth,1,299,0,17
2011,12,49,Emily Drabble,1,5,0,0
2011,12,49,Jonathan Senker,1,1,0,12
2011,12,49,Claire Provost,2,3721,31,561
2011,12,49,Hannah Freeman,2,189,0,61
2011,12,49,Garry Blight,3,310,1,105
2011,12,49,Lisa Villani,1,189,0,50
2011,12,49,<a href="http://www.creativeboom.co.uk/" title="">Creative Boom</a>,1,8,1,12
2011,12,49,Katy Cowan,1,8,1,12
2011,12,49,part of the <a href="http://www.guardian.co.uk/culture-professionals-network" title="">Guardian Culture Professionals Network</a>,1,8,1,12
2011,12,49,Hugh Fearnley-Whittingstall,3,245,8,62
2011,12,49,Aaron Porter,1,7,0,7
2011,12,49,Edward Peck,1,17,0,12
2011,12,49,Alfonso Redondo,1,60,0,4
2011,12,49,Liz Williams,1,264,5,39
2011,12,49,Lorna Gibbons,1,14,1,5
2011,12,49,Joseph Foley,1,27,0,22
2011,12,49,Krazy Kesh,2,4,0,6
2011,12,49,Tim Radford,2,18,0,39
2011,12,49,Edward Lawrence,1,41,0,18
2011,12,49,Sarfraz Manzoor,1,195,2,35
2011,12,49,Tim Laurence,1,1,0,3
2011,12,49,Tom Lamont,1,551,4,64
2011,12,49,Isabel Choat,1,73,0,40
2011,12,49,Roel Janssen,1,20,0,19
2011,12,49,Frederika Whitehead,2,8,0,21
2011,12,49,Charles Ebikeme,1,34,1,44
2011,12,49,Skye Sherwin,1,19,0,17
2011,12,49,Richard Lea,2,22,1,69
2011,12,49,Chris Coulter for the World Business Council for Sustainable Development,1,6,0,8
2011,12,49,Damien Walter,1,308,14,155
2011,12,49,Steven Toft,1,4,0,19
2011,12,49,Peter Storey,1,25,0,30
2011,12,49,Lisa Bachelor,2,28,0,45
2011,12,49,Invisible Woman,1,31,0,26
2011,12,49,Jonathan Wilson,1,23,0,13
2011,12,49,Abbas Edalat,1,106,1,20
2011,12,49,Thierry Berthoud for the <a href="http://www.guardian.co.uk/guardian-professional" title="Guardian Professional Network">Guardian Professional Network</a>,1,0,0,12
2011,12,49,Jane Perrone,1,26,0,12
2011,12,49,Lanre Bakare,1,482,1,70
2011,12,49,Alex Sassoon Coby,1,1219,0,117
2011,12,49,Andrew Simms,1,45,2,62
2011,12,49,Ben Kape,1,747,1,33
2011,12,49,Mustafa Khalili,1,747,1,33
2011,12,49,Michael Wagg,1,8,0,8
2011,12,49,political reporter,1,436,1,50
2011,12,49,Alex Duval Smith,5,93,0,68
2011,12,49,in Cape Town,1,74,0,16
2011,12,49,Martin Booth,1,258,0,42
2011,12,49,Emma Lundin,1,192,3,37
2011,12,49,Alex von Tunzelmann,1,19,0,19
2011,12,49,Interview,1,71,0,40
2011,12,49,photographs by Christian Aid,1,71,0,40
2011,12,49,Olivia Arthur from Magnum Photos,1,71,0,40
2011,12,49,editing by Eric Hilaire,1,71,0,40
2011,12,49,Padraig Reidy,1,260,2,229
2011,12,49,John Baron,1,62,2,47
2011,12,49,Killian Fox,1,71,0,14
2011,12,49,Stephen Howard for the <a href="http://www.guardian.co.uk/guardian-professional" title="Guardian Professional Network">Guardian Professional Network</a>,1,29,2,29
2011,12,49,Joris Luyendijk,1,73,5,63
2011,12,49,Presented by Jason Solomons,1,1,0,15
2011,12,49,with Xan Brooks,1,1,0,15
2011,12,49,Jack Schofield,1,8,0,57
2011,12,49,Rachel Cooke,1,23,1,24
2011,12,49,Michael Jacobs,1,84,1,70
2011,12,49,Paul Boateng,1,89,1,18
2011,12,49,Aaron Oxley,1,89,1,18
2011,12,49,Penguin,1,1,0,6
2011,12,49,Huw Richards,1,4,0,51
2011,12,49,Presented by Hugh Muir,1,7,0,28
2011,12,49,produced by Peter Sale,1,7,0,28
2011,12,49,Phil Maynard,1,7,0,28
2011,12,49,Lucy Halsall,1,18,0,19
2011,12,49,David Walker,1,0,0,7
2011,12,49,Alex Aldridge,1,30,0,36
2011,12,49,Tom Williams for <a href="http://www.tomwfootball.com/" title="">Football Further</a>,1,156,3,23
2011,12,49,Alexis Petridis,1,135,2,23
2011,12,49,Andrea Capussela,1,43,0,7
2011,12,49,Jon Dennis,3,11,0,38
2011,12,49,Akbar Ahmed,1,124,5,27
2011,12,49,Harrison Akins,1,124,5,27
2011,12,49,Simon Zadek  for the <a href="http://www.guardian.co.uk/guardian-professional" title="">Guardian Professional Networks</a>,1,15,1,16
2011,12,49,Anne Mireille Nzouankeu,1,105,0,15
2011,12,49,in Douala,1,105,0,15
2011,12,49,Dan Gillmor,1,64,3,69
2011,12,49,Imogen Russell Williams,2,18,2,17
2011,12,49,Priscilla Kwateng,1,3,0,12
2011,12,49,Nick Cowen,1,52,2,45
2011,12,49,Daniel Bear,1,28,0,22
2011,12,49,Dr Juliet Chester,1,6,0,32
2011,12,49,Jovan Luzajic for the <a href="http://www.guardian.co.uk/guardian-professional" title="">Guardian Professional Network</a>,1,6,0,32
2011,12,49,Shaun Edwards,1,3,0,3
2011,12,49,John Elkington,1,27,0,6
2011,12,49,Michael MacLeod,1,200,4,92
2011,12,49,Produced by Iain Chambers,1,25,0,18
2011,12,49,David Lengel,1,42,0,16
2011,12,49,Caroline Sullivan,4,427,0,45
2011,12,49,Tim Heald,1,0,0,7
2011,12,49,Kate Bartholomew,1,2,0,7
2011,12,49,Julia Piggott,1,2,0,7
2011,12,49,د. عصام العريان,1,20,0,8
2011,12,49,Rachel King,1,15,0,8
2011,12,49,James Ridgeway,1,266,1,9
2011,12,49,Miranda Vickers,1,30,0,8
2011,12,49,Kim Newman,1,58,0,13
2011,12,49,Jeremy Kelly,1,1927,11,680
2011,12,49,Jerry Davies,1,5,0,15
2011,12,49,Sadhbh Walshe,1,3,0,17
2011,12,49,Gail Dines,1,2261,4,126
2011,12,49,Julia Long,1,2261,4,126
2011,12,49,Richard Wilkinson,1,26,0,23
2011,12,49,Emma Brockes,1,106,0,30
2011,12,49,Charlie Brooker,1,2272,111,732
2011,12,49,Alexander Chancellor,1,12,0,11
2011,12,49,Felicity Lawrence,2,1090,6,313
2011,12,49,Anthony Painter,1,18,0,40
2011,12,49,Hopi Sen,1,18,0,40
2011,12,49,Naseem Rakha,1,46,0,7
2011,12,49,Helena Smith,2,271,2,21
2011,12,49,Kevin Mitchell,6,307,2,57
2011,12,49,Pamela Stephenson Connolly,1,12,2,5
2011,12,49,Satish Sekar,1,50,0,22
2011,12,49,Michele Hanson,1,36,0,1
2011,12,49,John Fordham,4,41,0,28
2011,12,49,Julie Tomlin,1,102,0,29
2011,12,49,Patrick Barkham,1,60,2,71
2011,12,49,Christine Smith,1,3,0,10
2011,12,49,Kevin McCarra,3,22,1,22
2011,12,49,Cath Clarke,1,72,0,14
2011,12,49,Michael Hann,3,99,0,39
2011,12,49,Simon Baron-Cohen,1,389,8,97
2011,12,49,<a href="http://www.guardian.co.uk/profile/ben-arnold" title="">Ben Arnold</a>,1,0,0,4
2011,12,49,<a href="http://www.guardian.co.uk/profile/andrewmueller" title="">Andrew Mueller</a>,1,0,0,4
2011,12,49,<a href="http://www.guardian.co.uk/profile/martin-skegg" title="">Martin Skegg</a>,1,0,0,4
2011,12,49,<a href="http://www.guardian.co.uk/profile/juliaraeside" title="">Julia Raeside</a>,1,0,0,4
2011,12,49,<a href="http://www.guardian.co.uk/profile/johnrobinson" title="">John Robinson</a>,1,0,0,4
2011,12,49,Mike Kaplan,2,166,0,46
2011,12,49,David Thomson,1,63,2,7
2011,12,49,Tom Ewing,1,111,0,30
2011,12,49,Ian Cobain,1,9,0,24
2011,12,49,Ellen E Jones,1,51,2,51
2011,12,49,Paul MacInnes,1,2,0,6
2011,12,49,Paul Wilson at the Britannia Stadium,1,6,0,7
2011,12,49,Joseph O'Connor,1,18,0,3
2011,12,49,Stphen Lee,1,4,0,2
2011,12,49,Michael Hampel,1,13,0,5
2011,12,49,Robin Denselow,2,8,0,14
2011,12,49,Martin Kettle,1,18,0,24
2011,12,49,Kate Webb,1,255,1,35
2011,12,49,Chris McGreal,1,36,0,19
2011,12,49,James Richardson,1,14,0,2
2011,12,49,Matt Hall,3,228,7,39
2011,12,49,Sean Ingle,2,120,1,31
2011,12,49,Daniel Marshall,1,23,0,14
2011,12,49,Christine Haigh,1,4,1,42
2011,12,49,Blair McPherson,1,3,2,3
2011,12,49,Charles Abugre,1,72,0,24
2011,12,49,Amsterdam,1,87,19,131
2011,12,49,Dominic Llewellyn,1,31,1,108
2011,12,49,Nick Hague,1,16,0,6
2011,12,49,Richard Vize,1,1,1,4
2011,12,49,Scott Murray,5,397,4,234
2011,12,49,Kevin Carey,1,0,0,6
2011,12,49,The Insiders,1,0,0,0
2011,12,49,Helena Moore,1,1,0,16
2011,12,49,kung fu kitty,1,4,0,6
2011,12,49,Tom Holland,1,18,1,7
2011,12,49,Rafael Behr,1,1,0,18
2011,12,49,Lisa Allardice,1,19,0,17
2011,12,49,Pierre de Vos,1,23,0,15
2011,12,49,Fergus Henderson,1,67,0,21
2011,12,49,Christine Oliver,1,280,2,75
2011,12,49,Rick Peters,1,280,2,75
2011,12,49,Maggy Woodley,1,8,0,30
2011,12,49,Ed Jacobs,1,3,0,11
2011,12,49,Emily Band,1,338,2,204
2011,12,49,NIHR CRN,3,4,0,12
2011,12,49,NIHR,1,0,0,1
2011,12,49,Simon Hattenstone,1,369,1,47
2011,12,49,The Institute of Clinical Research,3,1,0,0
2011,12,49,Marc Lockley,1,13,0,42
2011,12,49,Tom MacInnes,1,113,2,30
2011,12,49,Henry Nicholls,1,130,1,66
2011,12,49,Benji Inwood,1,35,0,8
2011,12,49,John Mulholl,1,193,0,38
2011,12,49,Chris Harding,1,43,0,17
2011,12,49,Nat Saunders,1,44,0,19
2011,12,49,Mary O'Hara,1,167,2,48
2011,12,49,Ben Caldecott,1,35,2,39
2011,12,49,Helen Pidd,2,215,6,72
2011,12,49,Presented by John Plunkett,1,1,1,14
2011,12,49,David Mills,2,15,0,61
2011,12,49,Keith Coni,1,3,0,20
2011,12,49,Kevin Fong,1,203,7,34
2011,12,49,Noah Payne-Frank,2,401,7,68
2011,12,49,Terry Slavin for the <a href="http://www.guardian.co.uk/guardian-professional" title="Guardian Professional Network">Guardian Professional Network</a>,1,5,0,11
2011,12,49,Graham Hayday,1,3,0,30
2011,12,49,Simon Rawles,1,198,0,34
2011,12,49,SE Smith for <a href="http://meloukhia.net/" title="">This Ain't Livin'</a>,1,73,0,13
2011,12,49,part of the <a href="http://www.guardian.co.uk/commentisfree/series/guardian-comment-network" title="">Guardian Comment Network</a>,1,73,0,13
2011,12,49,Helienne Lindvall,1,177,3,54
2011,12,49,Nathan Green,2,211,11,221
2011,12,49,James Lees,1,54,0,43
2011,12,49,David Marsh,1,21,0,28
2011,12,49,Guardian Fashion,2,28,0,15
2011,12,49,James Hopkin,1,1006,5,58
2011,12,49,Rupert Sawyer,1,4,0,20
2011,12,49,Presented by Sarah Crown,1,14,0,21
2011,12,49,produced by Tim Maby,1,14,0,21
2011,12,49,Mary Douglas-Home,2,143,0,57
2011,12,49,The perfect gift for your favourite foodie.,1,4,0,0
2011,12,49,Melanie Henwood,1,18,0,22
2011,12,49,Naomi Wolf,1,539,3,76
2011,12,49,Leonard Barden,1,1,0,1
2011,12,49,Jon O'Brien,1,50,0,10
2011,12,49,David Katz,1,20,1,13
2011,12,49,Stuart O'Connor,2,15,1,118
2011,12,49,Ekaterina Ochagavia,1,5,0,8
2011,12,49,David Lacey,1,216,0,6
2011,12,49,Dylan Haskins,1,115,1,25
2011,12,49,Tim Dee,1,93,1,20
2011,12,49,Fiona Bawdon,1,123,2,71
2011,12,49,Jo Confino for the <a href="http://www.guardian.co.uk/guardian-professional" title="Guardian Professional Network">Guardian Professional Network</a>,1,13,0,10
2011,12,49,lilybelle,1,1,0,4
2011,12,49,Kim Catcheside,1,1,0,3
2011,12,49,John Dugdale,1,2,0,14
2011,12,49,Susan Claris,1,12,0,8
2011,12,49,David Whalley,1,33,0,13
2011,12,49,Michael Carlson,1,0,0,9
2011,12,49,Nabila Ramdani,1,40,1,66
2011,12,49,Clancy Sigal,1,72,1,20
2011,12,49,Mark Lynas,1,169,8,203
2011,12,49,Travis Clark,1,27,1,11
2011,12,49,The Observer,2,37,0,22
2011,12,49,Alistair Smith,1,7,0,8
2011,12,49,Jacob Steinberg (now),1,7,0,19
2011,12,49,Tom Lutz (when Jacob went to lunch),1,7,0,19
2011,12,49,Paul Toyne for the <a href="http://www.guardian.co.uk/guardian-professional" title="Guardian Professional Network">Guardian Professional Network</a>,1,102,0,3
2011,12,49,Mike Averis,1,0,0,1
2011,12,49,Ian Malin,1,0,0,3
2011,12,49,Luke Jennings,1,189,0,11
2011,12,49,Julian Baggini,1,13,2,15
2011,12,49,Greg Wood at Sandown,1,0,0,2
2011,12,49,Matthew Wright,1,144,2,65
2011,12,49,Tom Kington,1,141,9,196
2011,12,49,Gordon Miller for the <a href="http://www.guardian.co.uk/guardian-professional" title="Guardian Professional Network">Guardian Professional Network</a>,1,13,0,17
2011,12,49,Jonathan Duke-Evans,1,6,0,5
2011,12,49,Presented by Alexis Petridis,1,115,2,38
2011,12,49,Kate Bradley,1,14,0,10
2011,12,49,Gregory Barringer-Grimes,1,5,0,5
2011,12,49,Brittany Shoot,1,78,2,39
2011,12,49,AP,1,12,0,3
2011,12,49,Paul Chronnell,1,195,1,31
2011,12,49,Erica Jeal,1,2,1,11
2011,12,49,Virginia Lopez,1,214,2,51
2011,12,49,Steve Bloor,1,323,2,31
2011,12,49,Julie Bailey,1,14,0,20
2011,12,49,Alicia Canter,1,5,0,7
2011,12,49,Emma Slater,1,118,3,49
2011,12,49,Chris Woods,1,118,3,49
2011,12,49,Sanjoy Roy,1,5,0,5
2011,12,49,Nooruddin Bakhshi,1,1178,5,246
2011,12,49,arts correpsondent,1,15,0,24
2011,12,49,Jonathan Romain,1,24,0,19
2011,12,49,Ben Dowell,1,89,2,35
2011,12,49,Judith Mackrell,2,40,0,22
2011,12,49,Philip Ball,1,65,2,40
2011,12,49,Peter White,1,0,0,18
2011,12,49,Vicky Pryce,1,25,1,17
2011,12,49,Stephanie Reeves,1,15,1,10
2011,12,49,Matt Porter,1,15,1,10
2011,12,49,Susie Stubbs,1,15,1,10
2011,12,49,Robert Campbell,1,15,1,10
2011,12,49,Derek Niemann,1,1,0,8
2011,12,49,Peter Wilby,1,121,1,42
2011,12,49,Victoria Brittain,1,382,0,84
2011,12,49,William Fotheringham,1,2,0,10
2011,12,49,Cass Jones,3,807,4,130
2011,12,49,Richard Adams,2,32,0,71
2011,12,49,Gemma Bowes,1,127,1,15
2011,12,49,Ed Blomfield,1,74,0,16
2011,12,49,Emma Kennedy,2,618,1,63
2011,12,49,Chris Michael,1,201,0,62
2011,12,49,Marcel Theroux,1,99,1,12
2011,12,49,Joanne O'Connor,1,80,0,24
2011,12,49,Martin Rowson,1,36,2,18
2011,12,49,Kathryn Hughes,2,923,16,262
2011,12,49,Tony Naylor,2,14,0,14
2011,12,49,Sue Arnold,1,1,0,3
2011,12,49,John Banville,1,19,4,15
2011,12,49,Nicholas Wroe,1,38,3,33
2011,12,49,Justine Jordan,1,36,0,21
2011,12,49,Ian Sansom,1,0,0,3
2011,12,49,Paul Mason,1,43,1,43
2011,12,49,John Mullan,2,4,0,9
2011,12,49,Philip Hensher,1,18,0,6
2011,12,49,Siddhartha Mukherjee,1,50,1,11
2011,12,49,Oliver Burkeman,1,100,4,69
2011,12,49,Stephen Collins,1,15,0,5
2011,12,49,Ambra Edwards,1,2,0,14
2011,12,49,Bob Granleese,3,86,1,62
2011,12,49,Jenny McIvor,1,64,1,21
2011,12,49,Matthew Fort,1,64,1,21
2011,12,49,Hannah Booth,1,64,1,21
2011,12,49,Victoria Metcalf,1,31,0,3
2011,12,49,Becky Barnicoat. Photograph: <a href="http://www.emilystein.co.uk/" title="">Emily Stein</a>,1,0,0,0
2011,12,49,Rosanna Greenstreet,1,7,0,2
2011,12,49,Thomas Eaton,1,0,0,1
2011,12,49,Tom Dyckhoff,1,67,0,12
2011,12,49,Tim Minchin,1,24,0,6
2011,12,49,Brad Williams,1,58,2,27
2011,12,49,Sam Wollaston,1,1,0,29
2011,12,49,Alys Fowler,1,9,0,0
2011,12,49,Anonymous,1,18,0,1
2011,12,49,Lia Leendertz,1,1,0,0
2011,12,49,Andrea Wren,1,14,0,25
2011,12,49,John Lanchester,1,14,0,21
2011,12,49,Dan Lepard,2,93,0,44
2011,12,49,Yotam Ottolenghi,1,53,0,12
2011,12,49,Fiona Beckett,1,21,0,7
2011,12,49,Angela Foster,1,4,0,10
2011,12,49,Ian Wylie,1,39,0,17
2011,12,49,Jennifer Reese,1,36,5,66
2011,12,49,Ben Clark,1,12,0,3
2011,12,49,Claude Bosi,1,4,0,1
2011,12,49,Jeremy Bullmore,1,3,0,4
2011,12,49,Jeremy Lee,1,0,0,0
2011,12,49,Bill Granger,1,2,0,0
2011,12,49,<strong>Will Beckett</strong>,1,9,0,3
2011,12,49,<strong>Huw Gott</strong>,1,9,0,3
2011,12,49,<strong>Richard Turner</strong>,1,9,0,3
2011,12,49,Oliver Peyton,1,6,0,1
2011,12,49,Samantha Downes,1,32,0,15
2011,12,49,Deborah Orr,3,87,0,89
2011,12,49,Jill Papworth,1,14,0,17
2011,12,49,Harry Pearson,1,6,0,4
2011,12,49,The Secret Footballer,1,160,3,66
2011,12,49,Charles Saatchi,1,5444,36,447
2011,12,49,Sam Wolfson,1,368,2,193
2011,12,49,Andrew Collins,1,11,0,3
2011,12,49,Harriet Gibsone,1,64,1,6
2011,12,49,Juliet Rix,1,1,0,0
2011,12,49,Susanna Rustin,1,5,0,3
2011,12,49,Interview by Oliver Laughland,1,6,0,12
2011,12,49,Ruth Saxelby,1,43,5,51
2011,12,49,Stuart Jeffries,1,1410,9,156
2011,12,49,Charlie Condou,1,34,0,7
2011,12,49,Annalisa Barbieri,1,11,0,6
2011,12,49,Nick Duerden,1,32,0,19
2011,12,49,Deborah Davies,1,201,2,15
2011,12,49,Katharine Whitehorn,1,3,0,1
2011,12,49,Jon &amp; Mick/Moderntoss.com,1,5,0,0
2011,12,49,Andrew Clements &amp; John Fordham,1,17,0,3
2011,12,49,Sam Richards,2,328,1,22
2011,12,49,Marc Rowlands,1,40,0,2
2011,12,49,Patric Baird &amp; John Mitchell,1,40,0,2
2011,12,49,The Guide,2,4,0,2
2011,12,49,Steve Rose,2,2,0,5
2011,12,49,James Kettle,1,26,1,57
2011,12,49,Robert Clark &amp; Skye Sherwin,2,22,0,32
2011,12,49,Nick Gillett,1,1,0,44
2011,12,49,John Patterson,1,66,0,16
2011,12,49,Grace Dent,1,39,0,91
2011,12,49,Teri Grenert,1,0,0,2
2011,12,49,Mark Cook &amp; Lyn Gardner,1,9,0,5
2011,12,49,Katrina Dixon,1,4,0,0
2011,12,49,Colette Bernhardt &amp; Clare Considine,1,4,0,0
2011,12,49,Sarah Dempster,1,4,0,10
2011,12,49,Johnny Dee,1,2,0,2
2011,12,49,Richard Vine &amp; Martin Horsfield,1,3,0,4
2011,12,49,Amy Lawrence,1,15,0,15
2011,12,49,David Pleat,1,10,0,18
2011,12,49,Bidisha,1,0,0,6
2011,12,49,Jasmine Coleman,7,1321,15,491
2011,12,49,Matthew Cassel,1,650,8,216
2011,12,49,David Batty,4,186,6,180
2011,12,49,Marinos Diamantides,1,62,0,20
2011,12,49,Derek Brown,1,1,0,1
2011,12,49,Paul Wilson at St James' Park,2,21,0,55
2011,12,49,John Mulholland,1,51,1,34
2011,12,49,Interview by John Mulholland,1,9,0,23
2011,12,49,Robert Kitson at Millennium Stadium,1,4,0,3
2011,12,49,Vic Marks at The Rec,1,0,0,4
2011,12,49,David Hytner at White Hart Lane,1,19,0,11
2011,12,49,Richard Gibson at DW Stadium,1,15,1,16
2011,12,49,Daniel Taylor at the Etihad Stadium,1,13,0,17
2011,12,49,Stephen Pritchard,1,62,1,75
2011,12,49,Rob Smyth,1,4,0,2
2011,12,49,Jamie Jackson at Ewood Park,1,6,0,5
2011,12,49,Jacqui Oatley,1,46,0,80
2011,12,49,Martin Kelner,1,46,0,80
2011,12,49,Ewan Murray at Ibrox Stadium,1,1,0,5
2011,12,49,Mark Espiner,1,318,3,72
2011,12,49,John Ashdown at Fratton Park,1,1,0,4
2011,12,49,Chris Cook at Aintree,1,0,0,9
2011,12,49,Richard Williams at the Millennium Stadium,1,23,0,4
2011,12,49,Paul Rees at Welford Road,1,3,0,3
2011,12,49,Eddie Butler,1,11,0,3
2011,12,49,Nial Briggs,1,1,0,5
2011,12,49,Louise Taylor at St James' Park,1,9,1,15
2011,12,49,Simon Stone,1,0,0,4
2011,12,49,Paul Doyle at Villa Park,1,22,0,33
2011,12,49,Russell Kempson at the War Memorial Athletic Ground,1,4,0,10
2011,12,49,Euan Ferguson,1,607,18,132
2011,12,49,Robin McKie,1,1110,10,277
2011,12,49,Toby Helm,3,1476,14,443
2011,12,49,Jamie Doward,2,332,2,67
2011,12,49,David Miliband,1,73,0,39
2011,12,49,Tracy McVeigh,1,80,2,36
2011,12,49,Yvonne Roberts,1,32,0,37
2011,12,49,Peter Beaumont,1,519,4,81
2011,12,49,David Hills,2,18,0,28
2011,12,49,David James,1,3,0,1
2011,12,49,Mark Townsend,1,144,1,100
2011,12,49,Michael Aylwin,2,1,0,4
2011,12,49,Philip Cornwall,1,4,0,2
2011,12,49,Margaret Dibben,3,0,0,4
2011,12,49,Lawrence Donegan,1,32,0,21
2011,12,49,Daniel Boffey,2,297,3,175
2011,12,49,Ian Malin at Twickenham,1,11,0,3
2011,12,49,Paul Gallagher,1,48,0,10
