year,month,week,name,articles,facebook,googleplus,twitter
2012,6,23,Rory Carroll,3,369,17,218
2012,6,23,Matt Williams,5,184,17,265
2012,6,23,Associated Press,49,4311,164,2410
2012,6,23,David Lengel,3,27,0,17
2012,6,23,Miriam Elder,6,405,28,607
2012,6,23,Nick Hopkins,6,806,73,746
2012,6,23,Andrew Sparrow,6,26,1,272
2012,6,23,Hayley Cull,1,77,13,244
2012,6,23,Press Association,120,2158,66,2759
2012,6,23,Patrick McGuinness,1,238,2,138
2012,6,23,Gro Harlem Brundtl,1,558,14,80
2012,6,23,,7,2287,57,712
2012,6,23,Fernando Henrique Cardoso,1,558,14,80
2012,6,23,Keith Stuart,11,674,29,1190
2012,6,23,Martin Wainwright,15,346,25,1457
2012,6,23,David Pallister,1,0,0,23
2012,6,23,Roy Greenslade,30,213,24,1013
2012,6,23,Jason Rodrigues,1,81,0,51
2012,6,23,Gill Hitchcock,5,10,3,52
2012,6,23,GrrlScientist,2,131,21,56
2012,6,23,Laurence Topham,1,1044,26,145
2012,6,23,Kate Connolly,2,2199,112,477
2012,6,23,Gregg Bakowski,2,201,7,94
2012,6,23,Ian McCourt,3,115,3,90
2012,6,23,James Riach,4,173,3,122
2012,6,23,Jacob Steinberg,2,97,1,64
2012,6,23,Charles Arthur,15,1038,169,2270
2012,6,23,Roz Kaveney,1,39,3,48
2012,6,23,Dan McQuillan,1,83,4,166
2012,6,23,Helena Smith,1,185,4,34
2012,6,23,Dick Vinegar,1,2,2,15
2012,6,23,Lizzy Davies,6,619,12,395
2012,6,23,agencies,26,5764,120,1747
2012,6,23,Gareth Tucker,1,22,0,99
2012,6,23,tintin,1,1,0,9
2012,6,23,Oliver Laughl,1,1388,18,144
2012,6,23,Phil Maynard,2,1401,21,168
2012,6,23,Duncan Clark,3,90,18,257
2012,6,23,Phil Shanks,1,1,0,26
2012,6,23,Hannah Fearn,3,15,0,38
2012,6,23,Simon Burnton,6,360,3,115
2012,6,23,Enver Solomon,1,52,4,33
2012,6,23,Dan Milmo,12,238,20,493
2012,6,23,Giles Tremlett,10,651,41,493
2012,6,23,Nick Fletcher,28,450,20,343
2012,6,23,Nick Mead,2,105,6,129
2012,6,23,Simon Denny,1,0,0,0
2012,6,23,Bella Mackie,5,0,0,5
2012,6,23,Colin Cram,1,0,0,1
2012,6,23,Jo Jones,2,66,5,50
2012,6,23,Helen Seamons,2,66,5,50
2012,6,23,Joe Jervis,7,0,0,0
2012,6,23,Mark Sweney,19,238,9,974
2012,6,23,Lori Manders,1,14,2,27
2012,6,23,Mariam Yamin,1,3,0,8
2012,6,23,Robin Christian,1,3,0,8
2012,6,23,curated by Alex Doyle,1,3,0,8
2012,6,23,Daanesh Iqbal,1,3,0,8
2012,6,23,Ibtisam Ahmed,1,3,0,8
2012,6,23,Ikram Ibrahim,1,3,0,8
2012,6,23,Roshan D'Souza,1,3,0,8
2012,6,23,Hélène Mulholland,9,452,27,609
2012,6,23,political reporter,7,319,20,476
2012,6,23,Kate Hodge,7,10,0,133
2012,6,23,Sejal Sukhadwala,1,77,6,71
2012,6,23,Paul Ramsbottom,1,3,0,24
2012,6,23,Saeed Kamali Dehghan,3,923,29,321
2012,6,23,Frédéric Filloux,1,16,21,218
2012,6,23,Richard Seymour,1,115,6,43
2012,6,23,Sean Michaels,8,1843,11,217
2012,6,23,Public Leaders Network,1,0,0,2
2012,6,23,Nadiya Takolia,1,1276,10,117
2012,6,23,Peter Bradshaw,8,1051,61,674
2012,6,23,Mark Lawson,2,29,1,36
2012,6,23,Tom Levitt for <a href="http://www.theecologist.org/">Ecologist</a>,1,74,2,56
2012,6,23,part of the <a href="http://www.guardian.co.uk/environment/network" title="Guardian Environment Network">Guardian Environment Network</a>,3,1041,43,254
2012,6,23,Will Brooker,1,493,9,108
2012,6,23,Andrew Khan,1,232,4,37
2012,6,23,Alan Connor,2,17,0,28
2012,6,23,Patrick Wintour,15,1342,72,1296
2012,6,23,Michael Cragg,6,316,7,213
2012,6,23,Mindy Fox,4,133,3,46
2012,6,23,Mark Brown,5,362,20,301
2012,6,23,Carol Rumens,1,40,2,30
2012,6,23,Annalisa Barbieri,2,1462,13,116
2012,6,23,Clare Horton,6,93,2,67
2012,6,23,Tom Kington,7,911,29,408
2012,6,23,Tara Conlan,1,14,0,28
2012,6,23,John McDonnell,1,205,0,32
2012,6,23,David Marsh,2,8,3,69
2012,6,23,Michael Billington,6,331,4,130
2012,6,23,Judy Friedberg,2,91,7,70
2012,6,23,Guardian Government Computing,8,11,3,54
2012,6,23,Mark Fisher,1,38,0,10
2012,6,23,Adam Boult,7,50,3,107
2012,6,23,Adam Vaughan,1,66,7,160
2012,6,23,Joanna Ruck,4,175,6,186
2012,6,23,Mark Dunleavy,1,26,5,20
2012,6,23,John Plunkett,16,320,26,559
2012,6,23,Lisa O'Carroll,15,713,38,737
2012,6,23,Chris Cook,13,48,2,98
2012,6,23,Charlotte Corday,1,1,0,21
2012,6,23,Allan Jenkins,1,4,0,20
2012,6,23,Jayati Ghosh,1,113,5,44
2012,6,23,Siobhain Butterworth,1,1,0,27
2012,6,23,Jamie Thomson,1,32,0,15
2012,6,23,Hilary Osborne,10,383,33,596
2012,6,23,Henry McDonald,10,149,9,229
2012,6,23,Irel,8,80,7,154
2012,6,23,Bernadette Hyland,1,142,17,139
2012,6,23,Tom Stevens,2,1,2,11
2012,6,23,Daniel Hoadley,1,0,0,14
2012,6,23,Charlotte Higgins,5,167,6,191
2012,6,23,David Cox,1,17,1,21
2012,6,23,Julian Baggini,1,64,3,27
2012,6,23,Ben Child,11,1033,35,466
2012,6,23,Leon Kaye for the <a href="http://www.guardian.co.uk/guardian-professional" title="Guardian Professional Network">Guardian Professional Network</a>,1,115,8,70
2012,6,23,Nils Pratley,9,73,3,154
2012,6,23,Arun Gupta,1,329,3,71
2012,6,23,Esther Addley,4,674,24,314
2012,6,23,Peter Walker,6,815,20,467
2012,6,23,Ian Black,7,1083,76,702
2012,6,23,Simon Tisdall,2,304,15,223
2012,6,23,Josh Halliday,16,374,38,891
2012,6,23,Paul Doyle,7,64,3,132
2012,6,23,Siobhán Dowling,1,346,3,71
2012,6,23,Steve Boxer,1,4,0,44
2012,6,23,Jason Deans,3,9,0,53
2012,6,23,Graham Parker,2,51,9,33
2012,6,23,Joe Prince-Wright,1,0,0,11
2012,6,23,Stuart Dredge,5,79,16,285
2012,6,23,Colin Horgan,3,19,2,20
2012,6,23,Alison Flood,13,3351,121,1468
2012,6,23,Jeevan Vasagar,6,717,14,607
2012,6,23,Rob Edwards,1,68,1,68
2012,6,23,Open letter,1,694,10,159
2012,6,23,Owen Bowcott,11,1753,56,896
2012,6,23,Michael White,9,76,10,207
2012,6,23,Alex Thomson,1,3,0,9
2012,6,23,Tom Service,3,177,7,109
2012,6,23,Gitonga Njeru,1,143,3,87
2012,6,23,Jonathan Jones,6,403,19,275
2012,6,23,Simon Rogers,7,1096,42,568
2012,6,23,Jamie Drummond,1,7,2,17
2012,6,23,Matt Trueman,4,178,3,85
2012,6,23,Imogen Blake,1,75,7,69
2012,6,23,Guardian fashion,3,183,11,158
2012,6,23,Stefan Stern,1,5,0,32
2012,6,23,David Smith,11,15868,163,3201
2012,6,23,Bob Chaundy,1,9,0,57
2012,6,23,Dan Sabbagh,12,267,33,716
2012,6,23,Philippa Roe,1,1,0,4
2012,6,23,Hadley Freeman,2,396,10,153
2012,6,23,Matthew Caines,3,48,6,49
2012,6,23,Adam Gabbatt,4,624,7,144
2012,6,23,Raphael Honigstein,2,146,3,65
2012,6,23,Jo Adetunji,4,27,1,62
2012,6,23,<a href="http://www.businessgreen.com">BusinessGreen</a>,1,19,0,65
2012,6,23,Steve Busfield,5,29,0,49
2012,6,23,Steven Powles,1,84,6,29
2012,6,23,Jason Burke,1,36,3,41
2012,6,23,Lyn Gardner,9,488,6,232
2012,6,23,The people's panel,1,19,0,25
2012,6,23,Matthew Weaver,4,188,21,363
2012,6,23,Kate McCann,4,6,0,111
2012,6,23,Alan Sykes,1,0,1,19
2012,6,23,Helen Carter,10,261,13,275
2012,6,23,Dave Hill,5,14,0,82
2012,6,23,Marc Abrahams,1,54,8,31
2012,6,23,Rob Smyth,4,37,4,89
2012,6,23,Mary Hamilton,1,206,19,128
2012,6,23,Paul Lester,9,267,5,178
2012,6,23,Valerie Hannah,1,30,0,31
2012,6,23,Niall Dickson,1,7,0,17
2012,6,23,Donald McRae,1,53,0,14
2012,6,23,Ami Sedghi,3,1026,21,417
2012,6,23,Rachel Williams,1,204,4,133
2012,6,23,Ros Asquith,2,11,0,23
2012,6,23,Alice Woolley,1,47,1,37
2012,6,23,Chris McGreal,11,2250,83,747
2012,6,23,Steven Morris,3,249,0,34
2012,6,23,Simon Woolley,1,60,2,49
2012,6,23,Graphics: Christine Oliver,1,111,2,42
2012,6,23,Voice: Tim Maby,1,111,2,42
2012,6,23,Mike Selvey at Trent Bridge,1,11,0,9
2012,6,23,Julia Eccleshare,1,1,1,16
2012,6,23,Guardian healthcare network,4,5,0,51
2012,6,23,Dugald Baird,4,268,31,590
2012,6,23,Julia Hawkins for the <a href="http://www.guardian.co.uk/guardian-professional" title="Guardian Professional Network">Guardian Professional Network</a>,1,20,4,49
2012,6,23,Graeme Wearden,5,245,21,430
2012,6,23,Corrections,5,0,0,5
2012,6,23,Sarfraz Manzoor,3,896,6,360
2012,6,23,Alfred Hickling,3,71,0,43
2012,6,23,Dave Simpson,6,692,9,162
2012,6,23,James Richardson,5,4369,70,682
2012,6,23,Randeep Ramesh,7,680,18,605
2012,6,23,Ellie Mae O'Hagan,1,261,7,329
2012,6,23,Vic Marks at Trent Bridge,1,4,0,6
2012,6,23,Robin Denselow,3,10,0,34
2012,6,23,Xan Brooks,2,322,10,84
2012,6,23,Andrew Clements,8,47,2,96
2012,6,23,Kira Cochrane,3,134,3,110
2012,6,23,Martin Chulov,7,1856,54,858
2012,6,23,Jill Treanor,11,78,9,198
2012,6,23,Jeremy Larter,1,10,0,6
2012,6,23,Netia Jones,1,38,0,49
2012,6,23,Ben Quinn,8,397,11,330
2012,6,23,Nichi Hodgson,1,154,4,79
2012,6,23,Maddy Costa,4,59,3,48
2012,6,23,Sarah Hughes,1,68,1,15
2012,6,23,Owen Gibson,10,617,11,693
2012,6,23,Heath Monk,1,20,0,164
2012,6,23,Phillip Inman,10,143,12,196
2012,6,23,Haroon Siddique,4,332,15,191
2012,6,23,David Conn,4,682,22,353
2012,6,23,Luke Harding,3,595,22,299
2012,6,23,Margaret Holborn,1,9,0,36
2012,6,23,Diane Taylor,1,254,11,35
2012,6,23,Julia Raeside,3,24,2,29
2012,6,23,Ben Arnold,3,20,0,32
2012,6,23,Andrew Mueller,1,0,0,11
2012,6,23,Jonathan Wright,3,1,0,27
2012,6,23,Phelim O'Neill,4,27,0,57
2012,6,23,Rebecca Nicholson,2,15,0,16
2012,6,23,Laura Barnett,2,226,2,37
2012,6,23,Aditya Chakrabortty,1,58,4,115
2012,6,23,Michele Hanson,1,9,0,11
2012,6,23,Jon Henley,1,89,8,41
2012,6,23,Sonia Purnell,1,44,0,49
2012,6,23,Tim Jonze,4,737,19,231
2012,6,23,George Monbiot,2,202,12,539
2012,6,23,Tim Dowling,2,162,0,76
2012,6,23,Simon Goodley,3,57,4,79
2012,6,23,John Vallins,1,8,0,50
2012,6,23,Maev Kennedy,7,678,15,198
2012,6,23,Tanya Gold,1,135,2,47
2012,6,23,Derek J Taylor,1,12,0,21
2012,6,23,Richard Rae at Hove,1,1,0,5
2012,6,23,Polly Toynbee,3,5557,51,638
2012,6,23,Richard Norton-Taylor,5,624,21,483
2012,6,23,Kevin Mitchell at Rol,17,92,3,160
2012,6,23,Garros,17,92,3,160
2012,6,23,Andy Wilson at Trent Bridge,1,2,0,8
2012,6,23,Steve Bell,7,226,4,145
2012,6,23,Andy Hunter,9,407,25,471
2012,6,23,Juliette Garside,5,559,69,664
2012,6,23,Editorial,17,390,19,575
2012,6,23,Jacqueline Davis,1,185,2,104
2012,6,23,Paul Weaver,1,2,2,13
2012,6,23,Sam Wollaston,4,56,0,127
2012,6,23,David Hytner,7,4067,46,1547
2012,6,23,Andy Bull,10,287,10,235
2012,6,23,Dominic Fifield,5,39,1,90
2012,6,23,Agencies,4,67,4,63
2012,6,23,Guardian staff,3,264,9,239
2012,6,23,Steven Bloor,3,18,1,47
2012,6,23,Hugh Muir,4,13,3,77
2012,6,23,Richard Williams,8,168,13,140
2012,6,23,James Meikle,5,3014,21,405
2012,6,23,Caroline Davies,8,417,5,216
2012,6,23,Julian Borger,4,413,23,186
2012,6,23,Abdel-Rahman Hussein,3,189,16,340
2012,6,23,Kate Hodal,1,43,4,64
2012,6,23,Sam Jones,8,491,22,668
2012,6,23,Cathy Holding,1,93,9,33
2012,6,23,Fiona Harvey,5,1737,62,1142
2012,6,23,Alison Maclennan,1,5,2,58
2012,6,23,Hannah Griffiths,1,294,6,80
2012,6,23,Sarah Hartley,1,3,2,104
2012,6,23,Alison Peacock,2,218,4,122
2012,6,23,Justin McCurry,2,928,30,290
2012,6,23,Katherine Araniello,1,24,0,37
2012,6,23,Mark Thomas,1,0,0,6
2012,6,23,Mariz Tadros,1,243,10,113
2012,6,23,Chris Ham,1,13,2,17
2012,6,23,ThePinkElephant,1,1,0,9
2012,6,23,Robert Kitson,5,11,0,36
2012,6,23,Scott Murray,4,134,4,131
2012,6,23,Josephine Moulds,7,210,11,218
2012,6,23,Joanna Moorhead,3,58,6,46
2012,6,23,Rob Bagchi,3,162,4,95
2012,6,23,Ben Reeve-Lewis,1,6,2,34
2012,6,23,Duncan Jefferies,1,81,0,82
2012,6,23,Stefan Tobler,1,61,0,39
2012,6,23,Stephen Folwell,1,7,4,96
2012,6,23,Hari,1,7,0,93
2012,6,23,Jake,1,7,0,93
2012,6,23,Daniel Gray,1,46,1,54
2012,6,23,Monkey,4,41,0,76
2012,6,23,Hannah Freeman,2,54,0,41
2012,6,23,Laura Rowe,1,48,2,49
2012,6,23,Dan Roberts,1,9,4,44
2012,6,23,Bertie Gladwin,1,1147,19,222
2012,6,23,David Bicknell,4,2,1,24
2012,6,23,The Masked AMHP,1,182,7,50
2012,6,23,Harriet Sherwood,5,466,13,181
2012,6,23,<strong><a href=" http://www3.imperial.ac.uk/climatechange">Grantham Research Institute</a></strong>,1,19,6,77
2012,6,23,<strong><a href="http://imperial.ac.uk">Imperial College London</a></strong>,1,19,6,77
2012,6,23,Mark Johnson,1,0,0,0
2012,6,23,Andy Wilson,11,58,3,103
2012,6,23,Zofeen Ebrahim,1,25,3,82
2012,6,23,Nick Dearden,1,913,16,162
2012,6,23,Laura Laker,1,183,4,93
2012,6,23,Sid Lowe,1,144,11,60
2012,6,23,Jean-Louis Gassée,1,4,5,82
2012,6,23,Kate Gould,1,7,0,33
2012,6,23,Guardian music,2,1181,25,209
2012,6,23,Patrick Kingsley,2,12,1,31
2012,6,23,Natalie Haynes,2,72,2,21
2012,6,23,Jonathan Wilson,2,293,16,186
2012,6,23,Jamie Jackson,9,1110,18,646
2012,6,23,Mark Damazer,1,16,0,41
2012,6,23,Mark Rice-Oxley,2,34,3,46
2012,6,23,Presented by James Richardson,1,39,0,24
2012,6,23,produced by Ben Green,1,39,0,24
2012,6,23,Emma G Keller,2,22,0,25
2012,6,23,Nicholas Lezard,1,17,1,15
2012,6,23,Marc Mathieu,1,3,7,10
2012,6,23,Nick Cowen,2,56,1,128
2012,6,23,Emer O'Toole,1,243,2,65
2012,6,23,Philippe Auclair,1,56,2,32
2012,6,23,Michael Cox,1,56,2,32
2012,6,23,Ben Green,1,56,2,32
2012,6,23,undefined,1,25,1,6
2012,6,23,Simon Neville,5,32,2,79
2012,6,23,Kate Murray,1,23,1,36
2012,6,23,Neil Denny,1,203,12,82
2012,6,23,Julia Bellis,2,5,5,11
2012,6,23,Audrey Gillan,1,2,2,17
2012,6,23,Mark Tran,2,47,4,31
2012,6,23,Helen Nugent,1,16,0,30
2012,6,23,Jon Savage,4,801,5,64
2012,6,23,Nancy Groves,1,3,0,8
2012,6,23,Jo Confino for the <a href="http://www.guardian.co.uk/guardian-professional" title="Guardian Professional Network">Guardian Professional Network</a>,3,45,5,51
2012,6,23,John Foot,1,61,4,125
2012,6,23,John Sauven,1,150,8,58
2012,6,23,John Elkington for the <a href="http://www.guardian.co.uk/guardian-professional" title="Guardian Professional Network">Guardian Professional Network</a>,2,125,11,105
2012,6,23,Peter Hetherington,2,53,13,103
2012,6,23,Duncan Campbell,1,18,0,21
2012,6,23,Open thread,3,14,0,81
2012,6,23,Dorothée Thiénot,1,8,2,7
2012,6,23,Kim Catcheside,1,46,2,67
2012,6,23,Carol Jardine,1,7,0,3
2012,6,23,Carlene Firmin,1,76,2,67
2012,6,23,Stéphane Foucart,1,88,5,51
2012,6,23,Barney Ronay,1,0,0,3
2012,6,23,Piara Powar,1,74,0,44
2012,6,23,Damien Walter,1,108,16,85
2012,6,23,Fiona de Londras,1,25,0,15
2012,6,23,Kim Willsher,1,5527,99,1212
2012,6,23,Abby Deveney,1,0,0,0
2012,6,23,Véronique Mortaigne,1,85,0,38
2012,6,23,Tania Branigan,2,36,2,57
2012,6,23,Dan Corry,1,2,0,21
2012,6,23,Aleks Krotoski,1,4,0,56
2012,6,23,Phil Hoad,1,43,1,37
2012,6,23,Amelia Gentleman,2,418,13,244
2012,6,23,Ida Karlsson for <a href="http://www.ipsnews.net/environment.asp">IPS</a>,1,464,20,163
2012,6,23,part of the <a href="http://www.guardian.co.uk/environment/network">Guardian Environment Network</a>,1,464,20,163
2012,6,23,Alex Fox,1,7,0,33
2012,6,23,<a href="https://twitter.com/#!/michalpetrak" title="">Michal Petrák</a>,1,118,4,32
2012,6,23,<a href="http://isport.blesk.cz/" title="">Deník Sport</a>,1,118,4,32
2012,6,23,Michal Petrak,2,15,0,18
2012,6,23,<a href="http://isport.cz" title="">Deník Sport</a>,2,15,0,18
2012,6,23,Severin Carrell,7,1143,34,707
2012,6,23,Scotl,6,579,14,420
2012,6,23,Alastair Sawday,1,275,2,47
2012,6,23,Christian Bennett,1,275,2,47
2012,6,23,Dave Adamson,1,2,0,8
2012,6,23,John Harris,1,9,1,35
2012,6,23,Hunter Felt,3,13,0,14
2012,6,23,Matthew Taylor,2,20,1,33
2012,6,23,Andrea Vogt,1,275,3,82
2012,6,23,Tom Kington Rome,1,275,3,82
2012,6,23,Maciej Slominski,3,38,0,37
2012,6,23,<a href="http://futbolnet.pl/" title="">futbolnet.pl</a>,3,38,0,37
2012,6,23,Jon Vogler,1,9,0,23
2012,6,23,Marcus Christenson,2,852,12,145
2012,6,23,Rebecca Smithers,1,2,0,22
2012,6,23,Daniel Bettridge,2,16,1,24
2012,6,23,Sarah Ditum,1,16,2,20
2012,6,23,Debbie Andalo,1,3,0,20
2012,6,23,Stuart Clark,1,192,8,35
2012,6,23,Rosalind English for the <a href="http://ukhumanrightsblog.com/2012/05/29/we-need-to-think-about-kevin/" title="">UK Human Rights Blog</a>,1,215,12,82
2012,6,23,part of the <a href="http://www.guardian.co.uk/law/series/guardian-legal-network" title="">Guardian Legal Network</a>,1,215,12,82
2012,6,23,Charles Gant,1,23,0,18
2012,6,23,Jessie Jowers,1,175,6,72
2012,6,23,Katie Rogers,8,670,18,312
2012,6,23,Caspar Llewellyn Smith,4,458,8,78
2012,6,23,Sue Marsh,1,202,8,60
2012,6,23,Daniel Garvin,1,119,2,124
2012,6,23,Dominic Rushe,11,980,70,1106
2012,6,23,Jinty Jackson for <a href="http://www.ipsnews.net/" title="">IPS</a>,1,26,3,35
2012,6,23,part of the Guardian development network,1,26,3,35
2012,6,23,Jan Morgan,1,268,5,115
2012,6,23,Sheila Jeffreys,1,407,2,101
2012,6,23,Oliver Burkeman,3,57,4,107
2012,6,23,Associated press,1,26,1,16
2012,6,23,Judith Mackrell,1,87,3,32
2012,6,23,Mona Mahmood,2,200,7,73
2012,6,23,Peter Beaumont,3,451,29,334
2012,6,23,Rian Evans,1,0,0,7
2012,6,23,Leo Hickman,2,53,6,144
2012,6,23,David Mills,3,9,0,40
2012,6,23,in Johannesburg,1,12,0,22
2012,6,23,Tim Ashley,1,9,0,15
2012,6,23,Paul Harris,8,2826,77,592
2012,6,23,Katy Murrells,2,22,0,17
2012,6,23,Elisabeth Mahoney,2,13,0,28
2012,6,23,Ed Pilkington,6,3314,54,684
2012,6,23,Trevor Mostyn,1,25,0,21
2012,6,23,Jonny Weeks,3,10,1,50
2012,6,23,Interview by Laura Barnett,1,16,0,14
2012,6,23,Stephen Moss,3,642,13,112
2012,6,23,Jonathan Bernstein,1,4,1,14
2012,6,23,Mimi Xu,1,166,3,49
2012,6,23,Juliette Jowit,4,1108,19,495
2012,6,23,in Rome,1,222,6,43
2012,6,23,Richard Luscombe,3,4641,56,262
2012,6,23,Angelique Chrisafis,3,882,21,229
2012,6,23,Vernon Bogdanor,1,28,3,89
2012,6,23,Harry Venning,1,1,0,2
2012,6,23,Simon Hattenstone,1,2398,25,511
2012,6,23,Amanda Michel,2,73,12,43
2012,6,23,Marina Hyde,3,170,18,146
2012,6,23,Vikram Dodd,3,163,8,93
2012,6,23,Birgitta Jónsdóttir,1,779,29,54
2012,6,23,Chris Cook at Lingfield,1,2,1,4
2012,6,23,Amanda Holpuch,3,122,6,109
2012,6,23,Ian Traynor,4,270,38,200
2012,6,23,John Robinson,3,20,0,29
2012,6,23,David Stubbs,3,20,0,24
2012,6,23,Ali Catterall,1,19,0,13
2012,6,23,Gwilym Mumford,2,19,0,19
2012,6,23,As seen by Catherine Bennett,1,0,0,4
2012,6,23,Christopher Hope,2,50,2,46
2012,6,23,Imogen Fox,3,463,2,195
2012,6,23,Ruth Spencer,6,26,2,90
2012,6,23,Lucy Mangan,5,467,16,170
2012,6,23,Natasha Walter,1,64,0,44
2012,6,23,Mike Selvey,3,39,2,33
2012,6,23,Virginia Spiers,1,5,0,51
2012,6,23,Sara Ilyas,1,12,2,20
2012,6,23,Jess Cartner-Morley,4,70,5,192
2012,6,23,Simon Jenkins,2,34,0,59
2012,6,23,Shiv Malik,5,334,16,334
2012,6,23,Michael Wolff,1,3,1,90
2012,6,23,Paul MacInnes,4,294,8,82
2012,6,23,Richard Adams,3,55,4,136
2012,6,23,Seumas Milne,1,836,17,588
2012,6,23,Paul Rees,9,20,1,53
2012,6,23,Brian Whitaker,4,250,21,427
2012,6,23,Tom McCarthy,5,278,5,297
2012,6,23,Daniel Taylor,8,771,14,285
2012,6,23,Cass Jones,3,181,20,180
2012,6,23,John Ashdown,2,14,0,68
2012,6,23,Brian Braiker,3,978,11,148
2012,6,23,Reuters,1,35,3,54
2012,6,23,Andrew Bibby,2,0,0,0
2012,6,23,Lindsay Butler,1,22,10,179
2012,6,23,Virginia Wallis,2,3,2,32
2012,6,23,Chris Cannon,1,14,0,14
2012,6,23,Michael Meadowcroft,1,12,0,28
2012,6,23,Jonathan Glennie,1,20,2,43
2012,6,23,Neal Ascherson,1,32,4,30
2012,6,23,Jenny Ridley,1,192,3,56
2012,6,23,Finbarr Sheehy,1,192,3,56
2012,6,23,Malcolm Herbert,1,1,1,10
2012,6,23,Savitri Hensman,1,113,6,6
2012,6,23,Tracey Caldwell,1,2,0,5
2012,6,23,Alex Smith,1,22,2,66
2012,6,23,Matt Britland,1,24,5,76
2012,6,23,Joris Luyendijk,2,95,31,205
2012,6,23,Sean O'Hagan,2,147,12,165
2012,6,23,PrincessMegan,1,1,0,9
2012,6,23,Anthony Hurndall,1,0,0,3
2012,6,23,Alice Evans,1,38,1,38
2012,6,23,Jessica Fuhl,1,3,0,11
2012,6,23,Nathalie Rothschild,1,412,6,209
2012,6,23,Matthew Sweet,1,2,0,12
2012,6,23,Blanche Vaughan,1,2,0,18
2012,6,23,Richard Jones,1,8,0,32
2012,6,23,Damn Fine Media,3,4197,62,588
2012,6,23,Damian Thompson,1,128,4,60
2012,6,23,Catherine May,1,126,0,47
2012,6,23,Olivia Wainwright,1,126,0,47
2012,6,23,Anna Tims,3,17,0,65
2012,6,23,Richard Gibson,4,4,0,23
2012,6,23,Mark Eklid,1,1,0,6
2012,6,23,James Walsh,3,3,0,15
2012,6,23,Jon Boone,2,34,7,93
2012,6,23,Lee Webster,1,160,2,41
2012,6,23,Giles Richards,2,7,0,39
2012,6,23,David Kesterton,1,60,2,38
2012,6,23,Jon Lloyd,1,34,2,63
2012,6,23,Garry Blight,2,505,26,103
2012,6,23,Seán Clarke,1,467,24,64
2012,6,23,Lesley Gillian,1,61,0,13
2012,6,23,Henry Barnes,2,169,6,49
2012,6,23,Matthew SF for The Shin Guardian,1,8,0,10
2012,6,23,part of the Guardian Sport Network,2,23,3,43
2012,6,23,Neil Saunders,1,3,1,4
2012,6,23,Les Roopanarine,1,151,15,402
2012,6,23,David Hayter,1,10,0,25
2012,6,23,Denis Campbell,4,815,17,445
2012,6,23,Sam Jordison,1,2,0,13
2012,6,23,Charlie McVeigh,1,42,0,28
2012,6,23,Nosheen Iqbal,3,198,0,32
2012,6,23,Jenny Colgan,1,8103,34,1197
2012,6,23,Steve Rose,7,1370,20,409
2012,6,23,Richard Sprenger,3,571,3,95
2012,6,23,Cameron Robertson,4,557,10,159
2012,6,23,Tony Paley,3,1,0,32
2012,6,23,Jackie Wills for the <a href="http://www.guardian.co.uk/guardian-professional" title="">Guardian Professional Network</a>,19,104,5,49
2012,6,23,Lynn Beavis for the <a href="http://www.guardian.co.uk/guardian-professional" title="">Guardian Professional Network</a>,23,175,10,30
2012,6,23,Jo Confino for the <a href="http://www.guardian.co.uk/guardian-professional"> Guardian Professional Network</a>,1,2,0,3
2012,6,23,Isabel Choat,1,84,0,28
2012,6,23,Guardian Interactive team,1,84,0,28
2012,6,23,Gavin McOwan,1,84,0,28
2012,6,23,Georgia Brown,2,159,2,57
2012,6,23,Simon Beavis for the <a href="http://www.guardian.co.uk/guardian-professional" title="">Guardian Professional Network</a>,9,140,5,28
2012,6,23,Lorna Thorpe for the <a href="http://www.guardian.co.uk/guardian-professional" title="">Guardian Professional Network</a>,20,70,6,31
2012,6,23,Jackie Wills for the <a href="http://www.guardian.co.uk/guardian-professiona" title="">Guardian Professional Network</a>,1,3,0,6
2012,6,23,Jackie Wills for the <a href="http://www.guardian.co.uk/guardian-professional" title="">Guardian Professional Network </a>,1,6,0,1
2012,6,23,Jackie Wills for the <a href="www.guardian.co.uk/guardian-professional" title="">Guardian Professional Network</a>,1,8,0,1
2012,6,23,Nicolette Fox for the <a href="http://www.guardian.co.uk/guardian-professional" title="">Guardian Professional Network</a>,9,32,0,13
2012,6,23,Jackie Wills<em> </em>for the <a href="http://www.guardian.co.uk/guardian-professional" title="">Guardian Professional Network</a>,1,4,0,0
2012,6,23,Lorna Thorpe for the <a href="http://www.guardian.co.uk/guardian-professional" title="Guardian Professional Network">Guardian Professional Network</a>,1,15,0,2
2012,6,23,Lynn Beavis,2,1,0,0
2012,6,23,Simon Beavis for the <a href="http://www.guardian.co.uk/guardian-professional"> Guardian Professional Network</a>,1,2,0,0
2012,6,23,Simon Beavis,1,3,0,0
2012,6,23,Lorna Thorpe,2,3,0,2
2012,6,23,Monika Redzisz,1,162,6,47
2012,6,23,Will Hutton,2,1598,61,588
2012,6,23,Rosie Bristow for the <a href="http://www.guardian.co.uk/guardian-professional"> Guardian Professional Network</a>,2,16,0,58
2012,6,23,Lorna Thorpe <em> </em>for the <a href="http://www.guardian.co.uk/guardian-professional" title="">Guardian Professional Network</a>,1,13,0,7
2012,6,23,C Delgado,1,13,0,5
2012,6,23,Hayley Spurway,2,53,0,37
2012,6,23,Jeffrey Sachs,1,134,6,86
2012,6,23,Kerstin Vogel,1,12,1,12
2012,6,23,Andres Velasco,1,22,5,28
2012,6,23,Kate Measures,1,1,2,41
2012,6,23,Barry Glendenning,1,69,0,13
2012,6,23,Damian Carrington,5,1684,45,908
2012,6,23,Joshua Rozenberg,1,112,7,133
2012,6,23,Feldheim,1,218,13,141
2012,6,23,Germany,1,218,13,141
2012,6,23,Michael Hann,7,96,4,80
2012,6,23,Lisa Bachelor,5,399,42,636
2012,6,23,Angela Hartnett,1,23,4,24
2012,6,23,David Keeble,1,13,2,26
2012,6,23,Natalia Antonova,1,24,2,28
2012,6,23,Ros Taylor,1,0,2,15
2012,6,23,David Petley,1,103,20,67
2012,6,23,John Ross,1,24,2,26
2012,6,23,Gareth Edwards,1,1,2,13
2012,6,23,Stuart Heritage,7,862,12,246
2012,6,23,Clyde Jeavons,1,4,0,6
2012,6,23,Marina Jenkyns,1,2,0,7
2012,6,23,Marc Burrows,3,6,3,21
2012,6,23,Andrew Dickson,2,358,2,36
2012,6,23,Susanna Rustin,2,180,1,38
2012,6,23,Stavros Drakoularakos,3,26,1,41
2012,6,23,<a href="https://twitter.com/#!/ieftaxias" title="">Elias Eftaxias</a>,3,26,1,41
2012,6,23,<a href="http://www.sport24.gr/" title="">sport24.gr</a>,3,26,1,41
2012,6,23,<a href="http://twitter.com/kalashnikovivan" title="">Ivan Kalashnikov</a>,2,74,0,47
2012,6,23,Ivan Kalashnikov,1,4,0,8
2012,6,23,Gareth McLean,1,28,4,15
2012,6,23,Jim Pascoe,1,36,0,32
2012,6,23,Ben Dowell,4,193,11,231
2012,6,23,Interview by Sarah Phillips,1,167,12,36
2012,6,23,Kevin Courtney,1,28,2,47
2012,6,23,Rebecca Ratcliffe,3,192,4,154
2012,6,23,Tom Clark,2,772,7,204
2012,6,23,Paddy Allen,3,884,17,216
2012,6,23,Morris Gleitzman,1,20,5,33
2012,6,23,Cool Camping,1,8,0,21
2012,6,23,Guardian writers,1,8,0,21
2012,6,23,Lesley Gillilan,1,19,1,15
2012,6,23,Paul Owen,3,871,65,732
2012,6,23,Jonny Sobczyk,1,0,0,0
2012,6,23,The panel,1,73,1,36
2012,6,23,Paul Wilson,3,113,4,101
2012,6,23,Daniel Feuerstein,1,51,9,22
2012,6,23,Staff,4,66,5,78
2012,6,23,John Rawling,1,6,2,12
2012,6,23,Invisible Woman,1,14,3,41
2012,6,23,John Morris,1,1,2,26
2012,6,23,Katherine Stewart,1,4315,114,318
2012,6,23,James Donaghy,1,48,0,17
2012,6,23,Jane Regan,1,265,7,76
2012,6,23,Kari Pedersen,1,618,16,60
2012,6,23,Patrick Hussey,1,7,4,24
2012,6,23,Sam Richards,2,65,1,55
2012,6,23,Sean Clarke,1,38,2,26
2012,6,23,Charlie Skelton,3,3061,87,439
2012,6,23,Chandu Krishnan,1,11,0,11
2012,6,23,John Vidal,4,716,37,373
2012,6,23,Jane Martinson,2,67,5,65
2012,6,23,Mark Weisbrot,1,138,8,61
2012,6,23,Sadhbh Walshe,1,76,8,34
2012,6,23,Heather Stewart,10,241,16,475
2012,6,23,Kailash Chand,1,54,2,57
2012,6,23,Larry Elliott,3,571,46,167
2012,6,23,Justin McGuirk,1,114,7,72
2012,6,23,World Business Council for Sustainable Development,1,14,0,15
2012,6,23,John Fordham,5,55,0,73
2012,6,23,David Atherton,1,7,0,3
2012,6,23,Celeste Hicks,3,97,0,83
2012,6,23,Louis Emanuel,1,1,0,2
2012,6,23,Claire Blackburn,1,31,4,9
2012,6,23,Nabeelah Jaffer,1,5,0,2
2012,6,23,Nele Obermueller,1,65,1,2
2012,6,23,Kati Whitaker,1,0,0,0
2012,6,23,Inna Lazareva,1,114,1,5
2012,6,23,Sarah Murray,1,0,0,0
2012,6,23,Emma Kneebone,1,6,0,0
2012,6,23,Anna MacSwan,1,36,0,2
2012,6,23,Harriet Page,1,5,0,1
2012,6,23,Evelyn Owen,1,20,0,4
2012,6,23,Meghan Lewis,1,167,1,7
2012,6,23,Geoff Park,1,0,0,0
2012,6,23,Emma Howard,1,37,0,7
2012,6,23,Lucy-Anne Mizen,1,31,0,0
2012,6,23,Elizabeth Shoda,1,24,0,1
2012,6,23,Melanie Blewett,1,5,0,0
2012,6,23,Tej Parikh,1,19,0,1
2012,6,23,David Walsh,1,76,2,5
2012,6,23,Olivia Crellin,1,40,0,22
2012,6,23,Louise Tickle,1,7,0,4
2012,6,23,Charlotte England,1,20,1,0
2012,6,23,Wanda O'Brien,1,291,2,3
2012,6,23,Charlotte Maugham,1,8,0,1
2012,6,23,Rebecca Chao,1,12,0,1
2012,6,23,Melanie Kramers,1,5,0,4
2012,6,23,Richard McEachran,1,20,0,11
2012,6,23,Maryam Omidi,1,13,1,9
2012,6,23,Natasha Warcholak,1,27,2,0
2012,6,23,Rob Trask,1,25,0,0
2012,6,23,John 	Blow,1,0,0,0
2012,6,23,Eugenia Kvaskova,1,56,2,3
2012,6,23,Sawsam Bastawy,1,18,4,0
2012,6,23,Rachel Millard,1,0,0,3
2012,6,23,Hannah Nicole Simpson,1,10,0,3
2012,6,23,Emiko Jozuka,1,0,0,0
2012,6,23,Sade Laja,3,21,12,83
2012,6,23,Alison Ewbank,1,36,0,3
2012,6,23,Tania Steere,1,3,0,0
2012,6,23,Tristram Hunt,1,110,3,40
2012,6,23,George Hall,2,12,0,29
2012,6,23,Martin Creed,1,196,2,16
2012,6,23,Josh Appignanesi,1,196,2,16
2012,6,23,Ronald Bergan,1,123,0,47
2012,6,23,Faiza Zerouala,1,9,4,89
2012,6,23,in Berlin,1,1155,86,332
2012,6,23,Ian Gittins,1,10,0,8
2012,6,23,Mo Costandi,1,145,26,56
2012,6,23,Imogen Tilden,2,23,0,20
2012,6,23,Martin Kettle,2,90,8,71
2012,6,23,Tony Russell,1,132,0,29
2012,6,23,Ian Aitken,1,1,0,12
2012,6,23,Suzanne Goldenberg,3,884,39,363
2012,6,23,Ana Marie Cox,2,45,2,51
2012,6,23,Eliza Anyangwe,2,76,10,145
2012,6,23,Martin Robbins,1,87,20,66
2012,6,23,Tom Levitt,1,5,2,7
2012,6,23,Julia Kollewe,3,63,5,82
2012,6,23,in Islamabad,1,25,5,66
2012,6,23,David Batty,3,208,8,366
2012,6,23,Bob Granleese,1,255,8,87
2012,6,23,Aaron Barschak,1,2,0,5
2012,6,23,Giorgio Locatelli,1,6,0,0
2012,6,23,Nancy Banks-Smith,1,21,0,9
2012,6,23,Suzanne Moore,1,971,13,201
2012,6,23,Patrick Barkham,1,4,0,30
2012,6,23,Hannah Verdier,2,1,0,16
2012,6,23,Clare Considine,1,1,0,8
2012,6,23,Melissa Denes,1,37,3,141
2012,6,23,Geoffrey Robertson,1,55,9,37
2012,6,23,Katy Hanley,1,24,0,47
2012,6,23,Zoe Williams,2,161,6,124
2012,6,23,Ray Collier,1,14,0,50
2012,6,23,James Randerson,1,59,12,76
2012,6,23,John Crace,2,37,0,38
2012,6,23,Timothy Garton Ash,1,58,0,36
2012,6,23,Andy Wilson at New Road,2,1,0,10
2012,6,23,James Antle,1,11,1,29
2012,6,23,Sarah Boseley,3,144,17,168
2012,6,23,Felicity Cloake,1,546,8,105
2012,6,23,politics reporter,1,129,7,74
2012,6,23,Rosie Niven,1,21,0,46
2012,6,23,Craig Dearden-Phillips,1,0,0,0
2012,6,23,Alok Jha,1,1247,23,224
2012,6,23,Duncan Green,1,18,0,29
2012,6,23,Ross Morrison McGill,1,6,0,49
2012,6,23,Colin Mason,1,5,2,18
2012,6,23,Alexandra Harris,1,44,4,30
2012,6,23,Deborah Arnott,1,32,2,18
2012,6,23,David Walker,1,0,0,9
2012,6,23,Helen Czerski,1,61,13,36
2012,6,23,Greg Freeman,1,17,0,34
2012,6,23,Maggie,1,3,0,9
2012,6,23,Julia,1,3,0,9
2012,6,23,aged 3,1,3,0,9
2012,6,23,Zygmunt Bauman,1,173,7,98
2012,6,23,Liam Kelly,1,4,0,28
2012,6,23,James Derounian,1,2,0,16
2012,6,23,Guardian readers,8,274,9,104
2012,6,23,Joe Queenan,1,21,0,18
2012,6,23,Arwa Mahdawi,1,28,2,41
2012,6,23,Anna Chesters,1,2,0,28
2012,6,23,James Callow,1,1,0,5
2012,6,23,Richard Vize,1,4,4,22
2012,6,23,Toby Deller,1,32,0,22
2012,6,23,Nick Duxbury,1,8,0,23
2012,6,23,Nick Petford,1,11,5,42
2012,6,23,Rachel Cooke,1,26,1,40
2012,6,23,Charlotte Vincent,1,6,0,16
2012,6,23,<a href="http://www.creative-choices.co.uk/" title="">Creative Choices</a>,1,6,0,16
2012,6,23,part of the <a href="http://www.guardian.co.uk/culture-professionals-network" title="">Guardian Culture Professionals Network</a>,1,6,0,16
2012,6,23,Tim Jürgens,2,50,2,42
2012,6,23,<a href="http://www.11freunde.de/" title="">11Freunde</a>,3,63,2,58
2012,6,23,Sarah Crown,3,361,11,132
2012,6,23,Christoph Biermann,1,13,0,16
2012,6,23,Kendra Wilson,1,3,0,23
2012,6,23,Jeremy Dear,1,13,0,12
2012,6,23,Daniel Levy,1,11,0,29
2012,6,23,Jeevan Vasagar; Paolo Baroni,1,114,2,72
2012,6,23,La Stampa; Isabelle Rey-Lefebvre,1,114,2,72
2012,6,23,Le Monde; Juan Antonio Aunión,1,114,2,72
2012,6,23,El Pais,1,114,2,72
2012,6,23,Flavia Amabile,1,37,5,11
2012,6,23,Jessica Shepherd,1,5,0,40
2012,6,23,Staffordshire,1,5,0,40
2012,6,23,Benoît Floch,1,26,5,9
2012,6,23,<strong>Sebastian Krass</strong> <strong>Munich</strong> <em>Süddeutsche Zeitung</em>,1,19,4,13
2012,6,23,Johann Osel,1,4,0,22
2012,6,23,Eberswalde,1,4,0,22
2012,6,23,<strong> </strong><em>Süddeutsche Zeitung</em>,1,4,0,22
2012,6,23,Jonathan Gray,1,105,54,597
2012,6,23,Patrick Butler,1,228,6,65
2012,6,23,Rosie Swash,1,10,0,40
2012,6,23,Sean McGinty,1,0,0,0
2012,6,23,Sunny Hundal,1,75,5,85
2012,6,23,Laura Oliver,2,31,2,37
2012,6,23,Kerry Eustice,2,39,3,76
2012,6,23,Vic Marks,4,9,4,45
2012,6,23,Conor Slowey,1,19,0,25
2012,6,23,Vincent Browne,1,19,0,25
2012,6,23,Jon Dennis,1,11,0,15
2012,6,23,Presented by John Vidal,1,79,0,65
2012,6,23,produced by Iain Chambers,1,79,0,65
2012,6,23,researched by Claire Provost,1,79,0,65
2012,6,23,Kirsty McNeill,1,17,4,68
2012,6,23,Deborah Doane,1,17,4,68
2012,6,23,Glen Tarman,1,17,4,68
2012,6,23,Maggie Gee,1,23,0,32
2012,6,23,Ben Weatherall,1,3,0,27
2012,6,23,Craig Gurian,1,45,4,29
2012,6,23,Julian Trent,1,0,0,11
2012,6,23,Peter Kellier,1,167,10,46
2012,6,23,Mervyn King,1,26,0,16
2012,6,23,Herman Mulder,1,26,0,16
2012,6,23,Achim Steiner for the <a href="http://www.guardian.co.uk/guardian-professional" title="Guardian Professional Network">Guardian Professional Network</a>,1,26,0,16
2012,6,23,Kevin McCarra,2,25,2,30
2012,6,23,Mike Averill,1,35,2,36
2012,6,23,Mee-Lai Stone,2,46,3,40
2012,6,23,Skye Sherwin,3,108,2,37
2012,6,23,艾迪·平克尔顿 发自印第安纳波利斯,1,4,1,19
2012,6,23,Benjie Goodheart,1,8,0,32
2012,6,23,Shanene Thorpe,1,185,4,147
2012,6,23,Yvonne Lowe,1,0,0,1
2012,6,23,David Buckman,1,7,0,11
2012,6,23,Tim Newburn,1,1,0,9
2012,6,23,Vítor Hugo Alvarenga,2,13,2,31
2012,6,23,<a href="http://www.maisfutebol.iol.pt" title="">Maisfutebol</a>,2,13,2,31
2012,6,23,Benedicte Page,1,3,1,15
2012,6,23,Jonathan Haynes,1,225,6,45
2012,6,23,Prem Sikka,1,39,0,25
2012,6,23,Claudia Megele,1,4,0,18
2012,6,23,Janice Gwilliam,1,0,0,36
2012,6,23,Alexis Petridis,4,158,8,102
2012,6,23,Ben Kape,1,95,0,27
2012,6,23,Andy Gallagher,2,104,0,38
2012,6,23,Ken Macfarlane,1,95,0,27
2012,6,23,Josh Strauss,1,95,0,27
2012,6,23,<em>Vítor Hugo Alvarenga,1,18,1,17
2012,6,23,</em><a href="http://www.maisfutebol.iol.pt" title=""><em>Maisfutebol</em></a>,1,18,1,17
2012,6,23,Miles Brignall,6,90,3,63
2012,6,23,Monica Mark,1,8,2,34
2012,6,23,Stephen P Groff,1,103,0,25
2012,6,23,Prince Asbo,1,8,0,22
2012,6,23,David Nutt,1,249,6,126
2012,6,23,Helen Babbs,1,19,2,26
2012,6,23,Michael Meacher,1,1963,26,296
2012,6,23,Liz Hall for the <a href="http://www.guardian.co.uk/guardian-professional" title="Guardian Professional Network">Guardian Professional Network</a>,1,14,0,23
2012,6,23,Heather Hurlburt,1,10,0,19
2012,6,23,Catherine Shoard,1,73,2,31
2012,6,23,Liz Ford,1,37,2,75
2012,6,23,Lucy Siegle,2,445,17,224
2012,6,23,Noah Payne-Frank,1,49,2,40
2012,6,23,Jonathan Watts,2,200,4,122
2012,6,23,Alex Healey,1,98,1,41
2012,6,23,Iain Chambers,2,278,15,99
2012,6,23,Jake Zervudachi,1,98,1,41
2012,6,23,Lindsay Poulton,1,98,1,41
2012,6,23,Michael Tait,1,98,1,41
2012,6,23,Simon Chilvers,1,40,0,42
2012,6,23,CAF Partnerzone,1,0,0,0
2012,6,23,Dan Poulter,1,153,1,54
2012,6,23,Gary Younge,2,35,0,36
2012,6,23,William Annandale,1,2,0,62
2012,6,23,Greg Wood,4,6,0,37
2012,6,23,Guardian Healthcare Network,1,0,1,13
2012,6,23,Harry J Enten,2,15,0,46
2012,6,23,Andrea Malaguti,1,6,1,27
2012,6,23,Thomas Urba,1,41,1,11
2012,6,23,Frédéric Lemaître,1,7,0,8
2012,6,23,Antonio Jiménez Barca – El País,1,9,4,24
2012,6,23,Malgorzata Kolinska-Dabrowska – Gazeta Wyborcza,1,13,1,24
2012,6,23,Anthony Tucker,1,322,25,39
2012,6,23,Guardian interactive team,1,476,21,143
2012,6,23,Graham Hayday,1,476,21,143
2012,6,23,Tom Watson,1,68,5,77
2012,6,23,Mark Beaumont,1,67,0,16
2012,6,23,Ryan Devereaux,3,1817,33,268
2012,6,23,Bradley Wiggins,1,6,3,30
2012,6,23,Louise Taylor,2,84,0,65
2012,6,23,John Burn-Murdoch,5,228,31,425
2012,6,23,Ian Birrell,1,44,0,57
2012,6,23,James Callow at Lord's,1,1,0,4
2012,6,23,Peter Robinson,6,100,2,148
2012,6,23,Jason Farago,1,100,1,20
2012,6,23,Richard Gibson at Chester-le-Street,2,2,0,8
2012,6,23,Rupert Neate,3,155,29,313
2012,6,23,Erika Rackley,1,23,0,41
2012,6,23,Brian Cathcart,1,121,10,131
2012,6,23,Amy Goodman,1,1157,28,510
2012,6,23,Christine Smith,1,2,1,36
2012,6,23,Tom Ewing,5,15,0,30
2012,6,23,Dorian Lynskey,11,2242,8,259
2012,6,23,Peter Paphides,9,231,6,140
2012,6,23,Jude Rogers,4,370,0,151
2012,6,23,Bob Stanley,5,101,2,32
2012,6,23,Kieran Yates,2,11,0,28
2012,6,23,Malik Meer,1,34,0,9
2012,6,23,Caroline Sullivan,2,2,0,12
2012,6,23,Karen McVeigh,2,40,3,47
2012,6,23,Simon Hoggart,2,1,0,23
2012,6,23,Interactive by Paddy Allen,1,767,12,119
2012,6,23,Theresa Malone,1,767,12,119
2012,6,23,Amanda Shendruk. Picture,1,767,12,119
2012,6,23,video research by Imogen Blake,1,767,12,119
2012,6,23,Chris Cook at Sandown,1,2,0,7
2012,6,23,Andrew  Clements,1,9,0,10
2012,6,23,Bettina Elias Siegel,1,21,1,29
2012,6,23,Mike McCahill,2,17,0,39
2012,6,23,Harry Pearson,1,22,1,12
2012,6,23,Fiona Shields,2,30,0,74
2012,6,23,Bridget Coaker,1,21,0,58
2012,6,23,Anna Kessel,3,28,0,37
2012,6,23,Monica Wright,3,123,7,159
2012,6,23,Garrett Van Reed,3,123,7,159
2012,6,23,Anna Hojan,3,123,7,159
2012,6,23,Nick Booth,1,30,1,155
2012,6,23,Sean Brady,1,1,0,19
2012,6,23,Syed Zain Al-Mahmood,1,116,1,38
2012,6,23,Ed Jacobs,1,3,0,22
2012,6,23,Janette Owen,1,88,0,44
2012,6,23,Fiona Plant,1,17,0,34
2012,6,23,Owen Hatherley,1,14,5,36
2012,6,23,Stuart Kelly,1,8,0,32
2012,6,23,Jim Griffin,1,12,0,22
2012,6,23,Marcus Hobley,1,3,0,5
2012,6,23,Lawrence Tomlinson,1,8,0,21
2012,6,23,Nicholas Allan,1,178,4,46
2012,6,23,Tjala,1,0,0,3
2012,6,23,Guardian.co.uk,4,3,0,13
2012,6,23,David Rees,1,5,1,37
2012,6,23,Darrin Gamble,1,2,1,20
2012,6,23,Deborah Chafer,1,6,0,0
2012,6,23,Justine Jordan,2,60,0,52
2012,6,23,Alex von Tunzelmann,1,12,2,13
2012,6,23,Kay Fawcett,1,5,1,32
2012,6,23,Oliver Thring,1,69,4,24
2012,6,23,Elliot Smith,1,13,3,24
2012,6,23,Pilar Alvarez,1,23,1,23
2012,6,23,Donald Tusk,1,49,2,56
2012,6,23,Mary Douglas-Home,1,1,0,13
2012,6,23,Rachel Holmes,1,842,9,146
2012,6,23,Bruce Talbot,1,1,0,4
2012,6,23,Peter Tatchell,1,934,13,254
2012,6,23,Lord Victor Adebowale,1,4,0,16
2012,6,23,Jill Robinson,1,7,0,38
2012,6,23,Hans Eichel,1,1,2,34
2012,6,23,Yannis Palaiokrassas,1,1,2,34
2012,6,23,Joe Stork,1,48,0,43
2012,6,23,<a href="http://twitter.com/TroelsHenriksen" title="">Troels Henriksen</a>,1,33,0,30
2012,6,23,<a href="http://jp.dk/system/topicRoot/Europ_isk_sportsnetv_rk/" title="">Jyllands-Posten</a>,2,40,0,42
2012,6,23,Adrian Searle,1,15,0,15
2012,6,23,Lucy Fry,1,13,0,49
2012,6,23,Troels Henriksen,1,7,0,12
2012,6,23,<a href="http://twitter.com/TroelsHenriksen" title="">Troels Henriksen</a> <a href="http://jp.dk/system/topicRoot/Europ_isk_sportsnetv_rk/" title="">Jyllands-Posten</a>,1,2,0,7
2012,6,23,Clar Ni Chonghaile,1,22,0,14
2012,6,23,Presented by Alexis Petridis,1,20,0,23
2012,6,23,Kieran Yates. Produced by Pascal Wyse,1,20,0,23
2012,6,23,Jill Insley,3,76,1,93
2012,6,23,Elinor Davies for <a href="http://www.opendemocracy.net/ourbeeb/dan-hancox/welcome-to-ourbeeb" title="">our Beeb</a>,1,26,3,34
2012,6,23,part of the <a href="http://www.guardian.co.uk/commentisfree/series/guardian-comment-network" title="">Guardian Comment Network</a>,1,26,3,34
2012,6,23,Johnny Dee,2,14,2,34
2012,6,23,Kate Sheppard for <a href="http://motherjones.com">Mother Jones</a>,1,948,41,133
2012,6,23,Sophie Mackenzie,1,68,0,31
2012,6,23,Presented by Claire Armitstead,1,15,3,40
2012,6,23,produced by Tim Maby,1,15,3,40
2012,6,23,Sali Hughes,2,22,0,43
2012,6,23,Nat Saunders,1,9,0,15
2012,6,23,Martin Harper,1,30,2,38
2012,6,23,Peter Hallward,1,5073,18,240
2012,6,23,Adam Corner for the <a href="http://www.guardian.co.uk/guardian-professional" title="Guardian Professional Network">Guardian Professional Network</a>,1,4,1,5
2012,6,23,Martin Godwin,1,180,14,58
2012,6,23,Robin Turner,1,180,14,58
2012,6,23,Ranjit Dhaliwal,1,180,14,58
2012,6,23,Andy Pietrasik,2,182,14,71
2012,6,23,Lisa Croasdale,1,180,14,58
2012,6,23,Unilever,1,0,0,3
2012,6,23,Matthew Baxter-Reynolds,1,26,7,103
2012,6,23,Megan Clarke,1,1,0,1
2012,6,23,Dan Catt,1,1,0,1
2012,6,23,Paul Haydon,1,37,5,25
2012,6,23,Adam Smith,1,43,5,118
2012,6,23,Maggie Brown,4,73,3,232
2012,6,23,Chris van Nijnatten,2,13,1,24
2012,6,23,<a href="http://www.ad.nl/ad/nl/1001/AD-Sportwereld/index.dhtml" title="">Algemeen Dagblad</a>,3,49,1,50
2012,6,23,Jack Schofield,1,9,2,46
2012,6,23,Andrew Simms,1,35,2,55
2012,6,23,Presented by Tom Clark,1,14,0,18
2012,6,23,produced by Phil Maynard,1,14,0,18
2012,6,23,Roger Tooth,1,29,0,4
2012,6,23,David Barnett,1,36,4,25
2012,6,23,Edwin Winkels,1,36,0,26
2012,6,23,Kenneth Rogoff,1,21,3,5
2012,6,23,Dan Martin,1,5,2,66
2012,6,23,Alison White,1,8,3,39
2012,6,23,Arun Marsh,1,8,3,39
2012,6,23,Teri,1,1,0,5
2012,6,23,Mya,1,1,0,5
2012,6,23,aged 2,1,1,0,5
2012,6,23,Grant Howitt,1,14,0,63
2012,6,23,Irene Caselli,2,24,2,17
2012,6,23,Ecuador,2,24,2,17
2012,6,23,Stephan Küffner,2,24,2,17
2012,6,23,Presented by Gilles Peterson,1,27,0,38
2012,6,23,produced by Peter Sale,2,27,0,52
2012,6,23,Pascal Wyse,2,29,0,50
2012,6,23,Leonard Barden,1,1,0,3
2012,6,23,Dan Gillmor,1,7,8,68
2012,6,23,Alistair Smith,1,7,0,10
2012,6,23,Sara Waldron for <a href="http://www.vingtparismagazine.com/" title="">Vingt Paris</a>,1,42,2,36
2012,6,23,part of the <a href="http://www.guardian.co.uk/travel/series/guardian-travel-network" title="">Guardian Travel Network</a>,1,42,2,36
2012,6,23,World Business Council for Sustainable Business,1,0,0,16
2012,6,23,James Ball,1,27,2,91
2012,6,23,Oliver Brann,1,40,2,37
2012,6,23,Dorothy Hong for the Guardian,1,3,0,17
2012,6,23,Will Hayler,6,20,0,51
2012,6,23,Jack Shenker,5,188,15,313
2012,6,23,Sarah Warwick. Photograph by Johanna Parkin,1,57,0,19
2012,6,23,Stylist: Priscilla Kwateng. Photography: David Newby,1,2,0,23
2012,6,23,Hannah Booth,1,86,4,46
2012,6,23,Rupert Sawyer,1,9,1,15
2012,6,23,Naomi Wolf,1,145,3,44
2012,6,23,Sally Cordwell,1,15,0,22
2012,6,23,Nick Torday,1,15,0,22
2012,6,23,Tristram Kenton,1,12,0,19
2012,6,23,Felicity Lawrence,1,132,3,81
2012,6,23,Sanjoy Roy,1,12,0,8
2012,6,23,New Mexico,2,251,4,109
2012,6,23,Felicity Carus for the <a href="http://www.guardian.co.uk/guardian-professional" title="Guardian Professional Network">Guardian Professional Network</a>,1,1,2,16
2012,6,23,Terry Macalister,1,16,2,78
2012,6,23,Tom Dyckhoff,1,51,5,29
2012,6,23,Lynsey Hanley,1,26,1,28
2012,6,23,Justin Wolfers,1,27,3,26
2012,6,23,Kate Molleson,1,3,1,12
2012,6,23,Presented by Jason Solomons,1,4,0,4
2012,6,23,produced by Sarah Peters,1,4,0,4
2012,6,23,William Fotheringham,1,1,2,15
2012,6,23,Martin Rowson,1,10,3,26
2012,6,23,Caroline Foley,1,5,1,22
2012,6,23,Presented by John Plunkett,1,0,0,14
2012,6,23,Douglas Holtz-Eakin,1,5,0,14
2012,6,23,David Howell,1,5,0,14
2012,6,23,Robert Reich,1,5,0,14
2012,6,23,Robin Wells,1,5,0,14
2012,6,23,EAC,4,0,0,5
2012,6,23,Jamie Anderson,1,7,0,2
2012,6,23,Phil Mawhinney,1,0,0,1
2012,6,23,Greg Wood at Epsom,3,4,0,20
2012,6,23,Dalya Alberge,1,73,10,94
2012,6,23,Rio de Janeiro,1,98,4,55
2012,6,23,Dennis Barker,1,1,0,20
2012,6,23,Guardian Professional,1,0,0,2
2012,6,23,Rajeev Syal,1,111,1,18
2012,6,23,Deborah Orr,2,68,1,101
2012,6,23,Andrew Collins,1,9,0,11
2012,6,23,Eamon Gilmore,1,37,1,18
2012,6,23,Giles Fraser,1,24,1,44
2012,6,23,Bruce Talbot at Lord's,1,0,0,6
2012,6,23,Harry J Enten with Kat Keene Hogue,1,3,0,14
2012,6,23,Jonathan Freedland,1,34,3,51
2012,6,23,Interview by Imogen Blake,1,6,0,51
2012,6,23,Derek Niemann,1,0,0,28
2012,6,23,Emine Saner,1,48,7,71
2012,6,23,Sol Campbell,1,18,0,19
2012,6,23,Rosanna Greenstreet,1,118,4,43
2012,6,23,Christa D'Souza,1,223,19,106
2012,6,23,Ian Jack,1,9,0,31
2012,6,23,Paul Simons,1,2,0,39
2012,6,23,Virginia,2,1684,30,231
2012,6,23,Rhiannon Batten,2,149,0,43
2012,6,23,Abigail Flanagan,1,15,0,26
2012,6,23,Jamie Lafferty,1,59,2,25
2012,6,23,Emma Kennedy,1,0,0,15
2012,6,23,Josh Sutton,1,35,0,53
2012,6,23,Gillian Slovo,1,2,0,5
2012,6,23,Lisa Allardice,1,7,0,21
2012,6,23,Theodora Sutcliffe,1,104,0,51
2012,6,23,Pico Iyer,1,1,0,4
2012,6,23,John Mullan,2,4,0,8
2012,6,23,Eric Brown,1,60,1,26
2012,6,23,Kathryn Hughes,1,2,0,4
2012,6,23,Richard Fortey,1,14,7,23
2012,6,23,Miriam Gamble,1,15,2,2
2012,6,23,Linda Buckley-Archer,1,12,0,2
2012,6,23,Ursula K Le Guin,1,4,0,2
2012,6,23,Steven Poole,1,5,1,5
2012,6,23,Will Self,1,86,11,40
2012,6,23,Sarah Moss,1,5,0,4
2012,6,23,Steven Rose,1,20,1,14
2012,6,23,Edmund White,1,54,3,22
2012,6,23,Madeline Miller,1,107,5,23
2012,6,23,Scott Lemieux,1,19,5,12
2012,6,23,Thomas Eaton,1,1,0,1
2012,6,23,Fiona Beckett,1,15,0,24
2012,6,23,Nicole Farhi,1,6,0,8
2012,6,23,Alys Fowler,2,9,0,2
2012,6,23,Mark King,2,22,1,76
2012,6,23,Patrick Collinson,2,15,2,61
2012,6,23,Anonymous,1,7,0,8
2012,6,23,Dan Lepard,1,28,1,22
2012,6,23,Yotam Ottolenghi,1,113,0,24
2012,6,23,Hugh Fearnley-Whittingstall,1,56,2,22
2012,6,23,John Lanchester,1,7,0,20
2012,6,23,Lia Leendertz,1,0,1,6
2012,6,23,Jane Perrone,1,2,0,4
2012,6,23,As told to Mark King,1,3,0,11
2012,6,23,Tanya de Grunwald,1,348,9,256
2012,6,23,Jeremy Bullmore,1,0,0,2
2012,6,23,Kate Monro,1,432,5,57
2012,6,23,Adrian Pracon,1,65,3,81
2012,6,23,Stephen Collins,1,63,1,33
2012,6,23,Rupert Jones,2,9,5,56
2012,6,23,Francesca Babb,1,22,2,28
2012,6,23,Hermione Hoby,2,396,1,51
2012,6,23,Matthew Horton,1,29,3,8
2012,6,23,John Murray,1,100,0,4
2012,6,23,John Patterson,1,9,0,7
2012,6,23,Jon &amp; Mick/moderntoss.com,1,71,0,15
2012,6,23,Steven Appleby,1,2,0,0
2012,6,23,Robert Clark,1,19,2,15
2012,6,23,Maureen Patton,1,13,0,14
2012,6,23,Tim Lott,1,1,0,1
2012,6,23,Charlie Condou,1,2,0,15
2012,6,23,Clare Conville,1,1,0,8
2012,6,23,Richard Gregson,1,11,0,8
2012,6,23,The Guide,1,0,0,1
2012,6,23,John Fordham &amp; John Robinson,1,0,0,9
2012,6,23,Katrina Dixon,1,0,0,3
2012,6,23,Piers Martin,1,77,0,20
2012,6,23,Nick Gillett,1,3,0,43
2012,6,23,James Kettle,1,2,0,1
2012,6,23,Patric Baird,1,56,0,5
2012,6,23,John Mitchell,1,56,0,5
2012,6,23,Sam Richards &amp; Marc Rowlands,1,56,0,5
2012,6,23,Robert Clark &amp; Skye Sherwin,1,21,0,17
2012,6,23,Mark Cook,1,0,0,6
2012,6,23,Lyn Gardner &amp; Judith Mackrell,1,0,0,6
2012,6,23,Iain Aitch &amp; Katrina Dixon,1,1,0,22
2012,6,23,Nicola Jennings,1,2,0,12
2012,6,23,Staff reporter,1,53,20,102
2012,6,23,Joe Berger,1,2,0,12
2012,6,23,David Hare,1,395,6,60
2012,6,23,Frank Cottrell Boyce,1,11,1,17
2012,6,23,The Secret Teacher,1,105,0,71
2012,6,23,Damyanti,1,2,0,9
2012,6,23,Bryn,1,2,0,9
2012,6,23,aged 4,1,2,0,9
2012,6,23,Emma Graham-Harrison,2,141,4,168
2012,6,23,Conal Urquhart,4,802,23,480
2012,6,23,Comrades from Cairo,1,72,0,23
2012,6,23,David Bryant,1,8,0,15
2012,6,23,Posted by Michael Cox for <a href="http://www.zonalmarking.net/" title="">Zonal Marking</a>,1,15,3,33
2012,6,23,Karen Gravano,1,95,0,19
2012,6,23,pinkbookworm,1,28,0,22
2012,6,23,Clancy Sigal,1,39,1,28
2012,6,23,Michael Bachelard,1,15,3,11
2012,6,23,Will Hayler at Epsom,2,10,0,13
2012,6,23,Paul Rees at the Millennium Stadium,1,0,0,3
2012,6,23,Vic Marks at Lord's,1,0,0,5
2012,6,23,Mark Garrod,1,4,0,15
2012,6,23,Clive Stafford Smith,1,1457,42,443
2012,6,23,Paul Wilson at Wembley,2,105,6,40
2012,6,23,Ed Vulliamy,1,3697,125,725
2012,6,23,Jamie Doward,3,207,6,247
2012,6,23,Kevin Mitchell,1,9,0,7
2012,6,23,Toby Helm,3,445,20,769
2012,6,23,Daniel Boffey,2,203,10,406
2012,6,23,Peter Preston,4,55,0,64
2012,6,23,Richard Williams at Wembley,1,100,3,70
2012,6,23,Tracy McVeigh,3,95,8,133
2012,6,23,Yamilé Aldama,1,10,0,8
2012,6,23,Daniel Taylor at Wembley,1,3,0,11
2012,6,23,Paul Hamilos,1,147,7,134
2012,6,23,Robin McKie,1,828,32,215
2012,6,23,Joanne O'Connell,1,30,0,42
2012,6,23,Interview: Becky Barnicoat. Portrait: <a href="http://emilystein.co.uk/" title="">Emily Stein</a>,1,2,0,18
2012,6,23,Margaret Dibben,3,2,0,14
2012,6,23,Amy Lawrence,1,27,0,3
2012,6,23,Observer staff,1,186,6,32
2012,6,23,Sachin Nakrani,1,9,2,2
2012,6,23,Observer sport staff,1,1,0,11
2012,6,23,Kate Kellaway,1,522,19,241
2012,6,23,Tom Jenkins,1,9,0,6
2012,6,23,Michael Goldfarb,1,140,4,52
2012,6,23,Tim Adams,3,51,2,40
2012,6,23,Philip French,6,324,17,118
2012,6,23,Stephen Pritchard,1,5,0,2
2012,6,23,Phil Hogan,1,0,0,5
2012,6,23,Lionel Hale,1,2,0,0
2012,6,23,Andrew Rawnsley,1,20,0,13
2012,6,23,James Bridle,1,4,4,62
2012,6,23,Rachel Lloyd,1,5,3,26
2012,6,23,Kitty Empire,3,110,2,16
2012,6,23,Fiona Maddocks,2,4,1,14
2012,6,23,Nicholas Kenyon,1,1,0,1
2012,6,23,Clare Brennan,1,2,0,5
2012,6,23,Alex Clark,2,1321,5,120
2012,6,23,Barbara Ellen,1,63,0,139
2012,6,23,Nick Cohen,1,553,9,115
2012,6,23,Ben East,1,4,0,8
2012,6,23,Dave Gelly,1,0,0,2
2012,6,23,Eva Wiseman,3,126,1,61
2012,6,23,Tom Lamont,1,124,16,94
2012,6,23,Mark Kermode,1,6,0,6
2012,6,23,Matt Kamen,2,3,0,28
2012,6,23,Niki Segnit,1,4,0,19
2012,6,23,Jason Solomons,1,1,2,3
2012,6,23,William Keegan,1,22,4,16
2012,6,23,Sally Shalam,1,31,2,36
2012,6,23,Martin Love,1,24,0,137
2012,6,23,Dr Gerry Mander,1,0,0,1
2012,6,23,David Mitchell,1,363,9,392
2012,6,23,Megan Conner,2,35,4,23
2012,6,23,Alexander Larman,1,4,1,3
2012,6,23,Ned Denny,1,30,6,21
2012,6,23,Nigel Slater,2,19,0,12
2012,6,23,Alex Preston,1,23,2,24
2012,6,23,Lettie Ransley,1,0,1,3
2012,6,23,Salley Vickers,1,17,1,12
2012,6,23,Anita Sethi,1,1,1,5
2012,6,23,Dan Pearson,1,5,0,9
2012,6,23,David Williams,1,3,0,13
2012,6,23,Katharine Whitehorn,1,0,0,1
2012,6,23,Gay Dad,1,1,0,0
2012,6,23,Priya Elan,1,9,2,13
2012,6,23,Emma John,1,9,2,13
2012,6,23,Shahesta Shaitly,2,35,2,25
2012,6,23,Ally Carnwath,1,1,0,5
2012,6,23,Quentin Wheeler,1,16,0,13
2012,6,23,Neil Spencer,1,1,0,6
2012,6,23,Molloy Woodcraft,1,6,2,7
2012,6,23,Interview by Carole Cadwalladr,1,91,2,30
2012,6,23,Will Freeman,1,0,0,14
2012,6,23,Toby Moses,1,2,0,20
2012,6,23,Interview by <strong>Robin McKie</strong>,1,119,3,88
2012,6,23,Miranda Sawyer,1,76,5,111
2012,6,23,Natalie Woolman,1,0,0,6
2012,6,23,Tim Lewis,1,539,10,175
2012,6,23,John Naughton,1,73,89,424
2012,6,23,Rowan Moore,1,18,2,22
2012,6,23,Observer,1,2,0,14
2012,6,23,Susannah Clapp,1,4,0,13
2012,6,23,Victoria Coren,1,26,2,56
2012,6,23,Luke Jennings,1,10,0,4
2012,6,23,Laura Cumming,2,218,7,53
2012,6,23,Pat Kane,1,73,6,89
2012,6,23,Elizabeth Day,1,43,5,46
2012,6,23,Sarah Butler,1,7,4,30
2012,6,23,Catherine Bennett,1,138,6,30
2012,6,23,Kevin McKenna,1,9,0,11
2012,6,23,Viv Groskop,1,2,0,9
2012,6,23,Jay Rayner,1,4,0,16
2012,6,23,Mariella Frostrup,1,5,2,3
2012,6,23,Lauren Laverne,1,19,3,56
2012,6,23,Caroline Roux,1,7,2,30
2012,6,23,Catherine Deveney,1,41,7,84
2012,6,23,Kerri Smith,1,245,12,161
