year,month,week,name,articles,facebook,googleplus,twitter
2012,2,8,Katie Allen,1,63,2,74
2012,2,8,Randeep Ramesh,6,1257,9,727
2012,2,8,Denis Campbell,2,275,7,138
2012,2,8,Shiv Malik,9,7595,59,2933
2012,2,8,Presented by Alok Jha,1,67,0,89
2012,2,8,Produced by Iain Chambers,1,67,0,89
2012,2,8,Jonathan Wilson,3,314,3,253
2012,2,8,Kate Hodal,10,905,25,655
2012,2,8,Helena Smith,9,2010,40,502
2012,2,8,Ian Traynor,7,717,10,387
2012,2,8,,4,463,3,290
2012,2,8,Lawrence Donegan at Pebble Beach,1,4,0,20
2012,2,8,Ed Pilkington,6,1075,39,963
2012,2,8,Dan Sabbagh,2,185,12,167
2012,2,8,Andrew Sparrow,4,136,8,325
2012,2,8,Ben Quinn,7,413,12,495
2012,2,8,Martin Rowson,6,137,5,139
2012,2,8,Rory Carroll,3,186,5,93
2012,2,8,Brian Braiker,4,166,6,186
2012,2,8,Joshua Alston,1,61,4,127
2012,2,8,Jason Burke,4,222,0,133
2012,2,8,Associated Press,52,2227,57,1619
2012,2,8,Charity Celebrity,1,17,2,27
2012,2,8,Jonathan Glennie,1,18,0,45
2012,2,8,Keith Stuart,13,137,24,834
2012,2,8,Giles Fraser,2,99,1,65
2012,2,8,Charles Arthur,17,972,99,3039
2012,2,8,agencies,17,1056,44,989
2012,2,8,Jon Butterworth,2,15,3,36
2012,2,8,Lisa Allardice,1,26,2,44
2012,2,8,GrrlScientist,19,33,42,287
2012,2,8,Paddy Allen,2,692,9,457
2012,2,8,David Didau,1,33,1,29
2012,2,8,Roy Greenslade,20,150,3,355
2012,2,8,Josh Halliday,23,3339,96,3317
2012,2,8,Jacob Steinberg,5,124,0,247
2012,2,8,Tom Bryant,4,62,0,209
2012,2,8,Evan Fanning,4,76,0,146
2012,2,8,Kevin Mitchell,5,467,5,73
2012,2,8,Dick Vinegar,1,0,0,13
2012,2,8,Stuart Dredge,8,29,4,676
2012,2,8,Barry Glendenning,5,94,1,132
2012,2,8,Sean Carey,1,17,0,69
2012,2,8,Ian Hembrow,1,7,0,47
2012,2,8,Vulpes,2,6,0,32
2012,2,8,Azadeh Moaveni,1,49,0,30
2012,2,8,Carol Rumens,1,12,0,53
2012,2,8,Julian Le Grand,1,1,0,9
2012,2,8,Martin Wainwright,10,62,3,281
2012,2,8,Juliette Garside,13,80,5,514
2012,2,8,Sally-Marie Bamford,1,7,0,38
2012,2,8,Nick Fletcher,22,68,3,214
2012,2,8,Bella Mackie,5,0,0,5
2012,2,8,Rebecca Nicholson,3,71,1,74
2012,2,8,Simon Chilvers,4,45,0,117
2012,2,8,Jane Dudman,2,8,0,20
2012,2,8,Mark Seddon,1,76,0,23
2012,2,8,Steven Bloor,3,5,0,106
2012,2,8,Dave Hill,7,68,0,126
2012,2,8,Ben &amp; Jerry's,4,5,0,1
2012,2,8,Sean Michaels,10,955,11,664
2012,2,8,Hélène Mulholland,6,250,7,223
2012,2,8,Kate Hodge,7,4,0,38
2012,2,8,Mark Tran,3,134,6,118
2012,2,8,Mark Sweney,19,540,8,693
2012,2,8,Dany Louise,1,6,0,26
2012,2,8,Xan Brooks,6,182,2,94
2012,2,8,Henry Barnes,8,335,1,139
2012,2,8,Rajan Zaveri,2,224,3,55
2012,2,8,Dan Milmo,9,88,1,264
2012,2,8,Michael White,1,2,1,27
2012,2,8,Ben Child,10,352,5,307
2012,2,8,Ewan Murray,14,403,2,539
2012,2,8,Frederika Whitehead,2,35,5,26
2012,2,8,Jean-Louis Gassée,1,9,2,114
2012,2,8,Helienne Lindvall,6,24,0,53
2012,2,8,Jonathan Chaplin,1,12,1,16
2012,2,8,Oliver Thring,2,173,1,229
2012,2,8,Kirsty Scott,1,68,0,55
2012,2,8,Alison Flood,8,387,5,320
2012,2,8,Press Association,105,2927,45,3048
2012,2,8,Suzanne Goldenberg,9,3953,163,2181
2012,2,8,Margaret McCartney,1,34,1,39
2012,2,8,Sarah Hughes,2,64,1,28
2012,2,8,Alan Travis,4,167,3,205
2012,2,8,<a href="http://www.businessgreen.com">BusinessGreen</a>,2,35,0,102
2012,2,8,part of the <a href="http://www.guardian.co.uk/environment/network" title="Guardian Environment Network">Guardian Environment Network</a>,2,35,0,102
2012,2,8,Monkey,8,112,1,178
2012,2,8,Caroline Ewans,1,6,0,34
2012,2,8,Katrina Miller,1,0,0,12
2012,2,8,David Butler,1,6,0,10
2012,2,8,Marc Zakian,1,2,0,12
2012,2,8,Katy Stoddard,2,39,1,50
2012,2,8,Jonathan Glancey,1,19,2,43
2012,2,8,Harriet Sherwood,8,1366,25,629
2012,2,8,James Callow,3,68,2,49
2012,2,8,Joris Luyendijk,2,124,11,83
2012,2,8,Greg Wood,1,0,0,6
2012,2,8,Will Hayler,18,10,0,120
2012,2,8,Paolo Bandini,1,10,0,18
2012,2,8,Jason Deans,2,9,1,30
2012,2,8,Hannah Waldram,3,5,0,12
2012,2,8,George Chesterton,1,8,2,27
2012,2,8,Frédéric Filloux,1,38,15,277
2012,2,8,Patrick Kingsley,2,290,6,98
2012,2,8,Julia Eccleshare,1,32,0,34
2012,2,8,Michael Cox,1,62,1,57
2012,2,8,Alex Macpherson,2,35,0,45
2012,2,8,Andrew Dickson,1,103,3,38
2012,2,8,Cameron Robertson,1,103,3,38
2012,2,8,Jane Fae,1,75,1,35
2012,2,8,Mrs Stephen Fry,1,259,1,72
2012,2,8,Hilary Osborne,2,12,0,69
2012,2,8,Amy O'Donnell,1,113,3,86
2012,2,8,Helen Carter,9,89,3,129
2012,2,8,Annotated by James Robinson,1,5,0,8
2012,2,8,Sara Ilyas,2,12,0,27
2012,2,8,Anna Chesters,1,0,0,17
2012,2,8,Leo Trinick,1,5,0,9
2012,2,8,John Harris,2,2225,8,409
2012,2,8,Charlotte Jones,4,39,0,68
2012,2,8,The Co-operative Group,2,27,0,3
2012,2,8,Robert Service,1,4,0,16
2012,2,8,Phillip Inman,5,388,9,262
2012,2,8,Rob Edwards,1,6,2,56
2012,2,8,Guardian Government Computing,6,4,1,58
2012,2,8,Simon Parkin,2,9,0,105
2012,2,8,Nick Cowen,2,9,0,105
2012,2,8,Sarah Ditum,1,7,0,59
2012,2,8,Steve Boxer,1,7,0,59
2012,2,8,Hélène Mulholl,1,7,0,22
2012,2,8,Henry McDonald,7,128,3,74
2012,2,8,Irel,6,128,3,69
2012,2,8,Matt Trueman,5,245,0,185
2012,2,8,Corrections,5,1,0,11
2012,2,8,Gines Haro Pastor,4,0,0,0
2012,2,8,Jessica Shepherd,6,798,3,514
2012,2,8,Ian Black,5,201,8,136
2012,2,8,Jonathan Jones,7,220,18,281
2012,2,8,Catherine Shoard,5,177,0,226
2012,2,8,Hannah Cockroft,1,2,0,4
2012,2,8,Alan Connor,2,5,0,22
2012,2,8,Jo Adetunji,1,23,2,87
2012,2,8,Lyn Gardner,10,151,1,187
2012,2,8,Sid Lowe,1,68,1,42
2012,2,8,waddleme,2,0,0,22
2012,2,8,Nick Robins for the <a href="http://www.guardian.co.uk/guardian-professional" title="Guardian Professional Network">Guardian Professional Network</a>,1,5,0,6
2012,2,8,CAF Partnerzone,1,8,0,3
2012,2,8,Jill Insley,7,202,3,219
2012,2,8,Tina Beattie,1,23,2,22
2012,2,8,Michael Cragg,5,110,2,132
2012,2,8,Lisa O'Carroll,13,561,27,1181
2012,2,8,Rupert Neate,4,24,1,40
2012,2,8,Nancy Groves,3,22,0,94
2012,2,8,Saeed Shah,3,123,6,101
2012,2,8,Adam Boult,6,36,3,136
2012,2,8,David Lengel,2,101,1,18
2012,2,8,Paul Larkin,1,19,0,16
2012,2,8,Paul Harris,4,169,12,85
2012,2,8,Kevin Keith,1,14,1,37
2012,2,8,George Monbiot,1,539,8,320
2012,2,8,Michael Harris,1,8,3,13
2012,2,8,Constanze Letsch,1,19,5,10
2012,2,8,Andrew Pulver,6,454,14,214
2012,2,8,Vikram Dodd,3,72,0,64
2012,2,8,Sarah Crown,4,54,0,76
2012,2,8,Sara Ziff,2,217,0,102
2012,2,8,Ros Asquith,1,8,1,15
2012,2,8,Rosie Bristow for the <a href="http://www.guardian.co.uk/guardian-professional" title="Guardian Professional Network">Guardian Professional Network</a>,1,41,0,107
2012,2,8,Jacqueline Windh,1,80,2,40
2012,2,8,Phil Drew for the <a href="http://www.guardian.co.uk/guardian-professional" title="Guardian Professional Network">Guardian Professional Network</a>,1,8,2,63
2012,2,8,Jonathan Keane,1,3,0,40
2012,2,8,Caroline Sullivan,4,75,2,37
2012,2,8,Claire Phipps,4,4,1,69
2012,2,8,Marc Abrahams,1,54,6,130
2012,2,8,Steven Morris,2,565,5,214
2012,2,8,Tania Branigan,1,117,1,70
2012,2,8,Jill Treanor,10,82,5,139
2012,2,8,Lizzy Davies,4,461,6,301
2012,2,8,Brian Whitaker,5,63,4,340
2012,2,8,Presented by Max Rushden,2,12,0,40
2012,2,8,produced by Ben Green,3,13,0,49
2012,2,8,Abdel Bari Atwan,1,22,2,16
2012,2,8,Saabira Chaudhuri,5,221,15,407
2012,2,8,Rian Evans,1,3,0,6
2012,2,8,Tom Kington,7,362,9,392
2012,2,8,Graeme Wearden,4,243,7,438
2012,2,8,Patrick Wintour,19,2121,43,2675
2012,2,8,Melanie Henwood,1,1,0,13
2012,2,8,Michael Coveney,1,54,0,32
2012,2,8,Raphael Honigstein,1,81,0,28
2012,2,8,Rosey Hurst,1,15,6,96
2012,2,8,Judith Mackrell,2,36,0,28
2012,2,8,Michael Billington,4,55,1,63
2012,2,8,Alison Allden,1,0,0,9
2012,2,8,Rob Smyth,3,486,6,271
2012,2,8,World Business Council for Sustainable Development,4,15,1,25
2012,2,8,Alfred Hickling,3,210,2,75
2012,2,8,Tom Kingsley,1,4,0,17
2012,2,8,Will Sharpe,1,4,0,17
2012,2,8,Claire Armitstead,1,4,0,38
2012,2,8,Andrew Clements,8,5,0,101
2012,2,8,Andy Wilson,5,3,0,45
2012,2,8,Chris McGreal,7,3141,44,892
2012,2,8,Phil Redmond,1,2,0,19
2012,2,8,Peter Walker,6,482,22,359
2012,2,8,Giles Tremlett,3,70,1,53
2012,2,8,Esther Addley,4,214,7,201
2012,2,8,Paul Lester,5,396,1,350
2012,2,8,David Blanchflower,1,144,3,61
2012,2,8,Saeed Kamali Dehghan,5,353,5,333
2012,2,8,California,1,11,1,22
2012,2,8,Valerie Hannah,1,26,0,32
2012,2,8,Barney Ronay at Sheikh Zayed Stadium,1,5,1,8
2012,2,8,Paul Layzell,1,18,1,28
2012,2,8,Kevin McCarra,3,39,2,73
2012,2,8,Dorothy Lepkowska,1,68,0,108
2012,2,8,Simon Goodley,3,39,0,35
2012,2,8,Janet Murray,1,15,0,51
2012,2,8,Tanya Gold,1,111,1,80
2012,2,8,Imogen Fox,3,51,1,83
2012,2,8,Matthew Taylor,3,116,2,76
2012,2,8,Alex Needham,4,283,8,146
2012,2,8,Fiona Millar,1,92,1,91
2012,2,8,Tim Dowling,4,1162,9,299
2012,2,8,Laura Barnett,2,23,1,60
2012,2,8,Kira Cochrane,1,155,3,82
2012,2,8,Rachel Williams,1,24,0,101
2012,2,8,Alok Jha,3,840,26,460
2012,2,8,Emine Saner,3,259,3,144
2012,2,8,Robert Kitson,5,15,1,27
2012,2,8,Polly Toynbee,2,316,5,229
2012,2,8,Ros Taylor,2,10,0,40
2012,2,8,Pete Cashmore,1,20,0,11
2012,2,8,Martin Skegg,2,0,0,17
2012,2,8,Ben Arnold,1,0,0,11
2012,2,8,Andrew Mueller,3,0,0,25
2012,2,8,Ali Catterall,2,0,0,15
2012,2,8,Hannah Verdier,3,1,0,26
2012,2,8,John Robinson,3,4,0,24
2012,2,8,Shirley Williams,1,49,0,183
2012,2,8,Ian Cobain,2,362,19,277
2012,2,8,Editorial,14,204,4,334
2012,2,8,Sam Wolfson,2,6,0,18
2012,2,8,Ana Marie Cox,3,128,9,60
2012,2,8,Hadley Freeman,3,181,6,88
2012,2,8,David Leigh,1,42,0,21
2012,2,8,Gareth Peirce,1,64,0,52
2012,2,8,Michele Hanson,2,24,5,28
2012,2,8,Caroline Kelly,1,13,0,20
2012,2,8,Adam Price,1,190,3,158
2012,2,8,Owen Gibson,3,73,0,82
2012,2,8,Interviews by Dave Simpson,1,171,3,95
2012,2,8,Paul Weaver,3,77,7,230
2012,2,8,Bradley Wiggins,1,63,0,158
2012,2,8,Adam Gabbatt,4,233,2,136
2012,2,8,Interview by Laura Barnett,2,21,0,48
2012,2,8,Louise Tickle,1,241,10,106
2012,2,8,Richard Williams,3,93,1,96
2012,2,8,Stuart James,6,51,0,152
2012,2,8,Andy Hunter,7,122,0,325
2012,2,8,Mark Weisbrot,1,19,1,27
2012,2,8,Hugh Muir,5,687,5,271
2012,2,8,David Hytner,7,287,1,528
2012,2,8,Margaret Dibben,3,6,1,11
2012,2,8,Donald McRae,1,31,0,33
2012,2,8,Karen McVeigh,3,283,1,46
2012,2,8,Lucy Mangan,2,54,2,78
2012,2,8,Julia Kollewe,10,473,23,306
2012,2,8,Jeanette Winterson,1,1838,13,306
2012,2,8,David Adam,1,22,7,15
2012,2,8,Duncan Graham-Rowe,1,2,0,22
2012,2,8,Louise Taylor,5,126,0,213
2012,2,8,Dan Jellinek,1,0,0,0
2012,2,8,Zoe Wood,5,60,1,89
2012,2,8,Dominic Rushe,11,614,32,702
2012,2,8,Larry Elliott,12,310,6,329
2012,2,8,Emily Drabble,1,1,0,1
2012,2,8,Michael Solomon,2,233,4,364
2012,2,8,Rachel Dixon,3,36,0,55
2012,2,8,John Ashdown,5,97,0,90
2012,2,8,Dame Mary Marsh,1,1,1,9
2012,2,8,John Baron,2,7,0,51
2012,2,8,Jayati Ghosh,2,238,5,102
2012,2,8,Martin Walker,1,1,0,31
2012,2,8,Corrinne Burns,1,504,14,86
2012,2,8,Kirsty Ratcliffe,1,7,0,9
2012,2,8,Thomas Cuffe,1,30,0,50
2012,2,8,Sam Thorp,1,24,0,15
2012,2,8,John Gregory,1,1,0,24
2012,2,8,Aiman,1,1,1,18
2012,2,8,Jo Best,2,1,2,25
2012,2,8,Mike Harris,1,10,0,20
2012,2,8,Catharine Howard,1,2,0,21
2012,2,8,Simon Burnton,3,12,1,103
2012,2,8,Gavin James Bower,1,112,3,48
2012,2,8,James Ramsden,1,24,0,54
2012,2,8,Marcus Christenson,4,242,3,154
2012,2,8,Andrew Stuart,1,59,0,89
2012,2,8,Joshua Rozenberg,1,15,0,27
2012,2,8,Hari,2,16,0,110
2012,2,8,Jake,2,16,0,110
2012,2,8,Mary Hamilton,1,1,0,41
2012,2,8,Michael Hogan,1,21,0,14
2012,2,8,Jo Confino for the <a href="http://www.guardian.co.uk/guardian-professional" title="Guardian Professional Network">Guardian Professional Network</a>,2,106,5,42
2012,2,8,Anna Powell-Smith,1,1069,12,880
2012,2,8,Mike Small,1,269,1,56
2012,2,8,Ilaria Ida for Ben &amp; Jerry's,1,4,0,0
2012,2,8,Peter Beresford,1,34,0,16
2012,2,8,Andrew Raingold for the <a href="http://www.guardian.co.uk/guardian-professional" title="Guardian Professional Network">Guardian Professional Network</a>,1,5,0,10
2012,2,8,Rachel Holmes,1,197,2,36
2012,2,8,AL Kennedy,1,34,1,47
2012,2,8,Huw Irranca-Davies,1,22,0,16
2012,2,8,Jobeda Ali,1,0,0,0
2012,2,8,Mike Averis,4,15,0,26
2012,2,8,Carol Ann Duffy,1,8,1,24
2012,2,8,Blake Morrison,1,5,1,9
2012,2,8,Antonia Fraser,1,17,1,29
2012,2,8,William Wall for <a href="http://www.criticallegalthinking.com/" title="">Critical Legal Thinking</a>,1,3826,21,247
2012,2,8,part of the <a href="http://www.guardian.co.uk/commentisfree/series/guardian-comment-network" title="">Guardian Comment Network</a>,3,4153,27,314
2012,2,8,Kenneth Mobbs,1,0,0,20
2012,2,8,Brett Kershaw,1,14,0,15
2012,2,8,Maddy Potts,1,49,2,98
2012,2,8,The people's panel,1,38,0,15
2012,2,8,Joan Bakewell,1,39,2,66
2012,2,8,Erwin James,2,288,0,90
2012,2,8,Benji Lanyado,2,202,10,168
2012,2,8,Bud Scoppa via <a href="http://www.rocksbackpages.com/" title="">Rock's Backpages</a>,1,19,0,16
2012,2,8,political reporter,1,19,2,52
2012,2,8,Jaz Cummins,3,61,0,51
2012,2,8,Guardian Fashion,5,46,0,77
2012,2,8,Alan Moses,1,14,0,28
2012,2,8,Harry J Enten,3,17,1,45
2012,2,8,Nicholas Lezard,3,656,15,121
2012,2,8,Gozde Zorlu,1,8,0,24
2012,2,8,Michael Hann,3,8,0,30
2012,2,8,Roger Scruton,1,15,1,56
2012,2,8,Charles Gant,1,35,0,31
2012,2,8,Claire Provost,1,59,0,38
2012,2,8,Mark Johnson,2,19,0,29
2012,2,8,Richard Norton-Taylor,8,909,16,615
2012,2,8,Conchi Martinez de Tejada,1,3,0,9
2012,2,8,Marianne Brown,1,32,2,30
2012,2,8,Max de Lotbinière,3,115,0,46
2012,2,8,Philippe Dagen,1,17,0,35
2012,2,8,Alisa Tang,1,22,1,35
2012,2,8,Lesli A Maxwell,1,17,0,7
2012,2,8,Caroline Moore,1,18,2,47
2012,2,8,Maurice Claypole,1,16,0,59
2012,2,8,Rich Conway,1,19,0,29
2012,2,8,Luke Harding,4,153,3,130
2012,2,8,Chris Tribble,1,12,1,12
2012,2,8,Janet Hardy-Gould,2,14,0,10
2012,2,8,Florence de Changy,1,142,4,23
2012,2,8,Chris Stephen,2,113,1,107
2012,2,8,Barney Ronay,6,38,0,57
2012,2,8,Piotr Smolar,1,13,0,13
2012,2,8,Dina Behrman,1,91,3,59
2012,2,8,Mirel Bran,1,316,3,115
2012,2,8,Paul Brown,1,1,0,9
2012,2,8,Chris Cook,7,6,0,55
2012,2,8,Tony Paley,5,4,0,43
2012,2,8,Jenny,1,0,0,6
2012,2,8,Judy Grahame,1,0,0,6
2012,2,8,Mark Vernon,1,4,0,25
2012,2,8,Tunde Banjoko,1,3,0,13
2012,2,8,Tigerwatcher,2,3,0,17
2012,2,8,Liz Ford,4,77,0,79
2012,2,8,Nancy Goldstein,1,21,0,9
2012,2,8,Malcolm Pithers,1,2,0,2
2012,2,8,Jim Anderson,1,11,0,16
2012,2,8,Simon Trevethick,1,3,0,24
2012,2,8,Kate McCann,2,4,0,46
2012,2,8,Tara Conlan,5,224,2,188
2012,2,8,Kevin O'Flynn,2,3552,54,627
2012,2,8,Jessica Fuhl,2,2,0,18
2012,2,8,Jenny Geras,1,157,5,209
2012,2,8,Open thread,1,15,0,19
2012,2,8,Jill Robinson,1,5,0,15
2012,2,8,Dan Corry,1,3,1,55
2012,2,8,Noam Chomsky for <a href="http://www.tomdispatch.com/post/175502/tomgram%3A_noam_chomsky%2C_hegemony_and_its_dilemmas/#more">TomDispatch</a>,1,1828,35,324
2012,2,8,part of the <a href="http://www.guardian.co.uk/commentisfree/series/guardian-comment-network">Guardian Comment Network</a>,2,2529,44,457
2012,2,8,Robert Booth,6,146,5,215
2012,2,8,William Fotheringham,7,16,0,98
2012,2,8,Adrian Searle,1,54,0,61
2012,2,8,Mary O'Hara,1,69,0,47
2012,2,8,Wayne Gooderham,1,0,0,9
2012,2,8,Adam Vaughan,2,561,6,295
2012,2,8,Martin Kettle,3,16,0,46
2012,2,8,Zina Saro-Wiwa,1,95,10,45
2012,2,8,Hannah Freeman,1,2,0,19
2012,2,8,Christine Ockrent,1,11,2,6
2012,2,8,Richard Wachman,1,10,0,23
2012,2,8,Caroline Bishop,1,7,0,14
2012,2,8,Presented by Aleks Krotoski,1,1,1,63
2012,2,8,produced by Simon Barnard,1,1,1,63
2012,2,8,David Brindle,1,12,0,13
2012,2,8,Heather Stewart,5,313,5,218
2012,2,8,Phil Hoad,1,37,3,54
2012,2,8,Julie Bindel,1,9,1,19
2012,2,8,Judith Kramer,1,0,0,0
2012,2,8,Hannah Engelkamp for the <a href="http://www.guardian.co.uk/guardian-professional" title="Guardian Professional Network">Guardian Professional Network</a>,1,4,0,9
2012,2,8,Sylvia Daintrey,1,2,0,2
2012,2,8,Diane Butterworth,1,2,0,2
2012,2,8,Alex Potts,1,17,2,36
2012,2,8,David Conn,1,4,0,26
2012,2,8,Bob Garfield,1,34,1,63
2012,2,8,Phoebe Greenwood,1,168,3,49
2012,2,8,Sinai,1,154,4,55
2012,2,8,Mark Brown,3,79,2,123
2012,2,8,Ron Fosker,1,2,0,5
2012,2,8,Christopher Masters,1,47,0,39
2012,2,8,Christine Cawley,1,173,2,93
2012,2,8,Sanjoy Roy,1,3,0,7
2012,2,8,Jamie Doward,3,2663,15,1393
2012,2,8,Tim Ashley,1,2,0,10
2012,2,8,Dalya Alberge,3,103,6,148
2012,2,8,Amy Lawrence,3,50,1,93
2012,2,8,Dave Simpson,3,130,0,116
2012,2,8,Ala'a Shehabi,1,65,0,120
2012,2,8,Jonathan Fenby,1,12,2,27
2012,2,8,Mat Heywood,1,430,0,18
2012,2,8,Julian Baggini,3,1493,49,565
2012,2,8,Juliette Jowit,3,455,8,502
2012,2,8,David Stubbs,3,7,0,36
2012,2,8,Clare Considine,3,86,1,49
2012,2,8,Julia Raeside,3,12,0,29
2012,2,8,Linda Woodhead,1,81,8,43
2012,2,8,Lawrence Donegan,2,17,0,46
2012,2,8,Angelique Chrisafis,10,967,17,301
2012,2,8,Harry Venning,1,2,0,5
2012,2,8,Interview by John Crace,1,41,0,14
2012,2,8,Virginia Spiers,1,5,0,38
2012,2,8,As seen by Catherine Bennett,1,1,0,13
2012,2,8,Simon Jenkins,2,156,4,123
2012,2,8,Mark Lawson,2,7,2,50
2012,2,8,Richard Adams,4,215,3,147
2012,2,8,Mitt Romney for the <a href="http://www.detroitnews.com/article/20120214/OPINION01/202140336/">Detroit News</a>,1,45,4,49
2012,2,8,John Ashdown at Upton Park,1,9,0,21
2012,2,8,Ryan Devereaux,3,301,10,438
2012,2,8,Andy Bull,4,23,2,34
2012,2,8,Sam Wollaston,4,75,0,112
2012,2,8,Daniel Taylor,4,156,2,177
2012,2,8,Seumas Milne,1,194,1,257
2012,2,8,Brian Logan,3,31,0,36
2012,2,8,Rob Bagchi,1,5,0,12
2012,2,8,Charles Saatchi,1,140,0,66
2012,2,8,Sarah Boseley,4,124,2,139
2012,2,8,Simon Tisdall,1,321,10,303
2012,2,8,Adam Vaughan for the <a href="http://www.guardian.co.uk/guardian-professional" title="Guardian Professional Network">Guardian Professional Network</a>,1,58,3,96
2012,2,8,Mark Goldring,1,37,0,28
2012,2,8,Sofia Beckman,1,131,4,72
2012,2,8,Sarah Hayes,1,3,0,26
2012,2,8,Virginia Wallis,2,3,0,41
2012,2,8,Charles Dickens,1,17,2,51
2012,2,8,Brian Strevens,1,0,0,0
2012,2,8,Arun Marsh,2,2,0,39
2012,2,8,Nathan J Brown,1,26,0,33
2012,2,8,Jo Dibb,1,2,0,7
2012,2,8,<a href="http://www.museumsassociation.org/home" title="">The Museums Association</a>,1,18,0,23
2012,2,8,Jade-Lauren Cawthray,1,18,0,23
2012,2,8,part of the <a href="http://www.guardian.co.uk/culture-professionals-network" title="">Guardian Culture Professionals Network</a>,1,18,0,23
2012,2,8,Debbie Andalo,1,1,0,10
2012,2,8,Andrew Brown,2,203,5,165
2012,2,8,Scott Murray,5,46,1,178
2012,2,8,Jim McMahon,1,1,0,8
2012,2,8,Abdul-Haq Mohammed,1,1,0,10
2012,2,8,John Wright,1,112,1,39
2012,2,8,Sali Hughes,2,35,1,29
2012,2,8,Nat Saunders,1,14,1,2
2012,2,8,Miles Brignall,3,223,35,449
2012,2,8,Chris Bird,1,66,3,45
2012,2,8,Stuart Goodwin,1,74,0,17
2012,2,8,Sarah Moss,1,6,0,8
2012,2,8,Gill Hitchcock,5,11,0,63
2012,2,8,Liam Kelly,5,9,0,223
2012,2,8,Peter James,1,9,1,26
2012,2,8,Invisible Woman,1,37,0,42
2012,2,8,Jamie Jackson,10,147,1,339
2012,2,8,Lisa Evans,2,9,1,73
2012,2,8,Bee Wilson,1,35,0,34
2012,2,8,Will Eaves,1,10,0,39
2012,2,8,Nick Mead,1,98,0,61
2012,2,8,Carlene Thomas-Bailey,3,31,0,57
2012,2,8,Hannah Fearn,2,14,0,31
2012,2,8,Pam Tatlow,1,42,1,86
2012,2,8,Paul Smith,1,28,0,23
2012,2,8,Dacian Cioloş,1,81,1,46
2012,2,8,Kathleen A Merrigan,1,81,1,46
2012,2,8,Guardian readers,2,54,0,42
2012,2,8,Robin Hough,1,1,1,7
2012,2,8,Colin Horgan,1,2,0,5
2012,2,8,Jeff Jarvis,1,89,44,308
2012,2,8,Marc Mathieu,1,15,1,53
2012,2,8,Ajaz Ahmed,1,8,1,3
2012,2,8,Justine Roberts,1,1,0,29
2012,2,8,Richard Francis,1,11,1,6
2012,2,8,Raf Keustermans,1,11,0,4
2012,2,8,Mazher Abidi,1,17,12,25
2012,2,8,Matt O'Shea,1,1,2,9
2012,2,8,Dan Brilot,1,3,1,13
2012,2,8,Matthew Caines,2,6,0,42
2012,2,8,Mark King,6,110,1,283
2012,2,8,Jenni Inglis,1,0,0,22
2012,2,8,Leo Hickman,2,792,18,286
2012,2,8,Tarak Ben Ammar,1,70,1,37
2012,2,8,Angela Hartnett,1,66,0,39
2012,2,8,Agencies,1,35,2,43
2012,2,8,Tariq Ali,1,37,1,35
2012,2,8,Maajid Nawaz,1,6,0,31
2012,2,8,David Mills,2,11,0,46
2012,2,8,John Elkington for the <a href="http://www.guardian.co.uk/guardian-professional" title="Guardian Professional Network">Guardian Professional Network</a>,1,5,0,20
2012,2,8,Owen Bowcott,4,172,2,226
2012,2,8,Public Leaders Network,1,0,0,24
2012,2,8,Lisa Bachelor,7,28,1,129
2012,2,8,Priya Virmani,1,6,0,5
2012,2,8,Natalie Bennett,1,1,0,0
2012,2,8,Nicholas Milton,1,156,0,57
2012,2,8,Marina Hyde,4,645,6,779
2012,2,8,Peter McGrath,1,102,5,74
2012,2,8,Thomas Doyle,1,10,0,24
2012,2,8,Joe Jervis,1,9,0,47
2012,2,8,Honour Bayes,1,6,0,25
2012,2,8,Ami Sedghi,1,262,3,64
2012,2,8,David Smith,7,506,5,327
2012,2,8,Robert Waterhouse,1,27,1,17
2012,2,8,Zoe Williams,1,89,6,99
2012,2,8,John Vidal,4,324,7,366
2012,2,8,Andy Jaeger,1,13,2,54
2012,2,8,Trim Lamba,1,7,1,26
2012,2,8,Molly Mattingly,1,44,0,31
2012,2,8,Hermione Hoby,1,84,3,59
2012,2,8,Allan Jenkins,1,0,0,18
2012,2,8,Damien Walter,1,221,33,335
2012,2,8,Guardian social care network,2,15,0,34
2012,2,8,Mary Douglas-Home,3,39,0,34
2012,2,8,Daniel Pearson,1,0,0,0
2012,2,8,Tom Service,1,19,0,20
2012,2,8,Sian Griffiths,1,47,0,19
2012,2,8,Philip Sheldrake,1,8,3,52
2012,2,8,Duncan Green,1,417,4,246
2012,2,8,Alexandra Topping,1,105,4,49
2012,2,8,Opus Energy,1,0,0,0
2012,2,8,Shoshana Kessler,3,16,1,32
2012,2,8,Julian Borger,2,289,6,67
2012,2,8,Noam Chomsky for <a href="http://www.tomdispatch.com/archive/175503/">TomDispatch</a>,1,701,9,133
2012,2,8,Petra Kuenkel for the <a href="http://www.guardian.co.uk/guardian-professional" title="Guardian Professional Network">Guardian Professional Network</a>,1,23,0,37
2012,2,8,Sachin Nakrani,6,26,0,96
2012,2,8,Thea Lim,1,62,0,17
2012,2,8,Ed Pilkington New York,1,86,0,15
2012,2,8,Chris Cook at Kelso,1,0,0,5
2012,2,8,Christopher Hawtree,1,69,0,15
2012,2,8,Reuters,1,2,0,8
2012,2,8,Ian Gittins,1,8,0,27
2012,2,8,Agnès Poirier,1,108,1,30
2012,2,8,John Lewis,2,8,0,24
2012,2,8,Cian Fahey,1,8,0,29
2012,2,8,Staff,2,100,0,175
2012,2,8,Peter Bradshaw,8,322,0,152
2012,2,8,Andy Green,1,4,0,29
2012,2,8,Arshin Adib-Moghaddam,1,208,5,64
2012,2,8,Presented by Amelia Hill,1,5,0,21
2012,2,8,produced by Phil Maynard,2,14,0,35
2012,2,8,Tim Maby,1,5,0,21
2012,2,8,Victoria Bekiempis,1,28,0,19
2012,2,8,Laura Oliver,1,6,0,24
2012,2,8,Amelia Hill,2,140,2,100
2012,2,8,Phil Gates,1,1,0,40
2012,2,8,Noam Chomsky,1,56,1,33
2012,2,8,John Crace,2,12,0,26
2012,2,8,Naomi Wolf,2,122,2,97
2012,2,8,Betwa Sharma,1,173,2,59
2012,2,8,Timothy Garton Ash,1,43,1,67
2012,2,8,Daniel Taylor at San Siro,1,64,0,31
2012,2,8,David Hytner at San Siro,2,96,0,90
2012,2,8,Kevin Powell,1,89,0,59
2012,2,8,Interview by Sarah Phillips,1,23,0,32
2012,2,8,Barney Ronay at the Sheikh Zayed Stadium,1,3,1,7
2012,2,8,Gwilym Mumford,2,4,0,10
2012,2,8,Phelim O'Neill,2,3,0,12
2012,2,8,Jonathan Wright,1,0,0,6
2012,2,8,Gwyn Topham,3,33,2,102
2012,2,8,Felicity Cloake,1,276,3,85
2012,2,8,Suzanne Moore,1,1768,28,729
2012,2,8,Richard Williams at San Siro,1,27,0,38
2012,2,8,Barry Neild,1,63,3,132
2012,2,8,David McHattie,1,8,1,23
2012,2,8,Rosalind Miller,1,65,1,57
2012,2,8,Interview by Chris Smith,1,1,0,73
2012,2,8,W J Weatherby,1,1,0,29
2012,2,8,Clare Reddington,1,0,0,12
2012,2,8,Debbie Bogard,1,8,0,6
2012,2,8,Ian McCourt,1,3,0,28
2012,2,8,Nickie Aiken,1,11,0,14
2012,2,8,David A Bell,1,25,0,25
2012,2,8,Sukhdev Sandhu,3,305,4,169
2012,2,8,marvellous mars,1,1,0,4
2012,2,8,Duncan Clark,1,123,7,123
2012,2,8,Dan Slee,1,2,0,51
2012,2,8,Hugo Stephens,1,7,0,26
2012,2,8,Tim Jonze,4,160,3,138
2012,2,8,Jonathon Porritt,1,31,2,13
2012,2,8,Mike Farrar,1,2,0,13
2012,2,8,AP,1,14,1,18
2012,2,8,Simon Collinson,1,1,0,13
2012,2,8,Noo Saro-Wiwa,1,145,5,40
2012,2,8,Lisa van Gelder,1,6,2,21
2012,2,8,Thomas Hoblyn,1,1,0,24
2012,2,8,Ally Fogg,1,24,0,44
2012,2,8,Amy Fleming,1,23,0,22
2012,2,8,Jill Rutter,1,18,2,28
2012,2,8,Lu-Hai Liang,1,192,0,78
2012,2,8,Robert McCrum,1,24,2,53
2012,2,8,Vic Marks,2,1,0,13
2012,2,8,Paul Rees,3,2,0,17
2012,2,8,Michelle Aaron,1,224,2,61
2012,2,8,Jonny Brownlee,1,19,0,21
2012,2,8,Charlotte Stuffins,1,1,0,4
2012,2,8,Arwa Mahdawi,1,644,3,146
2012,2,8,Alex von Tunzelmann,1,71,1,17
2012,2,8,George Walden,1,5,0,17
2012,2,8,Presented by Hugh Muir,2,6,0,23
2012,2,8,produced by Tim Maby,2,50,0,61
2012,2,8,Sean O'Hagan,2,104,1,84
2012,2,8,Hunter Felt,1,5,0,7
2012,2,8,Sandra Laville,1,5,0,18
2012,2,8,Ben Dowell,8,385,8,291
2012,2,8,Nikos Chrysoloras for <a href="http://www.ekathimerini.com/" title="">Kathimerini</a>,1,320,6,54
2012,2,8,Jon Robins,1,15,2,33
2012,2,8,Helena Abbots,1,3,0,53
2012,2,8,Caroline Davies,3,17,0,54
2012,2,8,<a href="http://www.creativeboom.co.uk/" title="">Creative Boom</a>,1,23,1,59
2012,2,8,Katy Cowan,1,23,1,59
2012,2,8,part of the <a href="http://www.guardian.co.uk/culture-professionals-network" title="">Guardian Culture Professionals Network </a>,1,23,1,59
2012,2,8,Pam Nelmes,1,25,4,54
2012,2,8,Zurich partnerzone,1,10,0,9
2012,2,8,Chris Taylor,1,22,0,55
2012,2,8,Liam Burns,1,0,0,33
2012,2,8,Paul MacInnes,1,48,1,20
2012,2,8,Sharron Ward,2,150,4,39
2012,2,8,Jack Schofield,1,12,4,90
2012,2,8,Jason Solomons,1,10,0,17
2012,2,8,Iain Chambers,1,10,0,17
2012,2,8,James Ball,1,26,4,48
2012,2,8,Thomas Bourne for the <a href="http://www.guardian.co.uk/guardian-professional" title="Guardian Professional Network">Guardian Professional Network</a>,1,20,1,27
2012,2,8,Brian Kellett,1,76,0,41
2012,2,8,3micermine:,1,0,0,9
2012,2,8,Clyde MacFarlane,1,42,0,33
2012,2,8,Skye Sherwin,1,40,0,26
2012,2,8,Amanda Hopkinson,1,16,0,10
2012,2,8,Fiona Harvey,1,38,1,89
2012,2,8,Bob Stanley,1,6,0,16
2012,2,8,Ben Kape,1,341,0,28
2012,2,8,Andy Gallagher,2,346,0,39
2012,2,8,Richard Sprenger,2,347,0,48
2012,2,8,John Dugdale,1,22,1,64
2012,2,8,Alexis Petridis,2,325,2,99
2012,2,8,Michelle Krebs,1,29,1,51
2012,2,8,Sonja Smithers,1,1,1,2
2012,2,8,Annahita Milligan,1,1,1,2
2012,2,8,Nouriel Roubini,1,4,0,4
2012,2,8,Conor Foley,1,27,0,14
2012,2,8,Nick Hopkins,1,283,6,192
2012,2,8,Peter Beaumont,2,213,2,80
2012,2,8,Jon Dennis,2,7,0,26
2012,2,8,Presented by Tom Clark,1,9,0,14
2012,2,8,Johnny Dee,2,1056,11,365
2012,2,8,Brian Cathcart,1,19,1,38
2012,2,8,Paul Owen,2,38,1,190
2012,2,8,Amy Goodman,1,116,0,30
2012,2,8,Jonathan Haynes,1,4,0,19
2012,2,8,Richard Murphy,1,8,0,26
2012,2,8,Tom Cox,1,4,0,11
2012,2,8,Graham Parker,1,13,0,6
2012,2,8,Veronica Horwell,1,59,0,39
2012,2,8,Sade Laja,2,3,2,28
2012,2,8,Sadhbh Walshe,1,65,1,18
2012,2,8,Mark Miodownik,1,2,0,44
2012,2,8,Martin Chulov near Homs,1,105,6,114
2012,2,8,John Domokos,1,32,0,19
2012,2,8,Ian Sample,6,1628,42,814
2012,2,8,Ross Tucker for <a href="http://www.sportsscientists.com/2012/02/doping-in-cycling-science-law-and-pr.html" title="">The Science of Sport</a>,1,13,1,10
2012,2,8,part of the Guardian Sport Network,1,13,1,10
2012,2,8,Shaun Edwards,1,4,0,9
2012,2,8,Martin Brown for the <a href="http://www.guardian.co.uk/guardian-professional" title="Guardian Professional Network">Guardian Professional Network</a>,1,34,6,118
2012,2,8,David Boyle,1,6,1,66
2012,2,8,Jay Rosen with Studio 20 NYU,1,29,39,126
2012,2,8,Studio 20 NYU,1,41,4,123
2012,2,8,Laura Edwins,1,4,0,7
2012,2,8,Katherine Patke,1,6,0,9
2012,2,8,Nadja Popovich,1,6,0,9
2012,2,8,Ana Maria Benedetti,1,37,3,30
2012,2,8,Tracy Levy,1,37,3,30
2012,2,8,Amelia Gentleman,1,578,7,306
2012,2,8,Richard Sugg,1,16,0,4
2012,2,8,Bernard Harcourt,1,98,5,54
2012,2,8,Lesley Riddoch,1,38,0,52
2012,2,8,Michael Cohen,1,22,1,20
2012,2,8,Laura Barton,1,17,1,10
2012,2,8,Andy Hunter at the Amsterdam ArenA,2,61,0,102
2012,2,8,Rapids,2,76,0,55
2012,2,8,Michigan,2,76,0,55
2012,2,8,Tom Meltzer,1,0,0,48
2012,2,8,John Gilbey,1,2,0,66
2012,2,8,John Mueller,1,155,4,50
2012,2,8,John&nbsp;Robinson,1,0,0,4
2012,2,8,Phelim&nbsp;O'Neill,1,0,0,4
2012,2,8,Elisabeth Mahoney,1,7,0,14
2012,2,8,Maddy Costa,1,4,0,15
2012,2,8,Dean Baker,1,20,2,19
2012,2,8,David Batty,3,99,6,78
2012,2,8,Charlotte Richardson Andrews,1,17,0,19
2012,2,8,John Fordham,3,26,0,29
2012,2,8,Robin Denselow,2,19,0,31
2012,2,8,Gavin Kelly,1,8,0,52
2012,2,8,Harry Pearson,1,7,0,12
2012,2,8,Grace Dent,2,76,1,208
2012,2,8,Kevin McCarra at the Amsterdam ArenA,1,5,0,53
2012,2,8,Stuart James at the Britannia Stadium,1,4,0,17
2012,2,8,Jamie Jackson at the Estádio do Dragão,1,7,0,30
2012,2,8,Jamie Jackson at Estádio do Dragão,1,33,0,61
2012,2,8,staff,1,1,0,41
2012,2,8,Vivienne Perry,1,39,0,36
2012,2,8,Martin Godwin,1,39,0,36
2012,2,8,Jim Powell,2,118,0,87
2012,2,8,Lissa Cook,1,43,0,46
2012,2,8,Graham Hann,1,5,0,17
2012,2,8,Ed Jacobs,1,9,0,12
2012,2,8,Andrew Holdaway,1,0,0,15
2012,2,8,Carol Davis,2,3,0,30
2012,2,8,Simon Burns,1,3,0,10
2012,2,8,Andrew Gwynne,1,45,0,78
2012,2,8,Andrew Magee,1,1,0,8
2012,2,8,Sara Thornton,1,4,0,4
2012,2,8,Steven Chase,1,4,0,4
2012,2,8,Kevin Ovenden,1,232,1,35
2012,2,8,Andrew Motion,1,9,0,12
2012,2,8,Richard Vize,1,0,0,8
2012,2,8,Alex Thomson,1,2,0,1
2012,2,8,Charlie Burgess,1,19,1,21
2012,2,8,SA Mathieson,1,0,0,3
2012,2,8,Graham Hayday,1,13,0,33
2012,2,8,Holly Dustin,1,91,0,122
2012,2,8,David Herne,1,4,0,17
2012,2,8,Daniel Tapper,1,158,1,59
2012,2,8,Jessica Reed,2,60,3,171
2012,2,8,Ela Turker,1,15,0,10
2012,2,8,Louise Kanolik,1,15,0,10
2012,2,8,Bill Hagerty,1,0,0,6
2012,2,8,Helen Pidd,2,510,21,149
2012,2,8,Andy Burnham,1,48,0,26
2012,2,8,Jess Cartner-Morley,4,49,0,106
2012,2,8,Priscilla Kwateng,1,6,0,20
2012,2,8,Viv Groskop,1,21,0,16
2012,2,8,Victor Fraga,1,2,0,6
2012,2,8,Thomas Jones,1,14,1,64
2012,2,8,Carrie-Ann Fleming,1,69,0,59
2012,2,8,Billy Bragg,1,305,4,262
2012,2,8,Kendra Wilson,1,2,0,13
2012,2,8,Marc Lockley,1,8,0,30
2012,2,8,Sugar:,1,0,0,0
2012,2,8,Billy Mills,1,12,0,38
2012,2,8,John Holloway,1,3454,17,190
2012,2,8,James Dart,1,0,0,6
2012,2,8,David Lacey,1,4,0,31
2012,2,8,Steve Rose,3,67,0,81
2012,2,8,Toby Deller,1,11,0,27
2012,2,8,Lauren Niland,1,22,1,14
2012,2,8,Kevin Rushby,3,89,1,53
2012,2,8,Chris Large for the <a href="http://www.guardian.co.uk/guardian-professional" title="Guardian Professional Network">Guardian Professional Network</a>,1,9,1,35
2012,2,8,Jason Rodrigues,1,8,0,42
2012,2,8,Alex Duval Smith,1,26,1,16
2012,2,8,Ian Malin,1,0,0,2
2012,2,8,Stuart Jeffries,2,71,1,109
2012,2,8,Matthew Baxter-Reynolds,1,21,13,127
2012,2,8,Killian Fox,3,195,26,367
2012,2,8,Nicolaus Mills,1,45,0,13
2012,2,8,Saptarshi Ray,1,340,3,106
2012,2,8,Rachel Shabi,1,57,0,47
2012,2,8,Giles Richards,2,0,2,10
2012,2,8,Simon Hoggart,1,20,0,19
2012,2,8,Tom Jenkins,2,8,0,7
2012,2,8,Anna Simpson,1,24,0,14
2012,2,8,<a href="http://www.forumforthefuture.org/greenfutures" title="">Green Futures</a> part of the <a href="http://www.guardian.co.uk/sustainable-business/gsb-network" title="">Guardian Sustainable Business Network</a>,1,24,0,14
2012,2,8,Margaret Holborn,1,0,0,6
2012,2,8,Elli Narewska,1,0,0,6
2012,2,8,Presented by Michael Hann,1,87,0,21
2012,2,8,produced by Pascal Wyse,1,87,0,21
2012,2,8,Isaac260,1,1,0,13
2012,2,8,Stephen Lee,1,6,0,18
2012,2,8,Martin Robbins,1,390,11,93
2012,2,8,Michael Wolff,1,14,1,30
2012,2,8,Santander,1,0,0,1
2012,2,8,Philip Grassmann for <a href="http://www.freitag.de/" title="">Der Freitag</a>,1,7,0,13
2012,2,8,Presented by Claire Armitstead,1,45,0,47
2012,2,8,Patrick Collinson,2,29,6,16
2012,2,8,Susan Martin,1,1,0,4
2012,2,8,The Observer,1,6,0,8
2012,2,8,Emily Blunden,1,20,0,21
2012,2,8,Fiachra Gibbons,1,3050,42,763
2012,2,8,Kim Catcheside,1,4,0,12
2012,2,8,What emerged strongly,1,2,0,9
2012,2,8,however,1,2,0,9
2012,2,8,was his understanding of the score's hypnotic beauty,1,2,0,9
2012,2,8,Alastair Donald,1,38,1,67
2012,2,8,Caroline Lucas,1,75,0,123
2012,2,8,Rebecca Harms,1,75,0,123
2012,2,8,Dany Cohn-Bendit,1,75,0,123
2012,2,8,Bertie Bosrédon,1,3,0,9
2012,2,8,Jacob Steinberg (early),1,6,0,24
2012,2,8,Scott Murray (later),1,6,0,24
2012,2,8,Barbara Ellen,2,47,0,49
2012,2,8,Stylist: Priscilla Kwateng,1,1,0,8
2012,2,8,Anna Tims,2,4,0,25
2012,2,8,Jim Griffin,1,2,0,18
2012,2,8,Vancouver,1,165,5,192
2012,2,8,Adam Corner for the <a href="http://www.guardian.co.uk/guardian-professional" title="Guardian Professional Network">Guardian Professional Network</a>,1,7,1,25
2012,2,8,Alistair Smith,1,1,0,6
2012,2,8,Andrew Collins,1,5,0,11
2012,2,8,Stuart O'Connor,1,2,0,46
2012,2,8,Alan Sykes,1,12,0,1
2012,2,8,David Gow,1,33,1,41
2012,2,8,The Register,1,4,1,8
2012,2,8,Yanko Tsvetkov,1,1597,12,65
2012,2,8,Tehmina Kazi,1,176,4,80
2012,2,8,Sam Graham-Felsen,1,5,1,16
2012,2,8,Helen Seamons,1,5,0,5
2012,2,8,Jo Jones,1,5,0,5
2012,2,8,Chris Cook at Newbury,1,1,0,8
2012,2,8,Markus Albers,1,1,0,17
2012,2,8,Lesley Lokko,1,1,0,0
2012,2,8,Michael Marshall Smith,1,15,0,9
2012,2,8,Marcus Sedgwick,1,18,1,14
2012,2,8,Kate Harrison,1,7,0,6
2012,2,8,Mark Lynas,1,39,4,84
2012,2,8,Jonathan Freedland,1,510,9,193
2012,2,8,Amanda Michel,1,477,14,469
2012,2,8,Slavenka Drakulić,1,97,2,28
2012,2,8,<a href="http://rangerstaxcase.com/" title="">Rangerstaxcase.com</a>,1,291,1,209
2012,2,8,William Fotheringham at Olympic velodrome,1,24,0,23
2012,2,8,Dan Gillmor,1,3,5,90
2012,2,8,Martin Chulov,1,34,0,23
2012,2,8,Graham Long,1,0,0,40
2012,2,8,Interview by Alexandra Topping,1,1,0,13
2012,2,8,Deborah Orr,3,289,4,231
2012,2,8,Diane Taylor,2,355,2,178
2012,2,8,Guardian staff,1,2,0,3
2012,2,8,Ian Jack,1,11,1,49
2012,2,8,Richard Williams at the Olympic Velodrome,1,2,0,10
2012,2,8,Alan Pickup,1,10,0,26
2012,2,8,Andy Beckett,1,75,1,85
2012,2,8,Kimberley Willis,1,101,4,149
2012,2,8,Emma Kennedy,1,1,0,2
2012,2,8,Tony Naylor,1,0,0,6
2012,2,8,Richard Eilers,1,42,1,29
2012,2,8,Miriam Gamble,1,3,0,3
2012,2,8,Tony Bradman,1,5,0,6
2012,2,8,John Mullan,1,1,0,7
2012,2,8,Barbara Demick,1,13,0,4
2012,2,8,David Edgar,1,10,0,7
2012,2,8,Colm Tóibín,1,206,5,146
2012,2,8,Sue Arnold,1,1,0,0
2012,2,8,Diana Evans,1,4,0,3
2012,2,8,Susan Hill,1,29,0,14
2012,2,8,John O'Connell,1,0,0,2
2012,2,8,Laura Wilson,1,5,0,36
2012,2,8,Steven Poole,2,1,0,7
2012,2,8,Michael Hoffman,1,4,1,4
2012,2,8,Sheila Fitzpatrick,1,27,0,11
2012,2,8,Simon Reynolds,1,120,0,41
2012,2,8,Brian Dillon,1,259,10,145
2012,2,8,Bethan Roberts,1,55,1,14
2012,2,8,Teju Cole,1,77,0,26
2012,2,8,Rupert Jones,2,6,0,25
2012,2,8,Sue Chapman,1,119,2,88
2012,2,8,Morgan Spurlock,1,2,0,5
2012,2,8,Jane Perrone,1,2,0,2
2012,2,8,Rachel Cusk,1,80,0,105
2012,2,8,Fiona Beckett,1,9,0,5
2012,2,8,Isabelle Palmer,1,25,0,25
2012,2,8,Rosanna Greenstreet,1,8,1,13
2012,2,8,Thomas Eaton,1,0,0,0
2012,2,8,Tom Dyckhoff,1,1,0,14
2012,2,8,Anonymous,1,9,0,1
2012,2,8,Yotam Ottolenghi,1,15,0,4
2012,2,8,Hugh Fearnley-Whittingstall,1,223,4,63
2012,2,8,Alys Fowler,1,0,0,1
2012,2,8,Dan Lepard,1,51,0,21
2012,2,8,Becky Barnicoat. Portrait by <a href="http://www.emilystein.co.uk/" title="">Emily Stein</a>,1,20,0,5
2012,2,8,Oliver Burkeman,1,28,3,44
2012,2,8,John Lanchester,1,53,0,64
2012,2,8,Geoffrey Wadhurst,1,0,0,4
2012,2,8,Tim Smedley,1,63,1,91
2012,2,8,Simon Hattenstone,1,559,9,198
2012,2,8,Jeremy Bullmore,1,0,0,1
2012,2,8,Leonard Barden,1,2,0,2
2012,2,8,The Secret Footballer,1,23,1,69
2012,2,8,Andy Wilson at Headingley,1,10,0,9
2012,2,8,Maureen Paton,1,178,2,70
2012,2,8,Bidisha,1,29,0,27
2012,2,8,Steven Appleby,1,5,0,2
2012,2,8,John Fordham &amp; Andrew Clements,1,4,0,3
2012,2,8,Skye Sherwin &amp; Robert Clark,2,25,0,38
2012,2,8,Charlie Condou,1,2,0,14
2012,2,8,Nick McGrath,1,60,0,201
2012,2,8,Patrick Barkham,1,40,0,18
2012,2,8,Annalisa Barbieri,1,9,0,2
2012,2,8,Tanith Carey,1,67,2,23
2012,2,8,Katrina Dixon,2,5,0,36
2012,2,8,Iain Aitch &amp; Clare Considine,1,4,0,21
2012,2,8,Nick Levine,1,3,0,3
2012,2,8,Mark Cook,1,5,0,9
2012,2,8,Lyn Gardner &amp; Judith Mackrell,1,5,0,9
2012,2,8,Richard Vine,1,1,0,3
2012,2,8,The Guide,1,2,0,1
2012,2,8,John Patterson,1,2,0,15
2012,2,8,Sam Richards,2,39,0,8
2012,2,8,Louis Pattison,1,0,0,19
2012,2,8,James Kettle,1,4,0,2
2012,2,8,Nick Gillett,1,2,0,45
2012,2,8,Jon &amp; Mick/moderntoss.com,1,0,0,1
2012,2,8,Marc Rowlands,1,10,0,6
2012,2,8,John Mitchell &amp; Katrina Dixon,1,10,0,6
2012,2,8,Joe Berger &amp; Pascal Wyse,1,2,0,6
2012,2,8,Laura Edwins with Studio 20 NYU,1,3,0,25
2012,2,8,Steve Busfield,1,6,0,8
2012,2,8,Matt Britland,1,15,1,71
2012,2,8,Faultline Fiction Fanatics (group member),1,0,0,15
2012,2,8,Conal Urquhart,4,412,17,267
2012,2,8,Fabian Lindner,1,135,10,78
2012,2,8,Mark Townsend,1,1269,11,247
2012,2,8,Jamie Jackson at Stamford Bridge,1,2,0,39
2012,2,8,Kenshin,1,0,0,11
2012,2,8,Kate Kellaway,1,10,0,31
2012,2,8,Guardian,1,7,0,21
2012,2,8,Observer Fashion,1,7,0,21
2012,2,8,Sachin Nakrani at The Den,1,2,0,17
2012,2,8,Harry Polkey at Carrow Road,1,5,0,9
2012,2,8,Richard Jolly at Goodison Park,1,1,0,22
2012,2,8,William Fotheringham at the Olympic Velodrome,3,2,0,26
2012,2,8,Scott Anthony,1,0,0,6
2012,2,8,Elizabeth Day,1,66,1,48
2012,2,8,Jonny Weeks at St Mary's,1,9,0,15
2012,2,8,Euan Ferguson,1,142,2,82
2012,2,8,Simon Burnton (morning),1,3,0,48
2012,2,8,John Ashdown (afternoon),1,3,0,48
2012,2,8,Barney Ronay at the Dubai International Cricket Stadium,1,10,0,7
2012,2,8,Nial Briggs,1,0,0,7
2012,2,8,Louise Taylor at the Stadium of Light,2,45,0,66
2012,2,8,Tim Adams,1,515,1,131
2012,2,8,Paul Rees at the Recreation Ground,1,0,0,4
2012,2,8,Andy Bull at the National Indoor Arena,1,0,0,2
2012,2,8,Ewan Murray at Ibrox,1,4,0,17
2012,2,8,Daniel Boffey,3,632,20,676
2012,2,8,Andy Wilson at the Galpharm Stadium,1,1,0,6
2012,2,8,Chris Cook at Ascot,1,0,0,5
2012,2,8,Robin McKie,1,4638,528,531
2012,2,8,Sam Brodbeck,1,397,3,206
2012,2,8,Geoff Mulgan,1,114,5,242
2012,2,8,Lucy Rock,2,265,1,181
2012,2,8,Gemma Kappala-Ramsamy,1,30,0,132
2012,2,8,Tim Lewis,2,31,0,26
2012,2,8,Yvonne Roberts,4,60,0,72
2012,2,8,Liam Byrne,1,25,0,20
2012,2,8,Stephen Twigg,1,25,0,20
2012,2,8,Antonio Olmos,2,69,0,27
2012,2,8,Ken Macfarlane,2,69,0,27
2012,2,8,Mike Averis at Franklin's Gardens,1,1,0,4
2012,2,8,Eddie Butler,1,1,0,5
2012,2,8,Observer Sport staff,1,1,0,6
2012,2,8,David Hills,1,4,0,18
