year,month,week,name,articles,facebook,googleplus,twitter
2011,11,46,Hannah Godfrey,2,1281,17,202
2011,11,46,Polly Samson,1,42,0,53
2011,11,46,Owen Gibson,12,407,3,230
2011,11,46,Lisa Allardice,1,1,0,9
2011,11,46,Presented by Alok Jha,2,75,8,48
2011,11,46,produced by Jason Phipps,3,109,8,68
2011,11,46,Audrey Niffenegger,1,55,2,74
2011,11,46,Hisham Matar,1,50,0,9
2011,11,46,Margaret Drabble,1,32,0,62
2011,11,46,Terry Macalister,2,96,0,95
2011,11,46,Rachel Cusk,2,37,1,30
2011,11,46,Julia Kollewe,6,140,7,204
2011,11,46,Mohsin Hamid,1,156,5,49
2011,11,46,Helen Simpson,1,24,0,17
2011,11,46,Chimamanda Ngozi Adichie,1,298,2,96
2011,11,46,Margaret Atwood,1,227,2,64
2011,11,46,Helena Smith,7,272,9,205
2011,11,46,William Trevor,1,99,1,35
2011,11,46,Jonny Weeks,1,2,0,34
2011,11,46,Agencies,11,629,0,129
2011,11,46,Steve Busfield,3,5686,0,41
2011,11,46,Associated Press,55,6144,77,1468
2011,11,46,Reuters,39,3438,49,1091
2011,11,46,Tania Branigan,6,1268,22,357
2011,11,46,Katie Smith,1,15,1,46
2011,11,46,Charles Arthur,15,2219,158,3213
2011,11,46,Dan Collyns,1,54,0,31
2011,11,46,Claire Cunningham,1,21,0,16
2011,11,46,Andy Wilson,8,37,0,64
2011,11,46,Press Association,92,2940,25,1657
2011,11,46,Mark Sweney,28,3105,15,1378
2011,11,46,Mark Say,5,5,0,31
2011,11,46,Alexa Clay,1,66,6,80
2011,11,46,Olivia Khalil,1,66,6,80
2011,11,46,,4,158,6,115
2011,11,46,Erin Weed,1,66,6,80
2011,11,46,Alan Gardner,3,43,1,101
2011,11,46,Ian McCourt,1,22,1,64
2011,11,46,Josh Halliday,24,1298,65,2066
2011,11,46,Martin Ferguson,1,6,1,13
2011,11,46,Jacob Steinberg,2,23,1,35
2011,11,46,Justin Griggs,1,0,0,0
2011,11,46,Kate Murray,1,10,0,8
2011,11,46,agencies,30,4906,39,1852
2011,11,46,John Plunkett,1,40,1,34
2011,11,46,Madeleine Bunting,2,757,13,127
2011,11,46,Andy Gallagher,4,332,3,100
2011,11,46,Dick Vinegar,1,3,0,15
2011,11,46,Pompom Ellie,1,1,0,11
2011,11,46,Mike Gershon,1,26,0,4
2011,11,46,Hilary Osborne,4,195,3,211
2011,11,46,Roy Greenslade,19,180,11,474
2011,11,46,Julian Borger,8,1648,23,706
2011,11,46,Martin Wainwright,19,718,5,562
2011,11,46,Jane Perrone,2,22,1,33
2011,11,46,Helen Stalker,1,24,0,44
2011,11,46,Dan Sabbagh,7,672,16,402
2011,11,46,Jane Dudman,3,6,0,14
2011,11,46,Zurich,6,0,0,0
2011,11,46,Nick Fletcher,26,23,1,103
2011,11,46,Bella Mackie,6,194,7,150
2011,11,46,Alex Hawkes,7,1746,23,719
2011,11,46,Frances Ryan,1,470,2,47
2011,11,46,Mark Londesborough,1,12,0,21
2011,11,46,Martin Wright for the <a href="http://www.guardian.co.uk/guardian-professional" title="Guardian Professional Network">Guardian Professional Network</a>,1,84,2,54
2011,11,46,Gines Haro Pastor,6,10,1,42
2011,11,46,Matthew Kalman,1,291,1,130
2011,11,46,Steven Morris,12,487,13,342
2011,11,46,Alan Connor,2,28,3,16
2011,11,46,MyDonate,2,5,0,11
2011,11,46,Stuart Dredge,10,151,13,654
2011,11,46,Declan McSweeney,1,1033,1,54
2011,11,46,Keith Stuart,14,1804,41,904
2011,11,46,Simon Tisdall,3,407,7,114
2011,11,46,Gill Hitchcock,4,11,0,19
2011,11,46,Guardian Government Computing,4,5,1,15
2011,11,46,Jill Papworth,1,68,0,57
2011,11,46,Fiona Beckett,2,49,5,44
2011,11,46,Sid Lowe,4,748,16,300
2011,11,46,Carol Rumens,1,11,0,10
2011,11,46,Jason Deans,9,655,5,249
2011,11,46,Saleemul Huq,1,183,5,93
2011,11,46,David Burnapp,1,5,0,10
2011,11,46,Ben Child,9,8506,12,233
2011,11,46,Monkey,12,45,7,321
2011,11,46,Claire Davenport for <a href="http://www.euractiv.com/en/climate-environment">EurActiv</a>,1,114,2,297
2011,11,46,part of the <a href="http://www.guardian.co.uk/environment/network" title="Guardian Environment Network">Guardian Environment Network</a>,3,455,12,533
2011,11,46,Jonathan Watts,3,781,19,318
2011,11,46,Ken Macfarlane,3,540,4,109
2011,11,46,Henry McDonald,10,113,3,162
2011,11,46,Sean Michaels,12,2348,10,472
2011,11,46,Amy Fleming,2,97,2,46
2011,11,46,Jon Butterworth,1,27,2,11
2011,11,46,Lindsay Poulton,2,1219,3,69
2011,11,46,Ekaterina Ochagavia,2,924,3,106
2011,11,46,Rie Yoshitake,1,512,1,39
2011,11,46,Harold Maio,1,77,2,28
2011,11,46,Julian Baggini,1,1093,14,53
2011,11,46,Alison Flood,12,1776,34,602
2011,11,46,Michael Cox,1,5,0,56
2011,11,46,Paolo Bandini,8,640,3,333
2011,11,46,Patrick Wintour,16,3381,40,773
2011,11,46,Nick Fletche,1,14,0,6
2011,11,46,David Cox,1,86,0,19
2011,11,46,Guardian readers,2,42,0,27
2011,11,46,Lance Price,1,35,3,18
2011,11,46,Frederika Whitehead,5,8,0,133
2011,11,46,Imogen Fox,4,139,0,101
2011,11,46,John Ashdown,4,415,1,83
2011,11,46,John Harris,2,1085,4,123
2011,11,46,Lucy Greenwell,1,412,2,67
2011,11,46,Jill Insley,7,117,1,135
2011,11,46,Chris Cook,7,7,0,34
2011,11,46,Patrick Butler,4,319,5,120
2011,11,46,Symeon Brown,1,44,0,32
2011,11,46,Sean Casey,1,80,1,46
2011,11,46,Owen Bowcott,5,638,4,208
2011,11,46,Alex Heshmaty,1,17,1,1
2011,11,46,Allan Jenkins,2,0,1,38
2011,11,46,Matt Trueman,9,391,7,185
2011,11,46,Hannah Booth,2,194,0,140
2011,11,46,Scott Knox,1,3,0,0
2011,11,46,Hanna Gersmann,7,2772,39,1146
2011,11,46,Richard Lea,2,291,8,214
2011,11,46,Alan Travis,13,2125,13,662
2011,11,46,Jonathan Jones,9,1485,12,247
2011,11,46,Frédéric Filloux,1,242,28,1145
2011,11,46,Michael White,6,135,4,154
2011,11,46,Anna Chesters,1,12,0,21
2011,11,46,Ewan Murray,10,229,3,263
2011,11,46,Nils Pratley,9,265,5,126
2011,11,46,Isabel Choat,2,601,5,148
2011,11,46,Sarah Hughes,1,61,1,15
2011,11,46,Damian Carrington,7,631,23,601
2011,11,46,Sade Laja,8,246,0,129
2011,11,46,Hugh Stephenson,1,1,0,1
2011,11,46,Felipe Jacome,1,58,0,11
2011,11,46,Sabina Carlson,1,58,0,11
2011,11,46,Donald McRae,1,92,1,33
2011,11,46,Rory Weal,1,41,0,29
2011,11,46,Hannah Waldram,4,1174,9,287
2011,11,46,Laura Oliver,3,1033,7,192
2011,11,46,Jeevan Vasagar,4,467,4,245
2011,11,46,Corrections,5,0,0,8
2011,11,46,Presented by John Mullan,1,68,0,24
2011,11,46,produced by Tim Maby,2,97,0,49
2011,11,46,Open thread,4,494,5,113
2011,11,46,Felicity Carus,1,11,1,14
2011,11,46,Russell Cunningham,1,93,2,29
2011,11,46,Jean-Louis Gassée,1,59,15,231
2011,11,46,Michael Cragg,6,324,1,103
2011,11,46,Jonathan Holloway,1,156,0,29
2011,11,46,SophieDophie,1,3,0,12
2011,11,46,John Hooper,14,8249,81,902
2011,11,46,Irel,9,113,3,143
2011,11,46,Rebecca Smithers,2,509,8,303
2011,11,46,Mark Tran,4,258,5,84
2011,11,46,Matthew Pennycook,1,28,0,25
2011,11,46,Ed Pilkington,8,6843,60,492
2011,11,46,Chris Fenn,1,278,5,26
2011,11,46,Lindsey Fitzharris,1,112,2,46
2011,11,46,Pratap Chatterjee,1,770,11,352
2011,11,46,Nick Cowen,3,583,15,168
2011,11,46,Presented by John Harris,1,32,0,14
2011,11,46,produced by Lucy Greenwell,1,32,0,14
2011,11,46,Graydon Carter,1,15,1,34
2011,11,46,Peter Beresford,1,21,0,14
2011,11,46,Presented by James Richardson,2,52,1,21
2011,11,46,produced by Ben Green,2,9,1,13
2011,11,46,Adam Boult,9,3155,26,455
2011,11,46,Giles Richards,3,433,0,14
2011,11,46,Claire Provost,1,77,1,45
2011,11,46,Will de Frietas,1,77,1,45
2011,11,46,Jeremy Kay,1,2,0,20
2011,11,46,Helen Lewis-Hasteley,1,193,7,139
2011,11,46,Zoe Williams,4,1753,19,357
2011,11,46,Catherine Redfern,1,193,7,139
2011,11,46,Martin Terrell,1,12,0,13
2011,11,46,Kate Molleson,2,24,3,15
2011,11,46,Greg Wood,1,0,0,4
2011,11,46,Jane Scott,1,28,0,13
2011,11,46,GrrlScientist,6,129,8,126
2011,11,46,Marc Abrahams,1,71,3,42
2011,11,46,Helen Carter,8,101,3,137
2011,11,46,Nick Hopkins,6,323,9,203
2011,11,46,Kim Willsher,3,605,10,162
2011,11,46,Tamasin Ford,2,98,0,70
2011,11,46,Bill Ryder-Jones,1,462,4,30
2011,11,46,Steve Boxer,4,523,5,291
2011,11,46,Leon Kaye for the <a href="http://www.guardian.co.uk/guardian-professional">Guardian Professional Network</a>,1,35,0,11
2011,11,46,Kate McCann,9,20,2,90
2011,11,46,Clara Belle,1,181,0,61
2011,11,46,Raphael Honigstein,1,24,1,18
2011,11,46,Louise Tickle,1,71,0,24
2011,11,46,Rupert Neate,3,122,1,101
2011,11,46,Observer Editorial,2,26,0,26
2011,11,46,Maev Kennedy,6,2070,24,484
2011,11,46,George Irvin,1,44,1,25
2011,11,46,Paul Lester,5,248,4,152
2011,11,46,Michael Chessum,1,1198,1,99
2011,11,46,Andrew Sparrow,5,44,1,346
2011,11,46,Adrian Searle,1,753,6,91
2011,11,46,Matt Seaton,1,95,4,48
2011,11,46,Robin Denselow,3,56,0,29
2011,11,46,Paul Rees,5,24,0,21
2011,11,46,Simon Goodley,4,87,16,126
2011,11,46,Lizzy Davies,4,198,0,574
2011,11,46,Maddy Costa,5,138,1,58
2011,11,46,Marvin Close,1,26,0,9
2011,11,46,Andrew Britton,1,1,0,0
2011,11,46,Dave Simpson,3,58,0,29
2011,11,46,Andrew Clements,3,3,0,16
2011,11,46,Elisabeth Mahoney,5,124,1,87
2011,11,46,Ami Sedghi,2,147,1,205
2011,11,46,Kim Newman,1,54,1,21
2011,11,46,Barney Ronay,6,246,4,92
2011,11,46,Denis Campbell,5,2321,6,670
2011,11,46,Vicky Frost,2,254,3,101
2011,11,46,Sarah Boseley,5,491,18,246
2011,11,46,Dene Stansall,1,38,0,24
2011,11,46,Jonathan Wolff,1,193,9,122
2011,11,46,Ian Cobain,1,83,1,26
2011,11,46,Simon Rogers,3,691,46,497
2011,11,46,Dominic Fifield,9,969,1,183
2011,11,46,Rachel Williams,2,443,2,165
2011,11,46,Adam Wagner on the <a href='http://ukhumanrightsblog.com/'>UK Human Rights blog</a>,1,20,0,9
2011,11,46,part of the <a href='http://www.guardian.co.uk/legalnetwork'>Guardian Legal Network</a>,1,20,0,9
2011,11,46,Kevin McCarra,6,39,1,61
2011,11,46,Fiona Millar,1,25,0,50
2011,11,46,Simon Hoggart,5,395,2,140
2011,11,46,Ana Marie Cox,8,170,4,144
2011,11,46,Esther Addley,4,573,3,164
2011,11,46,Philippe Marlière,1,22,1,10
2011,11,46,Graeme Wearden,5,1591,11,945
2011,11,46,Janet Murray,1,17,0,22
2011,11,46,Ewen MacAskill,9,2892,24,277
2011,11,46,Allegra Stratton,7,314,4,264
2011,11,46,Luke Harding,1,219,3,71
2011,11,46,Peter Wilby,1,35,0,52
2011,11,46,Aditya Chakrabortty,1,50,1,28
2011,11,46,David Conn,5,602,3,291
2011,11,46,Richard Wachman,4,67,0,108
2011,11,46,Valerie Hannah,1,19,0,27
2011,11,46,Michael Hann,7,147,0,97
2011,11,46,Paris Lees,1,653,6,79
2011,11,46,Tom Meltzer,4,1277,11,157
2011,11,46,George Monbiot,1,26061,433,3091
2011,11,46,Leo Hickman,3,256,8,162
2011,11,46,Juliette Garside,5,135,3,268
2011,11,46,Nicolaus Mills,1,41,2,20
2011,11,46,Gabriel Weston,1,4,0,4
2011,11,46,Laura Barnett,3,143,0,50
2011,11,46,Roger Redfern,1,46,0,33
2011,11,46,Luisa Dillner,1,42,0,25
2011,11,46,Alastair Campbell,1,43,0,22
2011,11,46,Andrew Gumbel,2,1015,3,107
2011,11,46,Steve Bell,7,706,3,116
2011,11,46,Ronan Bennett,1,8,0,2
2011,11,46,Daniel King,1,8,0,2
2011,11,46,John Crace,3,139,2,54
2011,11,46,David Owen,1,26,0,23
2011,11,46,Alexis Petridis,3,150,1,62
2011,11,46,Jill Treanor,8,153,4,141
2011,11,46,Patrick Collinson,9,118,0,208
2011,11,46,Cherry Wilson,3,2636,11,553
2011,11,46,Suzanne Goldenberg,5,794,5,312
2011,11,46,James Dyson,1,85,3,234
2011,11,46,David Stubbs,3,1,0,35
2011,11,46,Rebecca Nicholson,5,29,0,65
2011,11,46,Phelim O'Neill,4,23,0,61
2011,11,46,Jonathan Wright,2,1,0,32
2011,11,46,Gwilym Mumford,4,25,0,63
2011,11,46,Ewen MacAskill Washington,1,140,0,15
2011,11,46,Richard Adams,5,375,4,150
2011,11,46,Adam Gabbatt,2,605,2,85
2011,11,46,Interview by Laura Barnett,1,9,0,9
2011,11,46,Aisling Creevey <em>MeteoGroup</em>,1,16,0,21
2011,11,46,Helen Pidd,3,75,0,63
2011,11,46,Dave Hill,7,64,1,120
2011,11,46,John Mullan,3,204,0,13
2011,11,46,Hugh Muir,4,29,0,40
2011,11,46,Editorial,14,470,9,301
2011,11,46,Lucy Mangan,4,142,0,62
2011,11,46,Richard Williams,3,38,2,51
2011,11,46,David Hytner,3,61,1,76
2011,11,46,Karen McVeigh,2,534,1,72
2011,11,46,James Ball,5,593,37,803
2011,11,46,Richard Norton-Taylor,3,97,4,67
2011,11,46,Larry Elliott,6,6606,84,898
2011,11,46,Nicholas Watt,12,1551,19,646
2011,11,46,Dan Jarvis,1,50,0,30
2011,11,46,Marcus Christenson,3,287,1,129
2011,11,46,Martin Pengelly,1,34,1,64
2011,11,46,Nick Davies,2,922,28,1341
2011,11,46,David Gow,6,767,11,388
2011,11,46,Dan Milmo,6,103,4,244
2011,11,46,Annie Kelly,1,314,0,47
2011,11,46,<a href="http://www.paulbyrne.com/">Paul Byrne</a>,1,314,0,47
2011,11,46,Richard M Kavuma,2,517,3,274
2011,11,46,K Sree Kumar,1,5,1,16
2011,11,46,Massimo Franco,1,205,1,32
2011,11,46,Jonathan Senker,1,10,0,2
2011,11,46,Joy Kent,1,10,0,7
2011,11,46,Simon Whitehouse,1,0,0,33
2011,11,46,Sally Whittle,1,39,0,14
2011,11,46,Lottie Longshanks,1,2,0,1
2011,11,46,Danny Bradbury,1,48,1,90
2011,11,46,Press Association/Reuters/AP,1,265,2,23
2011,11,46,Charlotte Higgins,3,271,4,68
2011,11,46,Kevin Mitchell,5,520,3,112
2011,11,46,SA Mathieson,3,11,10,268
2011,11,46,Lisa O'Carroll,12,1267,22,1020
2011,11,46,Stanley Reynolds,1,3,0,12
2011,11,46,Rebecca Seal,1,49,2,27
2011,11,46,Ali al-Ahmed,1,624,5,124
2011,11,46,Harriet Sherwood,5,7729,54,986
2011,11,46,Angelique Chrisafis,3,8151,59,1096
2011,11,46,Kate Hodge,6,10,1,71
2011,11,46,Alex Crossman,1,11,0,0
2011,11,46,Anita Bhagwandas,1,19,0,35
2011,11,46,Juliette Jowit,2,44,0,95
2011,11,46,Mark King,6,97,6,166
2011,11,46,Jessica Shankleman for <a href="http://www.businessgreen.com">BusinessGreen</a>,1,67,2,124
2011,11,46,Danny Dorling,1,39,0,16
2011,11,46,Adam Vaughan,2,136,4,128
2011,11,46,Jayati Ghosh,1,142,0,39
2011,11,46,Polly Curtis,1,100,1,32
2011,11,46,Kristian Herbolzheimer,1,45,2,19
2011,11,46,Colin Horgan,1,3,0,4
2011,11,46,Tim Radford,3,59,5,52
2011,11,46,Graham Snowdon,2,103,4,55
2011,11,46,Mike Lewis,1,423,0,26
2011,11,46,Edzard Ernst,1,273,9,101
2011,11,46,Daniel Bettridge,1,33,0,20
2011,11,46,Matthew Baxter-Reynolds,2,89,23,249
2011,11,46,Riazat Butt,9,1841,41,617
2011,11,46,Jared Schiller,1,562,2,52
2011,11,46,Andy Bull,1,39,2,19
2011,11,46,Rachel Brooks,1,9,0,13
2011,11,46,Tom Byng,1,997,11,203
2011,11,46,By <a href="http://allafrica.com/" title="">AllAfrica.com</a>,1,9,0,1
2011,11,46,part of the <a href="http://www.guardian.co.uk/global-development/series/guardian-development-network" title="">Guardian development network</a>,2,33,0,8
2011,11,46,Dean Baker,1,145,2,26
2011,11,46,Oliver Balch for the <a href="http://www.guardian.co.uk/guardian-professional" title="Guardian Professional Network">Guardian Professional Network</a>,1,216,1,37
2011,11,46,Charles Gant,1,138,0,64
2011,11,46,Clare Allan,1,56,0,21
2011,11,46,Clare Horton,4,23,0,17
2011,11,46,Tara Conlan,3,16,0,69
2011,11,46,Robert Kitson,8,276,5,135
2011,11,46,Phillip Inman,5,348,8,113
2011,11,46,Sofia Mirjamsdotter,1,99,1,173
2011,11,46,Sam Jordison,2,98,7,33
2011,11,46,Steve Waters,1,0,0,0
2011,11,46,Eliza Anyangwe,5,52,3,84
2011,11,46,Katie Allen,5,116,1,161
2011,11,46,Jean-Philippe Rémy,1,103,0,15
2011,11,46,Emma Howard Boyd,1,16,0,16
2011,11,46,Ed Parks,1,135,2,59
2011,11,46,Janet Hardy-Gould,2,29,0,8
2011,11,46,Georgina Kenyon,1,23,0,26
2011,11,46,Max de Lotbinière,4,251,6,37
2011,11,46,Jean-François Rauger,1,13,2,16
2011,11,46,Chris Tribble,1,8,0,9
2011,11,46,Heziwell Mhunduru,1,27,0,14
2011,11,46,Roisin Vaughan,1,61,2,24
2011,11,46,Hadley Freeman,8,2205,14,393
2011,11,46,Andrew Brown,2,151,6,83
2011,11,46,Lester Bangs from <a href="http://www.rocksbackpages.com/" title="">Rock's Backpages</a>,1,473,4,26
2011,11,46,Malcolm Dean,1,25,0,34
2011,11,46,Jane Martinson,2,129,2,149
2011,11,46,Michelle Pauli,2,33,0,50
2011,11,46,Julian Le Grand,1,4,0,9
2011,11,46,Stuart Heritage,6,1722,4,479
2011,11,46,Peter Walsh,1,5,0,12
2011,11,46,Ben Dowell,2,214,1,111
2011,11,46,Afshan Jafar for <a href="http://uvenus.org/" title="">University of Venus</a>,1,24,0,22
2011,11,46,Jim Falzarano,1,2,0,2
2011,11,46,Eric Hilaire,1,113,1,39
2011,11,46,Lisa Villani,1,113,1,39
2011,11,46,Martina Ulrichs. Source: IDS,1,113,1,39
2011,11,46,Severin Carrell,3,54,5,116
2011,11,46,Scotl,3,54,5,116
2011,11,46,Carlene Firmin,1,58,0,19
2011,11,46,Claire Locke,1,128,0,48
2011,11,46,Staff,7,657,3,224
2011,11,46,Shiv Malik,6,2310,21,566
2011,11,46,Jessica Shepherd,3,1211,7,314
2011,11,46,Marie Jégo,1,19,0,20
2011,11,46,Paddy Allen,3,169,0,61
2011,11,46,Ranjit Dhaliwal,1,82,0,6
2011,11,46,Miriam Gillinson,1,62,1,24
2011,11,46,Gary Pulsifer,1,116,1,27
2011,11,46,Claudia Cahalane,3,12,0,24
2011,11,46,Phil Hoad,1,47,0,52
2011,11,46,Brian Logan,2,2,1,11
2011,11,46,Marc Bennetts,1,141,5,152
2011,11,46,Luc Torres,1,873,5,158
2011,11,46,Maria Margaronis,1,78,0,18
2011,11,46,Sean Ingle,2,277,2,89
2011,11,46,"Press Association,1,7,0,36
2011,11,46,David Smith,7,1009,5,206
2011,11,46,Jamie Jackson,8,504,1,168
2011,11,46,Alex Aldridge,1,27,2,22
2011,11,46,Imogen Russell Williams,1,28,1,26
2011,11,46,Hannah Pool,1,780,3,77
2011,11,46,Juliet Rix,1,155,0,44
2011,11,46,Randeep Ramesh,4,1177,11,471
2011,11,46,Aidan O'Neill QC for the <a href="http://ukscblog.com/" title="">UK Supreme Court blog</a>,1,45,1,19
2011,11,46,part of the <a href="http://www.guardian.co.uk/law/series/guardian-legal-network" title="">Guardian Legal Network</a>,2,72,1,55
2011,11,46,Tom Service,2,131,4,74
2011,11,46,Tom Hall,1,0,0,23
2011,11,46,James Meikle,3,961,2,150
2011,11,46,Sean O'Hagan,2,329,3,74
2011,11,46,Richard Gurner,1,71,2,71
2011,11,46,Veronica Horwell,2,402,2,68
2011,11,46,Ashley Sayeau,1,319,2,53
2011,11,46,Presented by Charles Arthur,1,1,1,43
2011,11,46,produced by Scott Cawley,1,1,1,43
2011,11,46,Monica Mark,1,117,0,18
2011,11,46,Ami Sedghi &amp; Lisa Evans,1,141,1,19
2011,11,46,George Hall,3,54,4,22
2011,11,46,Guardian Classic,3,254,2,60
2011,11,46,Michael Billington,4,234,2,70
2011,11,46,Miriam Elder,4,364,9,196
2011,11,46,Mark Beaumont,1,23,0,10
2011,11,46,Alfred Hickling,3,186,3,35
2011,11,46,Nicola Dandridge,1,17,0,29
2011,11,46,Scott Anthony,2,8,0,30
2011,11,46,Mark Brown,6,1018,4,408
2011,11,46,Jane O'Grady,1,19,0,17
2011,11,46,Dan Gillmor,1,191,6,115
2011,11,46,Kevin Arscott,1,368,6,130
2011,11,46,Chris McGreal,10,1593,19,305
2011,11,46,Amelia Gentleman,1,213,1,74
2011,11,46,Linda Nylind,1,16,0,19
2011,11,46,David Blanchflower,1,37,0,27
2011,11,46,Rajeev Syal,2,228,3,99
2011,11,46,John Robinson,3,2,0,11
2011,11,46,Hannah Verdier,1,0,0,3
2011,11,46,Simon Jenkins,2,345,2,112
2011,11,46,Jess Cartner-Morley,3,113,0,45
2011,11,46,Harry Venning,2,4,0,8
2011,11,46,Sara Ilyas,1,0,0,17
2011,11,46,Paul Evans,1,10,0,31
2011,11,46,Jonathan Freedland,1,303,3,120
2011,11,46,Tom Kington,6,2599,10,254
2011,11,46,Paul Weaver,5,38,0,46
2011,11,46,Samira Ahmed,1,61,2,52
2011,11,46,Chris Cook at Huntingdon,1,0,0,10
2011,11,46,Alistair Darling,1,6,0,21
2011,11,46,Paul MacInnes,1,217,2,37
2011,11,46,Victoria Coren,1,2,0,4
2011,11,46,Mark Lawson,3,625,4,115
2011,11,46,Gary Fuller,1,17,2,33
2011,11,46,Frank Keating,1,70,2,19
2011,11,46,Simon Burnton,1,109,0,12
2011,11,46,Vikram Dodd,3,33,0,33
2011,11,46,Nic Fleming,3,224,8,180
2011,11,46,<a href="http://www.museumsassociation.org/" title="">The Museums Association</a>,1,4,0,19
2011,11,46,Maurice Davies,1,4,0,19
2011,11,46,part of the <a href="http://www.guardian.co.uk/culture-professionals-network">Guardian Culture Professionals Network</a>,1,4,0,19
2011,11,46,Jeremy Douglas,1,24,0,33
2011,11,46,Virginia Wallis,2,2,0,31
2011,11,46,Kevin Watkins,1,67,4,116
2011,11,46,Justin W van Fleet,1,67,4,116
2011,11,46,John Paul,1,102,1,42
2011,11,46,Takura Maurayi,1,102,1,42
2011,11,46,Richard Sprenger,3,795,1,133
2011,11,46,Gareth Thomas MP,1,2,1,16
2011,11,46,Jill Berry,1,37,0,5
2011,11,46,Phil Adams,1,2,0,8
2011,11,46,Paul Swinney,1,3,1,2
2011,11,46,Chris Handy,1,9,0,13
2011,11,46,Jon Boone,2,110,6,115
2011,11,46,Sachin Nakrani,1,16,0,127
2011,11,46,Brian Glanville,1,15,0,17
2011,11,46,Duncan Campbell,1,180,1,35
2011,11,46,Steven Poole,2,60,5,38
2011,11,46,Professor Les Mayhew,1,4,0,16
2011,11,46,Cass Business School,1,4,0,16
2011,11,46,Will Self,1,100,4,40
2011,11,46,Jonathan Sumption,1,44,0,19
2011,11,46,Jonathan Haynes,1,824,2,72
2011,11,46,Gloria Nicol,1,20,0,29
2011,11,46,Rachel Holmes,1,49,0,19
2011,11,46,Derek Malcolm,5,31,1,23
2011,11,46,Hari,2,25,0,107
2011,11,46,Jake,2,25,0,107
2011,11,46,Simon Hattenstone,2,82,1,32
2011,11,46,Rob Bagchi,2,65,2,124
2011,11,46,Alexis Papahelas for <a href="http://www.ekathimerini.com/" title="">Kathimerini</a>,1,36,1,14
2011,11,46,part of the <a href="http://www.guardian.co.uk/commentisfree/series/guardian-comment-network" title="Guardian Comment Network">Guardian Comment Network</a>,1,36,1,14
2011,11,46,John Wright,1,212,1,52
2011,11,46,Fiona Harvey,1,11654,122,1220
2011,11,46,Debbie Andalo,1,0,0,6
2011,11,46,Natalie Bennett,2,6,0,3
2011,11,46,Ashley Clark,1,62,0,36
2011,11,46,Bob Hudson,1,252,3,52
2011,11,46,John Domokos,2,1043,2,101
2011,11,46,Helen Pinnock,1,87,3,33
2011,11,46,Mark Arnold-Forster,1,1,0,9
2011,11,46,Lucy Halsall,1,11,0,25
2011,11,46,Joshua Rozenberg,1,27,1,11
2011,11,46,Guardian Fashion,2,227,0,66
2011,11,46,Martin Brown for the <a href="http://www.guardian.co.uk/guardian-professional" title="Guardian Professional Network">Guardian Professional Network</a>,1,6,0,60
2011,11,46,Tom Heap,1,13,1,58
2011,11,46,Liz Ford,1,26,0,18
2011,11,46,Alok Jha,4,2532,25,259
2011,11,46,Shehani Fernando,1,138,1,36
2011,11,46,Liz Pichon,1,87,3,100
2011,11,46,Ros Asquith,1,0,0,5
2011,11,46,Lucy Reese,1,58,0,35
2011,11,46,Matt Scott,4,469,1,131
2011,11,46,Martin Robbins,1,102,2,44
2011,11,46,Sarah Hartley,1,4,0,1
2011,11,46,David Walker,1,3,0,2
2011,11,46,Jaz Cummins,1,57,2,18
2011,11,46,Sophie Mackenzie,1,167,12,93
2011,11,46,Presented by Jason Solomons,1,34,0,20
2011,11,46,with Xan Brooks,1,34,0,20
2011,11,46,James Robinson,8,495,11,739
2011,11,46,Caroline Diehl,1,34,1,150
2011,11,46,Alan Wilson,1,96,5,39
2011,11,46,Michael Solomon,1,149,1,14
2011,11,46,Hélène Mulholland,3,116,1,136
2011,11,46,Ross Tucker,1,70,0,20
2011,11,46,Jonathan Dugas for <a href="http://www.sportsscientists.com/" title="">the Science of Sport</a>,1,70,0,20
2011,11,46,part of the Guardian Sport Network,6,127,1,92
2011,11,46,Daniel Schweimler for <a href="http://www.handofdan.com/" title="">H,1,23,0,11
2011,11,46,of Dan</a>,1,23,0,11
2011,11,46,Ken Gude,2,86,1,18
2011,11,46,Heather Stewart,4,3452,56,536
2011,11,46,Clare Lister,1,68,0,32
2011,11,46,Kevin Williamson,1,68,0,32
2011,11,46,Adam Miller,1,68,0,32
2011,11,46,Julia Raeside,1,13,2,19
2011,11,46,Mark Pickering,1,117,0,100
2011,11,46,Tom Williams for <a href="http://www.tomwfootball.com/2011/11/08/po-faced-pastore-misplaces-his-magic-touch/" title="">Football Further</a>,1,12,0,25
2011,11,46,Paul Wilson,2,185,4,39
2011,11,46,Colin Harvey,1,6,0,11
2011,11,46,Professor Martin Paul,1,11,0,17
2011,11,46,Will Hayler at Bangor,1,0,0,6
2011,11,46,Stephen Leahy for <a href="http://www.ipsnews.net/environment.asp">IPS</a>,1,3684,13,143
2011,11,46,part of the <a href="http://www.guardian.co.uk/environment/network">Guardian Environment Network</a>,1,3684,13,143
2011,11,46,Presented by Tom Clark,2,38,0,31
2011,11,46,produced by Phil Maynard,2,38,0,31
2011,11,46,Jason Burke,3,776,7,156
2011,11,46,Catharine Howard,1,0,0,15
2011,11,46,Brian Whitaker,1,342,2,76
2011,11,46,Jonathan Sale,1,93,3,40
2011,11,46,Louise Taylor,1,28,0,15
2011,11,46,Benjamen Walker,1,172,4,36
2011,11,46,Angela Hartnett,1,110,0,29
2011,11,46,Jason Farago,1,30,1,6
2011,11,46,Teresa Wiltz,1,25,0,36
2011,11,46,jamesk96,1,0,0,9
2011,11,46,Charity Celebrity,1,4,0,25
2011,11,46,Ian Tasker,1,0,2,5
2011,11,46,Chris Salmon,1,4,0,41
2011,11,46,Barry Glendenning,4,481,5,207
2011,11,46,Sandra Laville,7,1578,12,315
2011,11,46,Simon Chilvers,2,23,0,69
2011,11,46,John Elkington,1,8,1,8
2011,11,46,Anonymous,2,75,1,69
2011,11,46,Guardian film,3,6,0,96
2011,11,46,Louise Bolotin,1,566,1,141
2011,11,46,Amy Goodman,1,41,2,89
2011,11,46,Patrick Kingsley,1,231,2,108
2011,11,46,Alexandra Topping,2,620,6,184
2011,11,46,Owen Bowcott<strong>,1,202,0,86
2011,11,46,Joris Luyendijk,1,284,3,129
2011,11,46,Peter Madden for the <a href="http://www.guardian.co.uk/guardian-professional" title="Guardian Professional Network">Guardian Professional Network</a>,1,16,0,34
2011,11,46,David Derbyshire,2,154,8,62
2011,11,46,Anya Palmer,1,74,1,64
2011,11,46,Dominic Rushe,8,1937,72,878
2011,11,46,Constanze Letsch,1,207,4,22
2011,11,46,Ian Sample,1,45,4,18
2011,11,46,Matthew Weaver,3,57,0,205
2011,11,46,Suzanne Moore,1,576,10,231
2011,11,46,Timothy Garton Ash Berlin,1,107,5,44
2011,11,46,Steph Taylor,1,48,2,32
2011,11,46,Rian Evans,1,6,0,5
2011,11,46,Judith Mackrell,1,32,0,8
2011,11,46,Krishan Kumar,1,36,1,37
2011,11,46,Stephen Bennett,1,3,0,6
2011,11,46,Chris Cook at Naunton,1,2,0,5
2011,11,46,Adam Sweeting,1,133,0,24
2011,11,46,Brian Harding,1,3,0,3
2011,11,46,Lisa Bachelor,5,84,0,114
2011,11,46,Patrick Barkham,3,622,5,134
2011,11,46,Stephen Moss,2,763,4,61
2011,11,46,Alex Needham,1,781,7,86
2011,11,46,Sergio Romano,1,104,3,9
2011,11,46,Jo Tuckman,1,96,3,44
2011,11,46,John Kampfner,1,29,1,29
2011,11,46,Matt Shardlow,1,22,1,23
2011,11,46,Paul Harris,1,8,0,15
2011,11,46,Mark Weisbrot,1,68,2,18
2011,11,46,As seen by Catherine Bennett,1,6,0,2
2011,11,46,Jonathan Waxman,1,115,0,47
2011,11,46,James Kettle,2,542,8,133
2011,11,46,Ben Arnold,2,2,0,8
2011,11,46,Ali Catterall,2,2,0,8
2011,11,46,Henry Barnes,4,182,0,55
2011,11,46,Kate Ravilious,1,1,0,39
2011,11,46,Interviews by Anna Tims,1,98,1,16
2011,11,46,Marina Hyde,5,303,2,169
2011,11,46,Mike Selvey,1,8,1,9
2011,11,46,David Batty,9,2285,20,700
2011,11,46,Paul Owen,1,1251,5,270
2011,11,46,Lawrence Donegan,4,228,0,23
2011,11,46,Zia Mahmood,1,3,0,1
2011,11,46,Paul Doyle,3,6,0,34
2011,11,46,James Riach,1,274,1,75
2011,11,46,Elliot Smith,2,505,0,98
2011,11,46,Christian Bennett,2,474,0,85
2011,11,46,<a href="http://www.creativeboom.co.uk/" title="">Creative Boom</a>,1,32,0,35
2011,11,46,Katy Cowan,1,32,0,35
2011,11,46,part of the <a href="http://www.guardian.co.uk/culture-professionals-network" title="">Guardian Culture Professionals Network</a>,2,33,0,46
2011,11,46,Paul Prentice,1,25,1,45
2011,11,46,Julian Gore-Booth,1,86,0,31
2011,11,46,Jessica Aldred,1,398,18,257
2011,11,46,Liese Stanley,1,80,2,26
2011,11,46,Cary Cooper,1,0,0,4
2011,11,46,Aaron Porter,1,9,1,8
2011,11,46,Alex Marsh,1,3,0,14
2011,11,46,Rachel White,1,0,0,13
2011,11,46,Bernardine Evaristo,1,287,1,54
2011,11,46,Felicity Cloake,1,888,6,84
2011,11,46,Kate Bradbury,1,123,2,58
2011,11,46,Duncan Green,1,46,1,37
2011,11,46,Caspar Walsh,1,130,1,18
2011,11,46,Christopher Tribble,1,0,0,2
2011,11,46,Jan Trott,1,0,0,2
2011,11,46,David Page,1,0,0,2
2011,11,46,Margaret Holborn,1,0,0,2
2011,11,46,Sarah Ditum,1,34,0,81
2011,11,46,Lars Eriksen. Photographs by Jenny Nordquist,1,102,0,67
2011,11,46,Alex Hess,1,19,0,14
2011,11,46,Professor Stephen Heppell,1,18,0,31
2011,11,46,Diane Hofkins,2,127,2,14
2011,11,46,Guardian Professional,1,0,0,3
2011,11,46,Guardian Social Care,1,1,0,6
2011,11,46,Anna Powell Smith,1,8,0,53
2011,11,46,Farida Vis,1,36,1,117
2011,11,46,Yana Manyukhina,1,36,1,117
2011,11,46,Nick Ruskell,1,3571,18,280
2011,11,46,Tony Paley,1,34,1,16
2011,11,46,Jonathan Wilson,1,21,0,24
2011,11,46,Will Hayler,4,1,0,22
2011,11,46,Alison Rourke,1,471,12,201
2011,11,46,Mary Douglas-Home,1,114,0,16
2011,11,46,Eric Lowitt for the <a href="http://www.guardian.co.uk/guardian-professional?INTCMP=SRCH" title="">Guardian Professional Network</a>,1,5,0,13
2011,11,46,Justine Jordan,1,66,0,40
2011,11,46,Robert McCrum,1,13,2,10
2011,11,46,Lucy Reed,1,53,0,57
2011,11,46,Stephen Bates,6,608,11,129
2011,11,46,Invisible woman,1,4,0,21
2011,11,46,Andrew Pulver,6,354,2,128
2011,11,46,Peter Bradshaw,8,864,6,175
2011,11,46,Gordon Phillips,1,1,0,9
2011,11,46,Rosie Bristow for the <a href="http://www.guardian.co.uk/guardian-professional" title="Guardian Professional Network">Guardian Professional Network</a>,1,1,0,11
2011,11,46,Alice Salfield,1,323,0,46
2011,11,46,Arun Marsh,1,0,0,1
2011,11,46,Jon Dennis,3,7,0,29
2011,11,46,John Sauven,1,62,0,45
2011,11,46,Lars Eriksen. Recipes by Boris Buono,1,17,0,27
2011,11,46,Tom Cox,2,133,0,63
2011,11,46,Jonathan Rutherford,1,750,2,115
2011,11,46,Jon Heshka for <a href="http://sportslawnews.wordpress.com/" title="">The Sports Law Canary</a>,1,2,0,3
2011,11,46,Andy Hall,1,126,0,7
2011,11,46,Jim Powell,2,385,2,63
2011,11,46,Lilybelle,1,19,1,7
2011,11,46,Ben Shave for <a href="http://www.cahiersdusport.blogspot.com/" title="">Cahiers du Sport</a>,1,11,0,23
2011,11,46,Dave for the <a href="http://nearlylegal.co.uk/blog/" title="">Nearly Legal blog</a>,1,27,0,36
2011,11,46,Ben Kape,1,135,0,53
2011,11,46,Alex Healey,2,155,0,58
2011,11,46,Lauren Niland,1,11,0,14
2011,11,46,Peter Conrad,1,6,0,14
2011,11,46,Rob Fitzpatrick,2,1246,4,66
2011,11,46,Joanna Moorhead,1,177,1,19
2011,11,46,Nosheen Iqbal,2,777,6,115
2011,11,46,Bernie Sanders,1,1275,24,176
2011,11,46,Skye Sherwin,2,62,0,38
2011,11,46,Shaun Edwards,1,6,0,9
2011,11,46,Nicholas Milton,1,542,5,161
2011,11,46,David Hopps,1,2,0,5
2011,11,46,Melissa Davis for the <a href="http://www.guardian.co.uk/guardian-professional" title="">Guardian Professional Network</a>,1,24,0,31
2011,11,46,Fiona Bawdon,1,70,0,36
2011,11,46,Jon Robins,1,22,0,19
2011,11,46,Claire Armitstead,2,46,0,13
2011,11,46,Peter Walker,5,429,2,140
2011,11,46,Leo Benedictus,1,43,0,9
2011,11,46,Nadiya Takolia,1,24,3,16
2011,11,46,Mona Mahmood,1,17,0,5
2011,11,46,Andrew Gilchrist,1,287,0,53
2011,11,46,Paul Brown,1,49,0,39
2011,11,46,Amy Lawrence,2,86,0,16
2011,11,46,John Ackerman,1,973,8,407
2011,11,46,Justin McCurry,1,2478,14,202
2011,11,46,Jacqui Smith,1,8,1,19
2011,11,46,Luke Jennings,1,38,2,25
2011,11,46,Amy Pliszka,1,27,0,2
2011,11,46,Lewis K Cooper,1,55,0,32
2011,11,46,Interview by Saad Noor,1,2,0,8
2011,11,46,Duncan Clark,1,114,5,91
2011,11,46,Simon Bowers,2,8,0,28
2011,11,46,Stéphane Foucart,1,62,2,78
2011,11,46,Malcolm Jack,1,3,0,6
2011,11,46,Jürgen Habermas,1,736,11,196
2011,11,46,Sanjoy Roy,1,7,0,4
2011,11,46,Presented by Hugh Muir,2,2,0,21
2011,11,46,Richard Hinchcliffe,1,0,0,0
2011,11,46,Steve Warr,1,0,0,2
2011,11,46,Alan Rusbridger,2,384,18,375
2011,11,46,Martin Kettle,2,39,0,53
2011,11,46,Libby Brooks,1,127,0,22
2011,11,46,Laurence Topham,1,9,0,16
2011,11,46,Declan Walsh,1,445,2,86
2011,11,46,Amelia Hill,3,97,2,260
2011,11,46,Vicky Lane,1,182,1,46
2011,11,46,Chris Cook at Taunton,1,1,0,2
2011,11,46,Andy Mulligan,1,8,1,12
2011,11,46,Tobias Jones,1,1638,17,69
2011,11,46,Sarah Davies,1,21,0,31
2011,11,46,Syed Zain Al-Mahmood,1,116,1,30
2011,11,46,Charlie Condou,2,624,7,235
2011,11,46,Julia Langdon,1,4,0,12
2011,11,46,Jennifer Doyle,1,145,4,38
2011,11,46,Caroline Lucas,1,10,0,1
2011,11,46,Pamela Stephenson Connolly,1,4,0,7
2011,11,46,Rosemary Roach,1,6,0,17
2011,11,46,Homa Khaleeli,1,1851,9,171
2011,11,46,Alexander Chancellor,1,7,0,14
2011,11,46,Jamie Russell,1,35,0,60
2011,11,46,Michele Hanson,1,8,0,5
2011,11,46,Michael Freedland,1,13,0,24
2011,11,46,Bill Sherman,1,61,0,30
2011,11,46,Tim Ashley,6,52,4,56
2011,11,46,David Thomson,1,105,0,32
2011,11,46,John Fordham,4,26,0,30
2011,11,46,Paul Doyle at Weston Homes Community Stadium,1,1,0,9
2011,11,46,Andrew Mueller,2,17,0,19
2011,11,46,Caroline Sullivan,2,86,0,8
2011,11,46,Daniel Taylor,3,97,1,119
2011,11,46,Peter Paphides,1,401,13,73
2011,11,46,Mike Averis at Sixways,1,2,0,2
2011,11,46,Sadhbh Walshe,1,13,0,23
2011,11,46,Anne Billson,1,47,2,19
2011,11,46,Xan Brooks,2,26,0,10
2011,11,46,Laura Barton,1,10,0,8
2011,11,46,Dorian Lynskey,1,227,0,59
2011,11,46,Cath Clarke,1,61,0,5
2011,11,46,Nebraska,1,164,1,75
2011,11,46,Dan Pritzker,1,49,1,26
2011,11,46,Lia Leendertz,1,8,0,9
2011,11,46,Harry Pearson,1,14,0,8
2011,11,46,Joey Gardiner,1,23,1,70
2011,11,46,Tim Hayward,1,637,4,180
2011,11,46,Gregg Roughley,1,4,0,3
2011,11,46,James Richardson,1,6,0,3
2011,11,46,Matt Hall,2,690,3,43
2011,11,46,James Gray,1,31,0,30
2011,11,46,Jonathan Glennie,1,58,1,41
2011,11,46,Tim Tyson Short,1,128,0,11
2011,11,46,Caroline Noble,1,128,0,11
2011,11,46,Steven Bloor,2,247,0,30
2011,11,46,Emil Constantinescu,1,51,1,10
2011,11,46,Rob Smyth,1,1169,14,211
2011,11,46,Richard Vize,1,6,0,7
2011,11,46,Rosie Niven,1,9,2,11
2011,11,46,Hannah Fearn,1,7,0,7
2011,11,46,SilverRoo,1,0,0,4
2011,11,46,Chris Lear,1,2,0,5
2011,11,46,social work undergraduate student,1,2,0,5
2011,11,46,Emma Drury,1,21,0,1
2011,11,46,Andy Cawthray,1,47,1,49
2011,11,46,Martin Farrer,1,29,0,77
2011,11,46,Catherine Phipps,1,118,2,55
2011,11,46,Alex von Tunzelmann,1,56,0,28
2011,11,46,William Curley,4,55,1,26
2011,11,46,Tom Lutz,3,15,1,51
2011,11,46,Julie Bindel,1,79,0,35
2011,11,46,Presented by Claire Armitstead,1,29,0,25
2011,11,46,Ed Jacobs,1,7,0,28
2011,11,46,Rebecca Smithers (with additional research by Mabel McCabe),1,49,0,18
2011,11,46,Matthew Gwyther,1,10,0,28
2011,11,46,Interview by Juliette Jowitt,1,3,0,32
2011,11,46,photographs by Martin Godwin,1,3,0,32
2011,11,46,editing by Eric Hilaire,1,3,0,32
2011,11,46,Joe Anderson,1,26,0,27
2011,11,46,Sali Hughes,2,45,0,34
2011,11,46,Karen Cherrett,1,0,1,11
2011,11,46,Anna Walters,1,1,1,44
2011,11,46,Chris Power,1,41,1,32
2011,11,46,Lisa Evans,1,6,1,37
2011,11,46,Helen Seamons,1,4,0,23
2011,11,46,Stephen Metcalfe for the <a href="http://www.guardian.co.uk/guardian-professional" title="Guardian Professional Network">Guardian Professional Network</a>,1,4,0,27
2011,11,46,Sunshine Lichauco de Leon,1,106,0,60
2011,11,46,in Manila,1,106,0,60
2011,11,46,Raymond Blankenhorn,1,30,1,9
2011,11,46,Ian Thomson,1,33,1,19
2011,11,46,James Kingsland,1,38,3,83
2011,11,46,Murong Xuecun,1,84,4,73
2011,11,46,Sam O'Neill,1,1,0,29
2011,11,46,Mary Hamilton,1,1,0,29
2011,11,46,James Walsh,2,3,0,41
2011,11,46,Neil Davey,1,12,0,26
2011,11,46,Tim Minchin,1,221,0,26
2011,11,46,Chris Doyle,1,42,0,28
2011,11,46,Kevin Fong,1,684,3,40
2011,11,46,Sarah Brodbin,1,684,3,40
2011,11,46,Jo Confino for the <a href="http://www.guardian.co.uk/guardian-professional?INTCMP=SRCH" title="">Guardian Professional Network</a>,1,13,1,10
2011,11,46,Jack Lang for <a href="http://snapkakapop.blogspot.com/" title="">Snap,1,53,0,11
2011,11,46,Kaká,1,53,0,11
2011,11,46,Pop!</a> part of the Guardian Sport Network,1,53,0,11
2011,11,46,Alison Benjamin,1,120,2,91
2011,11,46,David Mills,3,16,1,98
2011,11,46,Robert Mintz,1,56,0,19
2011,11,46,Justin McGuirk,1,332,7,126
2011,11,46,Catherine Shoard,1,49,0,29
2011,11,46,Nancy Groves,1,1,0,4
2011,11,46,Jo Adetunji,1,1,0,4
2011,11,46,Kim Catcheside,1,0,0,14
2011,11,46,Paula,1,0,0,3
2011,11,46,David Marsh,1,47,1,38
2011,11,46,Press Associaton,1,1,0,7
2011,11,46,John Lister,1,412,0,93
2011,11,46,Jack Schofield,1,20,0,102
2011,11,46,David Hambling,1,7,0,25
2011,11,46,Martin Chulov,1,54,0,79
2011,11,46,Jay Stevens,1,61,3,22
2011,11,46,David Pleat,1,33,0,17
2011,11,46,Sarah Crown,1,42,4,48
2011,11,46,James Grime,1,252,283,159
2011,11,46,Alistair Smith,1,7,0,39
2011,11,46,Anthony De Rosa,1,47,35,271
2011,11,46,By <a href="http://www.irinnews.org/" title="">IRIN</a>,1,24,0,7
2011,11,46,David Lacey,1,8,0,11
2011,11,46,Krystina Nellis,1,67,2,20
2011,11,46,Rose Shuman,1,22,1,10
2011,11,46,Alex Goldmark,1,22,1,10
2011,11,46,Stephen Burgen,1,60,0,30
2011,11,46,Alan Brownjohn,1,22,0,9
2011,11,46,Ronald Bergan,1,99,0,30
2011,11,46,David Banks,1,26,0,93
2011,11,46,<a href="http://www.missionmodelsmoney.org.uk/" title="">Mission Models Money</a>,1,1,0,11
2011,11,46,Cat Harrison of non zero one,1,1,0,11
2011,11,46,Lyn Gardner,1,43,0,25
2011,11,46,Tony Blair,1,105,3,60
2011,11,46,Subscribe to our christmas gift subscription,1,0,0,0
2011,11,46,receive a free copy of Cook.,1,0,0,0
2011,11,46,<a href="http://www.businessgreen.com">BusinessGreen</a>,1,274,8,112
2011,11,46,Paul Lewis,2,100,0,66
2011,11,46,produced by Peter Sale,1,1,0,14
2011,11,46,Paterson Joseph,1,468,4,225
2011,11,46,Presented by Alexis Petridis,1,41,1,7
2011,11,46,Mustafa Khalili,1,20,0,5
2011,11,46,Jonathan Glancey,1,25,0,15
2011,11,46,Jenny Purt for the <a href="http://www.guardian.co.uk/guardian-professional" title="Guardian Professional Network">Guardian Professional Network</a>,1,41,0,32
2011,11,46,Paul Hayward,3,42,1,64
2011,11,46,Guardian Healthcare,1,0,0,2
2011,11,46,Jack Shenker,4,1293,15,224
2011,11,46,Birgitta Jónsdóttir,1,529,26,294
2011,11,46,Tom Phillips,1,89,3,43
2011,11,46,Tom Finn,1,109,2,41
2011,11,46,Eamonn Forde,1,194,1,176
2011,11,46,Richard Dannatt,1,12,1,21
2011,11,46,Chris Cook at Cheltenham,2,7,0,6
2011,11,46,Mike Averis,1,6,0,7
2011,11,46,Hélène Mulholl,1,23,0,11
2011,11,46,Geoffrey Robertson,1,37,1,28
2011,11,46,Christian Jarrett,1,23,3,19
2011,11,46,Yinka Ibukun,1,40,0,18
2011,11,46,Lagos,1,40,0,18
2011,11,46,Michael Breen,1,111,0,20
2011,11,46,Jamie Jackson at York Hall,1,1,0,4
2011,11,46,Tim Montgomerie,1,229,2,57
2011,11,46,Robert Booth,1,563,4,78
2011,11,46,Stuart James,1,0,0,2
2011,11,46,Beatrice Woolf,2,4138,28,527
2011,11,46,Tom Coleman,1,0,0,25
2011,11,46,Jim Perrin,1,11,0,19
2011,11,46,Jenni Russell,1,50,2,33
2011,11,46,Jason N. Parkinson/reportdigital.co.uk,1,397,0,18
2011,11,46,Clancy Sigal,1,198,7,41
2011,11,46,Roberto Saviano,1,3640,6,105
2011,11,46,Deborah Orr,2,169,0,53
2011,11,46,Leonard Barden,1,10,0,3
2011,11,46,The Guardian,1,54,4,50
2011,11,46,Giles Tremlett,1,922,4,129
2011,11,46,Ian Jack,2,81,0,63
2011,11,46,Frances Spalding,1,174,1,10
2011,11,46,Juan Pablo Villalobos,1,115,0,7
2011,11,46,undefined,1,537,3,94
2011,11,46,Andrew Taylor,1,2,0,1
2011,11,46,Sarah Churchwell,1,1,0,0
2011,11,46,Robin Yassin-Kassab,1,97,0,13
2011,11,46,Andrew Motion,1,203,4,44
2011,11,46,Tibor Fischer,1,35,1,13
2011,11,46,Siddhartha Mukherjee,1,19,1,13
2011,11,46,Stephen Kelman,1,13,0,7
2011,11,46,Amy Waldman,1,3,0,1
2011,11,46,Mirza Waheed,1,160,0,5
2011,11,46,Terry Jones,1,31,3,39
2011,11,46,Alan Garner,1,385,16,132
2011,11,46,Miles Brignall,3,95,1,234
2011,11,46,Stephen Collins,1,25,0,0
2011,11,46,John Lanchester,1,50,0,2
2011,11,46,By Emily Blunden,1,120,0,9
2011,11,46,Jon Ronson,1,2379,44,535
2011,11,46,Tom Dyckhoff,1,91,0,5
2011,11,46,Alys Fowler,2,13,0,1
2011,11,46,Sam Wollaston,1,11,0,39
2011,11,46,Rosanna Greenstreet,1,35,0,21
2011,11,46,Thomas Eaton,1,0,0,0
2011,11,46,Matthew Fort,1,8,0,1
2011,11,46,Seal,1,121,0,5
2011,11,46,Goudarz Karimi,1,132,1,27
2011,11,46,Interview: Becky Barnicoat. Photograph: <a href="http://www.emilystein.co.uk/" title="">Emily Stein</a>,1,32,0,4
2011,11,46,Hazel Sillver,1,8,0,5
2011,11,46,Oliver Burkeman,1,169,2,58
2011,11,46,Dan Lepard,1,22,1,16
2011,11,46,Yotam Ottolenghi,1,53,2,12
2011,11,46,Hugh Fearnley-Whittingstall,1,117,1,20
2011,11,46,The Observer,1,17,1,8
2011,11,46,Alison Steed,1,6,0,6
2011,11,46,Tim Dowling,1,13,1,5
2011,11,46,Emma Brockes,1,127,5,52
2011,11,46,David Runciman,1,68,1,53
2011,11,46,Geoffrey Wadhurst,1,0,0,1
2011,11,46,As told to Angela Foster,1,1,0,3
2011,11,46,Marc Lockley,1,100,1,65
2011,11,46,Joanne Christie,1,194,4,44
2011,11,46,Jeremy Bullmore,1,0,0,9
2011,11,46,Interview by Susanna Rustin,1,129,3,151
2011,11,46,The Secret Footballer,1,41,2,18
2011,11,46,Andrew Collins,1,8,0,1
2011,11,46,Sam Richards,2,233,0,53
2011,11,46,Viv Groskop,1,181,1,34
2011,11,46,Nick McGrath,1,0,0,11
2011,11,46,The Guide,2,0,0,1
2011,11,46,Jon &amp; Mick/moderntoss.com,1,31,0,1
2011,11,46,Ruth Saxelby,1,61,0,19
2011,11,46,Josie Long,1,24,0,9
2011,11,46,Julia Raeside &amp; Hannah Verdier,1,15,0,15
2011,11,46,Steve Rose,2,8,0,10
2011,11,46,Richard van Emden,1,138,1,30
2011,11,46,Robert Clark,1,15,0,9
2011,11,46,Johnny Dee,1,3,0,6
2011,11,46,Annalisa Barbieri,1,5,0,0
2011,11,46,Grace Dent,1,44,1,10
2011,11,46,John Fordham &amp; John Robinson,1,0,0,0
2011,11,46,Gareth Aveyard,1,37,0,94
2011,11,46,Robert Clark &amp; Skye Sherwin,1,39,0,17
2011,11,46,John Patterson,1,16,2,16
2011,11,46,Nick Gillett,1,1,0,39
2011,11,46,Patric Baird,1,28,0,4
2011,11,46,John Mitchell,1,28,0,4
2011,11,46,Sam Richards &amp; Marc Rowlands,1,28,0,4
2011,11,46,Patricia Danaher,1,98,2,58
2011,11,46,Peter Beaumont,2,1842,19,315
2011,11,46,Interview by Alexandra Topping,1,0,0,5
2011,11,46,Mark Cook,1,1,0,3
2011,11,46,Lyn Gardner &amp; Judith Mackrell,1,1,0,3
2011,11,46,Clare Considine,1,7,0,3
2011,11,46,Colette Bernhardt,1,4,0,4
2011,11,46,Clare Considine &amp; Stuart Goodwin,1,4,0,4
2011,11,46,Bidisha,1,0,0,16
2011,11,46,David Hytner at A le Coq Arena,1,29,0,2
2011,11,46,David Hytner at Le Coq Arena,1,97,0,15
2011,11,46,Paul Rees at The Stoop,1,2,0,3
2011,11,46,Martin Rowson,1,76,1,26
2011,11,46,David Hearst,1,405,10,82
2011,11,46,Nicola Jennings,1,0,0,9
2011,11,46,Alex Clark,1,624,0,42
2011,11,46,Joe Berger,1,1,0,8
2011,11,46,Pascal Wyse,1,1,0,8
2011,11,46,Dana,1,0,0,10
2011,11,46,Andrew Frayn,1,68,2,50
2011,11,46,Ghaffar Hussain,1,187,10,35
2011,11,46,Remi Adekoya,1,356,0,28
2011,11,46,Jon Hotten for <a href="http://theoldbatsman.blogspot.com/" title="">The Old Batsman</a>,1,9,1,10
2011,11,46,Paul Doyle at Rookery Hill,1,1,0,2
2011,11,46,Stuart James at the Cardiff City Stadium,1,11,0,8
2011,11,46,Tom Jenkins,1,8,0,10
2011,11,46,Sachin Nakrani at York Hall,1,2,0,7
2011,11,46,Miranda Sawyer,1,184,1,76
2011,11,46,Charles Saumarez Smith,1,184,1,76
2011,11,46,Will Hayler at Cheltenham,1,0,0,3
2011,11,46,Paul Rees at the Madejski Stadium,1,0,0,4
2011,11,46,Eddie Butler at Parc y Scarlets,1,0,0,2
2011,11,46,Scott Murray,1,65,0,73
2011,11,46,Paul Wilson at Wembley Stadium,2,172,0,43
2011,11,46,Jonny Weeks at the Matchroom Stadium,1,9,0,11
2011,11,46,Dalya Alberge,1,347,6,114
2011,11,46,Liu Xiaobo,1,229,6,69
2011,11,46,Paul Hayward at Wembley,1,17,1,23
2011,11,46,Robert Kitson at Thomond Park,1,26,0,5
2011,11,46,Maria Laura Rodotà,1,471,2,48
2011,11,46,Barry Neild,1,8,0,17
2011,11,46,Daniel Boffey,1,1955,3,429
2011,11,46,Mark Townsend,1,1781,5,188
2011,11,46,David Hills,1,19,0,12
2011,11,46,John Mulholl,1,1595,10,120
2011,11,46,in Bogotá,1,1595,10,120
2011,11,46,Jamie Doward,1,1049,2,117
2011,11,46,Margaret Dibben,3,1,0,9
2011,11,46,David James,1,12,1,11
