year,month,week,name,articles,facebook,googleplus,twitter
2012,5,20,Paul Chronnell,1,2,0,16
2012,5,20,Associated Press,47,6713,162,1773
2012,5,20,Sarah Hughes,2,31,2,35
2012,5,20,Toby Manhire,1,129,4,66
2012,5,20,Staff,11,1491,81,434
2012,5,20,agencies,22,1473,108,1053
2012,5,20,Simon Rogers,11,280,48,669
2012,5,20,Richard Kozul-Wright,1,27,2,23
2012,5,20,Richard Adams,6,316,8,307
2012,5,20,David Bean,1,0,0,10
2012,5,20,Martin Wainwright,11,316,11,500
2012,5,20,Tom Bryant,1,22,0,50
2012,5,20,Niall McVeigh,1,22,0,50
2012,5,20,Nancy Groves,1,11,0,10
2012,5,20,Charles Arthur,19,1838,259,2209
2012,5,20,Hunter Felt,3,8,0,22
2012,5,20,GrrlScientist,17,240,56,353
2012,5,20,lilybelle,1,0,0,4
2012,5,20,Ben Wilkinson,1,40,3,113
2012,5,20,Sonja Bredgaard,1,40,3,113
2012,5,20,Sue Blackmore,1,34,7,61
2012,5,20,John Dugdale,1,17,0,29
2012,5,20,Bruno Bernard,1,3161,18,59
2012,5,20,Press Association,82,5186,67,2123
2012,5,20,Ratna Lachman,1,28,1,24
2012,5,20,Hugh Stephenson,1,1,0,0
2012,5,20,Kate McCann,4,15,0,56
2012,5,20,Liam Kelly,3,17,0,72
2012,5,20,Barry Glendenning,4,168,2,94
2012,5,20,Phil Maynard,6,57,2,57
2012,5,20,Andy Gallagher,6,206,3,93
2012,5,20,Nick Spencer,1,26,4,39
2012,5,20,Ian Traynor,9,1224,56,433
2012,5,20,Jill Treanor,11,671,34,596
2012,5,20,Paolo Bandini,1,76,0,38
2012,5,20,Sam Jordison,4,334,7,212
2012,5,20,Stuart Dredge,11,214,17,727
2012,5,20,Tony Paley,5,2,0,31
2012,5,20,Chris Cook,7,13,4,52
2012,5,20,Lawrence Donegan,1,18,2,35
2012,5,20,Caroline,3,0,0,5
2012,5,20,Grace,3,0,0,5
2012,5,20,aged 3,3,0,0,5
2012,5,20,Bernadette Hyland,2,42,3,75
2012,5,20,Terry Macalister,4,18,2,112
2012,5,20,Michael White,9,75,2,171
2012,5,20,George Hall,2,184,2,42
2012,5,20,Danny Weizmann,1,158,5,62
2012,5,20,Tom Holland,1,26,3,32
2012,5,20,Ed Howker,1,71,4,74
2012,5,20,Alexandra Topping,2,152,6,114
2012,5,20,Jonathan Jones,8,722,20,337
2012,5,20,Julia Eccleshare,1,26,0,30
2012,5,20,Denis MacShane,1,29,0,43
2012,5,20,Graham Parker,3,6,0,37
2012,5,20,Joe Prince-Wright,1,3,0,11
2012,5,20,Matt Trueman,5,106,6,81
2012,5,20,Severin Carrell,4,800,8,292
2012,5,20,Scotl,4,800,8,292
2012,5,20,Nils Pratley,8,33,6,123
2012,5,20,Sid Lowe,2,40,1,44
2012,5,20,Open thread,5,240,7,137
2012,5,20,Michael Cox,1,49,0,32
2012,5,20,Ian Sample,3,1347,51,295
2012,5,20,Maev Kennedy,7,1035,27,303
2012,5,20,Jon Henley,1,4,0,5
2012,5,20,Eric Allison,2,67,1,72
2012,5,20,Linda Woodhead,1,173,1,43
2012,5,20,roro_loves_books,1,38,0,9
2012,5,20,Chris Jenkins,1,82,2,46
2012,5,20,Caroline Sullivan,3,7,0,24
2012,5,20,Graham Cull,1,1,0,16
2012,5,20,Frances Spalding,2,87,3,53
2012,5,20,Will Hayler,14,10,0,92
2012,5,20,Tom Service,2,227,7,66
2012,5,20,Kieran Yates,2,124,4,47
2012,5,20,Maria Margaronis,1,182,6,38
2012,5,20,Julia Kollewe,7,539,26,394
2012,5,20,Rachel Whitehead,1,313,4,112
2012,5,20,Dan Milmo,11,725,13,682
2012,5,20,Juliette Jowit,7,495,10,697
2012,5,20,Juliette Garside,11,417,47,885
2012,5,20,Corrections,5,0,0,8
2012,5,20,Presented by James Richardson,2,18,1,22
2012,5,20,produced by Ben Green,2,18,1,22
2012,5,20,Tom Kington,5,4222,22,302
2012,5,20,Carol Rumens,1,20,0,29
2012,5,20,Marc Abrahams,1,88,1,51
2012,5,20,Brian Braiker,6,476,19,299
2012,5,20,Adam Boult,6,174,3,102
2012,5,20,Philip Oltermann,1,26,2,10
2012,5,20,Harriet Sherwood,6,218,12,130
2012,5,20,David Graeber,1,502,16,143
2012,5,20,Vatican City,1,1,2,22
2012,5,20,Miriam Elder,5,284,7,161
2012,5,20,Andy Hunter,6,195,4,161
2012,5,20,Don Flynn,1,6,0,23
2012,5,20,Interviews by Dale Berning,1,13,0,23
2012,5,20,Adam Gabbatt,8,4337,62,939
2012,5,20,Ewen MacAskill,11,3865,83,940
2012,5,20,Jess Cartner-Morley,5,46,6,142
2012,5,20,Owen Bowcott,8,311,7,361
2012,5,20,Ros Asquith,1,6,0,11
2012,5,20,Michael Billington,6,126,3,86
2012,5,20,Dan Gillmor,1,11,5,36
2012,5,20,Sanjoy Roy,2,48,0,19
2012,5,20,Suzanne Goldenberg,4,606,33,380
2012,5,20,John Fordham,4,9,0,15
2012,5,20,Hélène Mulholland,7,335,11,470
2012,5,20,political reporter,5,275,7,343
2012,5,20,Andrew Clements,4,78,6,51
2012,5,20,Jonathan Watts,4,334,24,359
2012,5,20,Nicholas Watt,1,59,2,80
2012,5,20,Monica Mark,2,219,20,190
2012,5,20,Lagos,1,213,20,173
2012,5,20,Ed Pilkington,6,1913,48,489
2012,5,20,Simon Bowers,1,106,6,62
2012,5,20,Simon Burnton,4,151,5,192
2012,5,20,Paul Doyle at Upton Park,1,32,0,24
2012,5,20,Valerie Hannah,1,24,2,25
2012,5,20,Giles Tremlett,10,2236,69,787
2012,5,20,Damian Carrington,4,1513,38,498
2012,5,20,Benji Lanyado,1,280,15,252
2012,5,20,Martin Chulov,1,33,2,37
2012,5,20,Joanna Moorhead,1,108,0,72
2012,5,20,Simon Hattenstone,3,268,11,220
2012,5,20,Harriet Swain,1,14,1,44
2012,5,20,Maddy Costa,2,115,0,57
2012,5,20,Owen Hatherley,1,101,0,106
2012,5,20,Rupert Neate,1,513,0,130
2012,5,20,Fiona Millar,1,46,1,207
2012,5,20,Raphael Honigstein,3,920,22,939
2012,5,20,Larry Elliott,5,377,23,273
2012,5,20,John Robinson,3,2,0,42
2012,5,20,David Stubbs,2,0,0,20
2012,5,20,Jonathan Wright,4,6,0,48
2012,5,20,Gwilym Mumford,2,679,35,176
2012,5,20,Martin Skegg,1,0,0,14
2012,5,20,Bethan Holt,1,961,6,61
2012,5,20,Tom Meltzer,1,164,4,37
2012,5,20,Louise Tickle,1,78,0,122
2012,5,20,Patrick Barkham,3,89,2,76
2012,5,20,Aditya Chakrabortty,1,252,5,124
2012,5,20,Tobias Jones,1,64,5,27
2012,5,20,Mike Averis at Mennaye Field,1,5,0,5
2012,5,20,Stephen Moss,1,715,5,101
2012,5,20,Jim Newell,1,5,2,11
2012,5,20,Dean Baker,1,125,8,35
2012,5,20,Stockholm,1,8,0,3
2012,5,20,Hadley Freeman,3,1201,24,350
2012,5,20,George Monbiot,3,1090,32,1044
2012,5,20,Kim Willsher,2,56,12,38
2012,5,20,Ed Douglas,1,17,0,45
2012,5,20,Laura Barnett,1,261,0,39
2012,5,20,Michele Hanson,1,32,0,22
2012,5,20,Jason Farago,1,23,4,17
2012,5,20,Jill Insley,5,83,1,173
2012,5,20,Anthony Romero,1,88,4,42
2012,5,20,Mark Brown,1,104,2,47
2012,5,20,Angelique Chrisafis Paris,1,62,4,29
2012,5,20,Helen Pidd,1,57,1,53
2012,5,20,Dominic Fifield,9,240,3,380
2012,5,20,Steve Bell,7,320,7,159
2012,5,20,Polly Toynbee,2,192,1,142
2012,5,20,Mo Costandi,1,83,15,26
2012,5,20,Stuart James,6,897,11,650
2012,5,20,Sachin Nakrani,2,65,1,70
2012,5,20,Andy Wilson,13,16,1,94
2012,5,20,Richard Schiffman,1,249,12,69
2012,5,20,Tom McCarthy,5,882,20,336
2012,5,20,Louise Taylor,6,80,2,159
2012,5,20,Hugh Muir,4,6,0,52
2012,5,20,Donald McRae,1,216,6,45
2012,5,20,Editorial,18,1440,28,592
2012,5,20,Ewan Murray,5,49,0,78
2012,5,20,Helena Smith,8,675,27,502
2012,5,20,Barney Ronay at The Crucible,1,102,3,13
2012,5,20,John Crace,3,409,21,178
2012,5,20,James Callow,1,53,2,24
2012,5,20,Patrick Collinson,3,224,13,189
2012,5,20,Peter Walker,7,1099,26,590
2012,5,20,Andy Hunter at Ewood Park,2,44,0,50
2012,5,20,Paul Wilson at Ewood Park,1,24,1,21
2012,5,20,Henry McDonald,6,207,8,151
2012,5,20,Kevin Mitchell,9,299,4,95
2012,5,20,Joseph Fellows,1,129,3,43
2012,5,20,Ian Theodoreson,1,11,0,17
2012,5,20,Tom Gard,1,0,0,0
2012,5,20,Sean Wheeldon,1,0,0,0
2012,5,20,Alan Sykes,2,105,9,134
2012,5,20,Milford Bateman,1,92,1,36
2012,5,20,Roy Greenslade,28,324,18,711
2012,5,20,Steve Rose,5,645,16,267
2012,5,20,Keith Stuart,11,68,15,423
2012,5,20,Stephen Kelly,1,1,0,12
2012,5,20,Julian Le Grand,1,1,0,12
2012,5,20,Dick Vinegar,1,14,0,41
2012,5,20,Ciara Leeming,1,58,2,45
2012,5,20,Monkey,7,9,0,106
2012,5,20,Sam Jones,2,272,9,57
2012,5,20,Marcus Christenson,7,127,6,293
2012,5,20,David Lengel,1,3,0,3
2012,5,20,fluffycat234,2,8,2,18
2012,5,20,Liz Williams,1,1038,7,259
2012,5,20,Keith Cooper,1,5,0,20
2012,5,20,Claudia Megele,1,19,7,93
2012,5,20,Keely Wilson,1,33,0,29
2012,5,20,Jean-Louis Gassée,1,5,0,85
2012,5,20,Colin Horgan,2,4,3,14
2012,5,20,CAF partnerzone,1,4,2,2
2012,5,20,Nick Fletcher,17,641,18,401
2012,5,20,Robert Kitson,5,20,0,30
2012,5,20,Joe Jervis,6,0,0,0
2012,5,20,Katharine Quarmby,1,450,4,111
2012,5,20,John Plunkett,12,561,32,1155
2012,5,20,Peter Moszynski,1,261,2,46
2012,5,20,Naomi Wood,1,34,2,26
2012,5,20,Dawn Foster,4,26,0,35
2012,5,20,Mark King,2,1206,24,452
2012,5,20,Kate Hodge,6,7,0,34
2012,5,20,Nicholas Clee,1,165,8,66
2012,5,20,Sean Michaels,9,2104,30,376
2012,5,20,Saba Salman,1,194,3,66
2012,5,20,Josh Halliday,8,510,23,982
2012,5,20,David Docherty,1,2,5,74
2012,5,20,Julia Raeside,5,24,0,91
2012,5,20,Alan Connor,2,82,0,37
2012,5,20,Wadah Khanfar,1,24,0,31
2012,5,20,Guardian Fashion,2,244,6,153
2012,5,20,Nicholas Lezard,2,101,1,65
2012,5,20,Henry Barnes,7,28,2,99
2012,5,20,Fiona Shields,2,77,0,43
2012,5,20,Andrew Pulver,5,263,2,80
2012,5,20,Lloyd Salmons,1,12,0,19
2012,5,20,Ronnie Crosbie,1,12,0,19
2012,5,20,Jamie Jackson,12,293,1,374
2012,5,20,Clare Horton,4,54,1,6
2012,5,20,Mitch Tonks,2,43,3,33
2012,5,20,Peter Hetherington,1,3,0,13
2012,5,20,Sarah Boseley,1,70,5,63
2012,5,20,Lisa Bachelor,9,59,12,414
2012,5,20,Frédéric Filloux,1,49,2,57
2012,5,20,Ann Patchett,1,11,0,15
2012,5,20,Michael Cragg,5,169,9,130
2012,5,20,Laura Oliver,3,2,0,29
2012,5,20,Simon Parker,1,0,0,10
2012,5,20,Peter Dawson,1,91,0,29
2012,5,20,David Fell for the <a href="http://www.guardian.co.uk/guardian-professional" title="Guardian Professional Network">Guardian Professional Network</a>,1,11,2,31
2012,5,20,David Walker,2,3,0,17
2012,5,20,Lisa O'Carroll,13,454,14,304
2012,5,20,Nadine El-Enany,1,400,4,101
2012,5,20,Jonathan Wilson,1,6,0,17
2012,5,20,Daniel Sokol,1,73,0,34
2012,5,20,Patrick Butler,1,6,0,38
2012,5,20,Vikram Dodd,2,72,3,79
2012,5,20,Kevin McCarra,2,16,2,28
2012,5,20,Joshua Rozenberg,1,8,0,32
2012,5,20,Patrick Wintour,15,876,25,1243
2012,5,20,Anna Minton,1,2,0,19
2012,5,20,Barry Glendenning at the Olympic Stadium,1,18,1,22
2012,5,20,Charlotte Higgins,5,429,16,283
2012,5,20,chief arts writer,2,140,7,135
2012,5,20,Mark Oliver,1,8,0,66
2012,5,20,Lyn Gardner,6,92,0,77
2012,5,20,George Richardson,1,3,0,20
2012,5,20,Trevor Mostyn,1,0,0,13
2012,5,20,Philippe Dagen,1,0,0,17
2012,5,20,Owen Gibson,3,132,2,70
2012,5,20,Andrew Mourant,1,37,0,32
2012,5,20,Brice Pedroletti,1,33,5,15
2012,5,20,Bruno Philip,1,33,5,15
2012,5,20,Barney Ronay,4,69,4,77
2012,5,20,Saman Shad,1,333,7,33
2012,5,20,Saeed Kamali Dehghan,5,814,21,675
2012,5,20,Liz Ford,1,14,2,28
2012,5,20,Mark Sweney,13,143,3,310
2012,5,20,Jonny Weeks,2,13,0,21
2012,5,20,Ranjit Dhaliwal,2,321,16,71
2012,5,20,Peter Sale,2,144,1,61
2012,5,20,James Kingsland,1,1,2,17
2012,5,20,Karen McVeigh,5,3923,31,321
2012,5,20,World Business Council for Sustainable Development,2,2,0,13
2012,5,20,David Mills,2,7,0,68
2012,5,20,David Wearing,1,152,7,104
2012,5,20,Michelle Pauli,1,1390,22,124
2012,5,20,Dan Sabbagh,9,207,17,574
2012,5,20,Nick Hopkins,6,313,12,359
2012,5,20,Kim Ward,1,0,0,4
2012,5,20,Sarfraz Manzoor,2,32,4,55
2012,5,20,Kate Davies,1,16,0,27
2012,5,20,Graham Snowdon,1,0,0,1
2012,5,20,Felicity Carus for the <a href="http://www.guardian.co.uk/guardian-professional" title="Guardian Professional Network">Guardian Professional Network</a>,1,6,3,15
2012,5,20,Richard Moorhead,1,34,2,51
2012,5,20,Sarah Crown,1,506,9,79
2012,5,20,Joris Luyendijk,2,880,37,250
2012,5,20,David Marlow,1,4,0,17
2012,5,20,Phil Hoad,1,4,0,16
2012,5,20,Sonia Zadurian,1,20,0,16
2012,5,20,Randeep Ramesh,7,746,13,341
2012,5,20,Tom Lutz,4,47,1,62
2012,5,20,John Ashdown,6,99,1,139
2012,5,20,Kate Connolly,4,365,13,124
2012,5,20,Paul Skinner,1,11,2,4
2012,5,20,Dave Hill,5,10,2,60
2012,5,20,Ben Dowell,4,79,2,122
2012,5,20,Guardian,1,51146,766,2791
2012,5,20,Alan Travis,9,384,13,631
2012,5,20,Helen Carter,9,1172,17,386
2012,5,20,Ruth Spencer,4,204,8,113
2012,5,20,Fred Pearce,1,61,4,49
2012,5,20,Kelvin Cheung,1,41,2,16
2012,5,20,Paul Lester,4,534,1,124
2012,5,20,Dave Simpson,4,125,6,108
2012,5,20,Matthew Caines,2,48,2,121
2012,5,20,Gwyn Topham,7,335,3,208
2012,5,20,Philippe Bernard,1,24,2,12
2012,5,20,Phillip Inman,3,38,6,61
2012,5,20,Janet Halliday,1,0,0,7
2012,5,20,Harry J Enten,4,123,10,73
2012,5,20,Simon Jablonski,1,808,3,56
2012,5,20,Brian Whitaker,6,177,9,563
2012,5,20,Haroon Siddique,5,723,8,257
2012,5,20,Steven Morris,5,221,11,456
2012,5,20,Imogen Tilden,1,65,0,4
2012,5,20,Emma Brockes,2,785,21,156
2012,5,20,Denis Campbell,3,1005,11,495
2012,5,20,Frederika Whitehead,1,16,1,25
2012,5,20,Paul Harris,9,2620,54,714
2012,5,20,Jill Robinson,1,2,0,34
2012,5,20,Stephanie Nettell,1,542,10,80
2012,5,20,Hermione Taylor,1,9,0,0
2012,5,20,Ami Sedghi,1,12,0,45
2012,5,20,Ella Cockbain,1,272,3,87
2012,5,20,Helen Brayley,1,272,3,87
2012,5,20,Andrew Sparrow,3,51,8,264
2012,5,20,Chris Stephen,1,30,4,25
2012,5,20,Justine Jordan,1,18,2,16
2012,5,20,Fraser Doherty,1,16,0,8
2012,5,20,Guardian healthcare network,4,6,1,53
2012,5,20,<a href="http://theoldbatsman.blogspot.co.uk/" title="">The Old Batsman</a>,1,4,0,9
2012,5,20,part of the Guardian Sport Network,2,75,0,36
2012,5,20,Catriona Maclay,1,0,0,3
2012,5,20,Carole Jahme,2,91,1,48
2012,5,20,Hannah Freeman,3,58,0,78
2012,5,20,Christian Guy,1,13,0,25
2012,5,20,Peter Beresford,1,13,0,25
2012,5,20,Joan Bakewell,1,13,0,25
2012,5,20,Ros Altmann,1,13,0,25
2012,5,20,Simon Gillespie,1,13,0,25
2012,5,20,Lizzy Davies,3,1398,1,212
2012,5,20,Morven Crumlish,1,232,3,59
2012,5,20,Tim Dowling,2,3150,110,312
2012,5,20,Alfred Hickling,3,1,0,27
2012,5,20,Joe Arvai  for the <a href="http://www.guardian.co.uk/guardian-professional" title="Guardian Professional Network">Guardian Professional Network</a>,1,14,2,17
2012,5,20,Maggie Brown,2,48,0,143
2012,5,20,Emma Dorey,1,11,0,1
2012,5,20,Kate Molleson,1,3,2,10
2012,5,20,Richard Norton-Taylor,9,382,14,494
2012,5,20,Sade Laja,2,8,3,39
2012,5,20,Sara Hashash,1,267,3,45
2012,5,20,Erin Hale,3,413,27,290
2012,5,20,Jasmin Ramsey,1,37,2,23
2012,5,20,Harry Venning,1,1,0,2
2012,5,20,Magdi Abdelhadi,1,69,2,48
2012,5,20,Simon Neville,4,261,19,262
2012,5,20,Leo Benedictus,2,160,3,156
2012,5,20,Angelique Chrisafis,2,107,6,31
2012,5,20,Christian Sylt,1,148,1,59
2012,5,20,Caroline Reid,1,148,1,59
2012,5,20,Michael Darrington,1,2,0,22
2012,5,20,Interview by Laura Barnett,1,37,0,16
2012,5,20,Bob,1,234,2,40
2012,5,20,Roberta Smith,1,234,2,40
2012,5,20,Graeme Wearden,3,812,22,389
2012,5,20,Luke Harding,3,71,3,301
2012,5,20,Stuart Heritage,6,245,5,165
2012,5,20,Sara Ilyas,1,0,0,7
2012,5,20,Imogen Fox,1,9,0,28
2012,5,20,Stuart Jeffries,2,183,6,96
2012,5,20,Rachel Williams,2,103,5,159
2012,5,20,Andrew Mueller,1,4,0,6
2012,5,20,Ben Arnold,1,4,0,6
2012,5,20,Phelim O'Neill,3,7,0,51
2012,5,20,Hannah Verdier,3,6,0,30
2012,5,20,Emma Kennedy,2,68,3,64
2012,5,20,Michael Hann,6,1231,6,132
2012,5,20,Esther Addley,2,600,11,57
2012,5,20,Katharine Ainger,1,728,15,135
2012,5,20,Peter Collett,1,0,0,14
2012,5,20,Virginia Spiers,1,3,0,35
2012,5,20,Christian Bennett,1,1,0,3
2012,5,20,Daniel Taub,1,240,0,41
2012,5,20,As seen by Catherine Bennett,1,8,0,12
2012,5,20,Steven Bloor,2,28,0,44
2012,5,20,Rupert Jones,5,104,5,221
2012,5,20,Simon Jenkins,2,647,18,448
2012,5,20,Matt Seaton,1,32,7,102
2012,5,20,Paul Rees,6,14,0,34
2012,5,20,Paul MacInnes,2,54,4,31
2012,5,20,Seumas Milne,1,708,18,404
2012,5,20,Simon Goodley,2,161,3,78
2012,5,20,Julian Borger,2,279,10,134
2012,5,20,Gregg Bakowski,2,162,6,76
2012,5,20,David Conn,5,579,6,509
2012,5,20,Ana Marie Cox,3,236,26,111
2012,5,20,Agencies,1,9,0,98
2012,5,20,Zoe Wood,7,297,10,197
2012,5,20,Frank Keating,1,12,0,30
2012,5,20,Sam Wollaston,4,81,1,72
2012,5,20,Tom Jenkins,1,0,0,0
2012,5,20,North Carolina,3,3713,26,297
2012,5,20,Andy Hunter at Anfield,2,125,1,103
2012,5,20,Andy Bull,5,174,2,112
2012,5,20,Ben Quinn,3,206,4,139
2012,5,20,Lawrence Donegan at TPC Sawgrass,5,15,0,80
2012,5,20,Dave Boyle,1,0,0,0
2012,5,20,David Erasmus,1,11,1,55
2012,5,20,Kenn Taylor,1,17,1,52
2012,5,20,Andrew Wander,1,83,5,53
2012,5,20,Fiona Bawdon,1,0,0,15
2012,5,20,Alex Bellos,1,7,2,24
2012,5,20,Rosalie Arcala Hall for <a href="http://uvenus.org/" title="">University of Venus</a>,1,121,0,14
2012,5,20,Jackie Swift,1,118,2,84
2012,5,20,Neelie Kroes,1,13,1,33
2012,5,20,Debbie Andalo,1,7,2,10
2012,5,20,Sandy Balfour,1,6,2,0
2012,5,20,Richard Sprenger,3,120,4,34
2012,5,20,Mary Douglas-Home,4,68,3,62
2012,5,20,Oswin Baker,1,18,1,26
2012,5,20,Patrick,1,0,0,1
2012,5,20,Carol Birch,1,19,0,8
2012,5,20,Bruce Moore,1,1,0,17
2012,5,20,Alexandra Harris,1,20,0,13
2012,5,20,David Edgar,1,19,0,10
2012,5,20,Theo Tait,1,32,0,25
2012,5,20,Jo Best,1,0,1,14
2012,5,20,David Hall-Matthews,1,8,0,27
2012,5,20,Polly Curtis,1,39,3,68
2012,5,20,Anya Palmer,1,2,2,18
2012,5,20,Lucy Reed,1,2,2,18
2012,5,20,Kirsty Hughes,1,2,2,18
2012,5,20,William Perrin,1,2,2,18
2012,5,20,Lucy Series,1,2,2,18
2012,5,20,Benjamin Ward,1,2,2,18
2012,5,20,Virginia Wallis,2,5,0,58
2012,5,20,Word of Mouth,1,11,0,18
2012,5,20,Jo Adetunji,3,2,0,43
2012,5,20,Alison Flood,7,1085,40,517
2012,5,20,AL Kennedy,1,246,3,89
2012,5,20,Sheila Pulham,2,14636,264,1798
2012,5,20,Chris Fenn,2,14636,264,1798
2012,5,20,Garry Blight,2,14636,264,1798
2012,5,20,Guardian Research Department,2,14636,264,1798
2012,5,20,Mohamed Ben-Madani,1,8,0,16
2012,5,20,Vic Marks,5,8,1,23
2012,5,20,Richard Gibson,3,5,0,16
2012,5,20,Paddy Allen,2,1410,60,324
2012,5,20,Tanya Perdikou,1,1070,38,285
2012,5,20,Milana Knezevic,1,1141,6,126
2012,5,20,Allan Jenkins,1,2,0,18
2012,5,20,Phoebe Greenwood,1,140,6,28
2012,5,20,Till van Treeck,1,77,9,87
2012,5,20,Hari,1,0,0,36
2012,5,20,Jake,1,0,0,36
2012,5,20,Bella Mackie,1,1,0,4
2012,5,20,Sarah Ditum,1,25,3,36
2012,5,20,Fiona Harvey,5,933,33,576
2012,5,20,IPPF,2,20,0,2
2012,5,20,FPA,1,1,0,0
2012,5,20,John Wright,1,427,9,46
2012,5,20,Blair McPherson,1,0,0,20
2012,5,20,Sean O'Hagan,4,1321,28,219
2012,5,20,Stephen Dorrell,1,46,0,39
2012,5,20,Julia Green,1,56,2,61
2012,5,20,Guardian staff,2,38,5,84
2012,5,20,Jason Deans,4,274,4,185
2012,5,20,Dan Collyns,1,100,9,59
2012,5,20,Ben Child,12,1501,35,465
2012,5,20,Oliver Thring,2,437,13,197
2012,5,20,Claire Armitstead,1,1,0,18
2012,5,20,Damien Walter,1,145,14,173
2012,5,20,Rachel Holmes,2,140,6,85
2012,5,20,Guardian Government Computing,4,1,1,15
2012,5,20,David Leigh,1,9,1,41
2012,5,20,Eileen Byrne,1,36,2,18
2012,5,20,Jane Kinninmont,1,9,1,27
2012,5,20,Justin McCurry,2,202,8,149
2012,5,20,Andrew Raingold for the <a href="http://www.guardian.co.uk/guardian-professional" title="Guardian Professional Network">Guardian Professional Network</a>,1,11,3,25
2012,5,20,John Burn-Murdoch,4,50,11,264
2012,5,20,John Vidal,6,2270,56,741
2012,5,20,Jason Burke,4,205,3,81
2012,5,20,Peter Malpass,1,1,0,2
2012,5,20,Alex Needham,1,521,5,93
2012,5,20,Ross Barry,1,31,1,35
2012,5,20,Matt O'Casey,1,1,0,17
2012,5,20,Compiled by John Ashdown,2,103,0,132
2012,5,20,Marina Hyde,4,120,14,132
2012,5,20,John Bynner,1,79,9,91
2012,5,20,Harvey Goldstein,1,79,9,91
2012,5,20,Greg Freeman,1,1,2,35
2012,5,20,Mark Tran,3,136,4,77
2012,5,20,Eliza Anyangwe,3,59,5,147
2012,5,20,Angela Hartnett,1,14,0,14
2012,5,20,Tom Dart,1,105,6,36
2012,5,20,Alistair Guthrie for the <a href="http://www.guardian.co.uk/guardian-professional" title="Guardian Professional Network">Guardian Professional Network</a>,1,43,3,76
2012,5,20,Tim Montgomerie,1,16,1,23
2012,5,20,Catharine Howard,1,26,0,23
2012,5,20,Caspar Llewellyn Smith,3,537,15,165
2012,5,20,Simon Stephens,1,45,1,30
2012,5,20,Paul Wilson,4,79,5,127
2012,5,20,Martyn Young,1,14,0,26
2012,5,20,Anonymous,2,57,7,128
2012,5,20,The Snork Maiden,1,1,0,10
2012,5,20,John Oxley,1,23,0,27
2012,5,20,Kippa Matthews,1,23,0,27
2012,5,20,Jill Mead,1,23,0,27
2012,5,20,Mike Harris,1,13,1,61
2012,5,20,Presented by Aleks Krotoski,1,3,4,61
2012,5,20,produced by Jason Phipps,2,23,4,76
2012,5,20,with Charles Arthur,1,3,4,61
2012,5,20,Christopher Symes,1,151,0,29
2012,5,20,Patrick Bodenham for WideAwakeProductions,1,151,0,29
2012,5,20,Patrick Bodenham,1,65,3,19
2012,5,20,Ian Cobain,1,6,0,17
2012,5,20,Benjamen Walker,1,45,2,17
2012,5,20,Tim Ashley,7,29,16,90
2012,5,20,Katie Rogers,2,85,2,111
2012,5,20,Ryan Devereaux,4,1725,18,277
2012,5,20,Sandra Laville,5,722,11,251
2012,5,20,Michael Pendlebury,1,0,0,45
2012,5,20,Charlotte Richardson Andrews,1,166,2,32
2012,5,20,Linda Nylind,1,110,0,7
2012,5,20,Naomi Alderman,1,31,4,70
2012,5,20,Guardian fashion,1,21,2,34
2012,5,20,Neil Cohen,1,1,0,7
2012,5,20,Jenny Dawson,1,7,0,3
2012,5,20,Naomi Wolf,2,1175,76,198
2012,5,20,James Elvis,1,0,0,1
2012,5,20,Diane Taylor,1,48,2,30
2012,5,20,Chris McGreal,2,105,5,31
2012,5,20,Mike Selvey,1,2,0,6
2012,5,20,Joanna Ruck,3,187,2,74
2012,5,20,Adam Boyle,1,0,0,3
2012,5,20,John Elkington for the <a href="http://www.guardian.co.uk/guardian-professional" title="Guardian Professional Network">Guardian Professional Network</a>,1,9,1,14
2012,5,20,Kouichi Shirayanagi,1,133,1,49
2012,5,20,Ashley Clark,1,27,0,32
2012,5,20,Dan Glaister,1,121,1,27
2012,5,20,Amelia Gentleman,1,1440,39,582
2012,5,20,Daniel Taylor,4,133,1,99
2012,5,20,Matthew Weaver,4,130,4,333
2012,5,20,Mongstad,1,38,0,84
2012,5,20,Norway,1,38,0,84
2012,5,20,David Bicknell,2,1,0,18
2012,5,20,Rocco Falconer,1,0,0,4
2012,5,20,Jessica Shepherd,6,2460,17,912
2012,5,20,Dominic Rushe,4,255,12,182
2012,5,20,Oliver Burkeman,2,55,6,55
2012,5,20,Simon Hoggart,3,94,1,50
2012,5,20,Adrian Searle,1,88,5,36
2012,5,20,Greg Wood at Chester,3,7,0,26
2012,5,20,Judith Mackrell,2,8,0,22
2012,5,20,Julie Bindel,1,153,3,77
2012,5,20,Peter Bradshaw,13,575,15,244
2012,5,20,David Batty,2,214,8,116
2012,5,20,Zofeen Ebrahim,2,51,2,255
2012,5,20,Interview by Sarah Phillips,1,108,2,69
2012,5,20,Amy Fleming,1,284,16,94
2012,5,20,Angela Saini,1,170,10,113
2012,5,20,Jane Martinson,2,89,4,69
2012,5,20,Lucy Mangan,3,28,0,81
2012,5,20,Ali Catterall,1,0,0,6
2012,5,20,Suzanne Moore,1,70,1,49
2012,5,20,Richard Gibson at Worcester,1,0,0,5
2012,5,20,John Allen,1,33,0,19
2012,5,20,Zoe Williams,2,116,7,71
2012,5,20,Robert Booth,3,220,9,317
2012,5,20,Karen Greenberg,1,8,0,19
2012,5,20,Timothy Garton Ash,1,74,7,44
2012,5,20,Kira Cochrane,1,308,2,61
2012,5,20,Martin Kettle,1,89,0,28
2012,5,20,Jacob Steinberg,4,91,1,117
2012,5,20,Christopher Reed,1,401,8,94
2012,5,20,Jonathan Wilson at Arena Nationala,1,211,0,20
2012,5,20,Richard Rae at St Andrew's,1,10,0,15
2012,5,20,Heidi Stephens,1,15,0,10
2012,5,20,Irel,5,183,3,132
2012,5,20,Paul Lewis,2,115,2,97
2012,5,20,Amy Goodman,1,42,3,99
2012,5,20,Stephen Bubb,1,62,3,71
2012,5,20,Felicity Cloake,1,661,21,145
2012,5,20,Martin Robbins,1,17,1,37
2012,5,20,Peter Jinks,1,276,15,37
2012,5,20,Bokani Tshidzu,1,0,0,0
2012,5,20,Caroline Slocock,1,21,0,54
2012,5,20,Frederick Kaufman,1,75,5,77
2012,5,20,Ann Gallagher,1,8,1,27
2012,5,20,Lottie Longshanks,2,0,0,18
2012,5,20,Hannah Fearn,2,21,4,55
2012,5,20,John Wade,1,2,2,13
2012,5,20,Invisible Woman,2,65,3,57
2012,5,20,Fazel Hawramy,1,321,2,35
2012,5,20,Paul Doyle,6,121,1,173
2012,5,20,Paul Owen,1,515,3,28
2012,5,20,Neil Thompson,1,43,0,23
2012,5,20,Jody Day,1,11,0,17
2012,5,20,Jason Vit,1,42,2,51
2012,5,20,Jon Dennis,2,11,0,38
2012,5,20,Matthew Pennycook,1,46,1,64
2012,5,20,Jonathan Baume,1,1,0,7
2012,5,20,Emily Kasriel,1,138,9,51
2012,5,20,Rob Smyth,3,62,0,71
2012,5,20,Ben Kape,1,55,0,31
2012,5,20,Alex Healey,1,55,0,31
2012,5,20,Matt Roberts,1,88,0,31
2012,5,20,Santander,2,20,0,16
2012,5,20,Hilary Osborne,5,80,2,151
2012,5,20,Tania Branigan,1,18,3,35
2012,5,20,Katy Stoddard,1,23,0,29
2012,5,20,Ben Yong,1,4,0,13
2012,5,20,Alan Rusbridger,1,141,6,49
2012,5,20,Helen Seamons,1,3,0,18
2012,5,20,Nicola Barr,1,27,0,22
2012,5,20,Peter Beaumont,2,119,4,51
2012,5,20,Robert McCrum,2,46,7,46
2012,5,20,Dylan Kneale,1,30,0,23
2012,5,20,Sally-Marie Bamford,1,30,0,23
2012,5,20,Marishka Van Steenbergen,1,17,1,8
2012,5,20,Toby Moses,3,48,2,103
2012,5,20,Feilding Cage,1,110,7,101
2012,5,20,Catherine,1,0,0,7
2012,5,20,Stanley,1,0,0,7
2012,5,20,aged 2,1,0,0,7
2012,5,20,Lanre Bakare,1,26,0,31
2012,5,20,Xan Brooks,6,30,3,53
2012,5,20,Ian Gittins,1,24,4,10
2012,5,20,Rebecca Nicholson,4,69,0,58
2012,5,20,David Stout,1,9,0,27
2012,5,20,Alex von Tunzelmann,1,5,0,12
2012,5,20,Mint Kang for the <a href="http://www.guardian.co.uk/guardian-professional" title="Guardian Professional Network">Guardian Professional Network</a>,1,27,0,13
2012,5,20,Andrew Dickson,2,135,2,64
2012,5,20,Kevin Rushby,2,175,7,76
2012,5,20,Leo Hickman,1,35,0,28
2012,5,20,George Chesterton,1,76,1,38
2012,5,20,Phil Gates,1,42,0,52
2012,5,20,Presented by Michelle Pauli &amp; produced by Tim Maby,1,31,2,21
2012,5,20,Anna Chesters,2,24,0,73
2012,5,20,Mark Lawson,1,4,2,20
2012,5,20,Aluf Benn,1,9,0,19
2012,5,20,Andy Cawthray,1,7,0,23
2012,5,20,Ian Black,5,1904,55,526
2012,5,20,Mark Kingwell,1,74,6,58
2012,5,20,Toby Muse,1,70,4,44
2012,5,20,James Meikle,3,46,1,109
2012,5,20,Farah Jassat,1,112,2,41
2012,5,20,Elsie Kanza,1,226,7,101
2012,5,20,Katie Puckrik,1,111,4,37
2012,5,20,Rob Kenny,1,22,1,15
2012,5,20,Justin McGuirk,1,349,12,121
2012,5,20,Lizz Winstead,1,16,1,30
2012,5,20,Ros Taylor,2,44,0,50
2012,5,20,Tim Leunig,1,54,8,116
2012,5,20,Sean Ingle,1,15,1,17
2012,5,20,James Ball,2,359,11,252
2012,5,20,Presented by Tom Clark,1,0,0,10
2012,5,20,produced by Phil Maynard,2,1,0,26
2012,5,20,Simon Chilvers,1,30,0,65
2012,5,20,Penny Shapland-Chew,1,2,0,11
2012,5,20,Joe Irvin,1,6,0,34
2012,5,20,Jack Schofield,1,9,2,50
2012,5,20,Harry Pearson,1,4,0,8
2012,5,20,Paul Weaver,4,26,0,57
2012,5,20,Alexis Petridis,3,329,2,68
2012,5,20,Helienne Lindvall,1,62,0,87
2012,5,20,Mindy Lubber for the <a href="http://www.guardian.co.uk/guardian-professional" title="Guardian Professional Network">Guardian Professional Network</a>,1,9,3,96
2012,5,20,Rebecca Smithers,2,63,4,101
2012,5,20,<strong>Mark Sweney</strong>,1,3,0,17
2012,5,20,Ami Sedghi &amp; Simon Rogers,1,23,0,104
2012,5,20,Rick Gekoski,1,2,0,12
2012,5,20,Richard Haggis,1,4,0,3
2012,5,20,Kelly Nestruck,1,195,1,78
2012,5,20,Anne Czernik,1,34,3,31
2012,5,20,Martin Yarnit for <a href="http://tasteforbologna.blogspot.co.uk/" title="">Taste for Bologna,1,32,5,44
2012,5,20,</a> part of the <a href="http://www.guardian.co.uk/travel/series/guardian-travel-network" title="">Guardian Travel Network</a>,1,32,5,44
2012,5,20,Jess Stevenson,1,203,1,33
2012,5,20,Luke Scully,1,203,1,33
2012,5,20,Ilaria Pasquinelli for the <a href="http://www.guardian.co.uk/guardian-professional" title="Guardian Professional Network">Guardian Professional Network</a>,1,47,2,24
2012,5,20,Skye Sherwin,2,12,2,19
2012,5,20,Glenn Greenwald,1,253,15,176
2012,5,20,Zac Purchase,1,1,0,16
2012,5,20,Rob Bagchi,1,6,0,20
2012,5,20,John Lewis,1,30,0,14
2012,5,20,Andrew Brown,2,46,3,45
2012,5,20,Afua Hirsch,1,90,0,24
2012,5,20,Edward Pearce,1,11,0,16
2012,5,20,Bim Adewunmi,1,53,1,76
2012,5,20,Thomas Hoblyn,1,3,0,28
2012,5,20,Martin Rowson,2,78,6,36
2012,5,20,Michael Hogan,2,26,0,16
2012,5,20,Sadhbh Walshe,1,26,1,22
2012,5,20,Melody Hossaini,1,0,0,0
2012,5,20,Simon Singh,1,16,1,56
2012,5,20,Jack Lang for <a href="http://snapkakapop.blogspot.co.uk/" title="">Snap,1,71,0,27
2012,5,20,Kaká,1,71,0,27
2012,5,20,Pop!</a>,1,71,0,27
2012,5,20,Gavan Titley,1,545,6,107
2012,5,20,John O'Brennan,1,545,6,107
2012,5,20,Tim Jonze,1,716,16,95
2012,5,20,Joe Queenan,1,113,4,31
2012,5,20,Peter Paphides,1,131,2,12
2012,5,20,Mike Selvey at Northampton,2,0,0,10
2012,5,20,Catherine Shoard,2,6,3,36
2012,5,20,Andy Wilson at Trent Bridge,2,0,0,12
2012,5,20,Rob Evans,1,74,0,173
2012,5,20,Kate Hodal,2,288,0,183
2012,5,20,Matt Wells,1,15,4,26
2012,5,20,Michael Wolff,2,49,5,185
2012,5,20,Susie White,1,0,0,40
2012,5,20,Graeme Thomson,1,261,0,20
2012,5,20,Brodie Clark,1,0,0,38
2012,5,20,Elisabeth Mahoney,1,2,0,33
2012,5,20,Ghaith Abdul-Ahad,1,211,8,244
2012,5,20,Dom Lawson,1,21,2,16
2012,5,20,James Carville,1,60,2,17
2012,5,20,Richard Gibson at New Road,2,0,0,12
2012,5,20,Shaun Edwards,1,4,0,4
2012,5,20,Ben&nbsp;Arnold,1,2,0,22
2012,5,20,Alex Slater,1,15,1,15
2012,5,20,Anna Smith,1,15,0,13
2012,5,20,Mike McCahill,1,16,0,5
2012,5,20,Robin Denselow,2,6,0,26
2012,5,20,Zoë Blackler,3,64,3,60
2012,5,20,James Richardson,1,23,0,23
2012,5,20,Matt Hall,1,23,0,23
2012,5,20,Rajeev Syal,1,9,0,23
2012,5,20,Conal Urquhart,1,85,11,71
2012,5,20,Abdel-Rahman Hussein,2,169,11,315
2012,5,20,Amanda Holpuch,1,73,5,244
2012,5,20,Amelia Hill,1,16,0,70
2012,5,20,Richard Cooper,1,6,1,44
2012,5,20,<a href="http://allafrica.com/" title="">AllAfrica.com</a>,1,64,0,47
2012,5,20,part of the <a href="http://www.guardian.co.uk/global-development/series/guardian-development-network" title="">Guardian development network</a>,1,64,0,47
2012,5,20,Ed Jacobs,1,2,0,21
2012,5,20,Henry Kissinger,1,16,0,29
2012,5,20,Maria Otero,1,10,0,9
2012,5,20,Melanie Henwood,1,3,0,16
2012,5,20,Amy Lawrence,2,54,1,34
2012,5,20,Book0912,1,1,0,4
2012,5,20,Richard Vize,1,7,0,37
2012,5,20,Steven Poole,2,24,6,25
2012,5,20,Occupy movement,1,2196,36,299
2012,5,20,John Barrell,1,8,0,16
2012,5,20,Michael Rosen,1,64,2,39
2012,5,20,Guardian readers,4,66,2,36
2012,5,20,Michael Rosenblum,1,5,2,3
2012,5,20,Tom Lutz (then),1,12,2,17
2012,5,20,Jacob Steinberg (off the bench),1,12,2,17
2012,5,20,Rob Bagchi (now),1,12,2,17
2012,5,20,Michael Aylwin,1,28,0,15
2012,5,20,Peter Tatchell,1,598,1,62
2012,5,20,Mikey Matthews,1,61,1,97
2012,5,20,<a href="http://www.metoffice.gov.uk"><b>The Met Office</b></a>,1,67,2,73
2012,5,20,Duncan Clark,1,67,2,73
2012,5,20,Will Self,1,13,1,28
2012,5,20,William Norris,1,71,3,38
2012,5,20,Chris Harrison,1,71,3,38
2012,5,20,Anthony Doesburg,1,110,7,58
2012,5,20,Bernard Walker,1,14,0,23
2012,5,20,Sofia Parunova,1,74,0,29
2012,5,20,Steve Boxer,1,113,4,61
2012,5,20,CL Minou,1,97,4,20
2012,5,20,David Lacey,1,7,1,15
2012,5,20,John Gray,1,50,4,48
2012,5,20,David Marsh,1,3,0,24
2012,5,20,Adam Smith,1,68,13,62
2012,5,20,Tristram Stuart for the <a href="http://www.guardian.co.uk/guardian-professional" title="Guardian Professional Network">Guardian Professional Network</a>,1,125,0,33
2012,5,20,Ryan Lewis,1,4,0,11
2012,5,20,Norman Fowler,1,17,2,23
2012,5,20,José Graziano da Silva,1,132,2,74
2012,5,20,Mark Beaumont,1,0,0,6
2012,5,20,Kendra Wilson,1,1,2,18
2012,5,20,Mark Henderson,2,282,21,319
2012,5,20,Petra Wilton,1,0,0,10
2012,5,20,Martin Godwin,1,200,15,37
2012,5,20,Iain Chambers,1,200,15,37
2012,5,20,Robin Turner,1,200,15,37
2012,5,20,Andy Pietrasik,1,200,15,37
2012,5,20,Lisa Croasdale,1,200,15,37
2012,5,20,Josh Lacey,1,41,1,59
2012,5,20,Elsie Gayle,1,32,2,16
2012,5,20,Louise Kidney,1,3,0,6
2012,5,20,Elliot Smith,5,25,2,43
2012,5,20,George Irvin for <a href="http://www.social-europe.eu/2012/05/why-the-fiscal-compact-is-bound-to-fail/" title="">Social Europe Journal</a>,1,83,1,21
2012,5,20,part of the <a href="http://www.guardian.co.uk/commentisfree/series/guardian-comment-network" title="">Guardian Comment Network</a>,1,83,1,21
2012,5,20,Staff reporters,1,66,3,46
2012,5,20,Alistair Smith,1,2,0,14
2012,5,20,James Walsh,1,0,0,8
2012,5,20,Maria Mills,1,0,0,0
2012,5,20,Naomi Colvin,1,183,11,99
2012,5,20,Hilary Rosen,1,30,0,17
2012,5,20,Stuart O'Connor,1,15,0,17
2012,5,20,Dugald Baird,1,15,0,17
2012,5,20,Janette Owen,1,15,0,17
2012,5,20,Mark Robertson for the <a href="http://www.guardian.co.uk/guardian-professional" title="Guardian Professional Network">Guardian Professional Network</a>,1,9,3,13
2012,5,20,Jake Hayman,1,11,0,22
2012,5,20,Neil Denny,1,197,12,75
2012,5,20,Jim Powell,1,291,2,29
2012,5,20,Gemma Bowes,2,161,14,73
2012,5,20,Ross Williams,1,17,0,35
2012,5,20,Trishit,1,17,0,8
2012,5,20,Jenny Purt for the <a href="http://www.guardian.co.uk/guardian-professional" title="Guardian Professional Network">Guardian Professional Network</a>,1,4,0,25
2012,5,20,Presented by Sarah Crown,1,21,1,34
2012,5,20,produced by Tim Maby,1,21,1,34
2012,5,20,Kim Catcheside,1,1,0,24
2012,5,20,Nick Cowen,1,9,1,34
2012,5,20,Graham Hayday,1,2,0,20
2012,5,20,Matt Hill,1,11,0,12
2012,5,20,Interview by Andrew Pulver,1,20,0,15
2012,5,20,Chris Power,1,12,1,6
2012,5,20,Baaba Maal,1,84,2,32
2012,5,20,Sali Hughes,2,18,2,33
2012,5,20,Nat Saunders,1,9,2,14
2012,5,20,Anthony Horowitz,1,42,6,95
2012,5,20,Words: Imogen Fox,1,113,2,83
2012,5,20,Christopher Thomond,1,105,2,21
2012,5,20,Styling: Simon Chilvers,1,6,0,9
2012,5,20,Words: Stephen Moss,1,355,10,130
2012,5,20,Giulio Frigieri,1,1,0,8
2012,5,20,Pete Sale,1,1,0,8
2012,5,20,Ben Green,1,1,0,8
2012,5,20,Heather Ring,1,5,0,0
2012,5,20,Matthew Taylor,1,371,0,63
2012,5,20,John Egan,1,50,0,4
2012,5,20,Tom Dyckhoff,1,83,1,16
2012,5,20,Anna Tims,1,3,0,22
2012,5,20,Jo Confino for the <a href="http://www.guardian.co.uk/guardian-professional" title="Guardian Professional Network">Guardian Professional Network</a>,1,33,4,48
2012,5,20,Madhvi Pankhania,1,0,0,0
2012,5,20,Dan Catt,1,0,0,0
2012,5,20,Crane.tv,1,53,1,24
2012,5,20,Janine Gibson,1,18,1,35
2012,5,20,Shiv Malik,1,497,7,92
2012,5,20,Jonathan Bernstein,1,4,0,6
2012,5,20,Andrew Collins,1,4,1,11
2012,5,20,Paul Weaver at the Circuit de Catalunya,3,75,8,71
2012,5,20,Edmund White,1,109,9,54
2012,5,20,Johnny Dee,2,6,3,18
2012,5,20,Martin Farrer,1,66,6,103
2012,5,20,Michael Coveney,1,4,0,38
2012,5,20,Richard Lea,1,12,0,15
2012,5,20,Cameron Robertson,1,271,5,98
2012,5,20,Presented by John Plunkett,1,1,0,16
2012,5,20,with Dan Sabbagh,1,1,0,16
2012,5,20,Tom Clark,1,1,0,16
2012,5,20,Deborah Orr,3,70,9,130
2012,5,20,Giles Fraser,1,23,0,31
2012,5,20,Peter Wilby,1,35,5,52
2012,5,20,Ian Katz,1,15,1,47
2012,5,20,Interviews by Oliver Laughland,1,152,8,34
2012,5,20,Josephine Moulds,1,13,2,25
2012,5,20,Graham Long,1,3,0,48
2012,5,20,Interview by Santorri Chamley,1,1,0,7
2012,5,20,Julian Taylor,1,2,0,17
2012,5,20,Victoria Bekiempis,1,151,3,47
2012,5,20,Costas Lapavitsas,1,525,8,91
2012,5,20,Bernardine Evaristo,1,18,0,12
2012,5,20,Ian Jack,1,9,0,32
2012,5,20,David Hambling,1,3,0,25
2012,5,20,Neil Gaiman,1,2130,24,119
2012,5,20,John O'Connell,1,3,0,23
2012,5,20,Tony Naylor,1,0,0,0
2012,5,20,Tristan Gooley,1,6,0,10
2012,5,20,Kate Edgley,1,43,0,20
2012,5,20,Robin McKie,3,1356,26,198
2012,5,20,Rachel Dixon,1,22,0,24
2012,5,20,David Shariatmadari,1,35,4,32
2012,5,20,Tim Maby,1,0,3,9
2012,5,20,Marilynne Robinson,1,4,1,13
2012,5,20,John Mullan,1,1,2,1
2012,5,20,Stuart Kelly,1,25,2,8
2012,5,20,Sue Arnold,1,3,0,4
2012,5,20,Simon Mason,1,9,0,5
2012,5,20,Adam Newey,1,2,0,3
2012,5,20,Lucasta Miller,1,2,0,7
2012,5,20,Sam Leith,1,11,1,3
2012,5,20,Robert Macfarlane,1,21,1,16
2012,5,20,Hilary Mantel,1,1388,33,220
2012,5,20,Nicholas Wroe,1,1,2,10
2012,5,20,J Hoberman,1,137,5,59
2012,5,20,As told to Mark King,1,0,0,3
2012,5,20,Jeremy Bullmore,1,0,0,0
2012,5,20,Geoffrey Wadhurst,1,0,0,0
2012,5,20,Stephen Collins,1,107,0,17
2012,5,20,Alys Fowler,2,17,2,6
2012,5,20,Thomas Eaton,1,0,0,1
2012,5,20,Brix Smith-Start,1,3,0,6
2012,5,20,Yotam Ottolenghi,1,58,0,7
2012,5,20,Dan Lepard,1,44,0,12
2012,5,20,Fiona Beckett,1,16,0,16
2012,5,20,Rosanna Greenstreet,1,66,2,21
2012,5,20,Interview: Becky Barnicoat. Portrait:<a href="http://emilystein.co.uk/" title=""> Emily Stein</a>,1,12,0,17
2012,5,20,John Lanchester,1,7,0,17
2012,5,20,Ali Niaz,1,3,1,12
2012,5,20,Hugh Fearnley-Whittingstall,1,169,4,46
2012,5,20,Lia Leendertz,1,17,0,19
2012,5,20,Jane Perrone,1,10,1,5
2012,5,20,Interview: Liz Arnold,1,35,1,16
2012,5,20,Hilary Osborne (<a href="http://www.twitter.com/hilaryosborne" title="Hilary Osborne Twitter homepage">@hilaryosborne</a>),1,13,2,102
2012,5,20,Melanie Stern,1,56,3,135
2012,5,20,Simon Murphy,1,26,3,59
2012,5,20,Leonard Barden,1,3,1,1
2012,5,20,The Secret Footballer,1,50,3,97
2012,5,20,Richard Williams,1,24,0,25
2012,5,20,Guardian Sport staff,1,290,2,194
2012,5,20,Michael Cohen,1,68,2,58
2012,5,20,Sian Rowe,1,326,2,15
2012,5,20,Hannah J Davies,1,679,35,162
2012,5,20,Rachael Hogg &amp; David Stubbs,1,679,35,162
2012,5,20,Jon &amp; Mick/moderntoss.com,1,60,2,13
2012,5,20,John Patterson,1,21,0,8
2012,5,20,Issy Sampson,1,715,1,7
2012,5,20,Robert Clark,1,11,2,7
2012,5,20,The Guide,1,0,0,1
2012,5,20,Steven Appleby,1,2,0,0
2012,5,20,Peter Robinson,1,7,0,0
2012,5,20,Liz Jarvis,1,5,0,9
2012,5,20,Nick Duerden,1,10,1,9
2012,5,20,Gwilym Mumford &amp; Rebecca Nicholson,1,0,0,0
2012,5,20,Alice Arnold,1,18,1,81
2012,5,20,Homa Khaleeli,1,354,7,87
2012,5,20,AnnalisaBarbieri,1,0,0,2
2012,5,20,Tim Lott,1,1,0,5
2012,5,20,Nick McGrath,1,11,0,4
2012,5,20,Kathy Hurst,1,127,0,194
2012,5,20,Charlie Condou,1,0,0,1
2012,5,20,John Fordham &amp; John Robinson,1,0,0,2
2012,5,20,Katrina Dixon,1,67,0,3
2012,5,20,Nick Gillett,1,1,1,36
2012,5,20,James Kettle,1,9,0,3
2012,5,20,Patric Baird,1,1,0,3
2012,5,20,John Mitchell,1,1,0,3
2012,5,20,Sam Richards &amp; Marc Rowlands,1,1,0,3
2012,5,20,Robert Clark &amp; Skye Sherwin,1,26,1,26
2012,5,20,Sam Richards,1,2,0,14
2012,5,20,Mark Cook,1,5,0,14
2012,5,20,Lyn Gardner &amp; Judith Mackrell,1,5,0,14
2012,5,20,Iain Aitch,1,5,0,8
2012,5,20,Colette Bernhardt &amp; Stuart Goodwin,1,5,0,8
2012,5,20,Phil Daoust,3,24,5,68
2012,5,20,Fiona Reynolds,1,1,0,7
2012,5,20,Lawrence Donegan at Sawgrass,1,2,0,18
2012,5,20,Laura Barton,1,1,0,0
2012,5,20,Harry Mead,1,3,2,28
2012,5,20,Joe Berger,1,1,0,6
2012,5,20,Pascal Wyse,1,1,0,6
2012,5,20,The Secret Teacher,1,50,1,68
2012,5,20,Lois Lee,1,37,2,44
2012,5,20,Damien Pearse,6,668,22,628
2012,5,20,Reviewed by Emma,1,0,0,8
2012,5,20,Daisy (5),1,0,0,8
2012,5,20,Olive (3),1,0,0,8
2012,5,20,Aris Chatzistefanou,1,239,2,38
2012,5,20,Jason Solomons,2,76,1,57
2012,5,20,Jon Butterworth,1,90,10,60
2012,5,20,Vanessa Thorpe,2,67,8,67
2012,5,20,Tony Thompson,1,190,9,67
2012,5,20,PrincessMegan,1,4,1,19
2012,5,20,Matt Williams,4,301,37,233
2012,5,20,Mike Averis at The Stoop,1,1,0,6
2012,5,20,Rowan Moore,1,227,4,129
2012,5,20,Chris Cook at Lingfield,1,0,0,7
2012,5,20,Cass Jones,2,153,3,225
2012,5,20,Ed Vulliamy,1,73,0,112
2012,5,20,Nial Briggs,1,0,0,9
2012,5,20,Vic Marks at Northampton,1,0,0,6
2012,5,20,Biljana Scott,1,59,6,68
2012,5,20,Paul Rees at Welford Road,1,2,0,6
2012,5,20,Mark Townsend,3,83,13,282
2012,5,20,Tracy McVeigh,4,832,11,300
2012,5,20,Toby Helm,6,662,14,741
2012,5,20,Emma Craig,1,150,1,114
2012,5,20,Daniel Boffey,2,1199,17,822
2012,5,20,Rachel Cooke,2,60,2,88
2012,5,20,Mitchell Prothero,1,105,0,75
2012,5,20,Linda Hargreaves,1,24,0,68
2012,5,20,Margaret Dibben,3,0,0,39
2012,5,20,Eddie Butler,1,2,0,4
2012,5,20,Giles Richards,1,2,0,18
2012,5,20,David Hills,1,84,1,23
2012,5,20,James Donaghy,1,19,0,9
2012,5,20,As chosen by William Skidelsky,1,880,18,320
2012,5,20,Fiona Maddocks,3,39,0,11
2012,5,20,Barbara Ellen,1,23,3,8
2012,5,20,Kingsley Amis,1,21,0,9
2012,5,20,JS Tennant,1,1,0,9
2012,5,20,Peter Conrad,1,16,1,4
2012,5,20,Nigel Slater,1,41,0,7
2012,5,20,Helen Zaltzman,1,17,0,4
2012,5,20,Shahesta Shaitly,1,14,0,8
2012,5,20,Laura Cumming,1,47,2,12
2012,5,20,Dave Gelly,1,4,0,3
2012,5,20,Stephen Pritchard,1,31,0,7
2012,5,20,Philip French,8,58,3,70
2012,5,20,Kate Kellaway,2,17,0,11
2012,5,20,Jon Cruddas,1,1,0,7
2012,5,20,Clare Brennan,1,24,0,8
2012,5,20,Peter Preston,3,11,7,55
2012,5,20,Kitty Empire,3,13,1,32
2012,5,20,Hermione Hoby,1,0,0,5
2012,5,20,Phil Mongredien,1,0,0,5
2012,5,20,Quentin Wheeler,1,48,0,26
2012,5,20,Neil Spencer,1,2,0,6
2012,5,20,Ally Carnwath,1,2,0,8
2012,5,20,William Skidelsky,1,2,0,6
2012,5,20,Anita Sethi,1,3,0,2
2012,5,20,Lucy Siegle,2,462,17,282
2012,5,20,Matt Kamen,2,1,0,35
2012,5,20,Will Hutton,2,77,9,69
2012,5,20,Chris Riddell,1,18,2,9
2012,5,20,Eva Wiseman,2,513,20,194
2012,5,20,Jay Rayner,2,46,2,63
2012,5,20,Alexander Larman,1,0,0,5
2012,5,20,Ben East,1,0,0,1
2012,5,20,David Williams,1,2,2,7
2012,5,20,Tom Lamont,3,189,17,94
2012,5,20,Anna Baddeley,1,63,5,82
2012,5,20,Mark Kermode,1,0,0,3
2012,5,20,Shirley Hughes,1,26,0,18
2012,5,20,Dr Gerry Mander,1,3,0,2
2012,5,20,Kevin McKenna,1,0,0,8
2012,5,20,Elizabeth Day,2,1279,34,320
2012,5,20,Andrew Anthony,2,756,22,183
2012,5,20,Chris Atkins,1,70,2,70
2012,5,20,Frances Wilson,1,71,0,12
2012,5,20,Julie Burchill,1,305,7,98
2012,5,20,Euan Ferguson,1,221,19,19
2012,5,20,Susannah Clapp,1,6,0,13
2012,5,20,Emma Calder,1,14,0,15
2012,5,20,Interview by Michael Hogan,1,349,0,12
2012,5,20,Alice Roberts,1,378,11,74
2012,5,20,David Vincent,1,6,0,20
2012,5,20,Katharine Whitehorn,1,3,0,0
2012,5,20,Martin Love,1,1,1,16
2012,5,20,Gay Dad,1,0,0,0
2012,5,20,Dan Pearson,1,19,0,29
2012,5,20,Joanne O'Connor,1,5,0,2
2012,5,20,Tim Adams,1,11,2,5
2012,5,20,Terry Tom Brown,1,50,3,14
2012,5,20,John Brunton,1,32,1,30
2012,5,20,Lauren Laverne,1,8,0,22
2012,5,20,Observer,1,1,0,2
2012,5,20,Phil Hogan,1,0,0,2
2012,5,20,John Naughton,1,280,16,252
2012,5,20,Miranda Sawyer,1,1,0,5
2012,5,20,Interview by William Skidelsky,1,10,4,56
2012,5,20,Luke Jennings,1,6,0,2
2012,5,20,Nick Cohen,1,197,9,65
2012,5,20,Vicky Pryce,1,46,3,57
2012,5,20,Sierra Piura,1,444,15,261
2012,5,20,Denis Campbell Health Correspondent,1,145,1,131
2012,5,20,arts,1,24,7,26
2012,5,20,Yvonne Roberts,1,4,0,19
2012,5,20,Andrew Rawnsley,1,41,2,52
2012,5,20,Mariella Frostrup,1,10,0,11
2012,5,20,Catherine Bennett,1,40,0,111
2012,5,20,Olivia Laing,1,25,4,31
2012,5,20,Observer Sport staff,1,17,0,24
