year,month,week,name,articles,facebook,googleplus,twitter
2012,2,9,Presented by Alok Jha,1,30,1,54
2012,2,9,produced by Iain Chambers,1,30,1,54
2012,2,9,Jason Deans,3,66,0,107
2012,2,9,Press Association,113,1224,33,2463
2012,2,9,Peter Walker,2,84,8,191
2012,2,9,Steve Busfield at Madison Square Garden,1,12,1,5
2012,2,9,Harriet Sherwood,3,682,6,264
2012,2,9,Jill Treanor,16,672,18,608
2012,2,9,Chris Cook,8,2,0,47
2012,2,9,Roy Greenslade,18,711,9,524
2012,2,9,Jo Tuckman,1,14,0,15
2012,2,9,Ben Quinn,6,546,18,384
2012,2,9,Lisa O'Carroll,10,122,5,392
2012,2,9,Associated Press,47,3314,112,1422
2012,2,9,Patrick Wintour,15,2672,25,2025
2012,2,9,Sally Taylor,1,53,0,71
2012,2,9,Viv Groskop,1,52,0,18
2012,2,9,Sam Wollaston,4,65,0,125
2012,2,9,Reuters,6,1121,38,400
2012,2,9,Oli Gregory,1,79,1,51
2012,2,9,Laura Hammond,1,48,0,14
2012,2,9,Giles Fraser,1,34,3,25
2012,2,9,Ian Sample,6,2432,65,624
2012,2,9,Keith Stuart,10,83,8,623
2012,2,9,Charles Arthur,19,2515,131,3092
2012,2,9,Valerie Stewart,1,0,0,11
2012,2,9,Phil Maynard,1,59,2,25
2012,2,9,Andy Gallagher,5,531,6,181
2012,2,9,GrrlScientist,19,61,48,344
2012,2,9,Kate Hodal,4,152,4,165
2012,2,9,Julia Kollewe,12,82,6,402
2012,2,9,Evan Fanning,3,25,0,153
2012,2,9,Tom Bryant,1,12,0,41
2012,2,9,Ian McCourt,3,105,2,171
2012,2,9,Dick Vinegar,1,0,0,9
2012,2,9,David Walker,1,9,0,11
2012,2,9,Mary Hennock,3,72,2,128
2012,2,9,Faultline Fiction Fanatics (group member),1,2,1,17
2012,2,9,Paul Martin,1,0,0,14
2012,2,9,Josh Halliday,13,1020,55,1405
2012,2,9,Monkey,10,131,0,275
2012,2,9,Christoph Sinn,1,0,0,8
2012,2,9,Polly Curtis,5,12,0,141
2012,2,9,James Derounian,1,3,1,7
2012,2,9,John Ashdown,4,34,0,78
2012,2,9,James Callow,3,17,0,77
2012,2,9,agencies,19,1741,54,1357
2012,2,9,Nick Fletcher,27,13,3,154
2012,2,9,David Weston,1,8,3,23
2012,2,9,Jean-Louis Gassée,1,6,4,112
2012,2,9,<a href="http://www.businessgreen.com">BusinessGreen</a>,1,83,2,108
2012,2,9,part of the <a href="http://www.guardian.co.uk/environment/network" title="Guardian Environment Network">Guardian Environment Network</a>,3,159,3,250
2012,2,9,Ceri Jones,1,9,0,37
2012,2,9,Tina Beattie,1,17,4,31
2012,2,9,Christian Lindholm,1,8,1,15
2012,2,9,Stuart Dredge,11,220,26,2144
2012,2,9,John Plunkett,19,946,30,1013
2012,2,9,Lucy Snow,1,285,1,117
2012,2,9,Bella Mackie,3,2,0,3
2012,2,9,Carol Rumens,1,32,2,23
2012,2,9,Allan Jenkins,1,1,0,23
2012,2,9,Andrew Sparrow,6,24,0,357
2012,2,9,Tom Finn,2,13,0,46
2012,2,9,Mark Say,3,5,0,32
2012,2,9,Jessica Shepherd,4,29,0,131
2012,2,9,Anne Osterrieder,1,78,22,102
2012,2,9,Damian Carrington,3,1586,18,766
2012,2,9,Denis Campbell,10,1214,14,1006
2012,2,9,Mark Sweney,16,338,14,537
2012,2,9,Alan Connor,3,24,0,44
2012,2,9,Tom,2,31,2,29
2012,2,9,Henry Herbert,2,31,2,29
2012,2,9,Apostolos Doxiadis,1,324,4,51
2012,2,9,Brian Logan,4,49,0,56
2012,2,9,Michael Cox,1,101,1,144
2012,2,9,Ben Child,13,960,15,568
2012,2,9,Kate Hodge,8,11,0,81
2012,2,9,Mark King,6,69,2,296
2012,2,9,Sylvia Rowley,1,105,2,91
2012,2,9,Sean Michaels,11,1582,8,610
2012,2,9,James Meikle,3,15,1,104
2012,2,9,Nick Cowen,1,9,0,49
2012,2,9,Simon Goodley,8,80,1,226
2012,2,9,Tony Paley,2,0,0,14
2012,2,9,Nicola Adams,1,3,0,9
2012,2,9,Martin Wainwright,15,263,15,566
2012,2,9,Paolo Bandini,3,54,0,99
2012,2,9,Jo Confino for the <a href="http://www.guardian.co.uk/guardian-professional" title="Guardian Professional Network">Guardian Professional Network</a>,2,6645,34,396
2012,2,9,<strong><a href="http://www2.lse.ac.uk/GranthamInstitute">Grantham Research Institute</a></strong>,1,7,1,40
2012,2,9,Duncan Clark,1,7,1,40
2012,2,9,Clar Ni Chonghaile,2,24,0,21
2012,2,9,Clare Horton,5,24,0,9
2012,2,9,Frances Booth,1,558,5,144
2012,2,9,Alan Travis,8,350,11,335
2012,2,9,Henry Barnes,7,791,9,262
2012,2,9,Christine Oliver,1,274,4,112
2012,2,9,Andrew Pulver,5,329,7,175
2012,2,9,Xan Brooks,5,473,7,195
2012,2,9,Catherine Shoard,7,501,6,315
2012,2,9,Guardian Interactive team,1,274,4,112
2012,2,9,Interview by Chris Smith,2,44,0,71
2012,2,9,Rob Evans,3,54,3,82
2012,2,9,John Mason,1,17,0,47
2012,2,9,Nick Hopkins,5,369,7,287
2012,2,9,Corrections,5,1,0,13
2012,2,9,Claire Provost,3,156,3,155
2012,2,9,Hélène Mulholl,2,98,4,110
2012,2,9,,6,217,8,292
2012,2,9,Carlene Thomas-Bailey,2,201,7,79
2012,2,9,Justin McCurry,4,1639,33,480
2012,2,9,Tom Katsumi,1,140,5,31
2012,2,9,Jonathan Jones,6,289,10,212
2012,2,9,John Fordham,5,5,0,63
2012,2,9,Hélène Mulholland,8,216,4,332
2012,2,9,Sid Lowe,2,34,3,42
2012,2,9,Dave Hill,6,39,0,162
2012,2,9,Marcus Christenson,1,64,1,77
2012,2,9,Stephen Finlayson,1,10,0,48
2012,2,9,Open thread,3,53,0,86
2012,2,9,Hilary Osborne,5,203,8,203
2012,2,9,John Popham,1,6,0,74
2012,2,9,Michael White,9,51,3,219
2012,2,9,Henry McDonald,10,100,4,236
2012,2,9,Irel,7,89,3,157
2012,2,9,Invisible Woman,2,24,0,54
2012,2,9,Simon Chilvers,4,66,0,83
2012,2,9,Hannah Waldram,6,230,6,251
2012,2,9,Phillip Inman,7,62,2,125
2012,2,9,Richard Williams,4,59,2,82
2012,2,9,<a href="http://www.guardian.co.uk/profile/colin-r-g-murray">Colin R G Murray</a> for the <a href="http://www.humanrights.ie/">Human Rights,1,26,0,26
2012,2,9,part of the <a href="http://www.guardian.co.uk/law/series/guardian-legal-network">Guardian Legal Network</a>,1,26,0,26
2012,2,9,Christopher Bones,1,34,0,24
2012,2,9,Martin Robbins,2,625,20,197
2012,2,9,Natalie Haynes,1,181,2,35
2012,2,9,Frédéric Filloux,1,16,11,180
2012,2,9,Caroline Sullivan,4,78,5,121
2012,2,9,Angel Hsu for <a href="http://www.chinadialogue.net/">ChinaDialogue</a>,1,49,10,88
2012,2,9,part of the <a href="http://www.guardian.co.uk/environment/network">Guardian Environment Network</a>,2,93,10,212
2012,2,9,Julia Eccleshare,1,10,0,15
2012,2,9,Adam Boult,6,50,0,223
2012,2,9,John Vidal,2,1754,57,316
2012,2,9,Matt Trueman,5,138,1,111
2012,2,9,Andy Wilson,8,5,0,73
2012,2,9,Fiona Harvey,5,485,5,599
2012,2,9,Michael Hann,5,232,4,105
2012,2,9,Anna Chesters,1,3,1,31
2012,2,9,Elliot Ross,1,44,0,26
2012,2,9,Ben &amp; Jerry's,2,8,0,13
2012,2,9,Neil Rose,1,7,0,26
2012,2,9,Lyn Gardner,7,406,1,258
2012,2,9,Greg Wood,9,49,0,71
2012,2,9,David Cox,1,56,0,38
2012,2,9,staff,1,2,0,13
2012,2,9,Rita Skeeter,1,0,0,0
2012,2,9,Gines Haro Pastor,7,0,0,0
2012,2,9,Paddy Allen,1,15,0,35
2012,2,9,Diane Taylor,1,482,0,26
2012,2,9,Sara Ilyas,2,46,0,53
2012,2,9,Gill Hitchcock,4,4,1,36
2012,2,9,Julian Borger,8,483,10,436
2012,2,9,Mark Tran,6,212,3,266
2012,2,9,Liz Ford,1,44,0,27
2012,2,9,Chris Jones,1,0,0,2
2012,2,9,Tom Phillips,1,509,2,60
2012,2,9,Dan Sabbagh,8,221,13,481
2012,2,9,Graham Parker,1,13,0,5
2012,2,9,Richard Norton-Taylor,6,298,5,310
2012,2,9,Kevin Mitchell,8,141,0,70
2012,2,9,Siberia,1,50,1,13
2012,2,9,Ian Cobain,1,3,0,18
2012,2,9,Mark Redding,1,7,0,16
2012,2,9,Alexandra Topping,5,299,3,323
2012,2,9,Kim Willsher,3,238,4,116
2012,2,9,Marc Abrahams,1,19,5,20
2012,2,9,Owen Gibson,14,232,3,442
2012,2,9,Presented by James Richardson,2,9,1,38
2012,2,9,produced by Ben Green,3,9,1,43
2012,2,9,Katharine Whitehorn,1,19,0,26
2012,2,9,Ros Asquith,1,5,0,11
2012,2,9,Rob Bagchi,4,53,3,114
2012,2,9,Louise Taylor,3,43,1,71
2012,2,9,Nancy Cohen,1,101,3,53
2012,2,9,Helen Pidd,2,192,7,57
2012,2,9,Andrew Khan,1,9,1,23
2012,2,9,Kate McCann,4,27,5,94
2012,2,9,Huma Qureshi,2,211,2,117
2012,2,9,Lloyd Trott,1,1,0,14
2012,2,9,Helen Carter,11,396,15,280
2012,2,9,Louise Tickle,2,30,0,123
2012,2,9,Matthew Weaver,4,440,15,605
2012,2,9,Brian Whitaker,5,302,14,718
2012,2,9,Katharine Viner,1,156,2,99
2012,2,9,Geoffrey Goodman,1,2,0,12
2012,2,9,William Fotheringham,2,0,0,18
2012,2,9,Alan White,1,5,0,24
2012,2,9,Kerry Eustice,1,0,0,0
2012,2,9,O2,1,0,0,8
2012,2,9,Michael Cragg,5,205,1,110
2012,2,9,Adam Gabbatt,8,1113,16,722
2012,2,9,Karen McVeigh,9,631,7,209
2012,2,9,Guardian readers,2,42,0,35
2012,2,9,Simon Jeffery,1,48,1,40
2012,2,9,Peter Robinson,1,189,3,221
2012,2,9,Patrick Butler,8,474,16,670
2012,2,9,Claire Phipps,1,72,0,318
2012,2,9,Tom Clark,1,640,3,396
2012,2,9,Janine Utell for <a href="http://uvenus.org/" title="">University of Venus</a>,1,6,0,29
2012,2,9,Paul Lester,5,189,5,174
2012,2,9,David Gow,7,158,5,104
2012,2,9,Toby Hopwood,1,17,1,23
2012,2,9,Mary Rose Cook,1,17,1,23
2012,2,9,Zoë Stanton for the <a href="http://www.guardian.co.uk/guardian-professional" title="Guardian Professional Network">Guardian Professional Network</a>,1,17,1,23
2012,2,9,Tom Jenkins,4,10,1,62
2012,2,9,Tim Ashley,3,4,0,43
2012,2,9,Valerie Hannah,1,5,0,20
2012,2,9,Nils Pratley,7,39,1,79
2012,2,9,Michael Billington,6,116,2,66
2012,2,9,Amelia Gentleman,3,345,6,279
2012,2,9,Rajeev Syal,6,562,8,407
2012,2,9,Janet Murray,1,28,0,43
2012,2,9,Andrew Clements,8,20,0,84
2012,2,9,Paul Rees,6,15,0,61
2012,2,9,Jess Cartner-Morley,9,146,0,248
2012,2,9,Andy Hunter,8,284,0,425
2012,2,9,Gary Younge,2,193,3,87
2012,2,9,Rian Evans,1,2,0,13
2012,2,9,Larry Elliott,4,201,3,150
2012,2,9,Harriet Swain,1,7,0,23
2012,2,9,Clive Baldwin,1,7,0,23
2012,2,9,Mike Baker,1,15,1,67
2012,2,9,Chris Cross,1,188,3,91
2012,2,9,Ekaterina Ochagavia,2,440,3,126
2012,2,9,Tim Dowling,3,45,1,55
2012,2,9,Joanna Moorhead,3,249,1,154
2012,2,9,Clare Considine,2,1,0,45
2012,2,9,Hannah Verdier,2,1,0,45
2012,2,9,Ali Catterall,2,6,0,24
2012,2,9,John Robinson,2,1,0,21
2012,2,9,David Stubbs,3,1,0,57
2012,2,9,Leo Hickman,3,117,4,529
2012,2,9,Sarah Phillips,1,1,0,14
2012,2,9,George Monbiot,2,689,22,760
2012,2,9,Vikram Dodd,2,70,3,555
2012,2,9,Nick Davies,1,61,3,494
2012,2,9,Dominic Fifield,9,155,0,318
2012,2,9,David Conn,6,349,0,231
2012,2,9,John Vallins,1,15,0,49
2012,2,9,Hadley Freeman,3,1317,9,303
2012,2,9,Tanya Gold,1,351,2,145
2012,2,9,Simon Hoggart,5,57,2,146
2012,2,9,Michele Hanson,1,19,0,26
2012,2,9,Ha-Joon Chang,1,126,4,43
2012,2,9,Adrian Searle,1,95,0,55
2012,2,9,Emine Saner,3,119,5,141
2012,2,9,Nicholas Watt,11,464,10,604
2012,2,9,Ana Marie Cox,2,128,4,62
2012,2,9,Daniel Taylor,9,769,5,397
2012,2,9,Polly Toynbee,3,969,11,519
2012,2,9,Barney Ronay,6,42,1,100
2012,2,9,Donald McRae,1,391,3,72
2012,2,9,Kate Green,1,30,2,42
2012,2,9,shadow equalities minister,1,30,2,42
2012,2,9,Robert Kitson,8,83,5,119
2012,2,9,Lucy Mangan,5,8,0,86
2012,2,9,Editorial,14,241,11,474
2012,2,9,Kevin McCarra,2,21,0,77
2012,2,9,Interview by Patrick Kingsley,1,223,5,118
2012,2,9,Hugh Muir,6,58,0,114
2012,2,9,Ewan Murray,10,130,0,283
2012,2,9,Ryan Devereaux,4,534,2,179
2012,2,9,Jonathan Littell,2,586,13,258
2012,2,9,Imogen Fox,3,59,0,71
2012,2,9,Helena Smith,4,126,7,96
2012,2,9,Steve Bell,5,229,8,145
2012,2,9,Steve Busfield,7,47,2,65
2012,2,9,Sven Kaestner,1,133,1,73
2012,2,9,Graeme Wearden,4,209,10,484
2012,2,9,Ian Bird,1,0,0,9
2012,2,9,Ahmed Samatar,1,25,0,21
2012,2,9,Alok Jha,3,551,18,254
2012,2,9,Michael Lake,1,82,3,6
2012,2,9,Helen Clifton,1,11,0,44
2012,2,9,Duncan Rudkin,1,1,0,25
2012,2,9,Matt Hall,2,35,1,35
2012,2,9,Caspar Llewellyn Smith,2,93,0,40
2012,2,9,Rosie Swash,1,5,0,17
2012,2,9,Tom Lamont,1,5,0,17
2012,2,9,Ole Alsaker,1,5,0,17
2012,2,9,IlyaSPiranha:,1,1,0,11
2012,2,9,Clare Whelan,1,2,0,10
2012,2,9,Matt Roberts,1,4,0,29
2012,2,9,Shashank Joshi,1,38,0,47
2012,2,9,Business Action for Sustainable Development,1,4,3,16
2012,2,9,Blair McPherson,1,0,0,10
2012,2,9,Amy Cook,1,5,0,1
2012,2,9,Paula Stavrinos,1,5,0,1
2012,2,9,Simon Burnton,1,14,0,30
2012,2,9,Andy Miah,2,30,1,89
2012,2,9,Richard Johnson,3,115,5,194
2012,2,9,Kate Reiser,1,505,4,127
2012,2,9,Hari,1,0,0,47
2012,2,9,Jake,1,0,0,47
2012,2,9,Hannah Freeman,3,125,2,99
2012,2,9,political reporter,2,20,2,53
2012,2,9,Sade Laja,5,13,4,31
2012,2,9,Sarah Hartley,1,8,0,22
2012,2,9,Nancy Groves,2,27,0,22
2012,2,9,Mark Smith,1,0,0,26
2012,2,9,Peter Holbrook,1,0,0,0
2012,2,9,Signe Johansen,1,76,3,44
2012,2,9,Dean Johnson,1,3,1,11
2012,2,9,John Sutherland,1,91,0,7
2012,2,9,Rob Byrne,1,52,0,79
2012,2,9,Jim Watson,1,52,0,79
2012,2,9,Bob Ward,1,130,3,71
2012,2,9,Stuart Kelly,2,32,1,23
2012,2,9,Sam Jordison,1,37,0,56
2012,2,9,Paul Weaver,4,55,0,126
2012,2,9,Jeevan Vasagar,4,291,5,382
2012,2,9,Will Hayler,14,3,0,97
2012,2,9,Lisa Evans,2,41,3,104
2012,2,9,Colin Wren,1,13,1,46
2012,2,9,Sarah Dempster,1,10,0,22
2012,2,9,Ohio,1,6,0,8
2012,2,9,Alan Manning,1,14,4,34
2012,2,9,Guardian music,2,269,2,163
2012,2,9,Ross Morrison McGill,1,3,0,24
2012,2,9,Neil Cohen,1,2,0,14
2012,2,9,Brian Deer,1,230,11,128
2012,2,9,Roz Kaveney,1,38,2,28
2012,2,9,Nicola Clark,4,747,1,205
2012,2,9,Richard Sprenger,5,781,1,222
2012,2,9,Aleks Krotoski,1,4,2,57
2012,2,9,Iain Chambers,1,4,2,57
2012,2,9,Oliver Balch for the <a href="http://www.guardian.co.uk/guardian-professional" title="Guardian Professional Network">Guardian Professional Network</a>,1,21,0,13
2012,2,9,Charles Gant,1,5,0,21
2012,2,9,Jill Insley,3,286,2,175
2012,2,9,Simon Parkin,2,13,1,93
2012,2,9,Alison Flood,11,1532,36,1132
2012,2,9,Lawrence Donegan,9,7,0,121
2012,2,9,Severin Carrell,4,84,1,202
2012,2,9,Scotl,4,84,1,202
2012,2,9,Kate Holt,1,149,0,14
2012,2,9,Arjun Kohli,1,149,0,14
2012,2,9,Henning Meyer,1,10,1,23
2012,2,9,Chris Ham,1,6,0,16
2012,2,9,Brian Oliver,1,20,1,33
2012,2,9,Nicholas Lezard,1,20,0,11
2012,2,9,Occupy the SEC,1,11,1,23
2012,2,9,Mark Brown,6,933,14,347
2012,2,9,David Harper,1,67,0,37
2012,2,9,<a href="http://theoldbatsman.blogspot.com/" title="">The Old Batsman</a>,1,19,2,10
2012,2,9,part of the Guardian Sport Network,2,21,2,21
2012,2,9,Judith Mackrell,1,45,0,35
2012,2,9,Saeed Kamali Dehghan,2,118,4,84
2012,2,9,Anna Stothard,1,41,1,45
2012,2,9,Matt Cavanagh,2,17,0,40
2012,2,9,Shiv Malik,5,2498,26,1404
2012,2,9,David Brindle,2,8,0,61
2012,2,9,Daniel Sitole,1,31,1,49
2012,2,9,John Standingford,1,2,0,31
2012,2,9,Dave Boyle,1,113,3,54
2012,2,9,Nicolas Truong,1,321,5,113
2012,2,9,Nicolas Weill,1,321,5,113
2012,2,9,Jaques Mandelbaum,1,4,0,13
2012,2,9,Matthew Goodwin,1,7,0,17
2012,2,9,Raphael Honigstein,1,14,1,21
2012,2,9,Salvatore Aloïse,1,23,2,16
2012,2,9,Benjamin Barthe,1,35,3,28
2012,2,9,Daniel Bettridge,2,45,0,52
2012,2,9,Mary O'Hara,1,5,0,19
2012,2,9,Jan Trott,1,0,0,7
2012,2,9,Hannah Jenkinson,1,0,0,7
2012,2,9,Mariam Yamin,1,0,0,7
2012,2,9,Alex Aldridge,2,31,3,56
2012,2,9,Michelle Pauli,2,25,1,52
2012,2,9,Martin Godwin,1,8,0,15
2012,2,9,Jim Powell,1,8,0,15
2012,2,9,Savitri Hensman,1,22,0,12
2012,2,9,Shoshana Kessler,1,139,3,94
2012,2,9,Fen Montaigne for <a href="http://www.e360.yale.edu" title="Yale Environment 360">Yale Environment 360</a>,1,68,1,79
2012,2,9,Peter Hetherington,1,2,0,12
2012,2,9,Kate Pickering,1,0,0,0
2012,2,9,Fares Chamseddine,1,25,2,18
2012,2,9,Steve Boxer,2,6,3,93
2012,2,9,Greg Wood at Wellington,1,0,0,9
2012,2,9,Giles Tremlett,4,1412,11,339
2012,2,9,Gordon Cairns,1,27,0,32
2012,2,9,Jamie Jackson,13,120,1,428
2012,2,9,Brian Bond,1,12,0,14
2012,2,9,Mary Robinson,1,13,1,28
2012,2,9,Dave McAleer,1,1,0,24
2012,2,9,Honduras,1,6,0,3
2012,2,9,Roger Davies,1,1,0,18
2012,2,9,Carlene Firmin,1,30,0,33
2012,2,9,Lisa Foreman,1,2,2,13
2012,2,9,Guardian Government Computing,3,1,0,22
2012,2,9,Rory Carroll,5,342,4,187
2012,2,9,Jill Filipovic for <a href="http://www.feministe.us/blog/" title="">Feministe</a>,1,550,10,101
2012,2,9,part of the <a href="http://www.guprod.gnl/commentisfree/series/guardian-comment-network" title="">Guardian Comment Network</a>,1,550,10,101
2012,2,9,Emma Graham-Harrison,6,1231,14,365
2012,2,9,Paul Doyle,9,55,0,304
2012,2,9,Cabinet Office open data team,1,3,0,68
2012,2,9,Sahar Aziz,1,99,1,58
2012,2,9,Susanna Rustin,1,142,1,158
2012,2,9,Phil Hoad,1,24,0,43
2012,2,9,Haroon Siddique,2,139,4,334
2012,2,9,Jason Burke,1,2,0,6
2012,2,9,Mike Anderiesz,1,3,2,44
2012,2,9,Melissa Sanchez,1,38,0,15
2012,2,9,Janet Snell,1,8,0,44
2012,2,9,June Hautot,1,114,3,104
2012,2,9,Clair Foster,1,2,0,14
2012,2,9,Juliette Jowit,4,255,6,329
2012,2,9,Sarah Hughes,2,4,0,32
2012,2,9,Anthony Tucker,1,11,1,23
2012,2,9,Sarah Brodbin,2,33,0,31
2012,2,9,Justine Jordan,1,0,0,25
2012,2,9,Guardian fashion,2,30,0,62
2012,2,9,Felix Oldenburg for the <a href="http://www.guardian.co.uk/guardian-professional" title="Guardian Professional Network">Guardian Professional Network</a>,1,58,2,168
2012,2,9,Kate Molleson,1,1,0,14
2012,2,9,Nadja Popovich,2,10,4,35
2012,2,9,Studio 20 NYU,2,46,4,166
2012,2,9,Paul Harris,4,2529,18,406
2012,2,9,Gwyn Topham,4,13,1,51
2012,2,9,Paul Moody via <a href="http://www.rocksbackpages.com/" title="">Rock's Backpages</a>,1,18,1,22
2012,2,9,Guardian,2,255,6,188
2012,2,9,Richard Adams,6,340,7,303
2012,2,9,Matt Wells,1,218,5,38
2012,2,9,Laura Edwins,3,2,2,30
2012,2,9,Greg Wood at Taunton,1,0,0,5
2012,2,9,Alfred Hickling,3,14,0,41
2012,2,9,Rob Smyth,6,62,2,124
2012,2,9,Martin Kettle,1,1,0,13
2012,2,9,John Harris,2,847,10,210
2012,2,9,John Ashdown (first half),1,3,0,24
2012,2,9,Rob Bagchi (second half),1,3,0,24
2012,2,9,Richard Wachman,1,21,1,66
2012,2,9,Kathryn Hughes,2,42,0,51
2012,2,9,Maseeh Rahman,1,101,3,48
2012,2,9,Suzanne Goldenberg,4,255,17,265
2012,2,9,Barney Ronay at Dubai International Cricket Stadium,1,4,1,6
2012,2,9,Owen Bowcott,5,192,12,174
2012,2,9,David Laws,1,22,0,190
2012,2,9,Helen Nugent,1,146,1,84
2012,2,9,James Ball,3,1876,20,991
2012,2,9,Gwilym Mumford,1,5,0,15
2012,2,9,Julia Raeside,3,10,0,91
2012,2,9,Martin Skegg,3,5,0,63
2012,2,9,Andy Bull,1,1,0,5
2012,2,9,Patrick Barkham,2,62,1,51
2012,2,9,Simon Jenkins,2,78,1,158
2012,2,9,Amanda Michel,1,37,1,150
2012,2,9,Paul Evans,1,1,0,46
2012,2,9,Stuart Jeffries,3,226,2,114
2012,2,9,Richard Luscombe,1,170,2,12
2012,2,9,Maddy Costa,2,15,0,41
2012,2,9,Interview by Laura Barnett,1,13,0,19
2012,2,9,Harry J Enten,3,8,2,49
2012,2,9,Tim Jonze,1,59,4,100
2012,2,9,Dominic Fifield at the Stadio San Paolo,2,33,1,69
2012,2,9,Stuart James,7,80,1,163
2012,2,9,Kieran Yates,1,33,0,35
2012,2,9,Cameron Robertson,1,33,0,35
2012,2,9,Seumas Milne,1,610,8,345
2012,2,9,Ewen MacAskill,6,713,17,179
2012,2,9,Jonny Weeks,2,5,0,39
2012,2,9,Bolivia,1,16,1,9
2012,2,9,Naomi Wolf,2,164,2,149
2012,2,9,Simon Bowers,11,202,3,251
2012,2,9,Tim Rich at Bloomfield Road,1,14,0,16
2012,2,9,Daniel Taylor at the Stadio San Paolo,1,96,0,47
2012,2,9,Richard Williams at the Stadio San Paolo,1,21,0,35
2012,2,9,Alexis Petridis,2,51,0,78
2012,2,9,Staff,3,669,16,293
2012,2,9,Hannah Booth,2,103,2,102
2012,2,9,David Tyler,1,15,2,31
2012,2,9,Virginia Wallis,2,1,0,37
2012,2,9,Kevin Watkins,1,115,7,125
2012,2,9,Edzard Ernst,1,197,11,151
2012,2,9,Clive Davenport,1,0,0,10
2012,2,9,Simon Rogers,4,237,3,236
2012,2,9,Robin Tudge,1,47,2,41
2012,2,9,Michael Pidd,1,4,0,8
2012,2,9,Despina Tapaki,1,3,0,7
2012,2,9,Nick Stockman,1,14,0,22
2012,2,9,Colin Horgan,1,11,0,5
2012,2,9,Stephen Burke,1,9,0,14
2012,2,9,Peter Bispham,1,8,0,28
2012,2,9,Gregg Roughley,1,4,0,23
2012,2,9,Christian Bennett,2,253,1,81
2012,2,9,Jules Birch,1,13,0,90
2012,2,9,Kate Bevan,1,57,11,288
2012,2,9,Colin Wiles,1,5,0,12
2012,2,9,Jane Williams,1,76,1,28
2012,2,9,Debbie Andalo,1,0,0,3
2012,2,9,Lizzie Enfield,1,49,1,78
2012,2,9,Chris Goodall for <a href="http://www.carboncommentary.com">Carbon Commentary</a>,1,44,0,124
2012,2,9,Pauline Graham,1,0,0,0
2012,2,9,Dan Milmo,2,7,0,28
2012,2,9,Tessa Hadley,1,65,1,18
2012,2,9,Alex Needham,4,407,3,158
2012,2,9,Jenny Jameson,1,79,0,43
2012,2,9,Paul Mason,1,54,2,89
2012,2,9,As seen by Catherine Bennett,1,1,0,26
2012,2,9,Pauline Seston,1,12,1,23
2012,2,9,Irene Ros,2,131,3,128
2012,2,9,Nicola Hughes,2,131,3,128
2012,2,9,Will de Freitas,2,131,3,128
2012,2,9,Alex Graul,2,131,3,128
2012,2,9,the Guardian Interactive team,1,122,3,94
2012,2,9,Cathryn Clarke,1,38,0,17
2012,2,9,Elena Panaritis,1,20,0,19
2012,2,9,Anna Tims,3,100,3,161
2012,2,9,Natalie Bennett,1,1,0,1
2012,2,9,Tony Paley:,1,0,0,7
2012,2,9,Marie Colvin,1,786,10,298
2012,2,9,Martin Chulov,4,1185,14,628
2012,2,9,Angelique Chrisafis,4,1544,9,492
2012,2,9,Hannah Fearn,2,33,0,21
2012,2,9,Andrew Percy MP,1,2,0,22
2012,2,9,Laura Laker,1,258,2,176
2012,2,9,Owen Hatherley,1,15,1,46
2012,2,9,Barry Glendenning,1,69,0,19
2012,2,9,Noah Payne-Frank,1,69,0,19
2012,2,9,John Patterson,2,78,2,39
2012,2,9,Peter Beaumont,5,550,6,356
2012,2,9,Jonathan Wilson,1,112,5,57
2012,2,9,Jason Farago,1,17,2,27
2012,2,9,John Elkington for the <a href="http://www.guardian.co.uk/guardian-professional" title="Guardian Professional Network">Guardian Professional Network</a>,1,3,0,16
2012,2,9,Jacob Steinberg,3,324,2,150
2012,2,9,Tom Service,2,225,1,95
2012,2,9,Alison Rourke,2,49,1,89
2012,2,9,guardian.co.uk,1,2,0,5
2012,2,9,Jessica Fuhl,1,2,1,11
2012,2,9,Randa Musa,1,517,6,189
2012,2,9,Peter Bradshaw,10,208,0,159
2012,2,9,Lindesay Irvine,2,1812,11,284
2012,2,9,Samir Elhawary,1,7,0,12
2012,2,9,Ruth Jamieson,1,89,3,40
2012,2,9,Maev Kennedy,3,46,1,55
2012,2,9,Norman Baker,1,23,0,89
2012,2,9,Laura Barnett,2,101,0,171
2012,2,9,Pat Kane,1,6,0,41
2012,2,9,Sarah Ditum,1,140,2,45
2012,2,9,Presented by Alexis Petridis,1,4,0,16
2012,2,9,produced by Pascal Wyse,1,4,0,16
2012,2,9,Andrew Parkin,1,13,0,28
2012,2,9,Tom Kington,4,157,10,324
2012,2,9,John Windle,1,1,0,11
2012,2,9,Angela Hartnett,1,33,0,18
2012,2,9,Jenny Purt for the <a href="http://www.guardian.co.uk/guardian-professional" title="Guardian Professional Network">Guardian Professional Network</a>,1,3,0,12
2012,2,9,Interview by Sarah Phillips,1,17,0,21
2012,2,9,Michael P Jeffries,1,66,1,45
2012,2,9,James Murray for <a href="http://www.businessgreen.com">BusinessGreen</a>,1,8,0,63
2012,2,9,Rowan Davies,1,1441,5,273
2012,2,9,Zoe Wood,1,15,0,19
2012,2,9,Flic Everett,1,6,0,12
2012,2,9,Paul Wilson,3,33,0,118
2012,2,9,Clar ni Chonghaile,1,9,0,17
2012,2,9,Tom Meltzer,2,2604,22,208
2012,2,9,Christopher Thomond,1,1,0,3
2012,2,9,Ben Green,1,1,0,3
2012,2,9,Guardian healthcare network,2,0,0,9
2012,2,9,Maggoty Lamb,1,9,0,22
2012,2,9,Courtesy of Old Bailey Online,2,6,0,38
2012,2,9,Rabina Khan,1,9,0,28
2012,2,9,Peter Climie,1,0,0,0
2012,2,9,Eliza Anyangwe,1,29,4,88
2012,2,9,Matthew Caines,2,131,2,312
2012,2,9,David Lloyd Owen for the <a href="http://www.guardian.co.uk/guardian-professional" title="Guardian Professional Network">Guardian Professional Network</a>,1,8,0,10
2012,2,9,Simon Tisdall,2,241,3,116
2012,2,9,Paul Crask,1,123,2,106
2012,2,9,Matthew Taylor,3,118,2,120
2012,2,9,Andrew Brown,2,230,8,75
2012,2,9,World Business Council for Sustainable Development,2,3,1,21
2012,2,9,Graeme Lamb,1,16,0,112
2012,2,9,Sadhbh Walshe,1,70,2,56
2012,2,9,Naomi Colvin,1,33,1,16
2012,2,9,Ronan McNern,1,33,1,16
2012,2,9,Uki Goni,1,151,4,60
2012,2,9,Rupert Neate,1,8,0,8
2012,2,9,Mark Beaumont,1,2,0,10
2012,2,9,Zoe Williams,2,40,1,86
2012,2,9,Saeed Shah,1,40,4,41
2012,2,9,Arizona,2,90,1,80
2012,2,9,Jon Henley,1,108,0,86
2012,2,9,Suzanne Moore,1,834,4,627
2012,2,9,Steve Rose,4,32,0,86
2012,2,9,Vicky Frost,2,192,4,139
2012,2,9,Patrick Kingsley,1,12,0,35
2012,2,9,Norman Fowler,1,15,0,53
2012,2,9,Luke Harding,1,359,4,112
2012,2,9,Richard Vine,1,0,0,36
2012,2,9,Andrew Mueller,1,0,0,36
2012,2,9,Kevin McCarra at the Etihad Stadium,1,4,0,18
2012,2,9,Timothy Garton Ash,1,54,2,41
2012,2,9,Ray Collier,1,9,0,50
2012,2,9,Mohamed Sharif Mohamud,1,99,1,23
2012,2,9,Michael Wolff,2,130,5,231
2012,2,9,Editorial:,1,32,0,25
2012,2,9,Ewan Murray at Celtic Park,2,1,0,50
2012,2,9,Marina Hyde,5,263,3,355
2012,2,9,Jasmine Coleman,2,157,2,108
2012,2,9,Juliette Garside,5,378,21,772
2012,2,9,Felicity Cloake,1,137,1,55
2012,2,9,Will Self,1,102,2,109
2012,2,9,Dennis Barker,1,45,0,28
2012,2,9,Jonathan Watts,3,521,15,530
2012,2,9,Rebecca Smithers,2,61,1,94
2012,2,9,Kevin Baughen,1,3,4,15
2012,2,9,Thomas Midlane,2,119,4,59
2012,2,9,Mary Harper,1,49,1,50
2012,2,9,Hugh Hebert,1,20,0,36
2012,2,9,Mike Woods,1,5,0,13
2012,2,9,<a href="http://www.creativeboom.co.uk/" title="">Creative Boom</a>,1,27,0,46
2012,2,9,Sean Mason,1,27,0,46
2012,2,9,part of the <a href="http://www.guardian.co.uk/culture-professionals-network" title="">Guardian Culture Professionals Network</a>,1,27,0,46
2012,2,9,Isabelle Jones,1,184,4,38
2012,2,9,Scott Murray,6,38,2,127
2012,2,9,Julian Baggini,2,77,6,52
2012,2,9,Peter Hall,1,12,2,41
2012,2,9,Robert Ashton,1,1,0,2
2012,2,9,ThePinkElephant,2,20,0,27
2012,2,9,Anna-Marie Crowhurst,3,285,1,151
2012,2,9,Edward Davie,1,24,0,34
2012,2,9,Geoff Coleman,1,1,0,7
2012,2,9,Ian Sansom,1,26,0,32
2012,2,9,Dawn Foster,2,0,0,2
2012,2,9,Angus Ritchie,1,10,1,42
2012,2,9,Nick Baveystock,1,0,0,9
2012,2,9,Tara Conlan,2,83,1,88
2012,2,9,Zac Purchase,1,31,0,19
2012,2,9,Giles Hutchins for the <a href="http://www.guardian.co.uk/guardian-professional"> Guardian Professional Network</a>,1,32,0,59
2012,2,9,Clive Stafford Smith,1,16,0,35
2012,2,9,Justin McGuirk,1,397,15,146
2012,2,9,Benedicte Page,1,16,2,102
2012,2,9,Jess Ratty,1,19,1,21
2012,2,9,Carl Gardner,1,20,1,50
2012,2,9,Adam Vaughan,1,182,1,254
2012,2,9,Susie Steiner,2,15,0,49
2012,2,9,Carolyne Willow,1,28,0,27
2012,2,9,Alex von Tunzelmann,1,18,0,21
2012,2,9,Ryan Lewis,1,8,0,34
2012,2,9,Fiona Maddocks,1,39,0,15
2012,2,9,Patrick Collinson,2,37,1,67
2012,2,9,Ananyo Bhattacharya,1,110,5,111
2012,2,9,Andrea Vogt,1,145,2,99
2012,2,9,Jessie Cave,1,25,1,90
2012,2,9,Joshua Surtees,1,82,2,35
2012,2,9,Rebecca Ratcliffe,1,23,0,32
2012,2,9,Skye Sherwin,3,14,0,51
2012,2,9,Ben Kape,1,252,0,35
2012,2,9,Damien Walter,1,429,5,82
2012,2,9,Richard Murphy for <a href="http://www.taxresearch.org.uk/Blog/" title="">Tax Research UK</a>,1,91,1,68
2012,2,9,part of the <a href="http://www.guardian.co.uk/commentisfree/series/guardian-comment-network" title="">Guardian Comment Network</a>,1,91,1,68
2012,2,9,Jessica Reed,1,489,6,119
2012,2,9,Becky Gardiner,1,489,6,119
2012,2,9,Jon Ronson,1,99,2,171
2012,2,9,Lucy Greenwell,1,99,2,171
2012,2,9,Remy Lamont,1,99,2,171
2012,2,9,Robert McCrum,1,50,1,78
2012,2,9,Hunter Felt,2,3,0,15
2012,2,9,Tim Hill,1,14,2,29
2012,2,9,Guardian Research Department,1,77,2,24
2012,2,9,Anna Perman,1,32,2,86
2012,2,9,Jon Robins,1,17,0,107
2012,2,9,Paolo Bandini at the Aquatics Centre,2,1,0,17
2012,2,9,Liam Kelly,3,19,0,121
2012,2,9,Jack Schofield,1,5,2,81
2012,2,9,Bruce Dessau,1,17,0,12
2012,2,9,Jane Martinson,1,43,2,30
2012,2,9,Rupert Jones,3,70,0,98
2012,2,9,Amy Lawrence,2,26,0,82
2012,2,9,Amy Goodman,1,22,0,15
2012,2,9,Katie Allen,1,6,0,22
2012,2,9,Miriam Elder,1,37,4,29
2012,2,9,Allison Ogden Newton,1,5,2,41
2012,2,9,Sophia Vanco,1,48,1,42
2012,2,9,Public Leaders,1,0,0,3
2012,2,9,James Randerson,1,94,2,122
2012,2,9,Berlin,1,181,3,51
2012,2,9,Presented by Tom Clark,1,14,3,30
2012,2,9,produced by Phil Maynard,1,14,3,30
2012,2,9,Isabel Choat,1,89,3,86
2012,2,9,Margaret McGowan,1,0,0,17
2012,2,9,Nabil Ahmed,1,139,1,66
2012,2,9,Andrew Saint,1,5,1,15
2012,2,9,John Dugdale,1,4,0,28
2012,2,9,Nichi Hodgson,1,111,1,75
2012,2,9,Jon Dennis,2,34,0,43
2012,2,9,Helienne Lindvall,1,20,0,50
2012,2,9,The Orchestra of the Age of Enlightenment,1,7,0,14
2012,2,9,Joe Paxton,1,726,2,202
2012,2,9,Dan Gillmor,1,64,16,130
2012,2,9,Sue Littlemore,1,11,0,61
2012,2,9,Ben Beaumont-Thomas,1,27,0,88
2012,2,9,Phillip Lee,1,10,0,21
2012,2,9,David Smith,2,157,4,148
2012,2,9,Aryeh Moss,1,5,0,11
2012,2,9,Mark Fisher,1,5,0,16
2012,2,9,Dalya Alberge,1,289,8,122
2012,2,9,Dave Simpson,1,1,0,16
2012,2,9,Sean Penn,1,612,6,284
2012,2,9,Karen McVeigh at Fort Meade,1,219,13,100
2012,2,9,Chris Cook at Huntingdon,1,0,0,5
2012,2,9,Philippa Perry,1,205,4,114
2012,2,9,Joe Queenan,1,4,0,5
2012,2,9,Graeme Thomson,1,254,2,78
2012,2,9,Elisabeth Mahoney,1,1,0,6
2012,2,9,Phelim O'Neill,2,0,0,20
2012,2,9,Jonathan Wright,1,0,0,12
2012,2,9,Mo Costandi,1,181,8,133
2012,2,9,Christine Smith,1,4,1,54
2012,2,9,David Batty,5,223,16,1109
2012,2,9,Stuart James at the Mestalla,1,7,0,15
2012,2,9,Tom Hughes,1,2,0,13
2012,2,9,Ed Husain,1,43,1,47
2012,2,9,Andy Hunter at Old Trafford,1,13,0,58
2012,2,9,<strong>Dave Simpson</strong>,1,4,0,16
2012,2,9,Harry Pearson,1,10,0,24
2012,2,9,Robin Denselow,2,7,0,32
2012,2,9,Ruth Spencer,2,13,0,129
2012,2,9,<strong>Caspar&nbsp;Llewellyn Smith</strong>,1,7,0,10
2012,2,9,James Richardson,1,30,1,18
2012,2,9,Olly Hunter,2,12,0,30
2012,2,9,Will Wainewright,1,953,1,252
2012,2,9,David Lengel,1,12,0,10
2012,2,9,Ian Joseph,1,12,0,156
2012,2,9,Ros Taylor,1,0,1,4
2012,2,9,Ed Jacobs,1,25,0,43
2012,2,9,Duncan Thorp,1,0,0,0
2012,2,9,Alan Fisher,1,9,0,26
2012,2,9,Duncan Jefferies,1,1,0,10
2012,2,9,Joseph Foley,1,4,0,22
2012,2,9,Richard Vize,1,1,1,13
2012,2,9,Martin Belam,1,7,0,4
2012,2,9,Theo Tait,1,22,1,27
2012,2,9,Janette Owen,1,48,0,18
2012,2,9,ThePinkElephant:,1,12,0,4
2012,2,9,Alex Clark,1,16,1,9
2012,2,9,Craig Dearden-Phillips,1,0,0,13
2012,2,9,Pete Brown,3,166,3,115
2012,2,9,John Van Reenen,1,4,2,38
2012,2,9,Sheriff Bojang Jnr,1,37,0,25
2012,2,9,Stuart O'Connor,1,0,0,35
2012,2,9,Alex Crossman,1,4,1,14
2012,2,9,Anne Longfield,1,13,0,11
2012,2,9,David Barnett,1,89,3,24
2012,2,9,Presented by Jason Solomons,1,2,0,15
2012,2,9,produced by Jason Phipps,1,2,0,15
2012,2,9,with Xan Brooks,1,2,0,15
2012,2,9,Matthew Yeomans for the <a href="http://www.guardian.co.uk/guardian-professional" title="Guardian Professional Network">Guardian Professional Network</a>,1,6,0,22
2012,2,9,Kishwar Desai,1,26,1,44
2012,2,9,Gloria Hyatt,1,21,3,45
2012,2,9,Helen Seamons,1,39,0,19
2012,2,9,Lizzy Davies,3,1399,19,848
2012,2,9,Mike Averis,2,2,0,10
2012,2,9,James Walsh,1,2,0,6
2012,2,9,Guardian Fashion,1,0,0,11
2012,2,9,Rick Gekoski,1,138,2,104
2012,2,9,Laura Oliver,2,0,0,9
2012,2,9,David Mervin,1,2,0,26
2012,2,9,Alan Sykes,1,15,0,68
2012,2,9,Joe Saxton,1,0,1,4
2012,2,9,David Lacey,1,10,0,28
2012,2,9,Daniel Pearson,2,0,0,0
2012,2,9,Lisa Allardice,1,76,0,71
2012,2,9,Presented by John Plunkett,1,0,0,5
2012,2,9,Fiona Czerniawska,1,0,0,11
2012,2,9,Stephen Pritchard,1,3,0,10
2012,2,9,Jonathan Crowther,2,0,0,5
2012,2,9,James Dart,1,0,0,12
2012,2,9,Jane Rayner for the <a href="http://www.guardian.co.uk/guardian-professional" title="Guardian Professional Network">Guardian Professional Network</a>,1,10,0,35
2012,2,9,Philip Oltermann,1,38,11,126
2012,2,9,Michael Meadowcroft,1,2,0,10
2012,2,9,Becky Garrison,1,52,0,12
2012,2,9,Paul Mills,1,38,0,102
2012,2,9,Tim Jones,1,87,1,33
2012,2,9,Ian Martin,1,13,0,20
2012,2,9,Blanche Vaughan,1,1,0,18
2012,2,9,Rupert Sawyer,1,3,0,13
2012,2,9,Rachel Cooke,1,8,0,18
2012,2,9,Rob Taylor,1,1,0,4
2012,2,9,guardian.co.uk/music,2,221,0,78
2012,2,9,Imogen Heap,1,217,0,65
2012,2,9,Nick Asbury,1,7,0,12
2012,2,9,Fred Pearce,1,15,0,53
2012,2,9,Joanne O'Connor,2,29,1,56
2012,2,9,Amanda Hopkinson,1,61,1,30
2012,2,9,Gloria Steinem,1,986,5,201
2012,2,9,Lauren Wolfe,1,986,5,201
2012,2,9,David McCandless,1,5,0,25
2012,2,9,Brendan Fanning,1,0,0,3
2012,2,9,Shaun Edwards,1,16,0,18
2012,2,9,Priscilla Kwateng,1,34,0,17
2012,2,9,SuperBen,1,0,0,6
2012,2,9,Graham Hayday,1,5,0,34
2012,2,9,Sandra Laville,1,10,0,10
2012,2,9,Matt Jolly,1,4,0,14
2012,2,9,Presented by Jonathan Freedl,1,7,0,19
2012,2,9,produced by Sarah Peters,1,7,0,19
2012,2,9,John Beech for <a href="http://footballmanagement.wordpress.com/" title="">Football Management</a>,1,2,0,11
2012,2,9,Presented by Claire Armitstead,1,58,1,36
2012,2,9,produced by Simon Barnard,1,58,1,36
2012,2,9,Ben Dowell,2,52,5,100
2012,2,9,David Buckman,1,0,0,8
2012,2,9,Devoted &amp; Disgruntled,1,13,0,12
2012,2,9,Leo Benedictus,1,45,0,13
2012,2,9,Louise Bolotin,1,32,1,25
2012,2,9,Alistair Smith,1,10,0,22
2012,2,9,CAF Partnerzone,1,0,0,0
2012,2,9,Graham Snowdon,1,1,0,24
2012,2,9,Nick Francis,1,435,2,53
2012,2,9,Marc Silver,1,435,2,53
2012,2,9,Tania Branigan,2,322,31,200
2012,2,9,Rob Smyth (then,1,10,0,23
2012,2,9,now),1,10,0,23
2012,2,9,Simon Burnton (the bit,1,10,0,23
2012,2,9,Ian Gittins,1,0,0,8
2012,2,9,Dominic Rushe,2,745,8,148
2012,2,9,Andrew Collins,1,2,0,12
2012,2,9,Mike Small,1,44,0,83
2012,2,9,Photographs by Alejandro Cartagena. Words by Hannah Booth,1,35,0,14
2012,2,9,Sanjoy Roy,1,7,0,10
2012,2,9,Stephen Sweeney,1,10,0,21
2012,2,9,Photographs by Michael Marten,1,304,4,131
2012,2,9,Christine Svarer for the <a href="http://www.guardian.co.uk/guardian-professional" title="Guardian Professional Network">Guardian Professional Network</a>,1,15,0,24
2012,2,9,Rosie Bristow for the <a href="http://www.guardian.co.uk/guardian-professional"> Guardian Professional Network</a>,1,37,2,66
2012,2,9,James Campbell,1,41,0,25
2012,2,9,Ed Pilkington,1,168,0,35
2012,2,9,Kansas,1,168,0,35
2012,2,9,Paola Totaro,1,48,1,31
2012,2,9,George Hall,1,11,0,18
2012,2,9,Andrew Copson,1,67,1,56
2012,2,9,Tom Parker-Bowles,1,5,0,11
2012,2,9,Austin Bush,1,12,2,20
2012,2,9,Luisa Dillner,1,24,0,27
2012,2,9,Jonathan Freedland,1,22,0,50
2012,2,9,Sarah Butler,1,5,0,10
2012,2,9,Derek Niemann,1,4,0,40
2012,2,9,Deborah Orr,2,18,2,73
2012,2,9,Interview by Oliver Laughland,1,1,0,4
2012,2,9,Marie Darrieussecq,1,138,4,59
2012,2,9,Simon Hattenstone,1,10,1,24
2012,2,9,Adrian Craddock,1,418,29,206
2012,2,9,Logan Price,1,184,1,54
2012,2,9,Ian Jack,1,9,0,21
2012,2,9,Ahdaf Soueif,1,135,1,40
2012,2,9,Joseph Harker,1,17,0,47
2012,2,9,Andy Wilson at Langtree Park,1,8,0,22
2012,2,9,Paul Simons,1,2,0,37
2012,2,9,Agencies,1,1,0,20
2012,2,9,Charles Bainbridge,1,8,0,9
2012,2,9,Sally Shalam,1,2,0,17
2012,2,9,Susan Greenwood,2,33,0,16
2012,2,9,Alistair Morgan,1,33,0,29
2012,2,9,Emma Kennedy,1,14,0,17
2012,2,9,Dixe Wills,1,39,0,26
2012,2,9,Emma Brockes,1,29,1,12
2012,2,9,John Mullan,2,23,0,17
2012,2,9,Joanna Carey,2,68,1,52
2012,2,9,Richard Holloway,1,8,0,10
2012,2,9,J Hoberman,1,90,2,63
2012,2,9,Catherine Taylor,1,3,0,9
2012,2,9,Rosemary Hill,1,11,3,32
2012,2,9,Jan Morris,1,14,0,16
2012,2,9,Lara Feigel,1,19,0,7
2012,2,9,Carrie O'Grady,1,2,0,2
2012,2,9,Jay Parini,1,6,0,5
2012,2,9,Judith Flanders,1,0,0,5
2012,2,9,Toby Wilkinson,1,8,0,15
2012,2,9,Steven Poole,1,0,0,3
2012,2,9,Blake Morrison,2,53,1,40
2012,2,9,Sue Arnold,1,0,0,28
2012,2,9,Belinda McKeon,1,1,0,9
2012,2,9,Tim Birkhead,1,28,1,27
2012,2,9,Leonard Barden,1,0,0,4
2012,2,9,John Lanchester,2,1059,33,505
2012,2,9,Miles Brignall,4,1,2,31
2012,2,9,Laura Barton,1,248,1,41
2012,2,9,Sali Hughes,1,17,0,15
2012,2,9,Fiona Beckett,1,2,0,44
2012,2,9,Tom Dyckhoff,1,32,0,18
2012,2,9,Stephen Collins,1,22,0,15
2012,2,9,Dan Lepard,1,38,5,21
2012,2,9,Jane Perrone,1,3,0,5
2012,2,9,Robert Macfarlane,1,26,2,49
2012,2,9,Dan Chung,1,99,6,81
2012,2,9,Albert Hill,1,340,5,83
2012,2,9,Alys Fowler,2,3,0,7
2012,2,9,Susanne Masters,1,9,1,2
2012,2,9,Thomas Eaton,1,0,0,0
2012,2,9,Rosanna Greenstreet,1,81,0,36
2012,2,9,Hugh Fearnley-Whittingstall,1,111,2,79
2012,2,9,Yotam Ottolenghi,1,62,0,16
2012,2,9,<a href="http://www.esa.int/esaMI/Mars500/SEMA0H1W36G_0.html" title="">Romain Charles</a>,1,20,0,10
2012,2,9,Oliver Burkeman,1,129,6,173
2012,2,9,Anonymous,1,1,0,3
2012,2,9,Becky Barnicoat. Portrait by <a href="http://emilystein.co.uk" title="">Emily Stein</a>,1,3,0,5
2012,2,9,Amanda Mitchison,1,207,6,81
2012,2,9,As told to Graham Snowdon,1,1,1,3
2012,2,9,Lisa Bachelor,1,21,0,31
2012,2,9,Andrea Wren,1,5,1,17
2012,2,9,Jeremy Bullmore,1,0,0,3
2012,2,9,Jill Papworth,1,2,0,4
2012,2,9,The Secret Footballer,1,40,1,55
2012,2,9,Kevin Powell,1,33,0,32
2012,2,9,Rebecca Nicholson,1,40,0,36
2012,2,9,Jonathan Bernstein,1,19,0,8
2012,2,9,Emily Carlisle,1,96,2,155
2012,2,9,Stuart Goodwin &amp; Richard Vine,1,0,0,0
2012,2,9,Piers Martin,1,144,1,49
2012,2,9,Robert Clark,1,4,0,32
2012,2,9,Johnny Dee,1,2,0,1
2012,2,9,Jon &amp; Mick/moderntoss.com,1,2,0,2
2012,2,9,Stuart Goodwin,1,0,0,4
2012,2,9,Steven Appleby,1,1,0,2
2012,2,9,Nick Duerden,1,11,0,10
2012,2,9,Helen Carroll,1,248,1,47
2012,2,9,Annalisa Barbieri,1,7,0,5
2012,2,9,Charlie Condou,1,1,0,14
2012,2,9,Michael Hogan,1,51,0,37
2012,2,9,The Guide,1,0,0,1
2012,2,9,Grace Dent,1,9,0,5
2012,2,9,John Fordham &amp; John Robinson,1,0,0,6
2012,2,9,Harriet Gibsone,1,1,0,5
2012,2,9,James Kettle,1,2,0,3
2012,2,9,Nick Gillett,1,0,1,59
2012,2,9,Patric Baird,1,21,0,10
2012,2,9,John Mitchell,1,21,0,10
2012,2,9,Sam Richards &amp; Marc Rowlands,1,21,0,10
2012,2,9,Sam Richards,1,21,0,33
2012,2,9,Robert Clark &amp; Skye Sherwin,1,6,0,28
2012,2,9,Iain Aitch &amp; Katrina Dixon,1,3,0,29
2012,2,9,Mark Cook &amp; Lyn Gardner,1,0,0,6
2012,2,9,Charlie Lyne,1,11,1,32
2012,2,9,Nicola Jennings,1,0,0,9
2012,2,9,Edmund White,1,2,0,32
2012,2,9,Martin Rowson,1,12,0,42
2012,2,9,Joe Berger,1,0,0,7
2012,2,9,Pascal Wyse,1,0,0,7
2012,2,9,Mikey Matthews,1,35,0,43
2012,2,9,Interview by Emine Saner,1,10,0,35
2012,2,9,Oliver Laughland,1,127,2,94
2012,2,9,Charlotte Simpson,1,91,0,74
2012,2,9,Jo Jones,1,11,1,42
2012,2,9,Damien Pearse,3,310,5,181
2012,2,9,Jon Butterworth,1,57,12,33
2012,2,9,Maggie Brown,1,35,0,62
2012,2,9,David Hill,1,271,5,92
2012,2,9,Michael Solomon,1,7,0,13
2012,2,9,Uffe Elbæk,1,238,5,91
2012,2,9,Androulla Vassiliou,1,238,5,91
2012,2,9,OrliTheBookworm,1,0,0,15
2012,2,9,Yvonne Roberts,1,6,1,47
2012,2,9,Lucy Cavendish,1,6,1,47
2012,2,9,Michael Aylwin at the Aviva Stadium,1,2,0,6
2012,2,9,Mark Honigsbaum,1,351,8,89
2012,2,9,Tracy McVeigh,4,1481,11,319
2012,2,9,Tom Lutz,2,2,0,65
2012,2,9,Scott Anthony,1,0,0,7
2012,2,9,Amy Lawrence at Stamford Bridge,1,11,0,32
2012,2,9,Louise Taylor at St James' Park,1,1,0,20
2012,2,9,Russell Kempson at Loftus Road,1,4,0,15
2012,2,9,Lizz Winstead,1,271,4,73
2012,2,9,Robert Kitson at Twickenham,1,39,0,12
2012,2,9,Ian Winrow at Fratton Park,1,0,0,16
2012,2,9,Chris Cook at Kempton Park,1,0,0,4
2012,2,9,Richard Gibson at the DW Stadium,1,2,0,19
2012,2,9,Nial Briggs,1,0,0,12
2012,2,9,Philip French,1,419,4,144
2012,2,9,Lionel Shriver,1,419,4,144
2012,2,9,Jack Thorne,1,419,4,144
2012,2,9,Phil Hogan,1,419,4,144
2012,2,9,Kitty Empire,1,419,4,144
2012,2,9,Julie Myerson,1,419,4,144
2012,2,9,Zoe Margolis,1,419,4,144
2012,2,9,Justin Cartwright,1,419,4,144
2012,2,9,Eddie Butler at Twickenham,1,3,1,13
2012,2,9,Paul Wilson at the Etihad Stadium,1,2,0,35
2012,2,9,Barney Ronay at the Dubai International Cricket Stadium,1,2,0,6
2012,2,9,Paul Rees at Twickenham,3,12,0,29
2012,2,9,Dean Ryan,1,0,0,4
2012,2,9,Daniel Boffey,4,1043,19,769
2012,2,9,Mark Townsend,2,1964,7,596
2012,2,9,Tariq Abdinasir,1,1774,6,484
2012,2,9,Toby Helm,1,559,8,306
2012,2,9,Solomon Hughes,1,559,8,306
2012,2,9,Kevin Mitchell at Twickenham,1,4,0,9
2012,2,9,Margaret Dibben,3,0,0,11
2012,2,9,Eddie Butler,1,7,0,2
2012,2,9,Giles Richards,1,0,0,5
2012,2,9,Robin McKie,1,222,3,151
