year,month,week,name,articles,facebook,googleplus,twitter
2012,5,19,Ben Quinn,2,390,19,233
2012,5,19,Stuart James,3,75,2,62
2012,5,19,Cian Fahey,2,8,4,23
2012,5,19,David Lengel,3,19,0,23
2012,5,19,Staff,8,943,17,581
2012,5,19,agencies,36,3584,119,2413
2012,5,19,Press Association,101,2567,60,2097
2012,5,19,Dan Sutherland,1,6,9,17
2012,5,19,Keith Stuart,11,579,11,489
2012,5,19,Jayati Ghosh,1,32,0,41
2012,5,19,Dave Hill,14,1211,19,502
2012,5,19,Martin Wainwright,10,322,11,411
2012,5,19,Simon Hoggart,5,47,5,97
2012,5,19,Richard Adams,5,38,5,152
2012,5,19,Roy Greenslade,27,292,6,559
2012,5,19,Daniel Taylor,5,276,5,222
2012,5,19,Associated Press,42,2620,78,1615
2012,5,19,Jackie Ashley,1,29,1,43
2012,5,19,Sean Reid,1,20,0,33
2012,5,19,Kate Murray,2,12,2,37
2012,5,19,Hélène Mulholland,8,500,2,236
2012,5,19,political reporter,2,6,0,21
2012,5,19,Nick Spencer,1,47,5,50
2012,5,19,Louise Tickle,1,22,0,14
2012,5,19,Jessica McCallin,1,137,1,49
2012,5,19,Becky Tunstall,1,17,2,23
2012,5,19,Graham Parker,2,10,0,28
2012,5,19,Tjala,2,1,1,22
2012,5,19,Bruno Bernard,1,15,0,20
2012,5,19,GrrlScientist,16,481,64,416
2012,5,19,Rob Smyth,3,103,2,111
2012,5,19,Evan Fanning,2,91,0,37
2012,5,19,Tom Davies,2,33,0,27
2012,5,19,Mark Burns,1,5,0,26
2012,5,19,Barney Ronay,5,153,4,156
2012,5,19,Andrew Bibby,1,0,0,0
2012,5,19,Julia Kollewe,7,76,2,138
2012,5,19,Tom Happold,1,59,11,69
2012,5,19,Elliot Smith,6,96,12,102
2012,5,19,Phil Maynard,1,59,11,69
2012,5,19,Allan Jenkins,1,3,0,20
2012,5,19,Dick Vinegar,1,12,0,19
2012,5,19,Joseph Banga,1,59,3,52
2012,5,19,Alan Connor,2,9,0,16
2012,5,19,Stuart Dredge,9,241,24,623
2012,5,19,Antonia Bunce,1,6,0,25
2012,5,19,Michael Cox,1,54,0,73
2012,5,19,Sean Michaels,8,8685,73,566
2012,5,19,Alicia Canter,1,100,8,57
2012,5,19,Jean-Louis Gassée,1,10,0,66
2012,5,19,Kate Hodge,8,27,0,68
2012,5,19,Ben Child,11,1573,53,510
2012,5,19,Jonathan Watts,7,441,46,310
2012,5,19,Joe Jervis,6,0,0,0
2012,5,19,James Meikle,12,345,20,481
2012,5,19,Guardian music,2,608,19,90
2012,5,19,Paolo Bandini,2,40,0,25
2012,5,19,Kevin Mitchell,7,63,4,59
2012,5,19,Ian Black,1,196,1,81
2012,5,19,Alice Salfield,1,53,2,28
2012,5,19,Sachin Nakrani,5,108,3,118
2012,5,19,Anne Wollenberg,1,214,3,91
2012,5,19,Kim Catcheside,1,7,0,36
2012,5,19,Rob Self-Pierson,1,5,0,37
2012,5,19,Alison Rourke,1,786,13,43
2012,5,19,Alison Flood,10,5975,114,1064
2012,5,19,Guardian Government Computing,2,0,0,45
2012,5,19,John Plunkett,11,128,4,409
2012,5,19,Peter Lazenby,1,60,1,56
2012,5,19,Martin Doel,1,2,0,28
2012,5,19,Josh Halliday,19,4859,161,2016
2012,5,19,Richard Lewis,1,0,0,23
2012,5,19,Gill Hitchcock,6,30,1,56
2012,5,19,Guardian.co.uk staff,1,34,0,12
2012,5,19,Alan Sykes,2,25,4,79
2012,5,19,Reba,2,1,0,11
2012,5,19,Amatullah,2,1,0,11
2012,5,19,aged 2,4,1,0,19
2012,5,19,Oliver Milman,1,335,3,206
2012,5,19,Fiona Shields,3,5279,50,407
2012,5,19,Clare Horton,7,80,4,67
2012,5,19,Jon Boone,4,155,10,214
2012,5,19,Tara Conlan,4,18,0,65
2012,5,19,Jason Rodrigues,2,217,4,255
2012,5,19,Jonathan Syer,1,44,0,69
2012,5,19,John Burn-Murdoch,6,75,33,171
2012,5,19,Jeremy Kay,1,9,0,11
2012,5,19,Lyn Gardner,9,138,2,122
2012,5,19,John Vidal,5,583,14,353
2012,5,19,Jill Insley,4,38,0,87
2012,5,19,Severin Carrell,12,322,11,461
2012,5,19,Scotl,9,251,6,344
2012,5,19,James Kingsland,1,37,2,37
2012,5,19,Monkey,9,19,0,146
2012,5,19,Jenny Purt,1,3,1,8
2012,5,19,Michael Rosen,3,591,5,329
2012,5,19,Nick Hopkins,5,983,32,804
2012,5,19,Simon Rogers,10,896,69,813
2012,5,19,Larry Elliott,10,188,12,346
2012,5,19,Chris Cook,3,72,0,61
2012,5,19,Will Hayler,15,7,2,103
2012,5,19,Maggoty Lamb,1,0,0,20
2012,5,19,George Mowat-Brown,1,9,0,15
2012,5,19,Hannah Freeman,6,5,2,56
2012,5,19,Alex Needham,5,1299,18,338
2012,5,19,Marcus Christenson,6,712,7,167
2012,5,19,Natalie Haynes,1,37,3,27
2012,5,19,Patrick Wintour,17,1348,19,641
2012,5,19,Guardian readers,5,149,3,109
2012,5,19,Jason Deans,3,24,1,70
2012,5,19,Fraser Kelly,1,0,0,0
2012,5,19,Joris Luyendijk,3,98,4,63
2012,5,19,The Angry Medic,1,114,3,43
2012,5,19,Matt Trueman,5,758,14,214
2012,5,19,Patrick Barkham,3,78,0,73
2012,5,19,Alan Travis,11,1666,25,850
2012,5,19,Juliette Jowit,6,324,11,566
2012,5,19,John Harris,4,746,8,236
2012,5,19,Sid Lowe,3,150,3,117
2012,5,19,Caroline Davies,10,512,31,311
2012,5,19,Oliver Burkeman,5,317,25,240
2012,5,19,Carol Rumens,1,40,0,19
2012,5,19,Jon Trickett,1,94,1,31
2012,5,19,Adam Boult,7,26,1,152
2012,5,19,Arun Marsh,1,10,0,17
2012,5,19,Bertie Bosrédon,1,0,0,7
2012,5,19,Jessica Reed,2,42,0,23
2012,5,19,Jonathan Glennie,2,80,0,46
2012,5,19,Hunter Felt,2,7,0,11
2012,5,19,Freya Williams for the <a href="http://www.guardian.co.uk/guardian-professional" title="Guardian Professional Network">Guardian Professional Network</a>,1,34,9,49
2012,5,19,Andrew Pulver,8,320,11,235
2012,5,19,Tom Service,2,186,6,74
2012,5,19,Jane Martinson,2,394,6,167
2012,5,19,Steven Morris,14,339,17,325
2012,5,19,Corrections,5,0,0,5
2012,5,19,National Institute for Health Research,1,0,0,1
2012,5,19,Michael Cragg,6,294,4,206
2012,5,19,Scott Hendry,1,13,1,23
2012,5,19,Nils Pratley,9,8,1,73
2012,5,19,ChristopherW,1,0,0,7
2012,5,19,Julia Eccleshare,1,0,0,0
2012,5,19,Dean Macey,1,10,0,16
2012,5,19,Martin Robbins,1,613,40,228
2012,5,19,Jill Treanor,14,119,8,271
2012,5,19,Ryan Gilbey,2,1004,12,393
2012,5,19,Miguel-Anxo Murado,1,199,3,50
2012,5,19,Haroon Siddique,4,82,8,296
2012,5,19,Kim Willsher,6,272,1,222
2012,5,19,Henry Barnes,11,5764,23,442
2012,5,19,Alexis Petridis,3,1359,21,302
2012,5,19,Andrea Vogt,2,233,12,80
2012,5,19,Caroline Lucas,1,254,7,172
2012,5,19,Xan Brooks,10,234,11,141
2012,5,19,Zoe Williams,4,218,4,253
2012,5,19,Claudia Cahalane,1,0,0,0
2012,5,19,Mark Fisher,2,32,0,28
2012,5,19,Michael Cohen,1,19,1,17
2012,5,19,Barry Glendenning,4,171,4,162
2012,5,19,John Ashdown,4,30,2,67
2012,5,19,Charles Arthur,14,598,79,1211
2012,5,19,Ryan Devereaux,5,965,46,318
2012,5,19,Tania Branigan,14,614,51,679
2012,5,19,Shandong province,1,22,5,43
2012,5,19,Suzanne Goldenberg,3,726,12,278
2012,5,19,Marc Abrahams,1,43,0,67
2012,5,19,Paul Owen,7,592,18,909
2012,5,19,Paul Lester,7,849,10,185
2012,5,19,Jonathan Jones,7,1357,46,458
2012,5,19,Jason Burke,6,224,14,246
2012,5,19,Harriet Sherwood,5,398,8,222
2012,5,19,Anna Kessel,3,63,0,68
2012,5,19,Imogen Fox,2,305,5,104
2012,5,19,Edward Rowe,1,469,2,65
2012,5,19,Mark Sweney,11,303,5,328
2012,5,19,Kate Molleson,1,2,0,18
2012,5,19,Chris McGreal,6,18798,175,1347
2012,5,19,Mark Brown,4,866,5,186
2012,5,19,Adam Corner for the <a href="http://www.guardian.co.uk/guardian-professional" title="Guardian Professional Network">Guardian Professional Network</a>,1,6,0,26
2012,5,19,Jon Henley,14,202,20,81
2012,5,19,Charlotte Higgins,4,292,3,139
2012,5,19,Richard Norton-Taylor,3,41,5,52
2012,5,19,Andrew Sparrow,7,823,29,1520
2012,5,19,Ros Asquith,1,1,0,8
2012,5,19,Interviews by Leo Benedictus,1,29,2,18
2012,5,19,Michael Semple,1,3,0,12
2012,5,19,Michael Billington,5,162,3,79
2012,5,19,Tim Ashley,2,80,0,13
2012,5,19,Sarah Hughes,1,15,2,5
2012,5,19,Andrew Clements,7,79,2,75
2012,5,19,Graeme Wearden,7,246,25,507
2012,5,19,Adam Gabbatt,5,1204,42,354
2012,5,19,Andy Wilson,11,18,0,84
2012,5,19,John Fordham,4,18,1,49
2012,5,19,Mark Lawson,3,110,4,75
2012,5,19,Diane Taylor,1,54,5,65
2012,5,19,Luke Harding,4,602,23,250
2012,5,19,Ian Traynor,3,341,19,137
2012,5,19,Sam Jordison,3,39,1,63
2012,5,19,Valerie Hannah,1,15,1,23
2012,5,19,Jamie Jackson,17,499,5,686
2012,5,19,Yaxue Cao,1,8,1,18
2012,5,19,Jack Schofield,2,64,14,117
2012,5,19,Kevin McCarra,1,3,0,11
2012,5,19,Kate Brian,1,302,4,153
2012,5,19,Denis Campbell,2,31,0,57
2012,5,19,Helen Carter,6,165,7,235
2012,5,19,Duncan Clark,1,148,2,152
2012,5,19,Tom Jenkins,3,86,0,89
2012,5,19,Jonny Weeks,3,39,0,72
2012,5,19,Nicholas Watt,9,247,8,285
2012,5,19,Peter Scott,1,41,0,40
2012,5,19,Rupert Neate,4,473,14,214
2012,5,19,Martin Chulov,2,307,10,134
2012,5,19,Fiona Millar,1,62,1,124
2012,5,19,Jonathan Wright,2,6,0,42
2012,5,19,Martin Skegg,3,6,0,46
2012,5,19,Andrew Mueller,3,1,0,32
2012,5,19,Gwilym Mumford,1,1,0,23
2012,5,19,Hannah Verdier,3,1,0,31
2012,5,19,Steve Rose,4,30,3,52
2012,5,19,Bim Adewunmi,1,40,2,34
2012,5,19,Aditya Chakrabortty,1,61,0,56
2012,5,19,Dan Sabbagh,12,2451,70,1273
2012,5,19,Hélène Mulholl,4,389,10,263
2012,5,19,,3,329,8,151
2012,5,19,Ghaith Abdul-Ahad,1,741,22,138
2012,5,19,Editorial,16,444,17,434
2012,5,19,Helena Smith,6,1134,32,240
2012,5,19,George Monbiot,1,1901,18,352
2012,5,19,Robert Booth,2,182,1,232
2012,5,19,Hans Ulrich Obrist,1,130,2,71
2012,5,19,Andy Bull,4,39,2,38
2012,5,19,John Vallins,1,16,0,36
2012,5,19,Elif Shafak,1,222,1,100
2012,5,19,Lizzy Davies,6,2937,25,428
2012,5,19,Hadley Freeman,2,178,2,85
2012,5,19,Michele Hanson,1,9,1,13
2012,5,19,Emine Saner,1,35,2,26
2012,5,19,Polly Toynbee,3,1451,6,329
2012,5,19,Jay Rayner,3,88,3,150
2012,5,19,Ewen MacAskill,9,493,26,490
2012,5,19,Sean Langan,1,28,0,30
2012,5,19,Claire Enders and&nbsp;Chris Goodall,1,289,0,30
2012,5,19,Martin Rowson,4,64,6,132
2012,5,19,Tom McCarthy,4,1223,32,281
2012,5,19,John Crace,4,26,0,54
2012,5,19,Ha-Joon Chang,2,180,6,120
2012,5,19,Dominic Fifield,7,289,7,191
2012,5,19,Kevin McCarra at Etihad Stadium,1,247,4,73
2012,5,19,Raphael Honigstein,1,13,0,14
2012,5,19,Hugh Muir,5,70,1,131
2012,5,19,Jamie Jackson at Etihad Stadium,2,162,3,121
2012,5,19,Lawrence Donegan,1,21,1,33
2012,5,19,Karen McVeigh,2,927,5,159
2012,5,19,Bernard Harcourt,1,370,9,145
2012,5,19,Ewan Murray,4,45,0,91
2012,5,19,Bibi van der Zee,1,3,0,25
2012,5,19,Janet Murray,1,20,12,139
2012,5,19,Dave Simpson,3,5104,18,195
2012,5,19,Emma Graham-Harrison,4,132,6,127
2012,5,19,Jeevan Vasagar,1,257,4,169
2012,5,19,David Pleat,1,23,0,23
2012,5,19,Daniel Taylor at Etihad Stadium,1,92,0,44
2012,5,19,Tom Levitt,2,76,0,21
2012,5,19,Zoe Renton,1,4,1,62
2012,5,19,Fiona Bawdon,1,9,0,24
2012,5,19,Olga Ghazaryan,1,79,2,57
2012,5,19,Anne Czernik,2,63,0,33
2012,5,19,Mike Paterson,1,159,8,74
2012,5,19,Brett Kershaw,1,18,1,34
2012,5,19,Adam Vaughan,5,76,26,308
2012,5,19,Chris Cross,1,17,1,22
2012,5,19,Josephine Fairley,1,1551,7,183
2012,5,19,Kathryn Halton,1,5,0,32
2012,5,19,Ben Reeve-Lewis,1,9,1,66
2012,5,19,Camila Batmanghelidjh,1,146,0,23
2012,5,19,Phillip Inman,13,428,26,344
2012,5,19,Philip Landau,1,201,7,91
2012,5,19,Robert Kitson,3,131,0,40
2012,5,19,Rick Peters,1,311,9,106
2012,5,19,Interview by Chris Smith,1,6,5,19
2012,5,19,Guy Grandjean,1,20,4,71
2012,5,19,Simon Day,1,20,4,71
2012,5,19,Nick Fletcher,20,114,11,304
2012,5,19,Ross Tucker for <a href="http://www.sportsscientists.com/" title="">the Science of Sport</a>,1,12,0,13
2012,5,19,part of the Guardian Sport Network,2,14,0,20
2012,5,19,Michael Mansfield,1,66,4,78
2012,5,19,Marian Shek,1,64,0,14
2012,5,19,Public Leaders Network,3,0,1,23
2012,5,19,Oliver Laughland,1,0,0,2
2012,5,19,Hari,2,0,0,50
2012,5,19,Jake,2,0,0,50
2012,5,19,Genevieve Smith-Nunes,1,21,4,22
2012,5,19,Andrew Copson,1,235,2,92
2012,5,19,Alastair Sawday,1,306,11,53
2012,5,19,Alex Healey. Photographs by Joe Cornish,1,306,11,53
2012,5,19,David Smith,2,167,1,97
2012,5,19,Polly Curtis,3,131,0,74
2012,5,19,Steve Scown,1,54,0,51
2012,5,19,Mitch Tonks,6,59,3,70
2012,5,19,Tony Paley,5,5,2,36
2012,5,19,Nancy Groves,2,18,2,39
2012,5,19,Hilary Osborne,7,92,10,273
2012,5,19,Wayne Arthur,1,35,2,25
2012,5,19,Rory Carroll,2,402,5,135
2012,5,19,Sandra Laville,6,174,13,225
2012,5,19,Matt Hiely-Rayner,1,2,0,18
2012,5,19,Felicity Lawrence,1,33,2,70
2012,5,19,Phil Hoad,1,138,2,84
2012,5,19,Richard Seymour,1,1477,17,163
2012,5,19,David Walker,1,1,0,6
2012,5,19,Peter Walker,2,288,5,265
2012,5,19,Duncan Graham-Rowe,1,27,1,30
2012,5,19,John J Sviokla,1,0,0,0
2012,5,19,Adam J Gutstein,1,0,0,0
2012,5,19,Rupert Jones,4,55,5,106
2012,5,19,Harriet Swain,1,52,0,59
2012,5,19,Damyanti,1,41,0,16
2012,5,19,Bryn,1,41,0,16
2012,5,19,aged 4,1,41,0,16
2012,5,19,Allison McCarthy,1,59,1,59
2012,5,19,Sally Uren for the <a href="http://www.guardian.co.uk/guardian-professional" title="Guardian Professional Network">Guardian Professional Network</a>,1,17,0,18
2012,5,19,Madeline Miller,1,27,4,34
2012,5,19,Damian Carrington,6,477,22,551
2012,5,19,Leo Hickman,2,6169,64,380
2012,5,19,Joanna Ruck,4,76,3,44
2012,5,19,Tom Clark,4,50,0,35
2012,5,19,James Ball,3,844,40,506
2012,5,19,Helen Nugent,1,15,0,23
2012,5,19,Jaz Cummins,1,66,2,53
2012,5,19,Sean Ingle,1,8,2,11
2012,5,19,Guardian fashion,3,345,6,119
2012,5,19,Complied by John Ashdown,1,49,0,77
2012,5,19,Frédéric Filloux,1,9,7,62
2012,5,19,Clare Allan,1,725,7,67
2012,5,19,Adrian Searle,4,437,7,192
2012,5,19,Michael Norby,1,55,0,16
2012,5,19,Brian Fitzpatrick,1,55,0,16
2012,5,19,Daniel Bettridge,1,28,0,18
2012,5,19,Oliver Thring,1,800,6,67
2012,5,19,Tom J Wainwright,1,479,8,80
2012,5,19,Katherine Craig,1,479,8,80
2012,5,19,Anna Morris,1,479,8,80
2012,5,19,Owen Greenhall,1,479,8,80
2012,5,19,Rebecca Smithers,3,99,2,136
2012,5,19,Peter Maple,1,33,1,48
2012,5,19,Moira Herbst,1,114,6,116
2012,5,19,Mee-Lai Stone,2,103,3,40
2012,5,19,Presented by James Richardson,2,33,0,39
2012,5,19,produced by Ben Green,2,33,0,39
2012,5,19,Nicholas Lezard,1,14,5,22
2012,5,19,Soumaila T Diarra,1,298,16,107
2012,5,19,Sophie Landrin,1,48,3,55
2012,5,19,Jaques Mandelbaum,1,3,0,14
2012,5,19,The Register,3,4,0,25
2012,5,19,Sally Saint-Rémy,1,1,0,30
2012,5,19,Fran Lambrick,2,459,8,74
2012,5,19,Mirel Bran,1,26,2,40
2012,5,19,Paul Farrelly,1,52,0,17
2012,5,19,Rowenna Davis,1,17,0,12
2012,5,19,Simon Bowers,2,9,5,37
2012,5,19,Dominic Rushe,10,2125,73,483
2012,5,19,Debbie Andalo,1,0,0,11
2012,5,19,Leon Kaye for the <a href="http://www.guardian.co.uk/guardian-professional" title="Guardian Professional Network">Guardian Professional Network</a>,1,5,2,5
2012,5,19,John Tizard,1,2,0,32
2012,5,19,Guardian healthcare network,4,9,4,75
2012,5,19,Patrick Torsney,1,85,2,61
2012,5,19,Graham Snowdon,1,0,0,1
2012,5,19,Matthew Clough,1,15,1,12
2012,5,19,Dan Milmo,4,558,10,114
2012,5,19,Colin Horgan,2,34,1,8
2012,5,19,Sarah Stevenson,1,7,1,8
2012,5,19,Gill Lewis,1,18,2,22
2012,5,19,Charles Gant,2,26,0,38
2012,5,19,Stuart Heritage,6,236,13,178
2012,5,19,Catherine Howarth,1,14,0,17
2012,5,19,Afua Hirsch,2,51,0,37
2012,5,19,Steve Boxer,1,7,0,38
2012,5,19,Rajeev Syal,7,363,6,275
2012,5,19,Gary Younge,1,268,3,54
2012,5,19,Andrew Simms,1,189,10,142
2012,5,19,Dean Burnett,1,215,27,172
2012,5,19,Allan Glen,1,79,0,51
2012,5,19,Robin Ryde,1,15,0,35
2012,5,19,Naomi Wolf,3,289,13,144
2012,5,19,Owen Bowcott,6,207,3,234
2012,5,19,Steve Todd,1,9,0,35
2012,5,19,Shami Chakrabarti,1,7,0,23
2012,5,19,James Welch,1,7,0,23
2012,5,19,Tom Lutz,4,115,3,269
2012,5,19,John Carvel,1,57,0,20
2012,5,19,Beatrix Campbell,1,269,0,53
2012,5,19,Stephen Dalton,1,59,3,27
2012,5,19,Michael Wolff,2,137,19,269
2012,5,19,Lawrence Joffe,1,5,1,23
2012,5,19,Introduced by Alok Jha,1,80,7,24
2012,5,19,produced by Jason Phipps,2,81,9,67
2012,5,19,Ratna Lachman,1,3,0,12
2012,5,19,Agnès Poirier,2,62,3,25
2012,5,19,Kate McCann,2,17,0,76
2012,5,19,Miriam Elder,3,272,27,145
2012,5,19,Rob Wilson for the <a href="http://www.guardian.co.uk/guardian-professional" title="Guardian Professional Network">Guardian Professional Network</a>,1,53,3,55
2012,5,19,Holly Higgins,1,31,9,111
2012,5,19,Alexandra Topping,6,582,2,115
2012,5,19,Interview by Laura Barnett,2,350,3,163
2012,5,19,John Lewis,1,8,0,15
2012,5,19,Brian Whitaker,4,79,8,286
2012,5,19,Simon Neville,2,35,0,51
2012,5,19,Penny Woods,1,85,1,29
2012,5,19,Caroline Foley,1,9,0,23
2012,5,19,Jessica Shepherd,1,144,2,92
2012,5,19,Brian Braiker,6,6541,71,471
2012,5,19,Laura Barnett,1,189,0,48
2012,5,19,Phil Gunson,1,26,0,15
2012,5,19,Mike Averis,2,8,0,7
2012,5,19,Nancy Banks-Smith,1,12,1,18
2012,5,19,David Conn,5,670,13,514
2012,5,19,Harry J Enten,4,34,3,80
2012,5,19,Caspar Llewellyn Smith,2,6139,43,483
2012,5,19,John Lanchester,2,49,1,31
2012,5,19,Ian Gittins,1,10,0,15
2012,5,19,Martin Kettle,3,127,7,114
2012,5,19,The people's panel,1,42,1,36
2012,5,19,Mike Griffiths,1,22,0,99
2012,5,19,Harry Venning,1,5,0,3
2012,5,19,Elisabeth Mahoney,2,35,0,35
2012,5,19,Angelique Chrisafis,6,531,31,340
2012,5,19,Juliette Garside,2,13,2,118
2012,5,19,Patrick Collinson,4,21,0,93
2012,5,19,Vicky Frost,3,293,3,111
2012,5,19,Chris Cook at Lingfield,1,0,0,10
2012,5,19,David Leigh,2,247,6,83
2012,5,19,Maev Kennedy,3,214,7,76
2012,5,19,Simon Goodley,3,145,4,123
2012,5,19,John Robinson,2,5,0,23
2012,5,19,Julia Raeside,2,5,0,23
2012,5,19,Ali Catterall,2,0,0,9
2012,5,19,David Stubbs,1,0,0,4
2012,5,19,Ed Pilkington,7,1849,57,654
2012,5,19,Patrick Kingsley,1,57,2,23
2012,5,19,Patrick Butler,1,142,0,41
2012,5,19,Shiv Malik,1,508,21,233
2012,5,19,John Low,1,4,0,43
2012,5,19,Julie Bindel,2,195,9,100
2012,5,19,Paul Harris,10,1751,44,524
2012,5,19,Simon Jenkins,2,1271,21,335
2012,5,19,Michael White,7,114,3,161
2012,5,19,Paul Evans,1,12,0,47
2012,5,19,As seen by Catherine Bennett,1,18,0,16
2012,5,19,Sam Wollaston,4,19,0,88
2012,5,19,Sara Ilyas,1,1,2,9
2012,5,19,Jess Cartner-Morley,3,24,1,59
2012,5,19,David Willetts,1,718,85,401
2012,5,19,Alok Jha,1,1848,111,751
2012,5,19,Bob Garfield,1,10,0,15
2012,5,19,Margaret Heffernan,1,35,2,43
2012,5,19,Costas Douzinas,1,801,3,80
2012,5,19,Andy Hunter at Anfield,1,90,2,34
2012,5,19,Paul MacInnes,3,1038,16,212
2012,5,19,Leanne Wood,1,213,0,30
2012,5,19,Paul Wilson at Britannia Stadium,1,0,0,17
2012,5,19,Louise Taylor,4,182,0,98
2012,5,19,Paul Doyle,4,45,4,152
2012,5,19,Frank Keating,1,4,0,5
2012,5,19,Eoin Reynolds,1,49,4,32
2012,5,19,Ben Jennings,1,57,2,23
2012,5,19,Paddy Allen,4,648,10,156
2012,5,19,Ian Sample,4,629,59,327
2012,5,19,Sarah Boseley,3,693,18,200
2012,5,19,Lisa O'Carroll,11,882,31,793
2012,5,19,Steve Busfield,3,13,1,29
2012,5,19,AP,1,5,1,6
2012,5,19,Agencies,4,567,6,168
2012,5,19,Alice Casey,1,107,6,85
2012,5,19,Virginia Wallis,2,0,0,28
2012,5,19,Dom Potter,1,0,0,0
2012,5,19,John Baron,1,6,0,30
2012,5,19,Vikki Chambers,1,26,1,24
2012,5,19,Rob Edwards,1,177,7,105
2012,5,19,Abdel-Rahman Hussein,2,133,4,91
2012,5,19,Ian McCourt,2,37,0,110
2012,5,19,Steven Shapin,1,28,0,36
2012,5,19,Peter Forbes,1,136,7,44
2012,5,19,Rachel Platt,1,155,1,71
2012,5,19,Emer O'Toole,1,5061,27,335
2012,5,19,Simon Burnton,3,82,0,139
2012,5,19,Genevieve White,1,143,0,49
2012,5,19,David Lawrenson,1,60,4,103
2012,5,19,Kerrin Clapton,1,12,0,25
2012,5,19,Chris Mercer,1,18,0,31
2012,5,19,Saad Khan,1,92,2,115
2012,5,19,Marie Nixon,1,9,2,23
2012,5,19,Claire Hodgson,1,9,2,23
2012,5,19,David Brewis,1,118,0,45
2012,5,19,Tony Naylor,2,146,0,73
2012,5,19,Rachel Salmon,1,5,0,14
2012,5,19,Helen Seamons,2,43,0,40
2012,5,19,Mark King,4,138,1,159
2012,5,19,Anna Tims,2,8,0,51
2012,5,19,Maddy Potts,1,2459,7,165
2012,5,19,Miriam Gillinson,1,22,0,23
2012,5,19,Helen Beckett,2,9,0,42
2012,5,19,Emma Drury,1,0,1,18
2012,5,19,David Clark,1,19,1,42
2012,5,19,Richard Sprenger,1,112,2,41
2012,5,19,Simon Parkin,1,3,0,41
2012,5,19,Richard Gibson,3,6,0,23
2012,5,19,Richard Rae,1,1,0,7
2012,5,19,Rhiannon Batten,1,49,0,30
2012,5,19,Matthew Caines,2,121,13,238
2012,5,19,Jo Foster,2,57,5,76
2012,5,19,Open thread,3,125,4,84
2012,5,19,Alex Healey,1,38,2,19
2012,5,19,Steven Schwartz,1,35,5,90
2012,5,19,Fawzia Sheikh for <a href="http://www.ips.org/institutional/" title="">IPS</a>,1,68,0,17
2012,5,19,part of the <a href="http://www.guardian.co.uk/global-development/series/guardian-development-network" title="">Guardian development network</a>,2,146,0,131
2012,5,19,Jonathan Wilson,1,610,21,236
2012,5,19,Richard Wilson,1,6,0,16
2012,5,19,Joe Cornish,1,15,1,82
2012,5,19,Jon Dennis,3,50,0,49
2012,5,19,Helen Meany,1,16,0,12
2012,5,19,Andrew Dickson,1,13,0,6
2012,5,19,Dawn Foster,1,0,0,2
2012,5,19,Jo Best,2,0,4,24
2012,5,19,David Cote,1,1,0,19
2012,5,19,Emma,2,0,0,8
2012,5,19,Saffron,2,0,0,8
2012,5,19,Arwa Mahdawi,1,91,9,114
2012,5,19,Nick Cowen,1,6,0,38
2012,5,19,John Hills,1,28,0,52
2012,5,19,Ben Richards,1,28,0,52
2012,5,19,Stuart Kelly,1,237,5,74
2012,5,19,Annie Kelly,1,141,3,28
2012,5,19,Nick Mabey for the <a href="http://www.guardian.co.uk/guardian-professional" title="Guardian Professional Network">Guardian Professional Network</a>,1,3,2,54
2012,5,19,Maddy Costa,2,33,2,51
2012,5,19,Shehan Karunatilaka,1,98,1,47
2012,5,19,Ellie Mae O'Hagan,1,64,1,54
2012,5,19,Martin Lukacs,1,6034,27,276
2012,5,19,Heather Stewart,6,101,4,129
2012,5,19,Kate Holland,1,148,0,24
2012,5,19,Bradley Wiggins,1,50,0,30
2012,5,19,Will Swan,1,11,0,50
2012,5,19,Grant Howitt,2,16,2,62
2012,5,19,Sue Rabbitt Roff,1,10,0,9
2012,5,19,Laura Marcus,1,4,2,80
2012,5,19,John Elkington for the <a href="http://www.guardian.co.uk/guardian-professional" title="Guardian Professional Network">Guardian Professional Network</a>,1,12,5,15
2012,5,19,Jerry Ibbotson,2,58,2,61
2012,5,19,Audrey Gillan,2,62,0,50
2012,5,19,Paul Wilson,5,198,0,146
2012,5,19,Alex von Tunzelmann,1,38,0,25
2012,5,19,Eddie Izzard,1,15,2,25
2012,5,19,Julia Stephenson,1,15,2,25
2012,5,19,Duwayne Brooks,1,15,2,25
2012,5,19,Karen Hampton,1,15,2,25
2012,5,19,Alex Bailey,1,19,0,81
2012,5,19,Sadhbh Walshe,1,121,1,48
2012,5,19,Angela Hartnett,1,28,0,23
2012,5,19,Eliza Anyangwe,1,25,0,87
2012,5,19,Brian Logan,1,4,1,4
2012,5,19,Rough Guides,1,37,0,25
2012,5,19,Guardian writers,1,37,0,25
2012,5,19,Mark Tran,3,123,5,70
2012,5,19,Owen Gibson,1,15,0,51
2012,5,19,Jane Dudman,1,4,0,7
2012,5,19,<strong>Jane Hackett </strong>and<strong> Gerald Lidstone</strong>,1,27,0,41
2012,5,19,Henry McDonald,4,95,9,94
2012,5,19,Irel,3,79,9,76
2012,5,19,Tom Kington,2,274,9,75
2012,5,19,Simon Tisdall,1,146,11,149
2012,5,19,The Guardian Media Network,1,2,0,34
2012,5,19,Tiziana Marrone,1,217,2,29
2012,5,19,Joshua Rozenberg,1,7,0,39
2012,5,19,Helen Pidd,5,778,0,76
2012,5,19,Will Self,1,208,3,90
2012,5,19,Presented by Aleks Krotoski,1,1,2,43
2012,5,19,with Charles Arthur,1,1,2,43
2012,5,19,Manish Bapna,1,21,5,15
2012,5,19,Kirsty Jenkinson for the <a href="http://www.guardian.co.uk/guardian-professional" title="Guardian Professional Network">Guardian Professional Network</a>,1,21,5,15
2012,5,19,Isabel Choat,1,144,2,43
2012,5,19,Gavin McOwan,1,144,2,43
2012,5,19,Georgia Brown,1,144,2,43
2012,5,19,Benji Lanyado,1,144,2,43
2012,5,19,Guardian Interactive team. Photograph: Joe Cornish,1,144,2,43
2012,5,19,Paul Hodgson,1,9,0,11
2012,5,19,Peter Beaumont,4,356,15,245
2012,5,19,Andy Hunter,5,102,4,191
2012,5,19,Ronald Bergan,1,24,0,32
2012,5,19,Christian Sinibaldi,1,3,0,15
2012,5,19,Laura Fountain,1,62,2,55
2012,5,19,Interview by Sarah Phillips,1,46,16,39
2012,5,19,Greg Wood,6,15,0,44
2012,5,19,George Hall,2,1,4,25
2012,5,19,Zoe Wood,5,80,5,151
2012,5,19,Rinku Sen,1,179,11,41
2012,5,19,Janet Byrne,1,179,11,41
2012,5,19,Tom Hayden,1,179,11,41
2012,5,19,Billy Talen,1,179,11,41
2012,5,19,Hannah Appel,1,179,11,41
2012,5,19,Manissa McCleave Maharawal,1,179,11,41
2012,5,19,Richard Drayton,1,784,13,112
2012,5,19,Andy Bull at the Olympic Park,2,2,0,19
2012,5,19,Esther Addley,2,19,0,26
2012,5,19,Saeed Kamali Dehghan,2,385,10,195
2012,5,19,Richard Rae at Northampton,1,0,0,4
2012,5,19,Amelia Gentleman,1,350,3,92
2012,5,19,Priya Elan,2,109,4,43
2012,5,19,Suzanne Moore,1,36,2,49
2012,5,19,Rebecca Nicholson,4,2020,31,310
2012,5,19,Phelim O'Neill,4,15,2,50
2012,5,19,Stephen Moss,2,256,10,87
2012,5,19,Randeep Ramesh,3,585,2,200
2012,5,19,Greg Wood at Kempton,1,0,0,6
2012,5,19,Jonathan Bernstein,1,166,2,18
2012,5,19,Jamie Jackson at the Reebok Stadium,2,63,2,54
2012,5,19,Andy Wilson at Old Trafford,3,1,0,18
2012,5,19,Charlie Brooker,1,110,6,63
2012,5,19,Richard Gibson at Edgbaston,3,3,0,15
2012,5,19,Reuters,1,20,0,14
2012,5,19,Ray Collier,1,3,0,38
2012,5,19,Political reporter,1,60,2,112
2012,5,19,Ruth Spencer,1,6,2,56
2012,5,19,Jon Butterworth,1,55,8,12
2012,5,19,Mike Selvey,2,11,0,13
2012,5,19,Naureen Shah,1,106,4,48
2012,5,19,Heidi Stephens,1,17,0,16
2012,5,19,Marina Hyde,4,165,5,136
2012,5,19,Ewan Murray at Ibrox,2,2,0,21
2012,5,19,Dominic Fifield at Stamford Bridge,2,12,0,53
2012,5,19,Timothy Garton Ash,1,46,1,72
2012,5,19,Jacques Delors,1,211,8,64
2012,5,19,Javier Solana,1,211,8,64
2012,5,19,Ulrich Beck,1,211,8,64
2012,5,19,Daniel Cohn-Bendit,1,211,8,64
2012,5,19,others,1,211,8,64
2012,5,19,David Batty,4,2097,70,549
2012,5,19,Felicity Cloake,1,488,8,88
2012,5,19,Jamie Jackson at the Reebok Stadiu<strong>m</strong>,1,5,0,30
2012,5,19,Kevin McCarra at Stamford Bridge,1,106,0,37
2012,5,19,Nigel Lewis,1,2,0,13
2012,5,19,Ed Jacobs,2,6,0,21
2012,5,19,Anamaria Dutceac Segesten for <a href="http://uvenus.org/" title="">University of Venus</a>,1,443,7,126
2012,5,19,Naomi Hughes,1,115,3,74
2012,5,19,Ed Wicke,1,24,0,39
2012,5,19,Jacob Steinberg,3,22,0,89
2012,5,19,Neil Jameson,1,10,1,14
2012,5,19,Anna Turley,1,5,0,14
2012,5,19,Anne Enright,1,16,1,26
2012,5,19,Carlene Thomas-Bailey,1,96,2,33
2012,5,19,Kathryn Hughes,1,134,5,50
2012,5,19,Ivan Robertson,1,13,3,26
2012,5,19,Matthew van Poortvliet,1,50,2,36
2012,5,19,Jessica Fuhl,1,8,2,13
2012,5,19,Laura Brown,1,28,0,52
2012,5,19,Owen Duffy,1,21,0,32
2012,5,19,Dan Carson,1,25,0,39
2012,5,19,Kate Hodal,1,1349,35,979
2012,5,19,Steven Howell,1,1,0,8
2012,5,19,Bella Mackie,2,0,0,3
2012,5,19,Sophia Ignatidou,1,252,9,27
2012,5,19,Allison Ogden-Newton,1,0,0,0
2012,5,19,Mark Beaumont,1,24,2,19
2012,5,19,Joanne Mudhar,1,8,0,10
2012,5,19,John Thornhill,1,33,0,76
2012,5,19,Tina Wathern,1,33,0,76
2012,5,19,Anna Chesters,1,12,0,24
2012,5,19,Jane Graham,1,36,0,30
2012,5,19,Helienne Lindvall,1,0,0,4
2012,5,19,James Murray for for <a href="http://www.businessgreen.com">BusinessGreen</a>,1,33,2,87
2012,5,19,part of the <a href="http://www.guardian.co.uk/environment/network" title="Guardian Environment Network">Guardian Environment Network</a>,2,60,4,137
2012,5,19,Jon Robins,1,43,0,52
2012,5,19,Sade Laja,2,0,2,8
2012,5,19,Peter Thompson,1,227,6,53
2012,5,19,Megan Rix,1,11,0,16
2012,5,19,Gary Nunn,1,192,12,172
2012,5,19,Ben Kape,1,726,1,27
2012,5,19,Andy Gallagher,3,771,4,129
2012,5,19,Mustafa Khalili,1,726,1,27
2012,5,19,Josh Strauss,1,726,1,27
2012,5,19,Paul Rees,3,6,0,22
2012,5,19,SA Mathieson,2,8,0,23
2012,5,19,Christian Bennett,1,61,0,42
2012,5,19,Matthew Appleby,1,20,0,30
2012,5,19,Mo Costandi,1,567,20,131
2012,5,19,Guardian social care network,1,2,0,12
2012,5,19,Magdi Abdelhadi,1,121,0,29
2012,5,19,Andrew Payne,1,14,0,4
2012,5,19,Duncan Druce,1,34,2,15
2012,5,19,Matthew Taylor,3,1313,12,364
2012,5,19,Ian Leonard,1,4,0,17
2012,5,19,Lauren Niland,1,5,2,18
2012,5,19,Vanessa Swann,1,0,0,0
2012,5,19,World Business Council for Sustainable Development,1,0,0,6
2012,5,19,Dan Sumners,1,4,0,7
2012,5,19,Skye Sherwin,2,17,0,24
2012,5,19,Tim Bale,1,37,1,25
2012,5,19,Richard Vize,1,1,0,20
2012,5,19,Invisible Woman,1,3,0,21
2012,5,19,Julian Borger,2,218,6,205
2012,5,19,Mark Piesing,1,41,9,89
2012,5,19,Ole Solvang,1,175,0,14
2012,5,19,Toby Manhire,1,3591,24,320
2012,5,19,Margaret Wachenfeld for the <a href="http://www.guardian.co.uk/guardian-professional" title="Guardian Professional Network">Guardian Professional Network</a>,1,28,1,11
2012,5,19,Mary Hamilton,1,23,4,46
2012,5,19,Colin Buttimer,1,1,1,23
2012,5,19,Mark Gaterell,1,0,0,30
2012,5,19,Kate Connolly,2,332,18,135
2012,5,19,David Thorp,1,39,0,16
2012,5,19,Susie Orbach,1,538,2,97
2012,5,19,Cory Doctorow,1,418,107,436
2012,5,19,Peter Bradshaw,14,451,10,226
2012,5,19,Amy Goodman,1,207,10,37
2012,5,19,Matthew Yeomans for the <a href="http://www.guardian.co.uk/guardian-professional" title="Guardian Professional Network">Guardian Professional Network</a>,1,15,7,40
2012,5,19,Jon Ronson,1,105,2,53
2012,5,19,Lucy Greenwell,1,105,2,53
2012,5,19,Remy Lamont,1,105,2,53
2012,5,19,Dave Laing,1,28,0,20
2012,5,19,Rian Evans,1,1,0,9
2012,5,19,Justin McCurry,1,1235,27,261
2012,5,19,Catherine Mitchell,1,88,3,47
2012,5,19,Antony Froggatt,1,88,3,47
2012,5,19,Shunsuke Managi,1,88,3,47
2012,5,19,Richard Lea,1,15,2,35
2012,5,19,Leo Benedictus,1,2,2,17
2012,5,19,Nick Petford,1,11,1,72
2012,5,19,Mark Tallentire,1,29,0,41
2012,5,19,Lucy Mangan,4,474,8,104
2012,5,19,Presented by Sarah Crown,1,47,2,17
2012,5,19,produced by Tim Maby,2,125,3,56
2012,5,19,Robert McCrum,1,42,3,37
2012,5,19,Fred Karger,1,24,4,19
2012,5,19,Monica Mark,2,270,2,57
2012,5,19,Fiona Harvey,1,301,6,94
2012,5,19,Giles Tremlett,3,293,16,122
2012,5,19,in Jaraíz de la Vera,1,78,6,30
2012,5,19,Terry Macalister,3,47,3,143
2012,5,19,Melissa Denes,1,6,0,11
2012,5,19,Oliver Thomas,1,19,0,12
2012,5,19,Vic Marks,3,6,0,23
2012,5,19,Jason N Parkinson,1,63,6,36
2012,5,19,Joe Lamar,1,24,1,6
2012,5,19,Guardian Fashion,1,14,0,23
2012,5,19,William Shawcross,1,53,0,39
2012,5,19,Alfred Hickling,1,6,0,20
2012,5,19,Ana Marie Cox,1,8,3,60
2012,5,19,Jermaine Gonzales,1,14,0,15
2012,5,19,Christine Ockrent,1,8,0,8
2012,5,19,Rosalind English for the <a href="http://ukhumanrightsblog.com/" title="">UK Human Rights blog</a>,1,5,0,34
2012,5,19,part of the <a href="http://www.guardian.co.uk/law/series/guardian-legal-network" title="">Guardian Legal Network</a>,1,5,0,34
2012,5,19,Paul Weaver at Hove,1,2,0,12
2012,5,19,Michael Hann,2,526,1,115
2012,5,19,Ben Arnold,1,0,0,5
2012,5,19,Chris Huhne,1,111,2,127
2012,5,19,Jason Farago,1,69,6,26
2012,5,19,John Patterson,2,14,2,26
2012,5,19,Nicola Davison,1,5,1,15
2012,5,19,Christine Smith,1,1,1,32
2012,5,19,Charlotte Richardson Andrews,1,3,0,14
2012,5,19,Alex Macpherson,1,0,0,10
2012,5,19,Philip Oltermann,1,25,1,25
2012,5,19,Rob Bagchi,3,14,0,31
2012,5,19,Caroline Sullivan,1,2,0,11
2012,5,19,Stuart James at the City of Cardiff Stadium,1,26,0,18
2012,5,19,Robin Denselow,3,233,3,37
2012,5,19,Gwyn Topham,2,57,0,36
2012,5,19,Harry Pearson,1,3,0,13
2012,5,19,Amy Lawrence,2,21,0,48
2012,5,19,William Fotheringham,3,7,0,29
2012,5,19,Tom Bryant,1,11,0,8
2012,5,19,James Richardson,1,44,2,94
2012,5,19,Matt Hall,1,44,2,94
2012,5,19,Daniel Start,2,915,11,171
2012,5,19,Hannah Fearn,2,23,0,44
2012,5,19,Anita Pati,1,22,3,123
2012,5,19,Hatty Richmond,1,0,0,0
2012,5,19,Andy Pietrasik,3,174,9,114
2012,5,19,Fiona Marshall,1,85,3,67
2012,5,19,Lyla Mehta,1,85,3,67
2012,5,19,Adam Smith,1,109,14,77
2012,5,19,Peter Harvey,1,1,0,7
2012,5,19,Marc Lockley,1,14,1,29
2012,5,19,Jo Tuckman,2,157,10,155
2012,5,19,Helen Beck,1,5,0,10
2012,5,19,Sara Khan,1,259,1,42
2012,5,19,Steven Bloor,1,10,0,19
2012,5,19,Cabinet Office open data team,1,0,0,39
2012,5,19,Gerri McAndrew,1,38,0,51
2012,5,19,Henry Eliot,1,602,15,116
2012,5,19,ThePinkElephant,1,6,0,0
2012,5,19,Neil Kulkarni,1,303,4,27
2012,5,19,Glen Bowersock,1,64,5,32
2012,5,19,Bill McKibben for <a href="http://www.tomdispatch.com/archive/175537/">TomDispatch</a>,1,357,12,106
2012,5,19,part of the <a href="http://www.guardian.co.uk/commentisfree/series/guardian-comment-network">Guardian Comment Network</a>,1,357,12,106
2012,5,19,David Barnett,1,4,2,43
2012,5,19,Jared Brown,1,2,0,15
2012,5,19,Steve Chamberlain,1,32,0,47
2012,5,19,James Callow,1,5,0,16
2012,5,19,Shivaji Shiva,1,1,0,10
2012,5,19,Jonathan Portes,1,22,1,44
2012,5,19,Jacob&nbsp;Huckle,1,117,0,35
2012,5,19,Rob Dale,1,16,0,20
2012,5,19,Greg Freeman,1,21,2,24
2012,5,19,<a href="http://www.guardian.co.uk/profile/ben-parfitt" title="">Ben Parfitt</a>,1,53,1,42
2012,5,19,Howard Atkinson,1,55,4,81
2012,5,19,Matthew Cresswell,1,1009,17,105
2012,5,19,Scott Murray,1,51,0,24
2012,5,19,Prospery Raymond,1,66,2,24
2012,5,19,Stephen Abbott,1,1,0,1
2012,5,19,Dan Catt,1,1,0,1
2012,5,19,Tim Adams,3,328,17,222
2012,5,19,Stephen Burt,1,120,1,23
2012,5,19,Helen Bonnick,1,12,0,10
2012,5,19,Donatella Rovera,1,496,3,79
2012,5,19,Tom Cox,1,32,0,28
2012,5,19,Gemma Malley,1,4,0,6
2012,5,19,Saska Saarikoski,1,299,0,39
2012,5,19,David Lacey,1,3,0,11
2012,5,19,Alistair Smith,1,18,0,9
2012,5,19,<a href="http://www.businessgreen.com">BusinessGreen</a>,1,27,2,50
2012,5,19,Simon Chilvers,1,108,2,29
2012,5,19,Wayne Gooderham,1,4,0,6
2012,5,19,Janice Smith,1,1,3,23
2012,5,19,Brian Fisher,1,31,2,7
2012,5,19,guardian.co.uk,1,16,0,12
2012,5,19,Celia Graham-Dixon,1,110,0,27
2012,5,19,Matthew SF for The Shin Guardian,1,2,0,7
2012,5,19,Juliet Jacques,1,26,0,41
2012,5,19,Mark Rice-Oxley,1,18,0,26
2012,5,19,Presented by John Plunkett,1,5,0,12
2012,5,19,produced by Peter Sale,1,5,0,12
2012,5,19,Alexander Becker,1,2,0,3
2012,5,19,Lukas Kollmann,1,2,0,3
2012,5,19,Ksenia Barannikov,1,12,1,7
2012,5,19,Alex Duval Smith,1,21,2,16
2012,5,19,Nay El Rahi,1,45,3,77
2012,5,19,Posted by <a href="http://shibuya246.com/">Shibuya246</a>,1,23,0,30
2012,5,19,part of the <a href="http://www.guardian.co.uk/travel/series/guardian-travel-network" title="">Guardian Travel Network</a>,1,23,0,30
2012,5,19,Allyson Pollock,1,171,4,104
2012,5,19,Jonathon Porritt,1,154,8,86
2012,5,19,Poonam Trivedi,1,62,0,20
2012,5,19,Lagos,1,49,1,42
2012,5,19,Stuart O'Connor,1,44,2,29
2012,5,19,Ed Manley,1,98,9,118
2012,5,19,Presented by Alexis Petridis,1,90,0,22
2012,5,19,Kieran Yates,1,90,0,22
2012,5,19,produced by Pascal Wyse,1,90,0,22
2012,5,19,James Dart,1,0,0,9
2012,5,19,Guy Lodge,1,25,0,35
2012,5,19,Corrinne Burns,1,118,10,77
2012,5,19,Oliver Balch for the <a href="http://www.guardian.co.uk/guardian-professional" title="Guardian Professional Network">Guardian Professional Network</a>,1,63,7,30
2012,5,19,Matthew Baxter-Reynolds,1,10,0,93
2012,5,19,Rupert Sawyer,1,4,0,13
2012,5,19,Matthew Goodwin,1,2748,5,405
2012,5,19,Christine Oliver,1,57,3,23
2012,5,19,Martin Godwin,1,110,6,39
2012,5,19,Iain Chambers,1,110,6,39
2012,5,19,Robin Turner,1,110,6,39
2012,5,19,Ranjit Dhaliwal,1,110,6,39
2012,5,19,Lisa Croasdale,1,110,6,39
2012,5,19,PrincessMegan,1,0,0,3
2012,5,19,Rob Penn,1,28,2,29
2012,5,19,Joshua Alston,1,39,0,28
2012,5,19,Maura McGowan,1,56,1,38
2012,5,19,Sir Bob Kerslake,1,17,5,169
2012,5,19,Styling: Priscilla Kwateng. Photographs: David Newby,1,3,0,17
2012,5,19,Kirsty Scott,2,535,5,89
2012,5,19,Jenny Purt <a href="http://www.guardian.co.uk/guardian-professional" title="Guardian Professional Network">Guardian Professional Network</a>,1,2,0,22
2012,5,19,Words: Hannah Booth,1,416,12,40
2012,5,19,Presented by Claire Armitstead,1,78,1,39
2012,5,19,William Ayers,1,189,7,31
2012,5,19,Bernardine Dohrn,1,189,7,31
2012,5,19,Jo Glanville,1,4,2,18
2012,5,19,Adam Mars-Jones,1,4,0,10
2012,5,19,Rachel Cooke,1,9,0,8
2012,5,19,Dr. Chris Hanretty,1,16,1,34
2012,5,19,Sarah Crown,1,0,0,14
2012,5,19,Jules Evans for the <a href="http://www.guardian.co.uk/guardian-professional" title="Guardian Professional Network">Guardian Professional Network</a>,1,187,14,82
2012,5,19,Evan Fanning (morning),1,1,0,20
2012,5,19,Jacob Steinberg (afternoon),1,1,0,20
2012,5,19,ScienceWhizz,1,0,0,0
2012,5,19,Tom Dyckhoff,1,37,0,10
2012,5,19,Lisa Bachelor,1,1,0,10
2012,5,19,Jonah Lehrer,1,12,10,44
2012,5,19,Justin Shaw,1,1,0,35
2012,5,19,Katie Schmuecker,1,4,0,12
2012,5,19,Michael Carlson,1,9,0,12
2012,5,19,Andrew Collins,1,1,1,8
2012,5,19,Cameron Robertson,1,1,1,8
2012,5,19,John Curtice,1,8,0,8
2012,5,19,Steve Dyson,1,11,0,13
2012,5,19,Ami Sedghi,1,5,1,16
2012,5,19,Paul Goodman,1,0,0,5
2012,5,19,Giles Fraser,1,123,3,36
2012,5,19,Laura McAllister,1,6,0,12
2012,5,19,Ian Malin,1,0,0,3
2012,5,19,Conal Urquhart,1,17,0,20
2012,5,19,Deborah Orr,3,27,0,118
2012,5,19,Martin Cross,1,0,0,10
2012,5,19,Tony Travers,1,0,0,13
2012,5,19,Mark Weisbrot,1,417,12,98
2012,5,19,Jan-Werner Mueller,1,59,0,21
2012,5,19,Dorian Lynskey,1,177,11,21
2012,5,19,Derek Niemann,1,3,0,48
2012,5,19,Roger Cowell,1,0,0,7
2012,5,19,Nebraska,1,2,2,14
2012,5,19,Claire Armitstead,1,115,1,119
2012,5,19,Robin Wells,1,17,0,24
2012,5,19,Paul Scruton,1,2,1,27
2012,5,19,Andrew Gumbel,1,31,0,22
2012,5,19,Paul Simons,1,3,0,43
2012,5,19,Ian Jack,1,9,3,28
2012,5,19,Sally Shalam,1,3,0,3
2012,5,19,Nick Edwards,1,414,6,70
2012,5,19,Jini Reddy,1,112,0,28
2012,5,19,Stephen Mesquita,1,12,2,19
2012,5,19,Emma Kennedy,1,7,1,29
2012,5,19,Paul Barker,1,224,0,18
2012,5,19,Miles Brignall,6,71,4,73
2012,5,19,Blake Morrison,1,317,6,81
2012,5,19,Liz Jensen,1,5,0,0
2012,5,19,Paul Batchelor,1,6,2,9
2012,5,19,Lisa Allardice,1,21,6,29
2012,5,19,Toby&nbsp;Litt,1,2,0,7
2012,5,19,Margaret Atwood,1,515,5,128
2012,5,19,Mary Hoffman,1,3,1,1
2012,5,19,Sue Arnold,1,10,0,13
2012,5,19,Stuart Maconie,1,6,3,10
2012,5,19,John Mullan,2,18,1,9
2012,5,19,Stevie Davies,1,5,0,4
2012,5,19,Melissa Benn,1,18,0,6
2012,5,19,Amanda Vickery,1,24,0,30
2012,5,19,DJ Taylor,1,10,0,5
2012,5,19,Steven Poole,1,11,0,2
2012,5,19,Maya Jaggi,1,135,0,11
2012,5,19,Christopher Frayling,1,275,0,14
2012,5,19,Eric Brown,1,71,1,13
2012,5,19,Fiona Beckett,1,5,0,7
2012,5,19,Hugh Fearnley-Whittingstall,1,75,0,29
2012,5,19,Yotam Ottolenghi,1,97,4,8
2012,5,19,Dan Lepard,1,169,6,35
2012,5,19,Rosanna Greenstreet,1,8,0,5
2012,5,19,Kay Mellor,1,0,0,9
2012,5,19,Becky Barnicoat. Portrait by <a href="http://emilystein.co.uk/" title="">Emily Stein</a>,1,34,0,8
2012,5,19,Thomas Eaton,1,1,0,1
2012,5,19,Anonymous,1,12,2,18
2012,5,19,Alys Fowler,2,11,0,4
2012,5,19,JT&nbsp;Holmes,1,8,0,3
2012,5,19,Sali Hughes,1,16,0,11
2012,5,19,Helen Babbs,1,21,0,17
2012,5,19,Ann-Marie Powell,1,19,0,19
2012,5,19,Tim Dowling,1,16,0,3
2012,5,19,As told to Mark King,1,2,0,22
2012,5,19,Jeremy Bullmore,1,0,0,0
2012,5,19,Philip Delves Broughton,1,24,1,15
2012,5,19,Stephen Collins,1,138,1,42
2012,5,19,Words: Hannah Booth. Styling: Emily Blunden,1,49,0,20
2012,5,19,<strong>Liese Spencer,1,49,2,33
2012,5,19,Merope Mills </strong>and<strong> Nicole Jackson</strong>,1,49,2,33
2012,5,19,Leonard Barden,1,0,0,3
2012,5,19,Sol Campbell,1,8,0,35
2012,5,19,The Secret Footballer,1,17,3,33
2012,5,19,Jamie Jackson at Bloomfield Road,1,2,0,18
2012,5,19,Nicola Jennings,1,0,0,2
2012,5,19,Michael Hogan,1,146,0,67
2012,5,19,Colette Bernhardt &amp; Stuart Goodwin,1,1,0,0
2012,5,19,Steven Appleby,1,0,0,0
2012,5,19,Damon Wise,1,181,5,39
2012,5,19,Jon &amp; Mick/moderntoss.com,1,10,0,1
2012,5,19,Robert Clark,1,7,0,6
2012,5,19,Johnny Dee,1,1,0,2
2012,5,19,Maggie Brown,1,1067,30,140
2012,5,19,Annalisa Barbieri,1,1,0,1
2012,5,19,Joanna Moorhead,1,111,5,18
2012,5,19,Stefan Merrill Block,1,21,1,2
2012,5,19,Angela Wintle,1,652,2,30
2012,5,19,Tim Lott,1,17,1,8
2012,5,19,Jim Keeble,1,50,0,19
2012,5,19,Charlie Condou,1,0,0,0
2012,5,19,Amanda Mitchison,1,44,0,23
2012,5,19,The Guide,1,0,0,1
2012,5,19,Rachael Hogg,1,66,0,3
2012,5,19,Gwilym Mumford &amp; Rebecca Nicholson,1,66,0,3
2012,5,19,Lee Gale,1,0,0,17
2012,5,19,John Fordham &amp; John Robinson,1,2,0,2
2012,5,19,Stuart Goodwin,1,0,0,2
2012,5,19,Luke Turner,1,35,0,10
2012,5,19,Nick Gillett,1,1,0,40
2012,5,19,James Kettle,1,51,0,15
2012,5,19,Patric Baird,1,13,0,4
2012,5,19,John Mitchell,1,13,0,4
2012,5,19,Sam Richards &amp; Marc Rowlands,1,13,0,4
2012,5,19,Robert Clark &amp; Skye Sherwin,1,6,0,27
2012,5,19,Sam Richards,1,68,0,20
2012,5,19,Mark Cook,1,2,0,8
2012,5,19,Lyn Gardner &amp; Judith Mackrell,1,2,0,8
2012,5,19,Simon Hatterstone,1,49,2,65
2012,5,19,Dave Hall,3,19,0,7
2012,5,19,Guardian staff,1,7,0,23
2012,5,19,Presented by Tom Clark,1,0,0,18
2012,5,19,produced by Phil Maynard,1,0,0,18
2012,5,19,Jonathan Freedland,1,51,0,112
2012,5,19,Joe Berger &amp; Pascal Wyse,1,1,0,6
2012,5,19,Phoebe Doyle,1,120,5,82
2012,5,19,Nicolaus Mills,1,8,0,11
2012,5,19,Aiman.A,1,16,2,16
2012,5,19,<a href="http://www.irinnews.org/" title="">IRIN</a>,1,78,0,114
2012,5,19,Damien Pearse,8,324,22,470
2012,5,19,Yvette,1,0,0,7
2012,5,19,Theo,1,0,0,7
2012,5,19,aged 3,1,0,0,7
2012,5,19,Julia Rampen,1,130,2,67
2012,5,19,Laurie Tuffrey,1,130,2,67
2012,5,19,Ohio,3,87,2,76
2012,5,19,Jamie Doward,5,1468,22,574
2012,5,19,Emma Craig,2,1167,19,292
2012,5,19,Paul Morley,1,180,3,40
2012,5,19,Greg Wood at Newmarket,2,3,2,13
2012,5,19,Mark Vernon,1,98,6,26
2012,5,19,Amy Lawrence at the Emirates Stadium,2,34,1,72
2012,5,19,Vanessa Thorpe,5,434,3,204
2012,5,19,arts,1,56,0,33
2012,5,19,Alex Rayner,1,463,5,59
2012,5,19,Daniel Topolski,1,1,1,10
2012,5,19,Scott Anthony,1,1,0,8
2012,5,19,Tim Rich at Hillsborough,1,38,1,17
2012,5,19,Ian Malin at Vicarage Road,1,0,0,7
2012,5,19,Andrew Anthony,1,45,0,52
2012,5,19,David Baddiel,1,45,0,52
2012,5,19,Richard Rae at Edgeley Park,1,1,0,11
2012,5,19,Vic Marks at Hove,1,0,0,6
2012,5,19,Michael Aylwin at Welford Road,1,0,0,5
2012,5,19,Paul Rees at Adams Park,1,1,0,4
2012,5,19,Nial Briggs,1,0,0,6
2012,5,19,Toby Helm,4,348,3,324
2012,5,19,Matt Williams,2,54,0,80
2012,5,19,Paul Wilson at Wembley,1,129,5,76
2012,5,19,Chris McGreal at Fort Meade,1,141,0,119
2012,5,19,Paul Doyle at Edgar Street,1,5,0,8
2012,5,19,Daniel Boffey,3,302,4,180
2012,5,19,Sachin Nakrani at Wembley,1,14,0,36
2012,5,19,Mark Townsend,2,317,9,327
2012,5,19,Daniel Taylor at Wembley,1,22,1,41
2012,5,19,Paul Gallagher,2,27,2,64
2012,5,19,Giles Richards,1,20,0,5
2012,5,19,David James,1,4,0,0
2012,5,19,Margaret Dibben,3,0,0,11
2012,5,19,Dominic Fifield at Wembley,2,29,1,82
2012,5,19,Andy Bull at the Olympic Stadium,1,12,0,8
2012,5,19,Observer Sport staff,1,3,0,27
2012,5,19,David Hills,1,11,0,20
2012,5,19,Philip French,14,281,14,137
2012,5,19,ArcelorMittal,1,486,3,83
2012,5,19,James Bridle,1,83,7,207
2012,5,19,Kate Kellaway,2,16,0,18
2012,5,19,Tim Lewis,2,39,0,16
2012,5,19,William Skidelsky,1,23,3,20
2012,5,19,Nicholas Kenyon,1,0,0,1
2012,5,19,Joanne O'Connor,1,8,0,3
2012,5,19,Clare Brennan,1,0,0,1
2012,5,19,Chris Riddell,1,49,2,13
2012,5,19,Introduction by Lauren Laverne,1,645,24,758
2012,5,19,Tracy McVeigh,1,1146,6,126
2012,5,19,Interview by Elizabeth Day,1,14,3,14
2012,5,19,Alex Clark,2,243,9,67
2012,5,19,Chris Cooper,1,113,0,45
2012,5,19,Eva Wiseman,3,211,10,187
2012,5,19,Dan Pearson,1,27,4,16
2012,5,19,Paul Webster,1,78,1,20
2012,5,19,Dr Gerry Mander,1,0,0,0
2012,5,19,Victoria Coren,1,23,0,16
2012,5,19,The big issue,1,0,0,1
2012,5,19,Catherine Bennett,1,22,2,55
2012,5,19,Henry Porter,1,2,0,7
2012,5,19,Mark Kermode,1,4,0,6
2012,5,19,Fiona Maddocks,2,177,0,48
2012,5,19,Luisa Dillner,1,163,6,152
2012,5,19,David Niven,1,163,6,152
2012,5,19,Jo Jones,1,6,0,14
2012,5,19,Barbara Ellen,2,71,1,76
2012,5,19,Philip Womack,1,4,0,4
2012,5,19,John Kampfner,1,15,0,10
2012,5,19,Nigel Slater,2,29,3,14
2012,5,19,Lucy Scholes,1,23,0,5
2012,5,19,Dave Gelly,1,0,0,1
2012,5,19,Mina Holland,1,27,0,31
2012,5,19,Phil Mongredien,1,5,0,3
2012,5,19,Hermione Hoby,1,1,0,2
2012,5,19,Neil Spencer,1,30,0,5
2012,5,19,Kitty Empire,3,44,1,20
2012,5,19,Chris Cox,1,4,0,3
2012,5,19,Gay Dad,1,4,0,0
2012,5,19,Shahesta Shaitly,2,353,2,24
2012,5,19,Martin Love,1,3,0,13
2012,5,19,Katharine Whitehorn,1,3,0,5
2012,5,19,David Williams,1,4,0,3
2012,5,19,Jeff Forshaw,1,411,33,125
2012,5,19,Stuart Richardson,1,0,0,10
2012,5,19,Felix Atkin,1,0,0,18
2012,5,19,Will Freeman,1,0,0,16
2012,5,19,Laura Cumming,1,29,0,10
2012,5,19,Ally Carnwath,1,2,0,4
2012,5,19,John Naughton,1,1552,72,528
2012,5,19,Rowan Moore,1,97,0,48
2012,5,19,Phil Hogan,1,1,0,6
2012,5,19,Jason Solomons,1,0,0,14
2012,5,19,Gemma Kappala-Ramsamy,1,19,2,10
2012,5,19,Observer,1,0,0,2
2012,5,19,William Keegan,1,25,2,11
2012,5,19,David Mitchell,1,106,5,33
2012,5,19,Interview by Gemma Kappala-Ramsamy,1,9,0,9
2012,5,19,Miranda Sawyer,1,0,0,10
2012,5,19,Peter Preston,2,7,0,19
2012,5,19,Luke Jennings,1,11,0,5
2012,5,19,Susannah Clapp,1,5,0,14
2012,5,19,Paris,1,13,0,16
2012,5,19,Nick Cohen,1,194,6,90
2012,5,19,Andrew Gimson,1,6,2,14
2012,5,19,Andrew Rawnsley,1,24,1,56
2012,5,19,Will Hutton,1,31,2,40
2012,5,19,Hephzibah Anderson,1,16,3,43
2012,5,19,Dalya Alberge,1,164,5,81
2012,5,19,Becky Sunshine,1,32,3,43
2012,5,19,Mariella Frostrup,1,2,0,2
2012,5,19,Lauren Laverne,1,20,0,37
2012,5,19,Ed Vulliamy,1,125,12,35
2012,5,19,Rachel Dixon,1,0,0,7
