year,month,week,name,articles,facebook,googleplus,twitter
2011,9,39,Damien Pearse,2,239,2,116
2011,9,39,Sam Clark,1,8,0,7
2011,9,39,Mona Mahmood,1,8,0,7
2011,9,39,Press Association,86,2086,17,1737
2011,9,39,Matt Wells,4,580,3,305
2011,9,39,Reuters,33,1677,12,881
2011,9,39,Dominic Rushe,13,1087,16,554
2011,9,39,Jonathan Glennie,2,353,0,123
2011,9,39,Keith Stuart,12,138,8,482
2011,9,39,Stuart Dredge,6,1185,48,1761
2011,9,39,Patrick Foster,1,8,0,34
2011,9,39,Roy Greenslade,14,147,3,406
2011,9,39,David Walker,2,9,0,11
2011,9,39,Martin Wainwright,20,293,5,507
2011,9,39,Mark Say,6,8,3,43
2011,9,39,Rizwaan Sabir,1,39,0,23
2011,9,39,Alan Gardner,2,23,0,44
2011,9,39,Rob Bagchi,3,136,0,101
2011,9,39,John Tizard,1,0,0,1
2011,9,39,Richard Stallman,1,779,296,827
2011,9,39,Josh Halliday,16,3926,85,1883
2011,9,39,Grant Shapps,1,5,0,29
2011,9,39,Clare Horton,11,73,1,168
2011,9,39,Tom Phillips,3,2659,31,321
2011,9,39,Associated Press,38,4098,42,1382
2011,9,39,Sarah Hartley,2,12,1,43
2011,9,39,Dick Vinegar,1,2,0,11
2011,9,39,Kevin McKenna,2,188,2,54
2011,9,39,Barry Glendenning,6,91,0,91
2011,9,39,Staff,9,1427,8,409
2011,9,39,agencies,32,20767,83,1513
2011,9,39,Polly Curtis,6,209,0,167
2011,9,39,Greg Wood,5,53,0,29
2011,9,39,Guardian Voluntary Sector Network,1,19,0,98
2011,9,39,Anne McCrossan,1,21,3,241
2011,9,39,Steve Bridger,1,21,3,241
2011,9,39,David Didau,1,22,1,35
2011,9,39,Alex Hawkes,11,396,4,196
2011,9,39,Felicity Cloake,2,305,14,95
2011,9,39,Monkey,16,271,4,326
2011,9,39,Hilary Osborne,2,33,0,30
2011,9,39,Bella Mackie,5,2,0,5
2011,9,39,Hélène Mulholland,13,238,3,289
2011,9,39,political reporter,8,164,3,196
2011,9,39,Tom Ebbutt,1,28,0,4
2011,9,39,Kevin Mitchell,1,22,0,10
2011,9,39,John Plunkett,10,248,4,209
2011,9,39,Nick Spencer,1,5,0,14
2011,9,39,Paul Rees,17,179,3,88
2011,9,39,Ian McCourt,4,99,0,47
2011,9,39,Paolo Bandini,4,141,3,78
2011,9,39,David Cox,1,175,0,136
2011,9,39,Hari,2,8,0,76
2011,9,39,Jake,2,8,0,76
2011,9,39,Damian Carrington,8,1320,2,463
2011,9,39,Sean Michaels,10,11676,33,620
2011,9,39,Groovy Dhruv,1,0,0,6
2011,9,39,Carol Rumens,1,19,1,25
2011,9,39,Imogen Fox,3,100,0,86
2011,9,39,Shehani Fernando,2,367,2,60
2011,9,39,Richard Sprenger,5,186,2,86
2011,9,39,Dan Milmo,8,253,2,294
2011,9,39,Frank Dobson,1,36,1,25
2011,9,39,Frédéric Filloux,1,11,0,71
2011,9,39,Simon Chilvers,5,108,2,91
2011,9,39,Michael White,10,112,0,130
2011,9,39,Jean-Louis Gassée,1,7,3,94
2011,9,39,Corrections,5,1,0,8
2011,9,39,Tim Ashley,3,44,2,24
2011,9,39,Presented by Alok Jha,1,13,1,33
2011,9,39,produced by Jason Phipps,2,25,1,54
2011,9,39,with Nathan Green,1,13,1,33
2011,9,39,Presented by Hugh Muir,1,23,1,18
2011,9,39,produced by Peter Sale,1,23,1,18
2011,9,39,Elliot Smith,2,43,0,48
2011,9,39,Jonathan Watts,2,117,2,162
2011,9,39,Helen Carter,10,723,3,255
2011,9,39,Jill Insley,6,36,0,133
2011,9,39,Michael Cox,1,50,0,25
2011,9,39,Tara Conlan,3,74,0,57
2011,9,39,Amy Hall,3,49,1,45
2011,9,39,Ben Child,11,1329,10,352
2011,9,39,David Barnett,2,194,5,120
2011,9,39,Stewart Dakers,1,55,0,12
2011,9,39,Peter Bradshaw,4,273,0,106
2011,9,39,Jess Cartner-Morley,11,342,5,457
2011,9,39,Micah White,1,15255,46,957
2011,9,39,Kalle Lasn,1,15255,46,957
2011,9,39,Alison Flood,9,2090,18,695
2011,9,39,John Vidal,6,1610,12,669
2011,9,39,Dave Hill,6,43,2,131
2011,9,39,Frederika Whitehead,5,5,0,105
2011,9,39,Paul Owen,5,30,0,241
2011,9,39,Jeremy Kay,1,18,0,61
2011,9,39,Jonathan Jones,9,777,9,210
2011,9,39,Robert Kitson,17,136,1,74
2011,9,39,Sarah Phillips,1,15,0,14
2011,9,39,Kate Hodge,8,34,1,218
2011,9,39,Anna Fowlie,1,2,0,4
2011,9,39,Caroline Davies,4,53,1,22
2011,9,39,Luke Browne,1,35,4,23
2011,9,39,John Harris,3,203,1,41
2011,9,39,John Domokos,5,247,3,65
2011,9,39,Guardian,2,40,0,30
2011,9,39,Observer Fashion,2,40,0,30
2011,9,39,Michael Chessum,1,434,0,60
2011,9,39,James Robinson,7,208,1,265
2011,9,39,Owen Bowcott,12,1104,18,754
2011,9,39,Sarah Crown,3,160,5,73
2011,9,39,Fiona Harvey,5,1060,7,431
2011,9,39,Justin McCurry,6,773,8,409
2011,9,39,Ben Whitelaw,4,52,1,78
2011,9,39,James Meikle,6,2103,11,309
2011,9,39,Simon Rogers,6,5127,105,1299
2011,9,39,Guardian Interactive Team,1,370,1,134
2011,9,39,Andy Wilson,5,27,0,19
2011,9,39,Guardian Healthcare,3,15,1,23
2011,9,39,Sam Jones,4,247,2,98
2011,9,39,Sid Lowe,2,215,3,144
2011,9,39,Michael Cragg,7,466,4,109
2011,9,39,Will Hutton,2,246,1,90
2011,9,39,David Blanchflower,1,1,0,22
2011,9,39,Jill Treanor,15,513,5,352
2011,9,39,Nicholas Shaxson,2,24,1,69
2011,9,39,Tony Dolphin,1,1,0,22
2011,9,39,Sheila Lawlor,1,1,0,22
2011,9,39,Vikram Dodd,7,1478,15,583
2011,9,39,Richard Norton-Taylor,2,178,0,108
2011,9,39,Steven Morris,8,616,7,232
2011,9,39,Ellen E Jones,3,91,3,45
2011,9,39,Christian Bennett,3,220,18,129
2011,9,39,GrrlScientist,12,99,1,146
2011,9,39,Gines Haro Pastor,4,10,0,78
2011,9,39,Alexandra Topping,5,927,2,381
2011,9,39,Julia Raeside,4,76,2,55
2011,9,39,Sade Laja,3,6,0,16
2011,9,39,Suzanne Goldenberg,4,857,3,519
2011,9,39,Open thread,4,22,0,70
2011,9,39,Adam Wagner for the <a href="http://ukhumanrightsblog.com/">UK Human Rights Blog</a>,1,10,0,22
2011,9,39,part of the <a href="http://www.guardian.co.uk/law/series/guardian-legal-network">Guardian Legal Network</a>,1,10,0,22
2011,9,39,Amy Fleming,1,11,0,16
2011,9,39,Guardian readers,1,144,1,31
2011,9,39,John McVay,1,29,2,107
2011,9,39,Helena Smith,5,664,6,166
2011,9,39,Miriam Elder,6,2035,27,262
2011,9,39,Daniel Riemer,1,443,0,12
2011,9,39,Lewis K Cooper,1,2,0,11
2011,9,39,John Brunton,3,268,2,81
2011,9,39,Simon Tisdall,3,457,3,95
2011,9,39,Kevin McCarra,1,36,0,55
2011,9,39,John Ashdown,2,15,0,19
2011,9,39,Lisa O'Carroll,15,659,7,629
2011,9,39,SABMiller,1,6,0,10
2011,9,39,Shaun Edwards,2,12,0,5
2011,9,39,Professor Colin Talbot,1,10,0,12
2011,9,39,Liz Ford,4,294,3,105
2011,9,39,Allan Jenkins,2,2,0,25
2011,9,39,Alan Connor,2,31,0,25
2011,9,39,Tim Wingard,1,19,1,24
2011,9,39,Saeed Kamali Dehghan,6,3655,18,354
2011,9,39,Presented by Max Rushden,2,22,0,28
2011,9,39,produced by Ben Green,3,27,0,39
2011,9,39,Rachel Moussié,1,139,1,52
2011,9,39,Andy Field,1,23,0,6
2011,9,39,David Shariatmadari,2,428,1,49
2011,9,39,Marc Abrahams,1,41,2,17
2011,9,39,Tania Branigan,1,63,3,67
2011,9,39,Dave Laing,1,24,0,42
2011,9,39,Charles Arthur,11,1384,71,1497
2011,9,39,Raphael Honigstein,1,61,1,14
2011,9,39,Patrick Butler,2,938,1,268
2011,9,39,Michael Hann,6,138,2,54
2011,9,39,Julia Kollewe,10,382,6,375
2011,9,39,Amy Capes,1,56,0,7
2011,9,39,Michael Wallace,1,36,0,23
2011,9,39,Julian Glover,4,369,0,108
2011,9,39,Carl Haub for <a href="http://www.e360.yale.edu" title="Yale Environment 360">Yale Environment 360</a>,1,267,3,98
2011,9,39,part of the <a href="http://www.guardian.co.uk/environment/network" title="Guardian Environment Network">Guardian Environment Network</a>,4,318,4,216
2011,9,39,Dan Sabbagh,7,756,49,590
2011,9,39,Shiv Malik,5,2068,8,364
2011,9,39,Haroon Siddique,6,703,3,594
2011,9,39,John Hooper,6,699,5,165
2011,9,39,Jon Boone,7,456,4,250
2011,9,39,Simon Burnton,6,540,2,222
2011,9,39,Nick Cowen,2,41,0,125
2011,9,39,Paul Lester,5,311,0,88
2011,9,39,Claire Provost,2,68,3,64
2011,9,39,Jaz Cummins,1,27,1,20
2011,9,39,Jason Rodrigues,1,0,0,4
2011,9,39,Jessica Reed,3,6,0,53
2011,9,39,Alan Sykes,2,12,1,78
2011,9,39,Stephen Curry,1,75,5,53
2011,9,39,Andrew Mitchell for the <a href="http://www.guardian.co.uk/guardian-professional" title="">Guardian Professional Network</a>,1,4,0,36
2011,9,39,Kate McCann,8,42,0,68
2011,9,39,Ros Asquith,1,3,0,9
2011,9,39,Michael Billington,6,162,0,82
2011,9,39,Sean Magee,1,22,0,5
2011,9,39,Lyn Gardner,7,181,0,81
2011,9,39,Kate Molleson,1,19,0,10
2011,9,39,Rebecca Smithers,2,244,2,124
2011,9,39,Dalya Alberge,3,506,10,114
2011,9,39,Matthew Weaver,3,85,0,356
2011,9,39,Lizzy Davies,10,920,9,755
2011,9,39,Fionola Meredith,1,37,0,23
2011,9,39,Robin Denselow,3,7,0,26
2011,9,39,Paul Scruton,2,2997,24,372
2011,9,39,Paddy Allen,5,3132,28,437
2011,9,39,Brian Whitaker,2,46,0,99
2011,9,39,Sarah Boseley,6,307,3,357
2011,9,39,Emily Drabble,1,189,2,61
2011,9,39,David Williams,2,29,0,31
2011,9,39,Owen Gibson,9,276,4,192
2011,9,39,Nicholas Watt,6,500,4,233
2011,9,39,Ian Black,7,1593,8,776
2011,9,39,Chris Stephen,1,95,0,189
2011,9,39,Stephanie Northen,1,46,0,58
2011,9,39,Max Lawson,1,6,0,31
2011,9,39,Presented by Michael White,2,2,0,8
2011,9,39,produced by Phil Maynard,3,2,0,21
2011,9,39,David Willetts,1,27,0,27
2011,9,39,Johnny Howorth,1,555,1,65
2011,9,39,Andrew Sparrow,5,29,0,293
2011,9,39,Mark Brown,7,892,7,190
2011,9,39,Hadley Freeman,7,357,5,192
2011,9,39,Mike Baker,1,67,1,55
2011,9,39,Norman Lamb,1,10,0,13
2011,9,39,Martin Rees,1,103,1,115
2011,9,39,William Fotheringham,2,0,0,18
2011,9,39,Louise Taylor,5,604,6,116
2011,9,39,Emine Saner,3,174,0,69
2011,9,39,Maxton Walker,1,23,0,14
2011,9,39,Lucy Tobin,1,31,0,25
2011,9,39,Pete Cashmore,1,10,0,6
2011,9,39,Xan Brooks,6,136,1,93
2011,9,39,Simon Winder,1,16,0,7
2011,9,39,Hélène Mulholl,1,2,0,16
2011,9,39,,4,432,5,276
2011,9,39,Nils Pratley,12,65,0,111
2011,9,39,Ben Quinn,3,213,7,208
2011,9,39,Allegra Stratton,3,26,0,73
2011,9,39,Hannah Booth,2,1510,5,159
2011,9,39,George Monbiot,2,252,0,114
2011,9,39,Martin Chulov,2,77,0,96
2011,9,39,Zoe Wood,7,284,5,265
2011,9,39,Matt Scott,6,245,0,199
2011,9,39,Simon Bowers,4,192,4,163
2011,9,39,Richard Wolff,1,1732,9,99
2011,9,39,Angelique Chrisafis,5,3355,19,563
2011,9,39,Polly Toynbee,2,253,0,45
2011,9,39,As told to Vicky Frost,1,37,1,15
2011,9,39,Charlotte Higgins,6,847,18,256
2011,9,39,chief arts writer,2,85,6,89
2011,9,39,David Leigh,2,99,2,113
2011,9,39,Agencies,7,784,4,320
2011,9,39,Aditya Chakrabortty,1,85,3,30
2011,9,39,Ronan Bennett,1,1,0,13
2011,9,39,Daniel King,1,1,0,13
2011,9,39,Simon Hoggart,4,9,0,40
2011,9,39,John Crace,3,46,1,17
2011,9,39,Steve Bell,9,707,5,191
2011,9,39,Gabriel Weston,1,15,0,8
2011,9,39,Luisa Dillner,1,6,1,24
2011,9,39,Tom Meltzer,4,14,0,28
2011,9,39,Editorial,18,639,6,352
2011,9,39,John Robinson,2,7,0,11
2011,9,39,Ali Catterall,2,1,0,11
2011,9,39,Ben Arnold,2,7,0,11
2011,9,39,Richard Vine,2,2,0,9
2011,9,39,Gwilym Mumford,2,1,0,9
2011,9,39,Sam Wollaston,5,177,1,101
2011,9,39,Costas Lapavitsas,1,1233,1,94
2011,9,39,Patrick Wintour,14,491,3,555
2011,9,39,Brendan Fanning,4,21,1,16
2011,9,39,Sachin Nakrani,3,82,0,92
2011,9,39,Ed Pilkington,14,39371,169,3226
2011,9,39,Juliette Garside,3,250,10,370
2011,9,39,Richard Adams,8,907,17,371
2011,9,39,Interview by Laura Barnett,1,49,0,12
2011,9,39,Sukhdev Sandhu,1,398,1,94
2011,9,39,Andy Hunter,4,240,2,147
2011,9,39,Hugh Muir,5,39,1,58
2011,9,39,Donald McRae,1,6,0,11
2011,9,39,Richard Williams,7,65,2,109
2011,9,39,Sarah Hughes,2,61,2,48
2011,9,39,Brendan Jones (MeteoGroup),1,0,0,13
2011,9,39,John Vallins,1,0,0,29
2011,9,39,Karen McVeigh,2,3388,12,257
2011,9,39,Sandra Laville,1,43,0,28
2011,9,39,Owen Rawlings,4,7,0,30
2011,9,39,Jason Deans,3,25,0,56
2011,9,39,Stephen Bates,2,756,1,235
2011,9,39,Chris McGreal,7,3907,18,559
2011,9,39,Jeevan Vasagar,4,307,3,249
2011,9,39,Hakim al-Masmari,1,67,0,85
2011,9,39,Harriet Sherwood,11,4075,18,590
2011,9,39,Rose Lindsey,1,18,0,32
2011,9,39,David Clifford,1,18,0,32
2011,9,39,Jessica Shepherd,3,197,0,312
2011,9,39,Cheyenne Bunsie,2,1,0,47
2011,9,39,Vic Citarella,1,1,0,12
2011,9,39,Richard M Kavuma,1,26,0,12
2011,9,39,Chris French,1,4064,24,970
2011,9,39,Leo Hickman,3,103,0,233
2011,9,39,Severin Carrell,3,64,0,40
2011,9,39,Scotl,3,64,0,40
2011,9,39,Giles Peaker,1,6,1,19
2011,9,39,Rob Smyth,9,155,2,187
2011,9,39,Tom Happold,1,0,0,8
2011,9,39,Alice Salfield,2,20,1,10
2011,9,39,Laurence Topham,1,0,0,8
2011,9,39,Garath Symonds,1,6,0,4
2011,9,39,Steve Busfield,1,5,0,7
2011,9,39,Amira Nowaira,1,243,2,30
2011,9,39,Tim Hayward,2,685,4,106
2011,9,39,Jeremy Jeffs,1,311,3,73
2011,9,39,Scott Manson,1,63,0,32
2011,9,39,Sarah Ventress,1,43,0,1
2011,9,39,Nick Fletcher,16,44,3,172
2011,9,39,Claire Armitstead,2,27,3,31
2011,9,39,Phil Hoad,1,109,0,48
2011,9,39,Sam O'Neill,1,141,2,59
2011,9,39,Robert Ashton,1,11,0,10
2011,9,39,Jon Butterworth,2,955,34,148
2011,9,39,Harry Venning,1,6,1,0
2011,9,39,Amber,2,24,0,24
2011,9,39,Hannah Waldram,2,0,0,9
2011,9,39,Esther Shaw,1,8,0,33
2011,9,39,Melanie Wilson,1,27,0,14
2011,9,39,Fuel,1,27,0,14
2011,9,39,Roundhouse Radio,1,27,0,14
2011,9,39,Crowd-sourced for <a href="http://uvenus.org/" title="">University of Venus</a>,1,38,0,26
2011,9,39,Louise Stoddard,1,84,0,28
2011,9,39,Greg Wood at Sandown,2,0,0,6
2011,9,39,Nicholas Lezard,2,25,0,42
2011,9,39,Eddie Butler,6,76,3,29
2011,9,39,Jenny Purt,4,45,2,97
2011,9,39,Dan Martin,2,492,16,114
2011,9,39,Bill Bailey,1,1373,9,59
2011,9,39,Sarah Ditum,1,52,1,23
2011,9,39,Mike Averis,6,35,0,24
2011,9,39,Niall Stuart,1,214,0,132
2011,9,39,Maggoty Lamb,1,3,0,27
2011,9,39,Paul Doyle,5,203,2,145
2011,9,39,Gill Hitchcock,3,1,0,15
2011,9,39,Chris Cook,4,440,1,58
2011,9,39,Tony Paley,4,0,0,14
2011,9,39,Nicholas Wroe,2,87,0,42
2011,9,39,Observer,2,6,0,28
2011,9,39,Catherine Shoard,4,260,1,61
2011,9,39,Xan Rice,3,1719,17,218
2011,9,39,Jonathan Wilson,1,64,0,38
2011,9,39,Huma Qureshi,1,594,3,63
2011,9,39,Alan Travis,4,35,0,61
2011,9,39,Rachel Williams,2,236,1,133
2011,9,39,Anouchka Grose,1,44,0,27
2011,9,39,Fiona Beckett,2,614,9,104
2011,9,39,Guardian Fashion,8,107,0,126
2011,9,39,Lucy Snow,3,474,5,118
2011,9,39,Claire Cunningham,1,72,0,15
2011,9,39,Andy Bull,1,2,2,4
2011,9,39,Christopher Reed,1,6,0,17
2011,9,39,Jon Dennis,3,4,0,32
2011,9,39,Henry Barnes,6,316,1,89
2011,9,39,Barney Ronay,5,55,1,31
2011,9,39,Véronique Falez,1,12,0,8
2011,9,39,Cleo Cantone,1,7,1,4
2011,9,39,Larry Elliott,12,4180,25,668
2011,9,39,Anne Pélouas,1,9,1,15
2011,9,39,James Ball,3,3470,26,424
2011,9,39,Mark Sweney,3,47,0,107
2011,9,39,Duncan Graham-Rowe,1,73,1,19
2011,9,39,Mimz,1,0,0,6
2011,9,39,Katy Stoddard,1,1,0,13
2011,9,39,Faisel Rahman,1,30,1,42
2011,9,39,Guy Dammann,1,26,0,11
2011,9,39,Andy Ward,1,205,2,91
2011,9,39,Denis Campbell,7,894,22,436
2011,9,39,Daniel Levy,1,40,0,23
2011,9,39,Chris Sherwin for the <a href="http://www.guardian.co.uk/guardian-professional" title="Guardian Professional Network">Guardian Professional Network</a>,1,11,0,29
2011,9,39,Chris Power,1,17,0,8
2011,9,39,Andrew Pulver,6,296,1,88
2011,9,39,Sean O'Hagan,2,65,1,42
2011,9,39,Johnny Dee,3,223,1,87
2011,9,39,Roz Kaveney,1,58,0,24
2011,9,39,Kim Willsher,1,17,0,20
2011,9,39,Richard White,1,39,1,39
2011,9,39,Mathew Baxter-Reynolds,1,37,6,83
2011,9,39,Dafydd Goff,1,146,1,36
2011,9,39,Graeme Wearden,4,344,3,226
2011,9,39,Finbarr Sheehy,1,22,1,34
2011,9,39,Hsiao-Hung Pai,1,65,3,35
2011,9,39,Beijing,1,65,3,35
2011,9,39,Sarah-Louise Quinnell,1,35,1,72
2011,9,39,Chris Packham,3,64,0,19
2011,9,39,Randeep Ramesh,2,38,0,36
2011,9,39,Jason Farago,1,237,2,13
2011,9,39,Phillip Inman,7,223,2,128
2011,9,39,Libby Brooks,2,1,0,35
2011,9,39,Hywel Williams,1,1,0,16
2011,9,39,Nosheen Iqbal,1,46,0,13
2011,9,39,Julian Borger,4,195,1,95
2011,9,39,Stuart Heritage,4,230,2,123
2011,9,39,Kevin Powell,1,691,6,59
2011,9,39,Presented by Aleks Krotoski,1,1,1,54
2011,9,39,produced by Scott Cawley,2,84,2,72
2011,9,39,Matt Mueller,1,20,0,15
2011,9,39,Eliza Anyangwe,2,20,0,60
2011,9,39,Andrew Brown,2,125,4,69
2011,9,39,Alok Jha,3,3947,83,343
2011,9,39,Helen Pidd,5,2405,22,252
2011,9,39,Nick Herbert,1,0,0,11
2011,9,39,Andrew Clements,8,101,0,50
2011,9,39,Matthew Pike,1,0,0,3
2011,9,39,Paul Hayward,5,292,4,171
2011,9,39,John Naughton,2,324,14,263
2011,9,39,Richard Wachman,3,16,0,36
2011,9,39,Ed Pepperall,1,1,0,0
2011,9,39,Alfred Hickling,3,48,0,30
2011,9,39,Duncan Dallas,1,9,0,7
2011,9,39,Phil Gunson,1,44,0,4
2011,9,39,Tom Finn,3,103,0,51
2011,9,39,Simon Hattenstone,1,668,11,538
2011,9,39,Tim Dowling,3,142,1,23
2011,9,39,Jon Henley,2,206,2,142
2011,9,39,Leo Benedictus,2,55,1,22
2011,9,39,Rob Evans,1,16,0,35
2011,9,39,Adrian Searle,1,58,1,22
2011,9,39,Mike Selvey,1,2,0,5
2011,9,39,Ian Cobain,1,8,0,32
2011,9,39,Stuart Jeffries,3,971,17,204
2011,9,39,Jon Trickett,1,21,0,9
2011,9,39,Rupert Neate,3,1204,2,327
2011,9,39,Paul Harris,4,1957,28,249
2011,9,39,Matthieu Aikins,1,27,0,34
2011,9,39,Luke Harding,4,862,20,327
2011,9,39,Ginny Hill,1,71,0,36
2011,9,39,Nancy Banks-Smith,1,8,0,16
2011,9,39,Victoria Coren,2,39,0,36
2011,9,39,Tom Service,3,286,3,70
2011,9,39,Andrew Saint,1,130,3,31
2011,9,39,Daniel Taylor,7,773,6,981
2011,9,39,Zoe Williams,3,184,2,142
2011,9,39,Richard Rae at Villa Park,1,7,0,10
2011,9,39,Jamie Jackson at Emirates Stadium,1,20,2,34
2011,9,39,Ed Gibbs,2,101,0,35
2011,9,39,Simon Jenkins,2,403,1,57
2011,9,39,Candace Carty-Williams,1,1,0,6
2011,9,39,Jonathan Wright,1,1,0,6
2011,9,39,Phelim O'Neill,3,10,0,21
2011,9,39,Michael Meacher,1,39,0,41
2011,9,39,Jamie Jackson,7,272,0,167
2011,9,39,Russell Kempson at the City Ground,1,7,2,8
2011,9,39,Paul Wilson at Britannia Stadium,1,15,1,15
2011,9,39,Ewan Murray,4,8,0,19
2011,9,39,Jennifer Abel,1,189,3,28
2011,9,39,Jonny Weeks,4,40,0,189
2011,9,39,Alan Pickup,1,23,0,7
2011,9,39,Virginia Spiers,1,0,0,26
2011,9,39,Ian Sample,7,29647,324,2499
2011,9,39,Bryn Carless,1,0,0,4
2011,9,39,Jonathan Freedland,3,591,3,76
2011,9,39,Christine Oliver. Photographs: Robert Gilhooly for the Guardian,1,88,1,63
2011,9,39,Virginia Wallis,2,0,0,25
2011,9,39,Anita Pati,1,87,0,81
2011,9,39,Lawrence Haddad,1,104,1,34
2011,9,39,Mark King,8,298,3,294
2011,9,39,Tracey Caldwell,1,1,0,6
2011,9,39,Peter Hall,1,0,0,1
2011,9,39,Ross Griffiths,1,0,0,3
2011,9,39,Daniel Foster,1,24,0,1
2011,9,39,David Lengel,1,6,0,2
2011,9,39,SA Mathieson,2,13,0,25
2011,9,39,Alex Clark,2,141,3,55
2011,9,39,Tim Radford,2,785,4,72
2011,9,39,Joris Luyendijk,1,23,1,17
2011,9,39,SuperBen,1,0,0,7
2011,9,39,Benjamin Cohen,1,962,11,130
2011,9,39,Kendra Wilson,1,12,0,2
2011,9,39,Patrick Collinson,3,246,6,85
2011,9,39,Samba Yonga,1,82,0,27
2011,9,39,Abby Deveney,1,1,0,1
2011,9,39,Dan Hodges,1,7,0,14
2011,9,39,Peter Duggan,1,19,0,12
2011,9,39,Megan Greene,1,34,2,30
2011,9,39,Andrew Gumbel,1,41,4,14
2011,9,39,Sam Jordison,3,17,0,23
2011,9,39,Robert Hull,1,9,0,27
2011,9,39,Andrew Rawnsley,5,423,5,238
2011,9,39,Cameron Robertson,3,197,3,57
2011,9,39,Jo Confino for the <a href="http://www.guardian.co.uk/guardian-professional" title="">Guardian Professional Network</a>,1,21,0,39
2011,9,39,Caspar Llewellyn Smith,1,559,2,52
2011,9,39,Neil Willis,1,6,0,2
2011,9,39,Lisa Bachelor,4,104,2,163
2011,9,39,Alex Byrne,2,28,0,26
2011,9,39,Ian Vince,1,61,2,37
2011,9,39,Vicky Frost,2,235,2,64
2011,9,39,Arthur Neslen for <a href="http://www.euractiv.com/en/climate-environment">EurActiv</a>,1,10,0,36
2011,9,39,Jesper Christiansen,1,2,0,8
2011,9,39,Madeline Miller,1,184,5,48
2011,9,39,Tamson Pietsch,1,6,0,24
2011,9,39,Oliver Thring,1,46,1,53
2011,9,39,Jon Ronson,1,223,1,82
2011,9,39,Lucy Greenwell,1,223,1,82
2011,9,39,Remy Lamont,1,223,1,82
2011,9,39,Ami Sedghi,2,291,18,306
2011,9,39,Trish Lorenz,2,36,0,42
2011,9,39,Rob Edwards,2,486,5,206
2011,9,39,Michelle Pauli,1,5,0,11
2011,9,39,Debbie Andalo for the<a href="http://www.guardian.co.uk/guardian-professional" title="">Guardian Professional Network</a>,1,11,0,9
2011,9,39,Paul Wilson,4,49,1,66
2011,9,39,Jo Blason,1,616,6,92
2011,9,39,Rick Peters,1,616,6,92
2011,9,39,Jane Perrone,2,11,0,25
2011,9,39,Nesrine Malik,1,34,0,27
2011,9,39,Rick Gekoski,1,83,2,40
2011,9,39,David Cote,1,164,0,27
2011,9,39,Christina McAnea,1,244,0,26
2011,9,39,Marina Hyde,5,114,0,96
2011,9,39,Hugh O'Shaughnessy,1,16,0,10
2011,9,39,Ruth Jamieson,1,33,0,45
2011,9,39,Kathy Sweeney,1,14,0,19
2011,9,39,Joshua Rozenberg,1,7,0,17
2011,9,39,Chris Salmon,1,5,0,42
2011,9,39,honeybe@r,1,2,0,8
2011,9,39,Carlene Thomas-Bailey,1,70,1,33
2011,9,39,Kim Catcheside,2,2,0,7
2011,9,39,Peter Walker,2,79,0,128
2011,9,39,Andrew Harrop,1,13,0,12
2011,9,39,Ian Traynor,1,73,1,18
2011,9,39,Amy Goodman,1,5313,58,856
2011,9,39,Fiachra Gibbons,1,651,2,74
2011,9,39,Riazat Butt,1,15,0,19
2011,9,39,Giles Tremlett,4,1017,6,191
2011,9,39,Miranda Sawyer,2,253,3,75
2011,9,39,Poul Christoffersen,1,73,1,44
2011,9,39,Thom Dyke,1,15,0,28
2011,9,39,Kate Evans,1,375,2,23
2011,9,39,The Guardian global development team,4,738,11,179
2011,9,39,David Hills,2,23,0,36
2011,9,39,David Sillitoe,2,13,0,29
2011,9,39,Presented by Jon Henley,2,83,2,40
2011,9,39,produced by Tim Maby,2,90,3,44
2011,9,39,Camila Ruz,1,15,1,25
2011,9,39,Hannah Freeman,1,19,1,13
2011,9,39,David Nussbaum for <a href="http://www.guardian.co.uk/guardian-professional" title="">Guardian Professional Network</a>,1,10,3,13
2011,9,39,Tess Morris,1,39,0,11
2011,9,39,Sally Uren for <a href="http://www.guardian.co.uk/guardian-professional" title="">Guardian Professional Network</a>,1,67,3,76
2011,9,39,Angela Hartnett,1,20,0,7
2011,9,39,Jackie Ashley,1,0,0,13
2011,9,39,John Kampfner,1,0,0,13
2011,9,39,Tim Montgomerie,1,0,0,13
2011,9,39,Diane Abbott,1,0,0,13
2011,9,39,Liam Byrne,1,0,0,13
2011,9,39,Chris Rennard,1,0,0,13
2011,9,39,Sarah,1,0,0,0
2011,9,39,Carrie Martin,1,0,0,0
2011,9,39,Interview by Jo Adetunji,1,0,0,3
2011,9,39,Niall Dunne for the <a href="http://www.guardian.co.uk/guardian-professional" title="Guardian Professional Network">Guardian Professional Network</a>,1,25,0,22
2011,9,39,Amanda Hopkinson,1,15,0,17
2011,9,39,Phoebe Greenwood,4,792,2,99
2011,9,39,BlueVia,2,54,0,111
2011,9,39,Jane Martinson,1,29,0,18
2011,9,39,Will Hayler,4,0,0,14
2011,9,39,Jonathan Steele,1,1,0,4
2011,9,39,Alex von Tunzelmann,1,51,0,14
2011,9,39,Ros Coward,1,1,0,10
2011,9,39,Elisabeth Mahoney,4,59,2,52
2011,9,39,Chris Cook at Redcar,1,0,0,5
2011,9,39,Georgia,5,27295,77,1895
2011,9,39,Caroline Sullivan,3,61,0,28
2011,9,39,Rajeev Syal,3,8,1,36
2011,9,39,Patrick Diamond,1,10,0,8
2011,9,39,Michael Kenny,1,10,0,8
2011,9,39,Judith Mackrell,3,295,1,64
2011,9,39,Mark Fisher,2,14,0,14
2011,9,39,Deborah Orr,3,310,1,87
2011,9,39,Misha Glenny,1,72,6,160
2011,9,39,Laura Barnett,1,7,0,13
2011,9,39,Jonathan Lewis,1,247,2,33
2011,9,39,Jo Tuckman,1,68,1,19
2011,9,39,Dave Simpson,3,3292,6,120
2011,9,39,Peter Wilby,1,56,0,24
2011,9,39,Rupert Jones,2,73,1,128
2011,9,39,Tim Jonze,2,2211,24,284
2011,9,39,Heather Stewart,6,1517,15,437
2011,9,39,Stephen Grey,1,18,0,18
2011,9,39,Mark Lawson,2,67,1,28
2011,9,39,As seen by Catherine Bennett,1,5,0,10
2011,9,39,Terry Macalister,4,275,2,215
2011,9,39,Ewan Murray at Victoria Park,1,0,0,4
2011,9,39,Daniel Taylor at the Etihad Stadium,1,39,0,19
2011,9,39,Dionyssis Dimitrakopoulos,1,41,0,14
2011,9,39,Paul Doyle at the Amex Stadium,1,27,0,15
2011,9,39,David Stubbs,1,7,0,6
2011,9,39,Candice Carty-Williams,1,7,0,6
2011,9,39,Brian Logan,3,68,0,21
2011,9,39,Seumas Milne,1,40,1,65
2011,9,39,David Hopps,3,5,0,17
2011,9,39,Riccardo Bellofiore,1,462,2,45
2011,9,39,Interviews by Anna Tims,1,104,0,42
2011,9,39,Jamie Jackson at Stamford Bridge,3,46,0,129
2011,9,39,Andy Hunter at Goodison Park,1,7,0,11
2011,9,39,Lauren Cochrane,1,2,0,29
2011,9,39,Joe Lovejoy at Cardiff City Stadium,1,0,0,5
2011,9,39,Ray Collier,1,0,0,24
2011,9,39,Jeremy Plester,1,0,0,15
2011,9,39,Ken Macfarlane,1,53,14,79
2011,9,39,Paul Hayward at the Amex Stadium,1,53,1,26
2011,9,39,David Smith,2,1062,1,72
2011,9,39,Alistair Smith,2,62,1,26
2011,9,39,David Mitchell,2,942,26,304
2011,9,39,Zia Mahmood,1,3,0,1
2011,9,39,Jude Rogers,1,71,1,40
2011,9,39,David Batty,4,459,1,235
2011,9,39,Esther Addley,3,631,11,426
2011,9,39,Nick Hopkins,4,131,2,69
2011,9,39,Megan Carpentier,1,728,9,100
2011,9,39,Tom Baker,1,16,0,13
2011,9,39,Richard Jolly,1,149,1,29
2011,9,39,Nicky Clark,1,152,0,73
2011,9,39,Aaron Porter,1,1,1,6
2011,9,39,John Sauven,1,14,0,50
2011,9,39,Guardian Government Computing,3,0,0,10
2011,9,39,Henry McDonald,5,1445,13,239
2011,9,39,Simon McDougall,1,1,0,10
2011,9,39,Phil Jones,1,1,0,10
2011,9,39,Peter Richardson,1,1,0,3
2011,9,39,Gillian Hepburn,1,11,0,7
2011,9,39,Thomas Jones,1,290,23,242
2011,9,39,Katrina Venerus,1,6,0,5
2011,9,39,Local Optical Committee Support Unit,1,6,0,5
2011,9,39,fifimonkey,3,11,1,21
2011,9,39,Kate Carter,1,17,1,13
2011,9,39,Rachel Holmes,1,17,1,13
2011,9,39,Presented by Jason Solomons,1,12,0,21
2011,9,39,with Xan Brooks,1,12,0,21
2011,9,39,Adam Dawtrey,1,29,0,13
2011,9,39,Irel,3,1279,11,172
2011,9,39,James A Goldston for the <a href="http://blog.soros.org/" title="">Open Society Blog</a>,1,34,1,8
2011,9,39,part of the <a href="http://www.guardian.co.uk/legalnetwork" title="">Guardian Legal Network</a>,1,34,1,8
2011,9,39,David Runciman,1,426,5,130
2011,9,39,Anna Chesters,1,17,0,16
2011,9,39,Pamela Hutchinson,1,47,0,33
2011,9,39,Joanna Moorhead,2,37350,102,640
2011,9,39,Isabel Choat,1,117,2,64
2011,9,39,Skye Sherwin,2,29,1,28
2011,9,39,Scott Murray,4,109,0,205
2011,9,39,Tony Naylor,1,124,1,23
2011,9,39,Duncan Clark,1,139,0,75
2011,9,39,Toby Young,1,12,0,17
2011,9,39,Matt Wrack,1,38,0,18
2011,9,39,Chris Harding,1,62,1,31
2011,9,39,Peter Beresford,1,119,0,43
2011,9,39,Jo Adetunji for the <a href="http://www.guardian.co.uk/guardian-professional" title="Guardian Professional Network">Guardian Professional Network</a>,1,3,0,6
2011,9,39,Chris Riddell,4,629,5,168
2011,9,39,Robert McCrum,3,69,2,68
2011,9,39,guardian.co.uk/music,1,2174,19,173
2011,9,39,Tom McCarthy,1,199,2,44
2011,9,39,Ben Kape,1,194,0,16
2011,9,39,Andy Gallagher,2,207,0,21
2011,9,39,Alex Healey,1,194,0,16
2011,9,39,Mary Douglas-Home,2,212,0,18
2011,9,39,Andy Hix for the <a href="http://www.guprod.gnl/guardian-professional" title="">Guardian Professional Network</a>,1,0,0,0
2011,9,39,David Gray,1,0,0,9
2011,9,39,Ben Dowell,1,62,1,32
2011,9,39,Charles Hendry,1,11,0,19
2011,9,39,Mary Finnigan,1,825,5,19
2011,9,39,Carolyn Lyons,1,49,3,36
2011,9,39,Dorian Lynskey,1,200,2,27
2011,9,39,Amy Lawrence,2,615,1,131
2011,9,39,Adam Boult,3,19,0,34
2011,9,39,Jane Dudman,1,1,0,9
2011,9,39,Alexis Petridis,3,135,1,50
2011,9,39,Neil Rose,1,51,0,23
2011,9,39,Ross Mountain,1,94,1,18
2011,9,39,Alex Bailin,1,20,0,24
2011,9,39,Einat Wilf,1,102,0,26
2011,9,39,Sarfraz Manzoor,1,293,2,40
2011,9,39,Rachael Boast,1,36,0,20
2011,9,39,By <a href="http://www.irinnews.org/" title="">IRIN</a>,1,87,0,18
2011,9,39,part of the <a href="http://www.guardian.co.uk/global-development/series/guardian-development-network" title="">Guardian development network</a>,1,87,0,18
2011,9,39,James Meadway,1,80,0,42
2011,9,39,Interview by Jamie Jackson,1,1,0,5
2011,9,39,Ana Marie Cox,2,425,12,139
2011,9,39,Presented by Tom Clark,1,0,0,13
2011,9,39,Chris Fenn,1,433,5,91
2011,9,39,Andrew Millington,1,19,0,7
2011,9,39,Mike Neary,1,32,1,61
2011,9,39,Nick Davies,1,52,1,58
2011,9,39,publishing director at Canongate,1,52,1,58
2011,9,39,Eva Wiseman,3,53,0,83
2011,9,39,Caroline Lucas,1,167,2,72
2011,9,39,Khaled Diab,1,46,0,11
2011,9,39,David Hopps at The Oval,1,1,0,4
2011,9,39,Andrew Haydon,1,21,0,13
2011,9,39,Richard Lea,1,26,1,30
2011,9,39,Sophie Walker,1,176,0,15
2011,9,39,George Gomori,1,5,0,12
2011,9,39,Richard Dawkins,1,8,2,6
2011,9,39,Martin Kettle,2,20,0,24
2011,9,39,Judy Ludwin Miller,1,9,0,0
2011,9,39,Bob Chaundy,1,0,0,15
2011,9,39,Chief arts writer,1,659,12,76
2011,9,39,Will Hayler at Newmarket,1,0,0,5
2011,9,39,Hugh Miles,1,40,0,40
2011,9,39,Dean Baker,1,76,5,40
2011,9,39,Ed Douglas,1,13,0,6
2011,9,39,Arthur Midwinter,1,27,0,12
2011,9,39,Matthew Taylor,1,94,1,92
2011,9,39,Greg Wood at Newmarket,2,5,0,5
2011,9,39,Meg Pickard,1,322,1,47
2011,9,39,Maev Kennedy,1,118,1,12
2011,9,39,Alexander Chancellor,1,1,0,20
2011,9,39,Dan Collyns,1,417,1,23
2011,9,39,Lynsey Hanley,1,163,4,61
2011,9,39,Bidisha,2,77,2,44
2011,9,39,Michele Hanson,1,1,0,5
2011,9,39,Bim Adewunmi,1,47,0,32
2011,9,39,Julie Tomlin,1,609,2,190
2011,9,39,Simon Goodley,1,7,0,4
2011,9,39,Erwin James,1,104,0,15
2011,9,39,Sadhbh Walshe,1,33,1,25
2011,9,39,Ian Bostridge,1,52,1,10
2011,9,39,Pamela Stephenson Connolly,1,7,0,3
2011,9,39,Angela Eagle,1,43,1,30
2011,9,39,Ryan Gilbey,1,109,0,72
2011,9,39,John Fordham,4,46,0,25
2011,9,39,<a href="http://www.guardian.co.uk/profile/davidstubbs" title="">David Stubbs</a>,1,1,0,4
2011,9,39,<a href="http://www.guardian.co.uk/profile/rebeccanicholson" title="">Rebecca Nicholson</a>,1,1,0,4
2011,9,39,<a href="http://www.guardian.co.uk/profile/johnrobinson" title="">John Robinson</a>,1,1,0,4
2011,9,39,<a href="http://www.guardian.co.uk/profile/samrichards" title="">Sam Richards</a>,1,1,0,4
2011,9,39,Toby Manning,1,65,0,7
2011,9,39,Paul Weaver,5,40,1,46
2011,9,39,Alex Macpherson,1,1,0,18
2011,9,39,Mark Cuban,1,150,1,56
2011,9,39,Niall Griffiths,1,43,0,9
2011,9,39,Rebecca Nicholson,1,0,0,6
2011,9,39,David Thomson,1,26,0,7
2011,9,39,Declan Walsh,2,193,1,152
2011,9,39,David Katz,1,231,2,18
2011,9,39,Tony Leighton,1,4,0,5
2011,9,39,Tom Ewing,1,2,0,12
2011,9,39,Paul MacInnes,1,0,0,6
2011,9,39,Michael Hofmann,1,102,4,39
2011,9,39,Harry Pearson,2,35,0,18
2011,9,39,Stephen Moss,2,144,4,107
2011,9,39,Christine Smith,1,0,0,29
2011,9,39,Maddy Costa,1,5,0,11
2011,9,39,Amelia Hill,1,33,0,44
2011,9,39,Karen Cherrett,1,0,0,6
2011,9,39,Lawrence Donegan,2,4,0,23
2011,9,39,Nick Appleyard,1,5,0,3
2011,9,39,Slawek Kozdras,2,166,0,55
2011,9,39,Cliff Prior,2,22,0,32
2011,9,39,Rosie Niven,1,4,0,3
2011,9,39,Tom Levitt,1,3,0,5
2011,9,39,Hannah Fearn,1,0,0,6
2011,9,39,Richard Vize,1,5,0,3
2011,9,39,Presented by John Plunkett,1,5,0,11
2011,9,39,Tom Lutz,5,65,0,117
2011,9,39,Keith Cooper,1,21,0,17
2011,9,39,Mark Wilding,1,3,0,3
2011,9,39,OrliTheBookworm,1,2,0,6
2011,9,39,John Rhodes,1,3,0,26
2011,9,39,Nick Temple,1,2,0,14
2011,9,39,Jared Brown,1,10,0,13
2011,9,39,Emma Sturgess,4,85,0,20
2011,9,39,Carol Taylor,1,10,1,26
2011,9,39,Kate Francis,1,2,0,0
2011,9,39,John Joe O'Regan,1,110,0,22
2011,9,39,Andrew Simms,1,66,1,54
2011,9,39,Rob Lyons,1,66,1,54
2011,9,39,Noshua Watson,1,24,0,15
2011,9,39,Miles Brignall,1,2,0,10
2011,9,39,<a href="http://www.businessgreen.com">BusinessGreen</a>,1,5,1,57
2011,9,39,Suzanne Warr,2,115,1,39
2011,9,39,Charles Nicholl,1,94,0,36
2011,9,39,Ally Fogg,1,30,0,22
2011,9,39,James Dart,1,1,0,6
2011,9,39,Rachel Cooke,2,152,2,74
2011,9,39,Huw Irranca-Davies,1,9,0,44
2011,9,39,Matthew Baxter-Reynolds,1,45,8,225
2011,9,39,Alix Green,1,0,0,8
2011,9,39,David Parkinson,1,22,0,13
2011,9,39,Ed Jacobs,1,4,0,12
2011,9,39,Abubakr al-Shamahi,1,57,0,35
2011,9,39,Presented by Claire Armitstead,1,80,1,19
2011,9,39,Gemma Bowes,1,88,7,66
2011,9,39,Guardian travel writers,1,88,7,66
2011,9,39,William Skidelsky,1,10,0,16
2011,9,39,Rachel Dixon,2,26,1,12
2011,9,39,Sanjoy Roy,1,8,0,1
2011,9,39,Ronald Bergan,1,2,0,11
2011,9,39,Chris Morton,1,0,0,4
2011,9,39,Martin Robbins,1,287,3,26
2011,9,39,Jamie Byng,1,16,0,36
2011,9,39,Erica Jeal,1,1,0,7
2011,9,39,James Purnell,1,19,0,21
2011,9,39,Nick Pearce,1,19,0,21
2011,9,39,Danny Leigh,1,5,0,39
2011,9,39,Jill Robinson,1,51,0,15
2011,9,39,Malcolm Jack,1,0,0,9
2011,9,39,Daniel Pye,1,58,0,30
2011,9,39,James Donaghy,1,39,0,12
2011,9,39,Billy Moore,1,367,2,94
2011,9,39,Gordon Alexander,1,132,1,36
2011,9,39,David Mills,1,5,0,3
2011,9,39,David Lacey,1,29,0,6
2011,9,39,Jo Adetunji,2,8,0,26
2011,9,39,David Conn,1,68,0,23
2011,9,39,Alex Worrall,2,7,0,2
2011,9,39,Ben Perreau,1,204,1,127
2011,9,39,Darian Stibbe,1,7,0,12
2011,9,39,Sally Hunt,1,23,0,23
2011,9,39,Zurich,2,0,0,0
2011,9,39,Interactive created by Christine Oliver. List compiled by the Guardian,1,497,9,285
2011,9,39,Observer books team,1,497,9,285
2011,9,39,James Kingsland,1,488,5,31
2011,9,39,David Hirst,1,0,0,5
2011,9,39,Dan Gillmor,1,404,65,121
2011,9,39,Jonathan Glancey,2,66,3,33
2011,9,39,Tim Dixon for the <a href="http://www.guardian.co.uk/guardian-professional" title="Guardian Professional Network">Guardian Professional Network</a>,1,6,2,11
2011,9,39,Julia Eccleshare,1,5,0,8
2011,9,39,Antonio Olmos,1,297,1,15
2011,9,39,Jim Powell,1,297,1,15
2011,9,39,Foreign staff,1,892,13,170
2011,9,39,Imogen Tilden,1,226,2,27
2011,9,39,produced by Iain Chambers,1,73,0,15
2011,9,39,Wen Stephenson for <a href="http://grist.org/">Grist</a>,1,36,0,25
2011,9,39,Ruth Bergan,1,13,2,18
2011,9,39,Tony Brignull,1,6,0,4
2011,9,39,Laura Snapes,1,100,2,22
2011,9,39,Helienne Lindvall,1,39,3,78
2011,9,39,Melissa Gira Grant,1,216,5,58
2011,9,39,Adrienne Dengerink Chaplin,1,11,1,6
2011,9,39,James Sandbach,1,20,0,13
2011,9,39,Jacquelyn A. Ottman for the <a href="http://www.guardian.co.uk/guardian-professional" title="Guardian Professional Network">Guardian Professional Network</a>,1,9,0,34
2011,9,39,Presented by Alexis Petridis,1,83,1,18
2011,9,39,Paul Fairclough,1,44,2,6
2011,9,39,Rowenna Davis,2,23,0,29
2011,9,39,Demetrios Matheou,1,109,0,44
2011,9,39,Lars Eriksen,1,296,5,50
2011,9,39,Kerry Eustice,1,7,0,20
2011,9,39,Ghada Karmi,1,122,1,21
2011,9,39,Laura Oliver,1,0,0,5
2011,9,39,James Walsh,1,0,0,5
2011,9,39,Savitri Hensman,1,16,1,10
2011,9,39,Hakim Almasmari,1,3,0,6
2011,9,39,Denis MacShane,1,7,0,24
2011,9,39,Uki Goni,1,55,2,18
2011,9,39,Aunohita Mojumdar,1,61,0,11
2011,9,39,Ed Balls,1,18,0,31
2011,9,39,Maggie Brown,1,166,1,70
2011,9,39,Ian Jack,1,142,4,191
2011,9,39,Ian Malin,2,3,1,3
2011,9,39,Tanya Gold,1,152,1,41
2011,9,39,Ben Goldacre,1,135,3,133
2011,9,39,Interview by Oliver Laughland,1,0,0,5
2011,9,39,Susanna Rustin,1,261,5,47
2011,9,39,Tom Jenkins,1,0,1,6
2011,9,39,David Hopps at the Oval,1,3,0,6
2011,9,39,Andy Wilson at the Galpharm Stadium,1,0,0,4
2011,9,39,Nick Szczepanik at the Amex Stadium,1,2,0,12
2011,9,39,Sali Hughes,2,39,1,29
2011,9,39,Nat Saunders,1,10,0,2
2011,9,39,Corina Priestley,1,1,0,0
2011,9,39,Pete Brown,1,122,1,40
2011,9,39,Kay Ellis,1,4,0,4
2011,9,39,Jo Bunting,1,1,0,7
2011,9,39,Alex Plim,1,27,0,4
2011,9,39,Alex Chai,1,2,0,4
2011,9,39,Tess Shellard,1,3,1,1
2011,9,39,Michael Jacobs,1,29,1,24
2011,9,39,Donal Conlon,1,16,0,2
2011,9,39,Sally Shalam,1,16,1,31
2011,9,39,Martin Rowson,1,35,0,14
2011,9,39,Chris Hall,1,7,0,7
2011,9,39,Alex de Waal,1,32,0,8
2011,9,39,Claire Messud,1,57,0,10
2011,9,39,Colin Greenland,1,0,0,0
2011,9,39,Joanna Briscoe,1,4,0,6
2011,9,39,Sean O'Brien,1,66,0,3
2011,9,39,Danny Kelly,1,12,0,2
2011,9,39,Ian Sansom,2,10,1,11
2011,9,39,John Mullan,2,19,0,1
2011,9,39,Stevie Davies,1,0,0,1
2011,9,39,Sue  Arnold,1,1,0,1
2011,9,39,Declan Kiberd,1,87,3,21
2011,9,39,Steven Poole,1,11,0,3
2011,9,39,John O'Connell,1,2,0,1
2011,9,39,Hew Strachan,1,11,0,9
2011,9,39,William Nicholson,1,8,0,3
2011,9,39,Chris Mullin,1,9,0,1
2011,9,39,Leonard Barden,1,7,0,6
2011,9,39,Hugh Fearnley-Whittingstall,1,66,0,11
2011,9,39,Report by Robert Macfarlane,1,175,2,62
2011,9,39,Jill Scott,1,69,0,18
2011,9,39,Joyce Boone,1,34,0,0
2011,9,39,Interview: <strong>Becky Barnicoat</strong>. Portrait: <a href="http://www.emilystein.co.uk/" title=""><strong>Emily Stein</strong></a>,1,41,0,8
2011,9,39,Anna Tims,2,30,0,20
2011,9,39,Tom Dyckhoff,1,450,0,27
2011,9,39,Alys Fowler,1,1,0,1
2011,9,39,Rosanna Greenstreet,1,115,2,24
2011,9,39,Oliver Burkeman,1,77,4,135
2011,9,39,Emma Brockes,1,104,1,219
2011,9,39,Simone Felice,1,261,1,40
2011,9,39,Lia Leendertz,1,0,0,1
2011,9,39,Dan Lepard,1,89,1,23
2011,9,39,Yotam Ottolenghi,1,21,0,9
2011,9,39,Matthew Fort,1,0,0,2
2011,9,39,John Lanchester,1,15,0,11
2011,9,39,Thomas Eaton,1,0,0,0
2011,9,39,Jeremy Bullmore,1,0,0,0
2011,9,39,Angela Foster,1,0,0,7
2011,9,39,Andrea Wren,1,6,0,21
2011,9,39,Emma Jayne Jones,1,224,0,67
2011,9,39,Graham Snowdon,1,90,0,19
2011,9,39,Jon Palmer,1,238,6,45
2011,9,39,Kim Stoddart,1,7,0,8
2011,9,39,Oliver Laughland,1,1,0,7
2011,9,39,Matt Butler,1,52,3,40
2011,9,39,The Secret Footballer,1,19,0,22
2011,9,39,Derek Niemann,1,0,0,29
2011,9,39,Janet Murray,1,6,0,0
2011,9,39,Andrew Collins,1,20,1,2
2011,9,39,John Hayes,1,4,0,0
2011,9,39,Caroline Roberts,2,16,0,1
2011,9,39,Alex Godfrey,1,163,3,36
2011,9,39,Jonathan Bernstein,1,8,0,6
2011,9,39,Louise Tickle,2,3,0,9
2011,9,39,Allie Dickinson,1,7,0,0
2011,9,39,Steven Appleby,1,4,0,0
2011,9,39,Robert Clark,1,4,0,15
2011,9,39,Christian Koch,1,8,0,4
2011,9,39,Ailbhe Malone,1,38,0,8
2011,9,39,Jon &amp; Mick/moderntoss.com,1,49,0,0
2011,9,39,Grace Dent,1,10,0,7
2011,9,39,Caroline Rees,1,181,1,12
2011,9,39,Annalisa Barbieri,1,6,0,6
2011,9,39,Lesley Thomson,1,59,0,5
2011,9,39,Angela James,1,25,0,27
2011,9,39,Charlie Lyne,1,37,0,9
2011,9,39,Lynn Knight,1,15,0,17
2011,9,39,Eleanor Morgan,1,1,0,2
2011,9,39,Clare Considine,1,4,1,22
2011,9,39,The Guide,2,2,0,2
2011,9,39,Gareth Aveyard,1,36,0,78
2011,9,39,Mark Cook,1,2,0,4
2011,9,39,Lyn Gardner &amp; Judith Mackrell,1,2,0,4
2011,9,39,Steve Rose,2,11,0,4
2011,9,39,John Fordham &amp; John Robinson,1,5,0,2
2011,9,39,Nick Gillett,1,5,0,49
2011,9,39,Patric Baird,1,9,0,2
2011,9,39,John Mitchell,1,9,0,2
2011,9,39,Sam Richards &amp; Marc Rowlands,1,9,0,2
2011,9,39,Sam Richards,1,11,1,6
2011,9,39,Robert Clark &amp; Skye Sherwin,1,2,0,19
2011,9,39,James Kettle,1,3,0,6
2011,9,39,Justin Quirk,1,69,1,23
2011,9,39,Iain Aitch,1,1,0,4
2011,9,39,Colette Bernhardt &amp; Katrina Dixon,1,1,0,4
2011,9,39,Nicola Jennings,1,0,0,15
2011,9,39,Amy Fallon,1,875,3,111
2011,9,39,Joe Berger,1,5,0,5
2011,9,39,Pascal Wyse,1,5,0,5
2011,9,39,Kay Boycott,1,32,2,6
2011,9,39,David Goldblatt,1,280,3,33
2011,9,39,Robert Kitson at Otago Stadium,2,55,0,27
2011,9,39,Lisa O' Carroll,1,292,0,51
2011,9,39,What you're saying,1,3,0,7
2011,9,39,Emma Drury,1,2,0,1
2011,9,39,Margaret Dibben,3,0,0,16
2011,9,39,Eddie Butler at Eden Park,1,72,1,8
2011,9,39,Neil Clark,1,50,0,25
2011,9,39,Colin Horgan,1,18,0,31
2011,9,39,Sophia Deboick,1,70,1,28
2011,9,39,Joe Lovejoy at the Etihad Stadium,1,13,0,27
2011,9,39,TheBookThief,1,10,0,9
2011,9,39,Daniel Boffey,3,378,4,186
2011,9,39,David Levene,1,172,0,30
2011,9,39,Louise Taylor at St James' Park,1,10,0,13
2011,9,39,Georgina Turner at the DW Stadium,1,5,0,17
2011,9,39,Amy Lawrence at the Emirates Stadium,1,20,0,37
2011,9,39,Richard Rae at The Hawthorns,1,2,0,12
2011,9,39,Chris Cook at Newmarket,1,0,0,4
2011,9,39,John Ashdown at Fratton Park,1,2,0,7
2011,9,39,Jason Mellor at the Riverside,1,0,0,6
2011,9,39,Toby Helm,4,476,8,318
2011,9,39,Nial Briggs,1,0,0,8
2011,9,39,Ewan Murray at Celtic Park,1,0,0,9
2011,9,39,Paul Wilson at the Britannia Stadium,2,98,0,102
2011,9,39,Robin McKie,1,390,8,109
2011,9,39,Michael Aylwin at Welford Road,1,0,0,1
2011,9,39,Dean Ryan,1,1,0,1
2011,9,39,Gethin Chamberlain,1,1119,6,82
2011,9,39,Tim Rich at Anfield,1,57,1,46
2011,9,39,Vanessa Thorpe,1,14,0,36
2011,9,39,arts,1,14,0,36
2011,9,39,Mark Townsend,2,23,0,39
2011,9,39,Paul Rees at Eden Park,2,4,0,1
2011,9,39,Jamie Doward,3,235,0,143
2011,9,39,Charlotte Foot,1,53,0,40
2011,9,39,Paul Harris New York,1,95,2,53
2011,9,39,Barry Neild,1,230,0,20
2011,9,39,Tim Adams,2,602,12,122
2011,9,39,Tracy McVeigh,1,47,0,32
2011,9,39,Eddie Butler on his travels,1,0,0,0
2011,9,39,Tom Kington,1,10,2,33
2011,9,39,Giles Richards,1,36,0,12
2011,9,39,Frank Close,1,2314,39,197
2011,9,39,Robert Winston,1,21,0,1
2011,9,39,Observer staff,3,3,0,34
2011,9,39,Tom Lamont,2,343,2,93
2011,9,39,Tim Lewis,1,14,0,3
2011,9,39,Dan Pearson,1,6,0,6
2011,9,39,Elizabeth Day,3,2273,6,119
2011,9,39,Dave Gelly,1,0,0,0
2011,9,39,Nick Cohen,1,129,1,42
2011,9,39,Clementine Cecil,1,14,0,8
2011,9,39,Nathan Brown,1,0,0,7
2011,9,39,Stephen Pritchard,2,29,1,34
2011,9,39,Phil Hogan,1,1,0,2
2011,9,39,Catherine Bennett,1,3,0,10
2011,9,39,Viv Groskop,1,13,0,8
2011,9,39,Henry Porter,1,27,1,19
2011,9,39,Christopher Bray,1,24,0,6
2011,9,39,Mark Kermode,1,2,0,4
2011,9,39,Ally Carnwath,2,230,2,17
2011,9,39,Geoff Dyer,1,135,0,22
2011,9,39,Rodric Braithwaite,1,80,0,5
2011,9,39,Adam Mars-Jones,1,3,0,0
2011,9,39,Interview by James Hunt,1,14,0,4
2011,9,39,Nigel Slater,2,62,1,15
2011,9,39,Interview by Killian Fox,1,193,0,37
2011,9,39,Kitty Empire,3,24,2,7
2011,9,39,Ian Tucker,1,536,40,228
2011,9,39,Quentin Wheeler,1,11,1,18
2011,9,39,Hermione Hoby,1,15,0,6
2011,9,39,Killian Fox,2,8,0,3
2011,9,39,Lucy Siegle,1,54,0,32
2011,9,39,Nicholas Kenyon,1,2,0,2
2011,9,39,Neil Spencer,1,80,0,1
2011,9,39,Nathan Ditum,1,0,1,10
2011,9,39,Felix Atkin,1,0,0,5
2011,9,39,Emma John,1,148,1,35
2011,9,39,Fiona Maddocks,2,10,1,20
2011,9,39,Philip French,10,116,3,24
2011,9,39,Laura Cumming,1,32,0,13
2011,9,39,Mark O'Connell,1,362,1,94
2011,9,39,Kate Kellaway,1,19,0,16
2011,9,39,Rosanna Boscawen,1,4,0,0
2011,9,39,Luke Jennings,1,7,0,6
2011,9,39,Clare Brennan,1,25,0,2
2011,9,39,Will Freeman,1,0,0,27
2011,9,39,William Keegan,1,7,0,10
2011,9,39,Peter Preston,4,25,0,50
2011,9,39,Jason Solomons,1,0,0,3
2011,9,39,Boyd Hilton,1,51,2,32
2011,9,39,Ian Birrell,1,149,0,54
2011,9,39,Mariella Frostrup,1,4,0,5
2011,9,39,Ian Thomson,1,42,0,14
2011,9,39,Jay Rayner,1,17,0,60
2011,9,39,Martin Love,1,3,0,40
2011,9,39,Katharine Whitehorn,1,0,0,4
2011,9,39,Candice Pires,1,20,0,6
