year,month,week,name,articles,facebook,googleplus,twitter
2012,2,6,Nicholas Watt,9,196,3,320
2012,2,6,Nick Hopkins,7,515,8,370
2012,2,6,Mark Brown,6,901,39,391
2012,2,6,Richard Norton-Taylor,5,242,11,165
2012,2,6,Maev Kennedy,3,131,1,114
2012,2,6,Rebecca Smithers,6,453,5,542
2012,2,6,Presented by Alok Jha,1,15,3,43
2012,2,6,Produced by Iain Chambers,1,15,3,43
2012,2,6,Julia Kollewe,11,360,32,655
2012,2,6,Simon Goodley,4,8,1,33
2012,2,6,Associated Press,62,4416,76,1934
2012,2,6,Jill Treanor,8,142,5,150
2012,2,6,Ben Quinn,8,650,19,369
2012,2,6,Nils Pratley,10,46,2,105
2012,2,6,Reuters,29,3766,66,1710
2012,2,6,Tom Service,2,20,0,32
2012,2,6,Press Association,101,2432,23,2307
2012,2,6,Owen Bowcott,11,275,5,365
2012,2,6,Tom Latchford,1,52,2,113
2012,2,6,Jessica Shepherd,2,196,5,365
2012,2,6,Andrew Sparrow,5,172,5,390
2012,2,6,Sarah Hartley,1,2,0,14
2012,2,6,Keith Stuart,14,167,10,841
2012,2,6,Cabinet Office Data Team,1,0,0,10
2012,2,6,Simon Rogers,8,280,18,551
2012,2,6,Roy Greenslade,29,138,11,582
2012,2,6,Rob Bagchi,4,196,0,90
2012,2,6,Evan Fanning,5,69,0,164
2012,2,6,Ian McCourt,1,9,0,30
2012,2,6,Jacob Steinberg,4,15,0,61
2012,2,6,Josh Halliday,17,625,39,1155
2012,2,6,Charles Arthur,18,1391,98,2113
2012,2,6,Dick Vinegar,2,8,2,40
2012,2,6,Polly Curtis,4,60,2,234
2012,2,6,Dan Roberts,1,10,9,29
2012,2,6,David Lengel,2,32,0,8
2012,2,6,Mark Tran,7,387,5,243
2012,2,6,Patrick Barkham,2,127,1,127
2012,2,6,Jim Powell,1,123,1,51
2012,2,6,Brian Johnson,1,27,0,49
2012,2,6,Lorna Gibbons,1,3,0,28
2012,2,6,Rupert Neate,13,321,6,440
2012,2,6,Barry Glendenning,4,65,1,145
2012,2,6,Peter Walker,9,727,18,382
2012,2,6,Randeep Ramesh,4,401,9,454
2012,2,6,Steven Morris,14,3118,26,612
2012,2,6,Dan Glaister,1,4,0,7
2012,2,6,Philip Adams,1,5,0,5
2012,2,6,Sean Michaels,9,1039,18,428
2012,2,6,Bella Mackie,5,5,0,6
2012,2,6,Sophie Mackenzie,1,65,1,66
2012,2,6,Mona Mahmood,3,58,0,26
2012,2,6,Mary Lewis,2,33,0,14
2012,2,6,Jane Monckton-Smith,1,52,0,43
2012,2,6,Dave Hill,7,33,1,140
2012,2,6,Paolo Bandini,16,174,1,110
2012,2,6,Robin Foale,1,0,0,0
2012,2,6,Kate Hodal,4,476,13,542
2012,2,6,Gines Haro Pastor,1,2,0,9
2012,2,6,Patrick Butler,4,532,2,487
2012,2,6,Martin Webber,1,29,0,14
2012,2,6,John Plunkett,18,674,15,881
2012,2,6,Agencies,6,388,2,128
2012,2,6,Pete Pattisson,1,1558,2,88
2012,2,6,Olivier De Schutter,1,398,3,175
2012,2,6,Kate Hodge,8,25,0,93
2012,2,6,Sarah Boseley,6,1002,39,686
2012,2,6,Andrew Brown,2,130,3,74
2012,2,6,Nancy Groves,3,43,0,85
2012,2,6,Ana-Maria Tolbaru for <a href="http://www.euractiv.com/en/climate-environment">EurActiv</a>,1,79,0,70
2012,2,6,part of the <a href="http://www.guardian.co.uk/environment/network" title="Guardian Environment Network">Guardian Environment Network</a>,4,392,7,316
2012,2,6,Posted by Denise Horn for <a href="http://uvenus.org/" title="">University of Venus</a>,1,90,0,39
2012,2,6,Ewan Morrison,1,645,22,588
2012,2,6,Alan Connor,2,15,1,28
2012,2,6,Staff,12,294,4,362
2012,2,6,agencies,37,2191,68,1756
2012,2,6,Guy Dammann,2,17,0,41
2012,2,6,Rosie Bristow for the <a href="http://www.guardian.co.uk/guardian-professional" title="Guardian Professional Network">Guardian Professional Network</a>,1,7,1,74
2012,2,6,Jason Deans,4,21,2,218
2012,2,6,Greg Wood,11,3,0,57
2012,2,6,Lawrence Donegan,1,6,0,18
2012,2,6,Philip Landau,1,1511,8,388
2012,2,6,Dominic Fifield,8,205,0,336
2012,2,6,David Weston,1,133,1,57
2012,2,6,Gill Hitchcock,3,6,2,28
2012,2,6,Arun Marsh,4,5,1,88
2012,2,6,Frances Ryan,1,405,2,96
2012,2,6,Michael White,6,52,2,85
2012,2,6,Jonathan Watts,2,81,7,135
2012,2,6,Patrick Wintour,20,1558,42,1165
2012,2,6,Alison Flood,10,5231,177,2039
2012,2,6,Robert Kitson,13,75,1,83
2012,2,6,Martin Wainwright,9,236,5,250
2012,2,6,Hilary Nathan,1,2,0,5
2012,2,6,Alan Travis,4,487,7,213
2012,2,6,Ruth Jamieson,1,92,4,242
2012,2,6,Michael Cragg,5,696,2,169
2012,2,6,Ewan Murray,4,39,0,39
2012,2,6,Katherine Brandle,1,0,0,0
2012,2,6,Alice Tomic,1,0,0,2
2012,2,6,Clare Horton,5,20,0,22
2012,2,6,Jeevan Vasagar,7,510,9,486
2012,2,6,Ben Child,11,859,13,345
2012,2,6,Matt Trueman,5,323,2,80
2012,2,6,Carol Rumens,1,26,0,27
2012,2,6,Corrections,5,0,0,7
2012,2,6,Guardian Government Computing,3,3,0,10
2012,2,6,Susanna Rustin,2,199,4,223
2012,2,6,Monkey,15,115,1,278
2012,2,6,Tania Branigan,4,1328,40,1007
2012,2,6,Margaret Holborn,1,1,0,1
2012,2,6,Susan Gentles,1,1,0,1
2012,2,6,Lisa O'Carroll,12,91,6,273
2012,2,6,Dan Sabbagh,9,307,10,545
2012,2,6,Brady Haran,1,31,3,29
2012,2,6,Ellen Gandy,1,4,0,3
2012,2,6,Stuart Dredge,8,426,75,1467
2012,2,6,Mike Lockwood,1,42,0,17
2012,2,6,Michael Cox,1,28,2,80
2012,2,6,Michele Hanson,1,13,1,32
2012,2,6,Open thread,3,120,2,106
2012,2,6,SA Mathieson,1,1,2,4
2012,2,6,Katy Stoddard,1,41,0,13
2012,2,6,Julia Eccleshare,1,18,1,47
2012,2,6,David Cox,1,14,0,12
2012,2,6,George Potter,1,58,2,55
2012,2,6,Sid Lowe,1,51,0,63
2012,2,6,Tim Jonze,4,466,8,174
2012,2,6,Phillip Inman,8,238,8,355
2012,2,6,Nick Spencer,2,87,3,67
2012,2,6,Martin Dodsworth,1,1,0,7
2012,2,6,Kris Gopalakrishnan,1,5,0,4
2012,2,6,Florence Agyei,1,0,1,16
2012,2,6,Carl Hiaasen for the <a href="http://www.miamiherald.com/carl_hiaasen/">Miami Herald</a>,1,101,0,28
2012,2,6,Henry McDonald,7,94,4,170
2012,2,6,Irel,5,71,3,139
2012,2,6,Correspondent,1,54,2,102
2012,2,6,Mike O'Donnell for <a href="http://www.thesportcollective.com/" title="">The Sport Collective</a>,1,12,0,24
2012,2,6,part of the Guardian Sport Network,2,40,0,33
2012,2,6,Sylvia Rowley for the <a href="http://www.guardian.co.uk/guardian-professional" title="Guardian Professional Network">Guardian Professional Network</a>,1,10,0,10
2012,2,6,Ami Sedghi &amp; Simon Rogers,2,49,2,69
2012,2,6,Charles Saatchi,1,119,1,56
2012,2,6,Daniel Barnett,1,13,0,26
2012,2,6,Gwyn Topham,5,61,1,158
2012,2,6,Owen Gibson,11,141,2,223
2012,2,6,Ben Dowell,2,14,0,53
2012,2,6,Michael Carlson,1,36,0,22
2012,2,6,Laurence Topham,1,11,2,13
2012,2,6,Suzanne Goldenberg,8,1663,14,561
2012,2,6,Helena Smith,4,291,10,205
2012,2,6,Adam Vaughan,3,128,10,415
2012,2,6,Adam Boult,5,19,0,99
2012,2,6,John Hooper,2,261,3,64
2012,2,6,Patrick Collinson,4,67,1,144
2012,2,6,Martin Chulov,12,1113,17,528
2012,2,6,Shiv Malik,4,1416,14,492
2012,2,6,Hannah Waldram,1,185,3,104
2012,2,6,SAS,3,0,0,0
2012,2,6,Paul Rees,7,12,0,65
2012,2,6,Peter Lacy for the <a href="http://www.guardian.co.uk/guardian-professional" title="Guardian Professional Network">Guardian Professional Network</a>,1,8,1,36
2012,2,6,Ros Coward,1,49,0,30
2012,2,6,Pete Cashmore,1,640,4,86
2012,2,6,David Mills,3,16,0,96
2012,2,6,Presented by James Richardson,2,36,0,38
2012,2,6,produced by Ben Green,3,36,0,49
2012,2,6,Severin Carrell,5,149,2,241
2012,2,6,Scotl,5,149,2,241
2012,2,6,John Lubbock,1,19,2,638
2012,2,6,Nabeel Rajab,1,19,2,638
2012,2,6,Robert Booth,5,345,21,268
2012,2,6,Jonathan Jones,7,918,21,279
2012,2,6,Richard Sprenger,8,888,1,116
2012,2,6,Adrian Hilton for <a href="http://conservativehome.blogs.com/" title="">Conservative Home</a>,1,36,0,21
2012,2,6,part of the <a href="http://www.guardian.co.uk/commentisfree/series/guardian-comment-network" title="">Guardian Comment Network</a>,3,76,2,105
2012,2,6,Jamie Cullum,1,145,1,32
2012,2,6,Ros Asquith,1,3,0,7
2012,2,6,Marc Abrahams,1,38,0,27
2012,2,6,Jeffrey Weeks,1,87,1,39
2012,2,6,Zoe Wood,1,12,1,25
2012,2,6,Kate Bevan,1,15,2,129
2012,2,6,Jeremy Kay,2,260,2,99
2012,2,6,Jon Harvey for the <a href="http://www.guardian.co.uk/guardian-professional" title="Guardian Professional Network">Guardian Professional Network</a>,1,19,0,63
2012,2,6,Haroon Siddique,3,138,4,264
2012,2,6,Paul Owen,4,314,2,423
2012,2,6,Frédéric Filloux,1,8,1,109
2012,2,6,Tina Beattie,1,100,4,25
2012,2,6,Guardian music,1,1874,17,266
2012,2,6,Louise Tickle,1,148,6,83
2012,2,6,Jean-Louis Gassée,1,18,4,162
2012,2,6,Dugald Baird,4,119,0,197
2012,2,6,Peter Hall,1,7,0,33
2012,2,6,Lizzy Davies,6,687,21,399
2012,2,6,Helen Carter,8,144,3,216
2012,2,6,Jeff Jarvis for <a href="http://www.buzzmachine.com/" title="">BuzzMachine</a>,1,21,1,65
2012,2,6,Paul Lester,5,161,1,168
2012,2,6,Chris McGreal,4,118,23,126
2012,2,6,Alan Sykes,2,44,2,40
2012,2,6,Kevin McCarra,3,28,0,93
2012,2,6,Kim Willsher,2,117,2,100
2012,2,6,Alex Needham,10,1321,7,686
2012,2,6,Sachin Nakrani,1,64,0,36
2012,2,6,Tim Ashley,5,19,1,40
2012,2,6,David Conn,4,47,2,98
2012,2,6,Paul Hohnen for the <a href="http://www.guardian.co.uk/guardian-professional" title="Guardian Professional Network">Guardian Professional Network</a>,1,70,0,67
2012,2,6,Valerie Hannah,1,5,0,15
2012,2,6,Dave Simpson,3,12,0,33
2012,2,6,Colin Irwin,1,3,0,9
2012,2,6,Nick Asbury,1,10,0,7
2012,2,6,Lyn Gardner,7,103,1,97
2012,2,6,Ana Marie Cox,4,89,3,54
2012,2,6,Alfred Hickling,3,19,0,43
2012,2,6,<strong>Clar Ni Chonghaile</strong>,1,69,0,35
2012,2,6,Janet Murray,2,10,0,61
2012,2,6,Helen Pidd,6,853,9,308
2012,2,6,Julian Borger,6,1096,17,402
2012,2,6,,4,205,10,152
2012,2,6,Ewen MacAskill,8,162,3,135
2012,2,6,Esther Addley,2,144,2,134
2012,2,6,Sue Littlemore,1,9,0,31
2012,2,6,Graeme Wearden,4,157,6,261
2012,2,6,Martin Farrer,3,83,3,201
2012,2,6,Simon Bowers,4,18,0,67
2012,2,6,Peter Wilby,2,98,2,129
2012,2,6,Zoe Williams,3,172,1,99
2012,2,6,Vicky Frost,4,559,1,361
2012,2,6,Jane Martinson,3,99,7,119
2012,2,6,Leo Hickman,3,134,7,185
2012,2,6,Simon Burnton,2,8,0,96
2012,2,6,John Robinson,4,12,0,106
2012,2,6,Andrew Mueller,2,4,0,18
2012,2,6,Ali Catterall,2,5,0,46
2012,2,6,Julia Raeside,4,12,0,64
2012,2,6,Jonathan Wright,3,8,0,52
2012,2,6,Ben Arnold,2,2,0,53
2012,2,6,Tom Meltzer,2,13,0,50
2012,2,6,Ed Pilkington,6,1496,11,191
2012,2,6,Rachel Williams,1,60,2,82
2012,2,6,John Prescott,1,313,6,162
2012,2,6,Karen McVeigh,2,1622,21,66
2012,2,6,Aditya Chakrabortty,1,411,7,148
2012,2,6,Ryan Devereaux,5,622,12,258
2012,2,6,Hadley Freeman,2,94,2,51
2012,2,6,George Monbiot,2,600,9,484
2012,2,6,Sarah Hughes,1,134,3,45
2012,2,6,Ed Douglas,1,4,0,35
2012,2,6,Martin Rowson,5,93,5,80
2012,2,6,Tim Rich,1,10,0,21
2012,2,6,Editorial,15,478,13,611
2012,2,6,Sarfraz Manzoor,2,84,3,60
2012,2,6,Felicity Lawrence,1,240,1,235
2012,2,6,Harry J Enten,3,20,1,44
2012,2,6,Debbie Almontaser,1,127,2,62
2012,2,6,Polly Toynbee,2,630,3,196
2012,2,6,Laura Barnett,4,298,2,255
2012,2,6,Guardian staff,6,356,1,290
2012,2,6,Simon Hoggart,6,37,2,178
2012,2,6,Adrian Searle,2,160,4,83
2012,2,6,Vic Marks,5,8,1,32
2012,2,6,David Hytner,5,161,1,175
2012,2,6,Simon Hughes,1,17,1,40
2012,2,6,Interviews by Sarah Crown,1,194,3,90
2012,2,6,Andy Ratcliffe <em>(MeteoGroup)</em>,1,2,0,41
2012,2,6,Louise Taylor,7,152,0,93
2012,2,6,Nushin Arbabzadah,1,15,0,18
2012,2,6,Hugh Muir,4,4,0,47
2012,2,6,Andy Hunter,7,146,1,176
2012,2,6,Jamie Jackson,13,219,1,373
2012,2,6,Donald McRae,1,3,0,8
2012,2,6,Susie Cagle,1,107,1,85
2012,2,6,Vikram Dodd,1,6,0,14
2012,2,6,John Crace,4,270,1,132
2012,2,6,Daniel Taylor,8,519,0,568
2012,2,6,Kim Thomas,1,0,0,4
2012,2,6,Alison Wolf,1,25,0,74
2012,2,6,Ian Traynor,2,103,2,52
2012,2,6,Richard Adams,5,67,5,235
2012,2,6,Matt Wells,4,61,3,171
2012,2,6,Florida,1,13,0,59
2012,2,6,Damian Carrington,3,80,4,258
2012,2,6,Ian Cobain,2,69,5,79
2012,2,6,Tony Naylor,2,92,0,99
2012,2,6,Paul Farmer,1,5,0,37
2012,2,6,By <a href="http://www.irinnews.org/" title="">IRIN</a>,1,25,1,28
2012,2,6,part of the <a href="http://www.guardian.co.uk/global-development/series/guardian-development-network" title="">Guardian development network</a>,2,78,2,97
2012,2,6,Carole Jahme,1,328,8,74
2012,2,6,GrrlScientist,12,112,27,213
2012,2,6,Mark Simpson,1,207,3,91
2012,2,6,Justin McCurry,2,24,0,45
2012,2,6,<a href="http://www.artscampaign.org.uk/" title="">The National Campaign for the Arts</a>,1,2,0,32
2012,2,6,Samuel West,1,2,0,32
2012,2,6,Jill Insley,8,103,4,266
2012,2,6,Eliza Anyangwe,4,115,3,273
2012,2,6,Tara Conlan,4,46,3,193
2012,2,6,Jessica Crowe,1,2,0,3
2012,2,6,Cate,1,0,0,10
2012,2,6,Will Freeman,1,1,0,44
2012,2,6,Fiona Wood,1,20,0,82
2012,2,6,Nairobi,1,21,0,14
2012,2,6,Dr Ian Barnes,1,1,0,7
2012,2,6,Dr Gifford Batstone,1,1,0,7
2012,2,6,Jane Ashcroft,1,2,1,7
2012,2,6,David Levene,4,7368,47,609
2012,2,6,Rob Dale,1,3,0,49
2012,2,6,Pollyanna Perkins,1,10,0,7
2012,2,6,Nick Fletcher,21,107,4,305
2012,2,6,Erwin James,1,11,0,42
2012,2,6,Barney Ronay,4,79,0,56
2012,2,6,Guardian social care network,2,53,0,22
2012,2,6,Chris Cook,16,7,0,113
2012,2,6,Jeremy Browne,1,8,0,20
2012,2,6,Damien Walter,1,31,3,31
2012,2,6,Catherine Phipps,1,25,0,17
2012,2,6,Peter Twining,1,4,0,55
2012,2,6,Matthew Wright,1,24,0,79
2012,2,6,Jasmine Malone,1,481,2,106
2012,2,6,Hannah Freeman,1,40,2,47
2012,2,6,Tony Paley,5,0,0,28
2012,2,6,James Donaghy,1,38,0,17
2012,2,6,Leo Barasi for <a href="http://liberalconspiracy.org/" title="">Liberal Conspiracy</a>,1,19,1,19
2012,2,6,Martin Adeney,1,5,1,18
2012,2,6,Rob Evans,5,144,3,249
2012,2,6,Maria Chiara Bonazzi Aspden,1,10,0,7
2012,2,6,Jo Best,2,0,2,19
2012,2,6,Jonathan Wilson,4,140,1,84
2012,2,6,Paul Clarke,1,10,4,164
2012,2,6,Jo Adetunji,3,33,2,38
2012,2,6,Jenny Purt for the <a href="http://www.guardian.co.uk/guardian-professional" title="Guardian Professional Network">Guardian Professional Network</a>,2,35,0,50
2012,2,6,Neal Lawson,1,29,0,9
2012,2,6,Betty Page vis <a href="http://www.rocksbackpages.com/" title="">Rock's Backpages</a>,1,65,0,23
2012,2,6,Larry Elliott,7,547,18,380
2012,2,6,Clare Allan,1,45,2,42
2012,2,6,Simon Chilvers,3,65,1,104
2012,2,6,Nicholas Lezard,1,8,0,20
2012,2,6,Rol,1,0,0,4
2012,2,6,Jaquarello,1,0,0,4
2012,2,6,Sean O'Hagan,3,252,2,105
2012,2,6,Salma Idilbi,1,21,0,23
2012,2,6,Hilary Osborne,7,153,2,213
2012,2,6,Lisa Bachelor,7,180,1,230
2012,2,6,Ellen MacArthur for the <a href="http://www.guardian.co.uk/guardian-professional" title="Guardian Professional Network">Guardian Professional Network</a>,1,52,0,47
2012,2,6,Raphael Honigstein,1,45,0,13
2012,2,6,Rachel Anne Fenton,1,27,0,21
2012,2,6,Philip Rumney,1,27,0,21
2012,2,6,Edmund de Waal,1,8,0,35
2012,2,6,Joshua Rozenberg,1,31,1,22
2012,2,6,Giles Tremlett,5,651,11,294
2012,2,6,David Brindle,2,23,0,43
2012,2,6,Andy Bull,2,2,1,9
2012,2,6,Mark King,4,54,0,105
2012,2,6,Kirsty Scott,1,29,0,40
2012,2,6,James Ball,2,38,2,69
2012,2,6,Kat Keene Hogue,2,31,0,22
2012,2,6,Guardian,2,31,0,22
2012,2,6,Sergei Kostizki,1,14,0,7
2012,2,6,Travis Clark,1,65,1,24
2012,2,6,Sarah Ditum,1,46,3,69
2012,2,6,Harold Thibault,1,286,15,232
2012,2,6,James Meikle,6,1650,99,4401
2012,2,6,Juliet Rix,1,40,1,72
2012,2,6,Bob Garfield,1,12,0,23
2012,2,6,Charles Gant,1,28,0,19
2012,2,6,Amy Fleming,1,29,0,25
2012,2,6,Michael Billington,5,80,1,84
2012,2,6,Phelim O'Neill,4,18,0,72
2012,2,6,Paul Carr,1,66,1,95
2012,2,6,Smilez:,1,0,0,7
2012,2,6,Denis Campbell,4,316,4,247
2012,2,6,Nigel Larcombe-Williams,1,2,0,6
2012,2,6,Sibylla Brodzinsky,1,114,0,50
2012,2,6,Hugh Roberts,1,38,2,48
2012,2,6,William Fotheringham,1,1,0,9
2012,2,6,Jon Glasby,1,9,0,11
2012,2,6,Matthew Caines,2,18,0,49
2012,2,6,Debbie Andalo,2,7,2,19
2012,2,6,Martin Kettle,3,40,0,56
2012,2,6,Robin Denselow,3,27,0,39
2012,2,6,Fares Chamseddine,1,3,0,13
2012,2,6,John Vidal,1,13,0,62
2012,2,6,Jim Falzarano,1,4,0,3
2012,2,6,Claire Provost,2,153,1,104
2012,2,6,Peter Hetherington,1,4,0,4
2012,2,6,Tabitha Potts,1,1,0,13
2012,2,6,Isabel Choat,1,26,0,45
2012,2,6,Stuart Evers,1,18,1,24
2012,2,6,Chandran Nair for the <a href="http://www.guardian.co.uk/guardian-professional" title="Guardian Professional Network">Guardian Professional Network</a>,1,27,0,31
2012,2,6,John Pelan,1,20,0,1
2012,2,6,Eleanor Morgan,1,189,3,60
2012,2,6,Ben Trevena,1,11,0,1
2012,2,6,Liam Kelly,3,1,0,97
2012,2,6,Dominic Rushe,8,684,15,507
2012,2,6,Liz Williams,1,216,1,33
2012,2,6,Abby Deveney,1,1,0,0
2012,2,6,Alexandra Topping,4,1121,15,622
2012,2,6,Kate McCann,2,13,0,46
2012,2,6,Sean Ingle,1,2,0,15
2012,2,6,Jessica Fuhl,3,18,1,31
2012,2,6,Mark Weisbrot,1,319,6,54
2012,2,6,Neil Clark,1,111,2,65
2012,2,6,Jason Burke,1,68,3,23
2012,2,6,Delhi,1,68,3,23
2012,2,6,Kate Murray,1,97,0,43
2012,2,6,Jane Caplan,1,6,0,19
2012,2,6,Simon Zadek for the <a href="http://www.guardian.co.uk/guardian-professional" title="Guardian Professional Network">Guardian Professional Network</a>,1,22,1,39
2012,2,6,Andy Wilson,7,39,1,87
2012,2,6,Presented by Aleks Krotoski,1,12,0,31
2012,2,6,produced by Scott Cawley,1,12,0,31
2012,2,6,David Whiting,1,50,0,11
2012,2,6,Amelia Hill,3,151,1,134
2012,2,6,Fiona Harvey,5,413,6,467
2012,2,6,Andrew Pulver,5,319,0,170
2012,2,6,Paul Krugman,1,116,6,78
2012,2,6,Clar Ni Chonghaile,3,77,1,60
2012,2,6,Miriam Elder,5,2320,41,475
2012,2,6,Juliette Garside,7,109,10,323
2012,2,6,Andrea Vogt,2,230,6,133
2012,2,6,Caroline Sullivan,2,0,0,11
2012,2,6,John Fordham,5,33,3,77
2012,2,6,Adam Gabbatt,2,172,0,125
2012,2,6,Richard Wachman,5,158,0,89
2012,2,6,Naomi Wolf,2,379,9,288
2012,2,6,Daniel Hannan,1,37,1,53
2012,2,6,Paul Harris,6,1206,19,646
2012,2,6,An anonymous photographer,1,26,0,27
2012,2,6,Saabira Chaudhuri,5,1674,8,333
2012,2,6,Lemn Sissay,1,61,0,22
2012,2,6,Mike Averis,3,2,0,21
2012,2,6,Susie Steiner,3,125177,3,9165
2012,2,6,Emine Saner,2,328,6,160
2012,2,6,Hannah Verdier,2,5,0,75
2012,2,6,David Stubbs,2,7,0,40
2012,2,6,Tim Dowling,2,23,2,8
2012,2,6,Amelia Gentleman,1,344,5,196
2012,2,6,Ian Black,7,540,19,313
2012,2,6,Paul Mason,1,98,1,41
2012,2,6,Giles Fraser,1,207,2,131
2012,2,6,Paul Evans,1,6,0,57
2012,2,6,Simon Jenkins,2,281,5,128
2012,2,6,As seen by Catherine Bennett,1,2,0,1
2012,2,6,Sara Ilyas,1,8,0,8
2012,2,6,Harry Venning,1,7,0,3
2012,2,6,Imogen Fox,2,127,1,80
2012,2,6,Jonathan Glancey,1,47,1,30
2012,2,6,Kevin McCarra at Molineux,1,23,2,22
2012,2,6,Paul Wilson at Old Trafford,1,10,0,35
2012,2,6,Ian Sample,4,2382,81,634
2012,2,6,Anne Karpf,1,60,1,46
2012,2,6,Daniel Taylor at Goodison Park,1,49,0,25
2012,2,6,Andrew Dickson,1,110,1,51
2012,2,6,David Hytner at White Hart Lane,1,15,0,14
2012,2,6,Stuart James at Liberty Stadium,1,6,0,29
2012,2,6,Sam Wollaston,4,15,0,95
2012,2,6,Matthew Weaver,4,317,4,362
2012,2,6,Interview by Laura Barnett,1,69,2,31
2012,2,6,Tom Lutz (9-12,1,159,1,164
2012,2,6,1-2),1,159,1,164
2012,2,6,Rob Smyth (12-1),1,159,1,164
2012,2,6,Barry Glendenning (2-6),1,159,1,164
2012,2,6,John Ashdown (6-close),1,159,1,164
2012,2,6,Guardian US,1,0,0,0
2012,2,6,Simon Winchester,1,5,0,4
2012,2,6,Uki Goni,2,345,11,152
2012,2,6,John Ashdown,1,9,1,28
2012,2,6,Rob Smyth,2,10,2,35
2012,2,6,Frances Way for the <a href="http://www.guardian.co.uk/guardian-professional" title="Guardian Professional Network">Guardian Professional Network</a>,1,19,0,46
2012,2,6,Neil Merrick,2,46,0,122
2012,2,6,Hannah Fearn,2,39,0,87
2012,2,6,Virginia Wallis,2,5,0,17
2012,2,6,Andrew Simms,1,228,6,100
2012,2,6,Claire Hodgson,1,14,1,33
2012,2,6,Marie Nixon,1,14,1,33
2012,2,6,Andrew Langford,1,57,0,31
2012,2,6,John Tizard,1,7,0,15
2012,2,6,Michael Hann,3,566,5,173
2012,2,6,Colin Horgan,1,5,0,4
2012,2,6,Catherine Shoard,2,81,0,45
2012,2,6,James Lasdun,1,28,0,26
2012,2,6,Alexis Petridis,2,37,0,57
2012,2,6,Tanvi Vyas,1,34,0,37
2012,2,6,Jo Walters,1,216,1,71
2012,2,6,Brian Ashcraft,3,70,3,52
2012,2,6,James Dart,2,11,0,35
2012,2,6,John Wright,1,53,1,29
2012,2,6,Benji Lanyado,2,128,11,103
2012,2,6,Marcus Christenson,1,17,0,16
2012,2,6,Elliot Smith,2,942,11,137
2012,2,6,Craig Dearden-Phillips,1,0,0,11
2012,2,6,Alison Rourke,2,313,5,154
2012,2,6,Michael MacLeod,1,44,0,68
2012,2,6,Tabatha Leggett,1,19,0,32
2012,2,6,Hélène Mulholland,5,136,2,177
2012,2,6,Rachel Holmes,1,61,0,36
2012,2,6,Amanda Palmer-Roye,1,15,0,19
2012,2,6,Seth Freedman,1,5,1,7
2012,2,6,Sandra Laville,9,1731,40,676
2012,2,6,Alex Preston,1,68,1,57
2012,2,6,Presented by Michelle Pauli,1,13,0,18
2012,2,6,produced by Tim Maby,2,26,1,46
2012,2,6,Peter Bradshaw,9,237,4,128
2012,2,6,Phil Hoad,1,49,0,38
2012,2,6,Gill Wyness,1,6,0,37
2012,2,6,Oliver Thring,1,77,2,67
2012,2,6,Joshua Alston,1,28,1,32
2012,2,6,Paddy Allen,1,475,10,72
2012,2,6,Joanna Ruck,1,475,10,72
2012,2,6,Martin Shuttleworth,1,475,10,72
2012,2,6,Neil Griffiths,1,39,2,29
2012,2,6,Kieran Walshe,1,32,0,95
2012,2,6,Super Ben,1,2,0,13
2012,2,6,Peter Brash,1,22,0,57
2012,2,6,Miles Brignall,3,81,5,173
2012,2,6,Liane Katz,1,15,0,59
2012,2,6,Ashley Rawlings,2,213,12,91
2012,2,6,Richard Smart,3,124,1,39
2012,2,6,<a href="https://twitter.com/JamesHadfield" title="">James Hadfield</a>,1,29,2,17
2012,2,6,Robbie Swinnerton,2,61,0,80
2012,2,6,Malcolm Burgess,1,42,2,64
2012,2,6,Misha Janette,1,41,0,34
2012,2,6,Rebecca Milner,3,180,0,39
2012,2,6,Patrick Macias,1,55,7,55
2012,2,6,Martin Belam,4,37,4,219
2012,2,6,Stuart Heritage,6,420,5,268
2012,2,6,Melissa Denes,1,64,0,29
2012,2,6,Andy Steele for the <a href="http://www.guardian.co.uk/guardian-professional" title="Guardian Professional Network">Guardian Professional Network</a>,1,2,0,32
2012,2,6,Steve Hilditch,1,6,0,24
2012,2,6,Sali Owen,1,538,15,118
2012,2,6,John Windmill,1,13,0,17
2012,2,6,A student,1,67,2,45
2012,2,6,Lucy Halsall,1,59,2,45
2012,2,6,Kelly Bowerbank,1,39,0,20
2012,2,6,Ken Macfarlane,3,7375,47,590
2012,2,6,Charlie Brooker,1,605,25,403
2012,2,6,Katie Allen,7,207,10,311
2012,2,6,Will Nichols for <a href="http://www.businessgreen.com">BusinessGreen</a>,1,14,0,68
2012,2,6,guardian.co.uk,3,49,0,21
2012,2,6,By Dumbuya Mustapha,1,53,1,69
2012,2,6,Damon Van der Linde,1,53,1,69
2012,2,6,for <a href="http://ipsnews.net/" title="">IPS</a>,1,53,1,69
2012,2,6,Sade Laja,4,20,0,102
2012,2,6,Simon Tisdall,1,88,0,25
2012,2,6,Michael Boyle,1,17,0,10
2012,2,6,Sam Jones,4,90,0,124
2012,2,6,Paul Wilson,5,101,0,203
2012,2,6,Presented by Katie Allen,1,1,0,13
2012,2,6,produced by Phil Maynard,3,4,0,74
2012,2,6,Judith Mackrell,4,172,4,98
2012,2,6,Michael Solomon,3,91,1,40
2012,2,6,Pierre Haski,1,15,1,11
2012,2,6,Naomi McAuliffe,1,158,0,119
2012,2,6,Stuart James,4,61,0,96
2012,2,6,Luke Harding,1,75,2,36
2012,2,6,SaiWish0221,1,0,0,5
2012,2,6,Angelique Chrisafis,3,142,1,143
2012,2,6,Guardian Fashion,2,272,0,66
2012,2,6,Owen Jones,1,80,2,26
2012,2,6,Steve Waters,1,40,0,29
2012,2,6,Mike Selvey,4,27,0,37
2012,2,6,Brian Conway,1,25,0,10
2012,2,6,Gary Younge,1,361,7,53
2012,2,6,Hannah Booth,2,479,2,67
2012,2,6,Aisha Gill,1,61,2,59
2012,2,6,Dusan Stojanovic/Associated Press,1,143,2,34
2012,2,6,Charlotte Jones,1,9,0,14
2012,2,6,Mo Costandi,2,79,4,50
2012,2,6,SE Smith,1,65,6,36
2012,2,6,Angela Hartnett,1,21,0,12
2012,2,6,Imogen Russell Williams,1,11,0,25
2012,2,6,Andy Pietrasik,1,6,0,15
2012,2,6,Rory Carroll,2,1931,54,770
2012,2,6,Jonathan Franklin,1,227,5,92
2012,2,6,Helienne Lindvall,2,275,7,307
2012,2,6,Richard Williams,4,53,0,54
2012,2,6,Tom Greatrex,1,141,1,44
2012,2,6,Jennifer Norton,1,56,0,63
2012,2,6,Jaz Cummins,1,56,0,63
2012,2,6,Joanne Mudhar,1,0,0,15
2012,2,6,David Bowman,1,80,2,74
2012,2,6,Andy Beckett,1,31,1,27
2012,2,6,Chris Michael,1,225,2,63
2012,2,6,James Antle,1,3,0,13
2012,2,6,Cheri Jacobus,1,3,0,13
2012,2,6,Matt Lewis,1,3,0,13
2012,2,6,Tim Montgomerie,1,3,0,13
2012,2,6,Grover Norquist,1,3,0,13
2012,2,6,Michael Wissot,1,3,0,13
2012,2,6,Nick Seddon,1,6,2,26
2012,2,6,Brendan Fanning,1,10,0,13
2012,2,6,Alok Jha,2,551,32,230
2012,2,6,Brian Wilson,1,2,0,17
2012,2,6,Dalya Alberge,1,143,0,116
2012,2,6,Dan Jarvis,1,60,2,68
2012,2,6,Brian Logan,1,0,0,5
2012,2,6,<a href="http://all-wrongs-reversed.net/">Morgan Giles</a>,2,7336,47,570
2012,2,6,Miho Kajioka,2,7336,47,570
2012,2,6,Kate Molleson,1,0,0,14
2012,2,6,Jon Henley,1,75,2,51
2012,2,6,Suzanne Moore,1,71,2,156
2012,2,6,John Harris,1,706,13,183
2012,2,6,Ali&nbsp;Catterall,1,3,0,6
2012,2,6,David Batty,5,982,12,656
2012,2,6,Michael Wolff,1,62,11,137
2012,2,6,Carwyn Jones,1,17,0,46
2012,2,6,David Smith,3,89,0,55
2012,2,6,Janine Gibson,1,18,0,32
2012,2,6,Matt Shardlow,1,1,0,30
2012,2,6,Joanna Walters,1,366,7,130
2012,2,6,Timothy Garton Ash,1,25,0,56
2012,2,6,Johannesburg,1,16,0,19
2012,2,6,Steven Bloor,2,7,0,35
2012,2,6,Stuart James at Villa Park,1,4,0,9
2012,2,6,Jamie Jackson at Craven Cottage,1,0,0,10
2012,2,6,Paul Weaver,3,12,0,35
2012,2,6,Andy Hunter at the Reebok Stadium,1,11,0,21
2012,2,6,Louise Taylor at the Stadium of Light,1,7,0,14
2012,2,6,Paul Wilson at Ewood Park,1,5,0,24
2012,2,6,Interview by Sarah Phillips,1,31,1,34
2012,2,6,Marina Hyde,4,280,4,238
2012,2,6,Lucy Mangan,2,33,1,23
2012,2,6,Kevin Powell,1,158,1,58
2012,2,6,David Hencke,1,2,0,8
2012,2,6,Paul Lewis,2,107,3,110
2012,2,6,Felicity Cloake,1,198,3,69
2012,2,6,Jeff Jarvis,1,99,2,121
2012,2,6,Abdel-Rahman Hussein,5,1214,6,404
2012,2,6,Cairo,1,141,0,54
2012,2,6,Harriet Sherwood,3,264,13,133
2012,2,6,Saeed Kamali Dehghan,2,407,11,175
2012,2,6,Georgina Brewis,1,14,0,44
2012,2,6,James Dawson,1,81,1,78
2012,2,6,<a href="http://www.creativeboom.co.uk/" title="">Creative Boom</a>,1,1,0,29
2012,2,6,Katy Cowan,1,1,0,29
2012,2,6,part of the <a href="http://www.guardian.co.uk/culture-professionals-network" title="">Guardian Culture Professionals Network</a>,2,61,0,78
2012,2,6,Philip Hoare,1,7,0,22
2012,2,6,Lee Elliot Major,1,89,8,50
2012,2,6,Simon Dixon,1,3,0,8
2012,2,6,Caroline Foley,1,4,0,31
2012,2,6,Alan Rusbridger,2,312,0,141
2012,2,6,Neal Ascherson,2,226,12,66
2012,2,6,Hunter Felt,3,20,0,14
2012,2,6,krazy kesh,2,0,0,8
2012,2,6,Amir Ofek,2,170,0,90
2012,2,6,Will Tanner,1,1,0,7
2012,2,6,John Banville,1,30,1,35
2012,2,6,Daniel Ratchford,1,4,0,5
2012,2,6,Ian McDermott,1,2,0,16
2012,2,6,Riazat Butt,2,138,3,109
2012,2,6,Jason Barker,1,403,1,65
2012,2,6,Annie Kelly,1,12,0,13
2012,2,6,Jason Rodrigues,1,63,0,95
2012,2,6,Terry Macalister,2,137,0,84
2012,2,6,Claire Armitstead,1,29,0,34
2012,2,6,Tim Maby,1,29,0,34
2012,2,6,Benjamin Mee,1,69,0,18
2012,2,6,Terry Philpot,1,48,0,27
2012,2,6,Invisible Woman,1,76,0,23
2012,2,6,Saeed Shah,1,11,0,5
2012,2,6,Bobby White,1,2,0,8
2012,2,6,Laura Saarikoski,1,349,4,41
2012,2,6,Saska Saarikoski,1,349,4,41
2012,2,6,Helen Babbs,1,80,0,28
2012,2,6,Juliette Jowit,2,108,3,228
2012,2,6,Graham Snowdon,2,202,3,75
2012,2,6,Robert McCrum,1,43,4,131
2012,2,6,Joanna Geary,2,4,0,99
2012,2,6,Ben Kape,1,842,1,50
2012,2,6,Andy Gallagher,1,842,1,50
2012,2,6,Lindsay Poulton,2,897,4,65
2012,2,6,Tim Adams,1,11,0,26
2012,2,6,Colin Cram,1,0,0,18
2012,2,6,Miguel-Anxo Murado,1,219,2,20
2012,2,6,Mee-Lai Stone,1,85,0,19
2012,2,6,David Leigh,1,21,1,86
2012,2,6,Jason Solomons,1,8,0,14
2012,2,6,Iain Chambers,1,8,0,14
2012,2,6,Jon Dennis,2,24,2,42
2012,2,6,John Rawling,1,59,1,22
2012,2,6,Sir Paul Ennals,1,2,0,3
2012,2,6,Alice Klein,1,24,0,18
2012,2,6,William Feaver,1,155,4,37
2012,2,6,Julian Baggini,1,13,1,22
2012,2,6,Duncan Clark,1,483,11,176
2012,2,6,Stuart Kelly,2,48,2,33
2012,2,6,Nick Brown,1,61,0,39
2012,2,6,Chavala Madlena,1,10,0,13
2012,2,6,Peter Tatchell,1,113,2,60
2012,2,6,Jack Schofield,1,9,0,40
2012,2,6,Matt Roberts,1,66,0,62
2012,2,6,Michael Cox for <a href="http://www.zonalmarking.net/" title="">Zonal Marking</a>,1,28,0,9
2012,2,6,Alex von Tunzelmann,1,18,0,28
2012,2,6,Press Assocation,1,187,1,62
2012,2,6,Ollie Brock,1,77,4,58
2012,2,6,Peter Preston,1,216,1,38
2012,2,6,Stephen Armstrong,1,181,0,59
2012,2,6,Alex Aldridge,1,30,0,45
2012,2,6,Roberta Radu,1,41,0,33
2012,2,6,Carlene Thomas-Bailey,1,4,0,29
2012,2,6,Ryan Gallagher,1,211,1,117
2012,2,6,John Elkington for the <a href="http://www.guardian.co.uk/guardian-professional" title="Guardian Professional Network">Guardian Professional Network</a>,1,2,0,22
2012,2,6,Mark O'Brien,2,12,0,38
2012,2,6,Tracey Caldwell,1,7,1,22
2012,2,6,Phyllis Stoddart,1,0,0,10
2012,2,6,Keith Sugden,1,0,0,10
2012,2,6,Trevor Phillips,1,0,0,3
2012,2,6,Rob Woodford,1,0,0,3
2012,2,6,Luke Prodromou,1,0,0,3
2012,2,6,Lizz Winstead,1,455,1,112
2012,2,6,Max Hole,1,97,3,75
2012,2,6,Will Hannah,1,69,1,32
2012,2,6,Presented by Tom Clark,2,3,0,61
2012,2,6,Andrew Clements,6,11,0,68
2012,2,6,corresponent,1,7,1,3
2012,2,6,Tom Boyd,1,4,0,2
2012,2,6,Stephen Dunn,1,15,0,39
2012,2,6,Skye Sherwin,1,3,0,23
2012,2,6,Ros Taylor,1,36,0,35
2012,2,6,Osama Diab,1,128,0,46
2012,2,6,Amy Lawrence,2,29,1,56
2012,2,6,Nick Fletche,1,0,0,1
2012,2,6,Kate Sheppard for <a href="http://motherjones.com">Mother Jones</a>,1,32,1,76
2012,2,6,David Buckman,1,4,0,15
2012,2,6,Jenny Jones,1,70,0,146
2012,2,6,Liam Scott-Smith,1,1,0,17
2012,2,6,George Hall,1,6,0,5
2012,2,6,Maddy Costa,1,18,0,20
2012,2,6,Christopher Masters,1,129,3,45
2012,2,6,James Montague,1,10,1,17
2012,2,6,Amy Goodman,1,176,4,35
2012,2,6,Lisa Evans,2,68,3,59
2012,2,6,Michelle Pauli,1,9,0,17
2012,2,6,Andrew Gumbel,1,88,3,195
2012,2,6,John Gray,1,157,4,61
2012,2,6,Aidan McQuade,1,74,0,57
2012,2,6,Tom Crompton,1,45,0,57
2012,2,6,Greg Maio for the <a href="http://www.guardian.co.uk/guardian-professional" title="Guardian Professional Network">Guardian Professional Network</a>,1,45,0,57
2012,2,6,Sarah Butler,1,193,2,39
2012,2,6,George Gomori,1,135,0,19
2012,2,6,Michael Wilshaw,1,18,0,62
2012,2,6,Michael McNay,1,45,0,26
2012,2,6,Xan Brooks,1,63,1,35
2012,2,6,Rebecca Nicholson,2,30,0,21
2012,2,6,Martin Skegg,1,1,0,41
2012,2,6,Clare Considine,1,1,0,41
2012,2,6,Elisabeth Mahoney,1,11,0,27
2012,2,6,Rob Yarham,1,8,2,56
2012,2,6,Rosie Swash,1,137,0,35
2012,2,6,Tanya Gold,2,163,3,48
2012,2,6,Dom Lawson,1,130,1,21
2012,2,6,Henry Barnes,1,2,1,7
2012,2,6,Tom Hughes,1,5,1,6
2012,2,6,Interview by Claire Tolley,1,2,0,7
2012,2,6,Stephen Lee,1,7,0,27
2012,2,6,<strong>Tom Hughes</strong>,1,6,0,9
2012,2,6,Sean Felton,1,35,0,13
2012,2,6,Nick Armstrong for the <a href="http://ukscblog.com/">UK Supreme Court blog</a>,1,20,2,33
2012,2,6,part of the <a href="http://www.guardian.co.uk/law/series/guardian-legal-network">Guardian Legal Network</a>,1,20,2,33
2012,2,6,Dan Gillmor,1,13,2,76
2012,2,6,Joe Kerwin,1,3,0,4
2012,2,6,Andrew Meldrum,1,3,0,4
2012,2,6,James Richardson,1,12,0,13
2012,2,6,Matt Hall,1,12,0,13
2012,2,6,Damien Pearse,10,1578,25,595
2012,2,6,Sarah Brown,1,15,0,48
2012,2,6,Abdel Rahman Hussein,2,88,1,93
2012,2,6,Alison James,1,12,0,15
2012,2,6,Simply Social Work,1,4,0,13
2012,2,6,Adam Williams,1,106,4,32
2012,2,6,Iain Wilkie,1,7,0,5
2012,2,6,Richard Vize,1,5,0,2
2012,2,6,Steve Busfield,1,8,0,4
2012,2,6,Joris Luyendijk,1,10,3,20
2012,2,6,Isaac260,1,0,0,4
2012,2,6,Julia Lovell,1,15,1,24
2012,2,6,David Runciman,1,55,0,26
2012,2,6,Benedicte Page,1,309,2,151
2012,2,6,Ed Jacobs,1,1,0,15
2012,2,6,Sam Sims,1,2,0,17
2012,2,6,Joe Jervis,1,14,0,39
2012,2,6,Chris Harding,1,69,1,36
2012,2,6,Duncan Jefferies,1,1,0,18
2012,2,6,Ruth Bergan,1,39,0,23
2012,2,6,Matthew Maisey,1,12,0,1
2012,2,6,Jamie Lafferty,1,123,0,34
2012,2,6,Tom Coleman,1,1,0,14
2012,2,6,Simon Parkin,1,11,0,50
2012,2,6,Ignacio Escolar,1,166,2,42
2012,2,6,Scott Murray,3,71,1,106
2012,2,6,Kate Abbott,1,55,3,15
2012,2,6,Mary Douglas-Home,1,55,3,15
2012,2,6,Cameron Robertson,2,252,3,68
2012,2,6,Dominic Bates,1,96,1,72
2012,2,6,Emma Calder for the Observer,1,11,0,23
2012,2,6,Claudia Cahalane,1,0,0,0
2012,2,6,Elizabeth Day,2,666,1,132
2012,2,6,Dan Martin,1,24,0,27
2012,2,6,Michael Aylwin,3,13,0,9
2012,2,6,James Walsh,2,6,0,9
2012,2,6,Nicholas Coldicott,1,31,1,47
2012,2,6,Rupert Sawyer,1,0,0,54
2012,2,6,guardian.co.uk/music,1,1559,17,267
2012,2,6,Shirley Williams,1,10,0,16
2012,2,6,<a href="http://www.ayoungertheatre.com/" title="">A Younger Theatre</a>,1,60,0,49
2012,2,6,Catherine Noonan,1,60,0,49
2012,2,6,Jean-François Mouhot,1,120,3,71
2012,2,6,Ben White,1,148,1,55
2012,2,6,Guardian readers,2,66,1,52
2012,2,6,John Dugdale,1,28,0,45
2012,2,6,Shaun Edwards,1,2,0,3
2012,2,6,Dave Laing,1,26,0,17
2012,2,6,Len Deighton,1,5,0,35
2012,2,6,Robin Bidwell for the <a href="http://www.guardian.co.uk/guardian-professional" title="Guardian Professional Network">Guardian Professional Network</a>,1,6,0,23
2012,2,6,Neil Rose,1,6,0,9
2012,2,6,David Meyer,1,686,51,330
2012,2,6,Jess Cartner-Morley,2,24,0,24
2012,2,6,Priscilla Kwateng,1,6,0,16
2012,2,6,Presented by Alexis Petridis,1,16,1,25
2012,2,6,produced by Pascal Wyse,1,16,1,25
2012,2,6,Rodge Glass,1,16,0,25
2012,2,6,Presented by Claire Armitstead,1,13,1,28
2012,2,6,Kate Bulkley,1,14,1,22
2012,2,6,Andy Bull (morning,2,24,3,76
2012,2,6,evening session),1,7,1,32
2012,2,6,Rob Smyth (afternoon session),2,24,3,76
2012,2,6,Charlotta Hedman,1,1405,0,54
2012,2,6,Héctor Montes,1,1405,0,54
2012,2,6,Media Monkey,1,5,0,7
2012,2,6,Mark Perryman,1,26,0,49
2012,2,6,Presented by John Plunkett,1,0,0,11
2012,2,6,Leonard Barden,1,4,0,3
2012,2,6,<a href="http://www.businessgreen.com">BusinessGreen</a>,1,267,6,102
2012,2,6,Mike Selvey at the Dubai International Cricket Stadium,2,14,2,16
2012,2,6,Vic Marks at the Dubai International Cricket Stadium,2,19,0,20
2012,2,6,Tom Williams for <a href="http://www.tomwfootball.com/" title="">Football Further</a> part of the Guardian Sport Network,1,0,0,6
2012,2,6,Steve Rose,4,54,1,110
2012,2,6,Tristram Hunt,1,64,1,39
2012,2,6,Caroline Ednie,1,39,0,22
2012,2,6,Nick Miller,1,168,4,67
2012,2,6,Stylist: Priscilla Kwateng,1,5,0,14
2012,2,6,Gaby Hinsliff,1,7,0,19
2012,2,6,Jeff Pickthall,1,52,0,19
2012,2,6,Sam Jordison,1,37,1,29
2012,2,6,Matt Seaton,1,11,1,29
2012,2,6,Presented by Jason Solomons,1,33,0,29
2012,2,6,produced by Sarah Peters,1,33,0,29
2012,2,6,World Business Council for Sustainable Development,1,15,0,1
2012,2,6,Brian Braiker,1,46,0,18
2012,2,6,Ali Gray/theshiznit.co.uk,1,3555,11,206
2012,2,6,James Derounian,1,4,0,5
2012,2,6,Paul Doyle,1,6,0,32
2012,2,6,Thom Flint,1,27,0,28
2012,2,6,Business Action for Sustainable Development,1,5,0,8
2012,2,6,Hari &amp; Jake,1,13,1,49
2012,2,6,Vic Marks at the Dubai International Stadium,1,3,2,3
2012,2,6,Alistair Smith,1,2,0,14
2012,2,6,Peter McAllister for the <a href="http://www.guardian.co.uk/guardian-professional" title="Guardian Professional Network">Guardian Professional Network</a>,1,4,0,20
2012,2,6,Gavin Gaughan,1,25,0,12
2012,2,6,Jarret Brachman,1,7,1,62
2012,2,6,Nathan Englander,1,10,0,8
2012,2,6,Jonathan Richards,1,3,0,92
2012,2,6,Bruce Dessau,1,113,1,46
2012,2,6,Fiona Bawdon,1,47,0,63
2012,2,6,Julie Bindel,1,69,3,45
2012,2,6,Rajeev Syal,1,7,0,12
2012,2,6,Marc Beishon,1,2,0,1
2012,2,6,Doug Forbes,1,1,0,13
2012,2,6,Tim Llewellyn,1,9,0,15
2012,2,6,Amanda Marcotte,1,151,3,33
2012,2,6,Laura Barton,1,163,2,48
2012,2,6,John Lewis,1,5,0,24
2012,2,6,Simon Murphy,1,103,0,77
2012,2,6,Rob Taylor,1,3,0,17
2012,2,6,Decca Aitkenhead,1,33,2,67
2012,2,6,Ian Jack,1,18,0,53
2012,2,6,Maya Wolfe-Robinson,1,11,0,23
2012,2,6,Shane Williams,1,0,0,10
2012,2,6,David Blanchflower,1,37,3,31
2012,2,6,Jim Perrin,1,7,0,47
2012,2,6,Interview by Alexandra Topping,1,0,0,10
2012,2,6,Deborah Orr,2,63,0,87
2012,2,6,Jonathan Freedland,1,39,0,41
2012,2,6,Roy Hattersley,1,174,0,174
2012,2,6,Morwenna Ferrier,1,272,5,42
2012,2,6,Kathy Sweeney,1,272,5,42
2012,2,6,The Secret Footballer,1,46,3,25
2012,2,6,Jenny Diski,1,21,0,39
2012,2,6,Sadhbh Walshe,1,359,3,75
2012,2,6,Andy Wilson at Stobart Stadium,1,1,0,6
2012,2,6,Paul Simons,1,4,0,69
2012,2,6,Emma Kennedy,1,5,0,13
2012,2,6,Katie Wood,1,10,0,8
2012,2,6,Rhiannon Batten,1,1,0,7
2012,2,6,Rachel Dixon,1,88,1,69
2012,2,6,Gemma Bowes,1,18,3,21
2012,2,6,Sam Haddad,1,48,1,42
2012,2,6,Gillian Slovo,1,32,1,45
2012,2,6,Robert Reich,1,14,0,9
2012,2,6,William Boyd,1,247,5,106
2012,2,6,Francine&nbsp;Stock,1,8,0,24
2012,2,6,Andrew Motion,1,10,0,10
2012,2,6,Peter Clarke,1,17,1,17
2012,2,6,Maggie O'Farrell,1,4,0,30
2012,2,6,Eric Brown,1,10,1,8
2012,2,6,Bernardine Evaristo,1,6,0,7
2012,2,6,Aingeal Clare,1,15,0,9
2012,2,6,Stuart Jeffries,1,118,1,31
2012,2,6,Steven Poole,1,1,0,5
2012,2,6,Simon Mason,1,2,0,8
2012,2,6,John Mullan,2,23,4,18
2012,2,6,Frances Spalding,1,122,2,77
2012,2,6,Julian Barnes,1,273,3,113
2012,2,6,Sali Hughes,1,15,0,10
2012,2,6,Rose George,1,211,5,122
2012,2,6,Jon Ronson,1,709,47,295
2012,2,6,Anonymous,1,4,0,7
2012,2,6,Stephen Collins,1,41,1,13
2012,2,6,Fiona Beckett,1,0,1,4
2012,2,6,Thomas Eaton,1,0,0,0
2012,2,6,John Lanchester,1,69,0,35
2012,2,6,Yotam Ottolenghi,1,42,0,9
2012,2,6,Dan Lepard,1,27,0,15
2012,2,6,Rosanna Greenstreet,1,60,0,27
2012,2,6,Gabby Logan,1,1,0,22
2012,2,6,Jane Perrone,1,1,0,1
2012,2,6,Becky Barnicoat. Portrait: <a href="http://www.emilystein.co.uk" title="">Emily Stein</a>,1,1,0,4
2012,2,6,Oliver Burkeman,1,229,5,101
2012,2,6,Hugh Fearnley-Whittingstall,1,78,0,30
2012,2,6,Tom Dyckhoff,1,10,0,11
2012,2,6,Geoffrey Wadhurst,1,0,0,37
2012,2,6,As told to Mark King,1,11,0,6
2012,2,6,Interviews by Patrick Kingsley,1,23,1,38
2012,2,6,Margaret Dibben,2,2,0,0
2012,2,6,Jeremy Bullmore,1,0,0,3
2012,2,6,Laura Marcus,1,204,2,88
2012,2,6,Jill Papworth,1,37,0,48
2012,2,6,David Lacey,1,5,0,25
2012,2,6,Brendan McLoughlin,1,0,0,6
2012,2,6,Jon Butterworth,1,83,4,35
2012,2,6,Marion Hume,1,19,0,15
2012,2,6,Andrew Collins,1,17,0,4
2012,2,6,Christian Bennett,1,17,0,4
2012,2,6,Ruth Saxelby,1,38,0,11
2012,2,6,Caroline Rees,1,15,0,9
2012,2,6,Sarah Franklin,1,89,1,15
2012,2,6,Johnny Dee,1,17,0,1
2012,2,6,John Patterson,1,4,0,9
2012,2,6,Jon &amp; Mick/moderntoss.com,1,7,0,1
2012,2,6,Joe Muggs,1,48,2,20
2012,2,6,Luke Turner,1,11,0,5
2012,2,6,Annalisa Barbieri,1,0,0,0
2012,2,6,Chris Fox,1,80,0,80
2012,2,6,Charlie Condou,1,0,0,9
2012,2,6,Tom Cox,1,40,0,55
2012,2,6,Ann Thwaite,1,64,2,32
2012,2,6,Sarah Dempster,1,0,0,5
2012,2,6,The Guide,1,3,0,1
2012,2,6,Grace Dent,1,8,0,29
2012,2,6,Sam Richards &amp; Richard Vine,1,0,0,3
2012,2,6,Richard Vine,1,3,0,19
2012,2,6,Sam Richards,2,8,1,18
2012,2,6,Skye Sherwin &amp; Robert Clark,2,29,0,29
2012,2,6,Iain Aitch,1,5,0,22
2012,2,6,Stuart Goodwin &amp; Katrina Dixon,1,5,0,22
2012,2,6,Teri Grenert,1,0,0,10
2012,2,6,James Kettle,1,1,0,8
2012,2,6,Mark Cook &amp; Judith Mackrell,1,6,0,6
2012,2,6,Andrew Clements &amp; John Fordham,1,6,0,19
2012,2,6,Nick Gillett,1,0,0,53
2012,2,6,Patric Baird,1,2,1,8
2012,2,6,Marc Rowlands &amp; John Mitchell,1,2,1,8
2012,2,6,Kira Cochrane,1,37,2,50
2012,2,6,Julia Donaldson,1,254,3,112
2012,2,6,Nicola Jennings,1,0,0,11
2012,2,6,Simon Callow,1,58,0,36
2012,2,6,Joe Berger &amp; Pascal Wyse,1,4,0,11
2012,2,6,Brian Baxter,1,145,2,44
2012,2,6,Alan Newland,1,65,1,31
2012,2,6,Lily Pickard,1,4,0,26
2012,2,6,Amal Fashanu,1,78,1,34
2012,2,6,evening sessions),1,17,2,44
2012,2,6,Gethin Chamberlain,1,301,5,107
2012,2,6,Benjamen Walker,1,49,6,45
2012,2,6,Andrew Murray,1,507,2,82
2012,2,6,Robin McKie,2,363,5,169
2012,2,6,Megan Conner,1,109,1,36
2012,2,6,Amy Lawrence at the Emirates Stadium,1,67,1,41
2012,2,6,Ewan Murray at the Caledonian Stadium,1,0,0,24
2012,2,6,Tom Parfitt,1,883,11,218
2012,2,6,Eddie Butler at Stade de France,1,3,0,2
2012,2,6,Paul Doyle at Loftus Road,1,1,0,16
2012,2,6,Jamie Jackson at the DW Stadium,1,1,0,15
2012,2,6,Harry Polkey at Carrow Road,1,1,0,15
2012,2,6,Joe Lovejoy at the Cardiff City Stadium,1,4,0,6
2012,2,6,John Naughton,1,66,2,189
2012,2,6,Chris Cook at Lingfield Park,1,0,0,5
2012,2,6,Nial Briggs,1,0,0,6
2012,2,6,Paul Rees at Murrayfield,2,25,0,14
2012,2,6,Richard Williams at Murrayfield,1,1,0,5
2012,2,6,Paul Wilson at Eastlands,1,1,0,24
2012,2,6,Ed Miliband,1,197,1,482
2012,2,6,leader of the Labour party,1,197,1,482
2012,2,6,Toby Helm,3,733,5,490
2012,2,6,Tom Kington,1,230,2,46
2012,2,6,Jamie Doward,1,70,2,55
2012,2,6,Jason N Parkinson,1,146,0,49
2012,2,6,Michael Aylwin at Murrayfield,2,0,0,10
2012,2,6,Daniel Boffey,1,188,6,101
2012,2,6,Eric Allison,1,110,2,51
2012,2,6,Mark Townsend,1,110,2,51
2012,2,6,Eddie Butler,1,7,0,2
2012,2,6,David James,1,42,0,45
2012,2,6,Dean Ryan,1,6,0,8
2012,2,6,Anna McKie,1,171,0,150
2012,2,6,Observer Sport staff,2,1,0,24
2012,2,6,David Hills,1,22,0,18
2012,2,6,Giles Richards,1,2,0,9
