year,month,week,name,articles,facebook,googleplus,twitter
2011,8,31,Hannah Godfrey,2,7,2,142
2011,8,31,agencies,23,3070,70,1565
2011,8,31,David Crowley,1,18,0,24
2011,8,31,Oli Henman,1,1,1,32
2011,8,31,Tim Gough,1,1,0,1
2011,8,31,Mark Tran,7,990,11,546
2011,8,31,Keith Stuart,6,18,0,269
2011,8,31,John Plunkett,16,1089,44,940
2011,8,31,Dugald Baird,1,4,10,231
2011,8,31,Christine Oliver,1,4,10,231
2011,8,31,Nicky Rojas,1,4,10,231
2011,8,31,Sade Laja,6,39,1,44
2011,8,31,Will Straw,1,0,0,26
2011,8,31,Sarah Hartley,1,2,0,31
2011,8,31,Roy Greenslade,28,587,12,970
2011,8,31,Michelle Reid,1,3,0,14
2011,8,31,Tony McAleavy,1,0,0,9
2011,8,31,Reuters,24,710,19,635
2011,8,31,Associated Press,43,6434,69,1636
2011,8,31,Sam Jones,6,2280,42,918
2011,8,31,Ben Quinn,7,6336,96,1154
2011,8,31,Graeme Wearden,9,2418,38,691
2011,8,31,David Shariatmadari,1,160,2,79
2011,8,31,Alex Healey,1,160,2,79
2011,8,31,Elliot Smith,3,807,9,152
2011,8,31,Dick Vinegar,1,0,0,17
2011,8,31,Jacob Steinberg,4,35,1,102
2011,8,31,Jemima Kiss,10,768,100,1088
2011,8,31,Press Association,87,2548,24,2567
2011,8,31,Jason Deans,1,2,0,14
2011,8,31,Kaliya Franklin,1,227,0,131
2011,8,31,Nick Hopkins,4,162,0,140
2011,8,31,Nick Fletcher,23,17,1,258
2011,8,31,Matthew Weaver,6,339,2,358
2011,8,31,Jonathan Balcombe,1,197,9,115
2011,8,31,Public Leaders,2,0,0,28
2011,8,31,Rebecca Lovell,1,8,0,5
2011,8,31,Mona Mahmood,2,25,0,14
2011,8,31,Rob Smyth (morning,2,37,2,99
2011,8,31,evening session),3,59,2,141
2011,8,31,Alan Gardner (afternoon session),1,0,1,50
2011,8,31,Michael Cragg,5,323,6,253
2011,8,31,Tony Bennett,1,70,0,12
2011,8,31,Sonya Kidney,1,2,0,12
2011,8,31,Monkey,7,130,8,184
2011,8,31,Paul Owen,4,172,3,563
2011,8,31,Andy Bull at Lord's,2,9,1,14
2011,8,31,Hilary Osborne,3,16,2,131
2011,8,31,Stuart James,9,273,2,258
2011,8,31,Lisa O'Carroll,12,914,5,800
2011,8,31,Josh Halliday,15,1135,54,1254
2011,8,31,David Grayson for the <a href="http://www.guardian.co.uk/guardian-professional" title="">Guardian Professional</a> network,1,6,0,14
2011,8,31,Hélène Mulholl,1,1,0,24
2011,8,31,,2,14,2,66
2011,8,31,Nick Whitfield,1,39,0,9
2011,8,31,Fuel; edited by Rachel Tunnard; original music by Simon Whitfield,1,39,0,9
2011,8,31,Thomas Hyll,1,46,14,162
2011,8,31,Eriksen,1,46,14,162
2011,8,31,Sean Michaels,7,1168,37,690
2011,8,31,Cory Doctorow,1,18,25,238
2011,8,31,John Hoggett,1,28,1,59
2011,8,31,Tim Ashley,3,7,0,41
2011,8,31,Owen Gibson,16,425,10,622
2011,8,31,Jill Insley,8,197,0,252
2011,8,31,Jonathan Wilson,1,96,0,41
2011,8,31,Stuart Walton,1,185,2,54
2011,8,31,Mark Say,6,7,0,29
2011,8,31,Henry McDonald,9,626,10,297
2011,8,31,Jonathan Bernstein,1,2,0,25
2011,8,31,Judy Friedberg,4,23,0,50
2011,8,31,Liz Ford,2,59,2,128
2011,8,31,Charles Arthur,12,900,92,1603
2011,8,31,Brian Switek,1,5,0,19
2011,8,31,Fiona Harvey,4,547,9,631
2011,8,31,Frances Booth,1,0,0,1
2011,8,31,Allan Jenkins,1,2,0,11
2011,8,31,Nik Brown,1,40,2,35
2011,8,31,Michael Hann,5,34,1,128
2011,8,31,Louise Tickle,2,20,0,26
2011,8,31,Carol Rumens,1,15,0,21
2011,8,31,The question,1,1,0,11
2011,8,31,Simon Rogers,4,396,99,825
2011,8,31,Guardian Government Computing,5,10,0,37
2011,8,31,Stuart Dredge,9,567,66,1534
2011,8,31,Patrick Foster,1,0,0,23
2011,8,31,Ben Child,11,1669,48,748
2011,8,31,Tom Jenkins,2,9,0,24
2011,8,31,Henry Barnes,9,1322,17,399
2011,8,31,Catherine Shoard,3,1008,6,275
2011,8,31,Andrew Pulver,6,1345,13,329
2011,8,31,Xan Brooks,2,1515,14,326
2011,8,31,John Walters,1,83,6,175
2011,8,31,Will Hayler,7,6,0,68
2011,8,31,Tony Paley,4,4,0,34
2011,8,31,Richard Norton-Taylor,7,772,7,478
2011,8,31,Jeremy Kay,1,15,2,33
2011,8,31,Luke Jennings,2,42,0,18
2011,8,31,Barack Obama,1,4,0,13
2011,8,31,Jonathan Romain,1,36,0,13
2011,8,31,Ellie Watts-Russell,1,1177,32,142
2011,8,31,Alexandra Topping,9,5892,41,3244
2011,8,31,Aleks Krotoski,1,1,1,61
2011,8,31,Anita Davies for the <a href='http://ukscblog.com/'>UKSC blog</a>,1,9,0,19
2011,8,31,part of the <a href='http://www.guardian.co.uk/legalnetwork'>Guardian Legal Network</a>,1,9,0,19
2011,8,31,Nicholas Watt,17,1355,15,813
2011,8,31,Steven Morris,13,729,10,405
2011,8,31,agency,1,3,1,54
2011,8,31,Subhajit Banerjee,1,156,55,248
2011,8,31,Open thread,4,53,1,78
2011,8,31,David Cox,1,61,2,142
2011,8,31,Martin Woollacott,1,0,0,2
2011,8,31,Sustainability report 2011,9,106,7,175
2011,8,31,Nick Davies,2,2382,55,4790
2011,8,31,Chris Elliott,1,6,0,0
2011,8,31,Carina Crawford Rolt,1,6,2,28
2011,8,31,John Vidal,6,2328,12,506
2011,8,31,Stephen Pritchard,5,143,6,81
2011,8,31,Jack Shenker,1,10,0,102
2011,8,31,Corrections,10,3,0,25
2011,8,31,Caspar Llewellyn Smith,1,24,3,33
2011,8,31,Claire Armitstead,4,140,5,191
2011,8,31,Guardian Sustainable Business,1,30,0,23
2011,8,31,Will Nichols for <a href="http://www.businessgreen.com">BusinessGreen</a>,1,0,0,43
2011,8,31,part of the <a href="http://www.guardian.co.uk/environment/network" title="Guardian Environment Network">Guardian Environment Network</a>,5,114,3,226
2011,8,31,Nick Appleyard,1,3,0,6
2011,8,31,Ben Tuxworth for the <a href="http://www.guardian.co.uk/guardian-professional" title="">Guardian Professional Network</a>,1,3,0,54
2011,8,31,Jeff Jarvis for <a href="http://www.buzzmachine.com/" title="">buzzmachine</a>,1,18,6,114
2011,8,31,part of the Guardian Comment Network,3,1483,13,257
2011,8,31,Jessica Shepherd,3,148,1,166
2011,8,31,Jonathan Jones,6,326,6,143
2011,8,31,Leo Hickman,4,992,18,363
2011,8,31,Damian Carrington,4,468,5,356
2011,8,31,Caroline Davies,6,3241,16,340
2011,8,31,James Poskett,1,254,2,30
2011,8,31,Saeed Kamali Dehghan,4,1253,6,347
2011,8,31,James Meikle,5,143,1,201
2011,8,31,Andy Wilson,5,58,1,40
2011,8,31,Denise Horn for <a href="http://uvenus.org/" title="">University of Venus</a>,1,165,2,41
2011,8,31,Randeep Ramesh,5,575,6,372
2011,8,31,Jane Fae,1,49,1,77
2011,8,31,Hannah Freeman,1,0,0,8
2011,8,31,lilybelle,1,0,0,4
2011,8,31,From <a href="http://www.e360.yale.edu" title="Yale Environment 360">Yale Environment 360</a>,1,58,2,91
2011,8,31,Richard Lea,3,29,0,48
2011,8,31,Marc Abrahams,1,30,1,15
2011,8,31,Owen Bowcott,3,242,10,155
2011,8,31,Maggoty Lamb,1,10,0,34
2011,8,31,Maseeh Rahman,3,2157,5,164
2011,8,31,Matthew Caines,4,57,0,151
2011,8,31,Richard Moorhead,1,13,0,36
2011,8,31,Alfred Hickling,2,6,0,18
2011,8,31,Dan Clark,1,4,0,2
2011,8,31,Tom Kington,2,747,27,149
2011,8,31,Ryan Gallagher,1,149,3,123
2011,8,31,Rajeev Syal,1,149,3,123
2011,8,31,Hossam el-Hamalawy,1,170,0,78
2011,8,31,Tania Branigan,7,583,24,530
2011,8,31,Paul Lester,5,364,2,141
2011,8,31,Doug Taylor,1,0,0,12
2011,8,31,Andrew Mourant,1,131,2,64
2011,8,31,Mark Brown,7,465,5,277
2011,8,31,Alex Hawkes,7,68,0,183
2011,8,31,Ursula Wills-Jones,1,30,0,28
2011,8,31,Dave Simpson,5,394,1,90
2011,8,31,Ian Sample,6,3199,86,587
2011,8,31,Nour Ali,4,550,4,237
2011,8,31,Lizzy Davies,6,270,2,186
2011,8,31,Martin Wainwright,7,126,1,184
2011,8,31,Maddy Costa,3,5,0,25
2011,8,31,Ian Gittins,2,11,1,22
2011,8,31,Rian Evans,1,0,0,7
2011,8,31,Ian Reeves,1,25,0,7
2011,8,31,George Newlands,1,0,0,5
2011,8,31,Catherine Hall,1,0,0,4
2011,8,31,David Lee,1,30,0,37
2011,8,31,Michael Bourdeaux,1,27,1,4
2011,8,31,Ronald Bergan,3,210,2,57
2011,8,31,Jane Martinson,5,121,4,155
2011,8,31,John Baron,6,45,1,61
2011,8,31,GrrlScientist,12,961,170,446
2011,8,31,Emily Drabble,1,10,0,57
2011,8,31,Anna Kessel,8,123,1,153
2011,8,31,Juliette Jowit,1,18,4,107
2011,8,31,Constanze Letsch,2,158,2,115
2011,8,31,Zoe Wood,4,59,1,150
2011,8,31,Estelle Morris,1,2,0,49
2011,8,31,Dean Baker,1,29,0,25
2011,8,31,Lisa Evans,1,5,0,12
2011,8,31,Dominic Rushe,6,661,14,448
2011,8,31,Kim Willsher,3,168,1,140
2011,8,31,Mick Warwicker,1,74,1,82
2011,8,31,Giles Tremlett,4,987,13,365
2011,8,31,Vic Marks at Lord's,1,16,1,11
2011,8,31,Patrick Wintour,16,1297,10,871
2011,8,31,Simon Goodley,5,168,1,243
2011,8,31,Liz Lightfoot,1,11,0,20
2011,8,31,Matthew Taylor,13,1412,14,480
2011,8,31,Aditya Chakrabortty,1,46,2,27
2011,8,31,Zoe Williams,6,826,17,336
2011,8,31,Rosie Swash,3,1299,21,290
2011,8,31,Steve Bell,7,1207,7,137
2011,8,31,Alexander Armstrong,2,13,1,22
2011,8,31,as told to Vicky Frost,2,13,1,22
2011,8,31,Luke Hoyland,1,168,1,59
2011,8,31,Rowenna Davis,1,1138,33,440
2011,8,31,Jamie Fahey,1,38,0,20
2011,8,31,Henning Mankell,1,908,11,194
2011,8,31,Elisabeth Mahoney,5,40,0,51
2011,8,31,Lucy Glennon,1,590,0,66
2011,8,31,Phillip Inman,9,382,10,349
2011,8,31,Vikram Dodd,4,392,3,110
2011,8,31,Phelim O'Neill,6,24,0,28
2011,8,31,Jonathan Wright,3,16,0,15
2011,8,31,Julia Raeside,3,20,0,18
2011,8,31,Ali Catterall,1,14,0,7
2011,8,31,Gwilym Mumford,1,14,0,7
2011,8,31,David Anderson,1,172,2,36
2011,8,31,Jon Boone,3,248,3,126
2011,8,31,Adrian Searle,2,533,3,35
2011,8,31,Juliette Garside,6,85,2,301
2011,8,31,Andrew Boyle,2,115,2,27
2011,8,31,Ewen MacAskill,11,1855,45,648
2011,8,31,Mike Selvey at Lord's,1,75,3,12
2011,8,31,Nils Pratley,11,18,1,69
2011,8,31,Ewan Murray,8,84,0,126
2011,8,31,John Crace,1,181,7,105
2011,8,31,Luisa Dillner,1,14,0,23
2011,8,31,Laura Barnett,3,269,2,80
2011,8,31,Polly Toynbee,2,912,5,192
2011,8,31,Gabriel Weston,1,14,0,14
2011,8,31,Greg Wood,5,7,0,40
2011,8,31,Mark Townsend,7,2311,15,615
2011,8,31,James Ridgeway,1,170,1,30
2011,8,31,Jean Casella,1,170,1,30
2011,8,31,Sam Wollaston,6,94,0,108
2011,8,31,Editorial,19,1818,19,603
2011,8,31,Simon Tisdall,4,560,5,205
2011,8,31,Ronan Bennett,1,1,0,3
2011,8,31,Daniel King,1,1,0,3
2011,8,31,John Harris,1,477,2,160
2011,8,31,Martin Kettle,4,166,3,107
2011,8,31,David Hytner,3,1775,6,262
2011,8,31,Interview by Laura Barnett,2,185,1,83
2011,8,31,Richard Adams,7,5013,11,243
2011,8,31,James Wizeye,1,34,0,46
2011,8,31,Dominic Fifield,17,930,5,785
2011,8,31,Michael Shank,1,144,3,50
2011,8,31,Hugh Muir,6,204,0,104
2011,8,31,Kevin Mitchell,2,120,1,117
2011,8,31,Matt Scott,5,475,10,284
2011,8,31,Mairi Macleod,1,26,2,16
2011,8,31,Daniel Taylor,10,843,1,743
2011,8,31,Donald McRae,1,17,0,10
2011,8,31,Claire Austin (MeteoGroup),1,3,0,21
2011,8,31,John Vallins,1,1,0,32
2011,8,31,Amelia Gentleman,1,485,1,149
2011,8,31,Alan Travis,6,345,5,228
2011,8,31,Sarah Boseley,5,167,1,203
2011,8,31,Giles Richards,5,489,3,143
2011,8,31,Giles Richards at Nürburgring,1,12,0,7
2011,8,31,Jill Treanor,10,250,2,227
2011,8,31,Evan Fanning,1,4,0,9
2011,8,31,Guardian staff,1,289,2,140
2011,8,31,Helen Barrett,1,40,1,55
2011,8,31,Eduardo Balarezo,1,22,0,30
2011,8,31,Costas Lapavitsas,1,149,4,22
2011,8,31,Mark Serwotka,1,10,0,4
2011,8,31,Chee Soon Juan,1,1399,16,74
2011,8,31,Mark Sweney,15,4099,59,1395
2011,8,31,Jenny Jones,1,18,0,29
2011,8,31,Gill Hitchcock,6,17,3,74
2011,8,31,John Tizard,1,1,0,6
2011,8,31,Sally Whittle,1,0,0,14
2011,8,31,Gavan Titley,1,917,8,159
2011,8,31,Alana Lentin,1,917,8,159
2011,8,31,Stephen Moss,2,28,0,54
2011,8,31,Scott Murray,8,319,3,252
2011,8,31,Harriet Sherwood,4,421,0,97
2011,8,31,Oliver Thring,1,258,10,80
2011,8,31,Susan Bradley,1,114,2,53
2011,8,31,David Dickson for <a href="http://www.scidev.net/en/" title="">SciDev.Net</a>,1,28,1,48
2011,8,31,part of the <a href="http://www.guardian.co.uk/global-development/series/guardian-development-network" title="">Guardian development network</a>,3,405,2,110
2011,8,31,<a href="http://www.sandbag.org.uk/" title="">Sandbag</a>,1,15,1,57
2011,8,31,Jane Dudman,1,0,0,14
2011,8,31,Debbie Andalo,2,20,0,19
2011,8,31,Robin Hough,1,19,1,12
2011,8,31,Pascal Wyse,1,46,0,8
2011,8,31,Larry Elliott,12,878,10,538
2011,8,31,Paul Scruton,1,520,19,202
2011,8,31,Martin Shuttleworth,1,520,19,202
2011,8,31,Paddy Allen,2,611,20,308
2011,8,31,Mark McCormick,1,520,19,202
2011,8,31,Arwa Aburawa,1,247,7,87
2011,8,31,Len McCluskey,1,70,0,22
2011,8,31,Matthew Oakley,1,70,0,22
2011,8,31,Ann Pettifor,1,70,0,22
2011,8,31,Suzanne Goldenberg,7,3968,57,866
2011,8,31,Rachel Williams,1,33,0,8
2011,8,31,Sarah Parfitt,2,13,0,8
2011,8,31,Emma Lunn,1,0,0,7
2011,8,31,Dawn Cowie,1,0,0,5
2011,8,31,Betty Bee,1,467,2,50
2011,8,31,Agencies,10,971,0,285
2011,8,31,Sean O'Hagan,2,1297,24,310
2011,8,31,Damien McCrystal,1,55,3,82
2011,8,31,Peter Hetherington,2,6,0,16
2011,8,31,Kate McCann,7,41,0,180
2011,8,31,Lance Strate,1,89,5,33
2011,8,31,Sam Peach,1,108,0,22
2011,8,31,Tora Davidson,1,108,0,22
2011,8,31,Jim Powell,2,1563,22,309
2011,8,31,Peter Sale,1,1283,21,249
2011,8,31,Laura Barton,1,696,6,91
2011,8,31,Julia Kollewe,8,284,9,248
2011,8,31,Adam Wagner,1,36,0,31
2011,8,31,Ben Marshall,1,280,5,30
2011,8,31,Alison Flood,7,2532,99,696
2011,8,31,Charles Gant,1,87,2,33
2011,8,31,Damien G Walter,1,285,20,41
2011,8,31,SABMiller,1,1,0,1
2011,8,31,Leon Kaye for the <a href="http://www.guardian.co.uk/guardian-professional">Guardian Professional Network</a>,1,26,0,26
2011,8,31,Eric Lowitt for the <a href="http://www.guardian.co.uk/guardian-professional" title="">Guardian Professional Network</a>,1,44,1,119
2011,8,31,Gines Haro Pastor,2,128,2,106
2011,8,31,Paul Rowlinson,1,13,0,17
2011,8,31,Patrick Butler,3,9,0,4
2011,8,31,Tara Conlan,1,38,0,22
2011,8,31,Mary O'Hara,1,7,1,8
2011,8,31,missylybmouse,1,12,0,18
2011,8,31,Jonathon Porritt,1,268,2,117
2011,8,31,Hélène Mulholland,8,234,3,205
2011,8,31,Helen Pidd,9,1018,8,356
2011,8,31,Marie Delcas,1,17,0,15
2011,8,31,Catherine Vincent,1,73,0,41
2011,8,31,Fabienne Darge,1,1,0,0
2011,8,31,Rémi Barroux,1,2,1,3
2011,8,31,Chris Beadle,1,25,0,38
2011,8,31,Cain Nunns,1,118,0,13
2011,8,31,Marie-Morgane Le Moël,1,3,0,8
2011,8,31,James Antle,1,99,0,19
2011,8,31,Barney Ronay,2,12,2,11
2011,8,31,Claire French,2,50,2,46
2011,8,31,Jon Robins,1,28,0,38
2011,8,31,Jamie Jackson,9,455,3,304
2011,8,31,Raquel Gutiérrez,1,315,5,35
2011,8,31,Nick Cowen,1,11,2,49
2011,8,31,James Donaghy,1,143,1,17
2011,8,31,Words: Monisha Rajesh. Photographs: Marc Sethi,1,217,0,30
2011,8,31,Jim Falzarano,1,1,0,3
2011,8,31,Joe Hill-Gibbins,1,12,0,2
2011,8,31,Lindesay Irvine,1,326,7,68
2011,8,31,Cath Harris,1,389,11,76
2011,8,31,Mark Blayney Stuart,1,3,0,12
2011,8,31,Nishika Patel,1,100,3,41
2011,8,31,By <a href="http://www.businessgreen.com">BusinessGreen</a>,1,1,0,10
2011,8,31,Robert Booth,5,719,7,215
2011,8,31,Rebecca Smithers,2,25,0,43
2011,8,31,Sue Marsh,1,337,0,51
2011,8,31,Katy Murrells,2,89,0,62
2011,8,31,Dan Sabbagh,1,100,0,56
2011,8,31,Abby Deveney,1,1,0,0
2011,8,31,The people's panel,2,68,0,44
2011,8,31,Anna Bawden,1,64,0,57
2011,8,31,Justine Jordan,2,270,3,56
2011,8,31,Mike Selvey,3,967,10,57
2011,8,31,Simon Jenkins,2,1554,13,345
2011,8,31,Miriam Rosen,1,17,0,21
2011,8,31,Presented by Aleks Krotoski,1,5,1,30
2011,8,31,produced by Scott Cawley,2,56,1,59
2011,8,31,Robert Greenwald,1,238,1,52
2011,8,31,Judith Mackrell,2,37,0,12
2011,8,31,Declan Walsh,3,722,6,293
2011,8,31,Michael Billington,5,156,1,75
2011,8,31,Helen Carter,3,79,0,42
2011,8,31,Shehani Fernando,1,529,3,25
2011,8,31,Irel,4,28,0,43
2011,8,31,Correspondent,1,0,0,5
2011,8,31,Claire Wallace,1,5,0,8
2011,8,31,Richard Williams,1,10,0,12
2011,8,31,Tom Phillips,2,59,1,80
2011,8,31,Virginia Lopez,1,21,1,13
2011,8,31,Dileep Premachandran,2,16,2,26
2011,8,31,Chris Stephen,10,1056,8,559
2011,8,31,Alan Tuckett,1,1,0,14
2011,8,31,Elizabeth Johnstone,1,24,0,0
2011,8,31,Malcolm&nbsp;Burgess,1,24,0,0
2011,8,31,Chris Ryder,1,0,0,6
2011,8,31,Rob Hughes,1,47,0,9
2011,8,31,John Robinson,1,5,0,2
2011,8,31,Martin Skegg,1,5,0,2
2011,8,31,Kira Cochrane,1,385,3,60
2011,8,31,Harry Venning,1,5,0,5
2011,8,31,Phil Daoust,2,174,4,40
2011,8,31,Hadley Freeman,1,1352,11,282
2011,8,31,As told to Emine Saner,1,9,0,4
2011,8,31,Nancy Banks-Smith,1,5,0,12
2011,8,31,Clancy Sigal,1,26,2,22
2011,8,31,Tom Meltzer,2,41,0,27
2011,8,31,Dan Milmo,10,247,4,338
2011,8,31,Greg Wood at Goodwood,6,26,0,27
2011,8,31,Ewan Murray at Killarney,2,3,0,28
2011,8,31,Imogen Fox,1,7,0,48
2011,8,31,Sara Ilyas,1,0,0,15
2011,8,31,Jonathan Steele,1,30,0,24
2011,8,31,Richard Wachman,5,129,0,113
2011,8,31,Matthew Harwood,1,167,5,41
2011,8,31,Nina Power,1,3216,28,363
2011,8,31,Jonathan Glancey,1,373,5,102
2011,8,31,Geoffrey Macnab,1,18,0,19
2011,8,31,Victoria Coren,2,7,0,12
2011,8,31,Mike Marqusee,1,176,4,86
2011,8,31,Rebecca Nicholson,1,3,0,7
2011,8,31,Raphael Honigstein,1,636,11,165
2011,8,31,Will Hutton,2,419,17,220
2011,8,31,Catherine Harper,1,10,1,33
2011,8,31,Andy Bull,2,128,2,122
2011,8,31,William Fotheringham,1,91,1,106
2011,8,31,Jonny Weeks,1,91,1,106
2011,8,31,Steven Bloor,1,91,1,106
2011,8,31,Rob Bagchi,2,25,0,21
2011,8,31,Paul Weaver,2,34,0,41
2011,8,31,Paul Simons,1,2,0,34
2011,8,31,Paul Evans,1,3,0,29
2011,8,31,Luke Barrett,2,61,0,14
2011,8,31,Tom Davies,1,10,0,13
2011,8,31,Rosie Niven,2,22,2,47
2011,8,31,Alok Jha,2,719,9,112
2011,8,31,Jordyan Edmiston,1,10,0,19
2011,8,31,Jonathan Glennie,1,197,3,32
2011,8,31,Virginia Wallis,2,0,0,43
2011,8,31,Dale Vince,1,130,3,194
2011,8,31,Tracey Caldwell,1,0,0,14
2011,8,31,Ron Singer,1,161,1,103
2011,8,31,Steven Toft,1,2,0,18
2011,8,31,Andrew Jepp,1,0,0,4
2011,8,31,Fiona Walsh,1,13,0,14
2011,8,31,Juliet Jacques,1,69,0,44
2011,8,31,Paul Doyle,2,65,1,49
2011,8,31,Stuart Heritage,4,363,9,161
2011,8,31,Steve Gold,1,0,0,19
2011,8,31,Lesley McCall,1,53,0,85
2011,8,31,Olivia Swash,1,42,1,18
2011,8,31,George Dobell,3,0,0,21
2011,8,31,Paul Edwards,2,0,0,15
2011,8,31,Paul Rees,2,2,0,16
2011,8,31,Noah Payne-Frank,2,394,0,47
2011,8,31,Peter Duggan,1,7,0,18
2011,8,31,Sian Griffiths,1,415,2,74
2011,8,31,Presented by Madeleine Bunting,1,79,0,17
2011,8,31,produced by Vivienne Perry,1,79,0,17
2011,8,31,researched by Claire Provost,1,79,0,17
2011,8,31,Mary Griffin,1,29,0,39
2011,8,31,Chris Goodier,1,12,1,19
2011,8,31,Wei Pan for the <a href="http://www.guardian.co.uk/guardian-professional" title="Guardian Professional Network">Guardian Professional Network</a>,1,12,1,19
2011,8,31,Kate Hodge,3,22,0,106
2011,8,31,Professor Patrick McGhee,1,0,0,82
2011,8,31,Leo Benedictus,2,17,0,45
2011,8,31,Haroon Siddique,6,217,0,224
2011,8,31,<a href="http://www.scidev.net/en/news/fungi-could-protect-rice-against-climate-change.html">SciDev.Net</a>,1,46,1,39
2011,8,31,Peter Walker,5,440,13,327
2011,8,31,Theo Tait,1,36,0,25
2011,8,31,Tim Leunig,1,2,1,35
2011,8,31,Rose Smith,3,102,1,108
2011,8,31,Joshua Rozenberg,1,42,0,13
2011,8,31,Alison Benjamin,1,0,0,2
2011,8,31,Roberto Tyley,2,9,20,76
2011,8,31,Anna Perman,2,219,2,82
2011,8,31,Lil Chase,1,284,6,99
2011,8,31,Graham Snowdon,2,5,0,10
2011,8,31,<a href="http://www.conservationmagazine.org/">Conservation Magazine</a>,1,331,5,142
2011,8,31,part of the <a href="http://www.guardian.co.uk/environment/network">Guardian Environment Network</a>,2,1032,18,385
2011,8,31,Hari,1,6,0,40
2011,8,31,Jake,1,6,0,40
2011,8,31,Tom Rachman,1,129,3,76
2011,8,31,Paul Wilson,3,24,0,64
2011,8,31,Ben Power,1,100,2,29
2011,8,31,By Protus Onyango for <a href="http://www.ips.org/institutional/" title="">IPS</a>,1,175,0,27
2011,8,31,Natalie Hanman,1,4,0,11
2011,8,31,Kate Sheppard for <a href="http://motherjones.com">Mother Jones</a>,1,9,0,43
2011,8,31,Jo Adetunji,2,7,0,70
2011,8,31,Victoria Beale,1,132,0,15
2011,8,31,Amy Goodman,1,440,3,51
2011,8,31,Nalini Sivathasan,3,109,0,104
2011,8,31,James Ball,4,302,31,512
2011,8,31,izzymcq,1,11,0,14
2011,8,31,Chris Wilkinson,1,22,3,13
2011,8,31,Sam Jordison,2,123,3,119
2011,8,31,John Hooper,3,2059,20,624
2011,8,31,Chris Salmon,1,19,0,32
2011,8,31,Martin Hearson,1,35,0,49
2011,8,31,Nicholas Shaxson,1,35,0,49
2011,8,31,Mark Beaumont,1,2,0,7
2011,8,31,Mike Davis for <a href="http://www.tomdispatch.com/" title="TomDispatch">TomDispatch</a>,1,184,8,31
2011,8,31,Staff,2,167,1,156
2011,8,31,Jane Clare Jones,1,423,2,41
2011,8,31,John Elkington for the <a href="http://www.guardian.co.uk/guardian-professional" title="Guardian Professional Network">Guardian Professional Network</a>,1,46,0,50
2011,8,31,Rupert Jones,3,237,2,100
2011,8,31,Sarah-Louise Quinnell,1,6,0,9
2011,8,31,Patrick Bidder for the <a href="http://inforrm.wordpress.com/" title="">Inforrm blog</a>,1,10,0,25
2011,8,31,part of the <a href="http://www.guardian.co.uk/law/series/guardian-legal-network" title="">Guardian Legal Network</a>,1,10,0,25
2011,8,31,Richard Ehrlich,2,272,8,101
2011,8,31,Ed Balls,1,18,0,84
2011,8,31,Ruth Lea,1,18,0,84
2011,8,31,Jonathan Portes,1,18,0,84
2011,8,31,Digby Jones,1,18,0,84
2011,8,31,Stephanie Blankenburg,1,18,0,84
2011,8,31,John McDonnell,1,1726,6,136
2011,8,31,Guy Dammann,1,15,0,31
2011,8,31,guardian.co.uk/fashion,2,193,0,47
2011,8,31,Gareth Walker,1,4,0,14
2011,8,31,Ami Sedghi,1,300,1,108
2011,8,31,Ben Dowell,2,455,4,112
2011,8,31,Will Hayler at Goodwood,3,3,0,23
2011,8,31,Riazat Butt,3,295,4,74
2011,8,31,John Ogden,1,12,0,1
2011,8,31,Angela Hartnett,1,28,0,26
2011,8,31,Simon Chilvers,3,164,1,111
2011,8,31,Stewart J Lawrence,1,34,1,11
2011,8,31,Anthony Hayward,1,9,0,24
2011,8,31,Eric Homberger,1,43,0,14
2011,8,31,Michael Coveney,1,18,0,13
2011,8,31,in Oslo,1,12,0,15
2011,8,31,Caroline Sullivan,3,17,0,28
2011,8,31,Paul Weaver at Trent Bridge,7,35,2,42
2011,8,31,James Browning,1,14,0,17
2011,8,31,Tom Clark,1,2,0,8
2011,8,31,Jacques Peretti,1,39,1,25
2011,8,31,Deborah Orr,4,118,2,51
2011,8,31,Angelique Chrisafis,2,470,5,128
2011,8,31,Jo Nesbø,1,987,11,156
2011,8,31,Feargus O'Sullivan,1,339,5,29
2011,8,31,Max Benato,1,61,0,11
2011,8,31,Patrick Barkham,3,926,13,107
2011,8,31,Mark Lawson,1,0,0,4
2011,8,31,Jon Henley,2,163,0,144
2011,8,31,Carne Ross,1,47,0,17
2011,8,31,Sid Lowe,2,349,6,313
2011,8,31,Patrick Kingsley,1,23,0,12
2011,8,31,Nick Shave,2,87,0,45
2011,8,31,David Stubbs,2,2,0,8
2011,8,31,Ben Arnold,2,2,0,8
2011,8,31,Andrew Mueller,1,2,0,0
2011,8,31,Alex Macpherson,2,175,1,72
2011,8,31,Natasha Walter,1,101,1,28
2011,8,31,Garry Marvin,1,352,0,52
2011,8,31,David Batty,5,177,4,607
2011,8,31,Interviews by Emine Saner,1,19,1,42
2011,8,31,Emma Martinovic,1,359,7,46
2011,8,31,George Dobell at Southend,3,5,0,9
2011,8,31,John Crawley,1,18,0,33
2011,8,31,Jim Gabour,1,32,0,7
2011,8,31,Emma John,2,50,2,32
2011,8,31,Ray Collier,1,3,0,17
2011,8,31,Ed Pilkington,2,147,3,83
2011,8,31,Zia Mahmood,1,5,0,1
2011,8,31,Martin Chulov,3,1246,4,387
2011,8,31,Robert Ashton,1,63,4,117
2011,8,31,Felicity Cloake,1,180,2,49
2011,8,31,Simon Rawles,1,891,1,81
2011,8,31,Christian Bennett,1,891,1,81
2011,8,31,Aaron Porter,1,11,0,19
2011,8,31,Liam Burns,1,46,1,71
2011,8,31,Daniel Taylor at the Red Bull Arena,1,22,0,78
2011,8,31,New Jersey,1,22,0,78
2011,8,31,Dave Neilson,1,4,0,24
2011,8,31,Dr Heather Hartwell,1,4,1,19
2011,8,31,Seumas Milne,1,1134,4,92
2011,8,31,Lottie Longshanks,1,0,0,10
2011,8,31,Alex von Tunzelmann,1,21,1,18
2011,8,31,Alan Gardner,1,27,0,27
2011,8,31,Kit Gillet,1,173,1,41
2011,8,31,Polly North,1,32,0,28
2011,8,31,Nicholas Lezard,1,16,0,15
2011,8,31,Peter Samuel,1,8,0,11
2011,8,31,lecturer,1,8,0,11
2011,8,31,Nottingham University business school,1,8,0,11
2011,8,31,Wendy Fonarow,1,67,3,77
2011,8,31,Andrew Chambers,1,109,0,84
2011,8,31,David Mitchell,2,704,14,108
2011,8,31,Charles Gore,1,92,0,35
2011,8,31,Giles Hutchins for the <a href="http://www.guardian.co.uk/guardian-professional" title="Guardian Professional Network">Guardian Professional Network</a>,1,17,1,62
2011,8,31,<strong>Mark Sweney</strong>,1,92,11,202
2011,8,31,<strong>Josh Halliday</strong>,1,92,11,202
2011,8,31,Mark King,8,143,1,187
2011,8,31,Robin Denselow,3,36,0,31
2011,8,31,Ben Kape,1,643,7,67
2011,8,31,Andy Gallagher,2,647,7,73
2011,8,31,Ken Macfarlane,1,643,7,67
2011,8,31,Fiona Morrell,1,32,0,15
2011,8,31,Kate Carter,4,145,1,233
2011,8,31,Davd Barnett,1,59,0,34
2011,8,31,Ken Livingstone,1,111,0,24
2011,8,31,Blair McPherson,1,6,0,16
2011,8,31,James Dart,1,4,0,6
2011,8,31,Skye Sherwin,2,19,0,22
2011,8,31,Jane Perrone,1,63,1,30
2011,8,31,Philip French,14,178,5,126
2011,8,31,Steven Poole,1,20,5,55
2011,8,31,Liz Byrnes,1,4,0,7
2011,8,31,Peter Lazenby,1,36,1,29
2011,8,31,Steve Boxer,1,67,7,80
2011,8,31,Brian Deer,1,154,13,54
2011,8,31,Joren Knibbe,1,71,4,51
2011,8,31,Jeffrey Sachs,1,206,3,175
2011,8,31,Andrew Clements,8,72,0,76
2011,8,31,Ami Sedghi &amp; James Ball,1,808,7,147
2011,8,31,Sarah Wildman,1,109,1,58
2011,8,31,Maryan Qasim,1,153,2,40
2011,8,31,Terry Macalister,4,884,5,284
2011,8,31,Jack Schofield,1,3,1,67
2011,8,31,Alexis Soloski,1,7,0,13
2011,8,31,Flic Everett,1,31,0,11
2011,8,31,Peter Bradshaw,6,188,5,110
2011,8,31,Compiled by Sam Joiner,1,51,0,4
2011,8,31,Declan Gaffney for <a href="http://www.leftfootforward.org/" title="Left Foot Forward">Left Foot Forward</a>,1,290,0,43
2011,8,31,Mattia Cabitza,1,54,0,17
2011,8,31,Alexis Petridis,5,495,5,168
2011,8,31,Harriet Baber,1,25,1,17
2011,8,31,Frances Victoria Ridley,1,0,0,0
2011,8,31,Presented by Tom Clark,2,4,0,25
2011,8,31,produced by Phil Maynard,2,4,0,25
2011,8,31,Kevin Gallagher,1,213,3,73
2011,8,31,Xan Rice,1,140,2,49
2011,8,31,Rob Smyth,3,714,3,125
2011,8,31,Jon Dennis,2,1,0,25
2011,8,31,John Dugdale,2,14,0,44
2011,8,31,Christine Smith,2,9,2,62
2011,8,31,Alicia Canter,1,65,0,9
2011,8,31,Presented by Hugh Muir,1,207,1,61
2011,8,31,produced by Peter Sale,1,207,1,61
2011,8,31,guardian.co.uk,5,1,0,67
2011,8,31,Graham Gibbs,1,2,0,0
2011,8,31,James Robinson,3,62,0,116
2011,8,31,Ken Durose,1,2,0,30
2011,8,31,John Fordham,5,8,0,42
2011,8,31,Tony Russell,1,6,0,7
2011,8,31,Dave Boyle,1,42,0,34
2011,8,31,David Turner,1,241,1,47
2011,8,31,Christian Toennesen,1,12,1,33
2011,8,31,of Acona CR consultancy,1,12,1,33
2011,8,31,Frederika Whitehead,4,40,4,133
2011,8,31,Sadhbh Walshe,1,806,8,77
2011,8,31,Felicity Lawrence,1,114,3,111
2011,8,31,Ian Katz,1,295,0,391
2011,8,31,Jo Tuckman,1,20,0,11
2011,8,31,Dan Gillmor,1,62,56,249
2011,8,31,Amelia Hill,1,2367,49,4771
2011,8,31,Michele Hanson,1,0,0,1
2011,8,31,Alexander Chancellor,1,28,0,8
2011,8,31,Andy Beckett,1,65,0,55
2011,8,31,Angus Batey,1,129,2,28
2011,8,31,Richard Wolff,1,571,4,85
2011,8,31,Pamela Stephenson Connolly,1,235,2,133
2011,8,31,Ofelia de Pablo,1,318,3,142
2011,8,31,Javier Zurita,1,318,3,142
2011,8,31,Amy Fleming,1,105,1,39
2011,8,31,Paul Edwards at Southport,1,0,0,2
2011,8,31,Sara Thornton,1,8,0,21
2011,8,31,Ian Watson,1,88,0,63
2011,8,31,Will Hayler at Glorious Goodwood,1,0,0,5
2011,8,31,Chris Weitz,1,33,0,13
2011,8,31,Graeme Thomson,1,178,1,81
2011,8,31,Cath Clarke,1,3,0,12
2011,8,31,Isabel Hilton,1,98,3,90
2011,8,31,Emine Saner,3,119,0,61
2011,8,31,Vicky Frost,1,0,0,5
2011,8,31,Steve Rose,3,102,5,14
2011,8,31,Rob Fitzpatrick,1,53,0,14
2011,8,31,Celia Petty,1,52,1,65
2011,8,31,John Seaman,1,52,1,65
2011,8,31,Giles Richards at the Hungaroring,4,29,0,48
2011,8,31,Tom Ewing,1,3,0,56
2011,8,31,Harry Pearson,1,19,0,4
2011,8,31,Vic Marks,1,18,1,9
2011,8,31,Orlando Gough,1,162,3,53
2011,8,31,Joe Queenan,1,1414,44,464
2011,8,31,Jeremy Plester,1,4,0,20
2011,8,31,David Thomson,1,10,0,13
2011,8,31,Stuart James at the Britannia Stadium,1,25,1,10
2011,8,31,Paul MacInnes,1,0,0,7
2011,8,31,Kathryn Hughes,1,20,0,14
2011,8,31,Ian McCourt,1,95,1,19
2011,8,31,Callum Davies,1,7,0,9
2011,8,31,Sam Joiner,1,7,0,9
2011,8,31,Rupert Scofield,1,29,2,69
2011,8,31,Sir Stuart Etherington,1,2,0,12
2011,8,31,Kevin Rushby,1,228,1,47
2011,8,31,Ruth Bergan,1,111,2,48
2011,8,31,Timothy Garton Ash,1,110,5,78
2011,8,31,Presented by Matt Wells,1,8,0,32
2011,8,31,produced by Ben Green,1,8,0,32
2011,8,31,Sam Richards,1,0,0,8
2011,8,31,Camilla Apcar,2,0,0,17
2011,8,31,Hannah Fearn,1,0,0,3
2011,8,31,Chloe Stothart,1,21,0,31
2011,8,31,Richard Vize,1,2,0,7
2011,8,31,Keith Cooper,1,0,0,12
2011,8,31,John Holmes,1,1,0,3
2011,8,31,Tom Hughes,1,20,0,44
2011,8,31,Adam Boult,1,20,0,44
2011,8,31,Chris Michael,1,20,0,44
2011,8,31,Richard Seymour for <a href="http://leninology.blogspot.com/" title="Lenin's Tomb">Lenin's Tomb</a>,1,1175,7,100
2011,8,31,Matthew Appleby,1,12,0,22
2011,8,31,Miriam Gathigah for <a href="http://ipsnews.net/" title="">IPS</a>,1,202,1,35
2011,8,31,Walter Schwarz,1,0,0,9
2011,8,31,Fiona Beckett,2,80,1,52
2011,8,31,Andy Bull (morning,1,22,0,42
2011,8,31,Rob Smyth (afternoon session),1,22,0,42
2011,8,31,Violet Towers,1,17,0,34
2011,8,31,Nicholas Wroe,2,183,1,81
2011,8,31,Alastair Dunning,1,21,2,85
2011,8,31,Mike Simmonds,1,0,0,6
2011,8,31,Tom Bryant,3,331,0,145
2011,8,31,Simon Mason,2,36,0,36
2011,8,31,Jehangir Malik,1,113,0,27
2011,8,31,Adam Vaughan,1,73,3,216
2011,8,31,Michael Cross,1,3,2,36
2011,8,31,Tishani Doshi,1,83,2,71
2011,8,31,William Skidelsky,1,19,0,14
2011,8,31,Diana Verde Nieto for <a href="http://www.guardian.co.uk/guardian-professional" title="">Guardian Professional Networks</a>,1,290,3,147
2011,8,31,Maggie Brown,1,3,1,19
2011,8,31,Giulio Frigieri,1,0,0,3
2011,8,31,David Levene,1,280,1,60
2011,8,31,Ed Jacobs,1,2,0,30
2011,8,31,Martin Robbins,1,9,0,49
2011,8,31,Massimo Franco,1,33,1,31
2011,8,31,Andy Connelly,1,1052,37,285
2011,8,31,Helienne Lindvall,1,71,0,88
2011,8,31,Lauren Niland,1,10,0,18
2011,8,31,Loz Kaye,1,54,5,111
2011,8,31,Alistair Smith,1,27,0,9
2011,8,31,Presented by Claire Armitstead,1,20,0,20
2011,8,31,Produced by Iain Chambers,1,20,0,20
2011,8,31,in Beijing,1,38,0,65
2011,8,31,Rory Coonan,1,6,0,31
2011,8,31,Johnny Dee,3,55,1,43
2011,8,31,Sebastien Farnaud,1,62,1,39
2011,8,31,Roger Lemon,1,62,1,39
2011,8,31,Alice Salfield,1,191,1,40
2011,8,31,Rowan Moore,3,269,9,126
2011,8,31,Free audiobook download from the Guardian,1,40,0,9
2011,8,31,Audible,2,68,0,12
2011,8,31,Free audiobook download from the Observer,1,28,0,3
2011,8,31,Eleonore Pauwels,1,7,0,49
2011,8,31,Michelle Pauli,2,21,1,56
2011,8,31,Guardian Healthcare Network,1,8,0,21
2011,8,31,Laura Oliver,1,1,0,14
2011,8,31,James Walsh,1,1,0,14
2011,8,31,Daniel Bear,1,191,1,29
2011,8,31,Michael Shiner,1,191,1,29
2011,8,31,Tim Jonze,2,62,1,27
2011,8,31,Paul King for the <a href="http://www.guardian.co.uk/guardian-professional" title="">Guardian Professional Network</a>,1,2,0,18
2011,8,31,Catherine Hills,1,25,1,36
2011,8,31,Jonathan Jones:,1,26,0,30
2011,8,31,Elizabeth Debold,1,256,2,32
2011,8,31,<a href="http://www.wri.org/">WRI</a>,1,701,13,243
2011,8,31,Michael Carlson,1,3,0,17
2011,8,31,Leonard Barden,1,11,1,4
2011,8,31,Caroline Foley,1,7,0,13
2011,8,31,Darian Leader,1,198,3,51
2011,8,31,Sarfraz Manzoor,1,54,0,39
2011,8,31,Tim Key,1,168,3,55
2011,8,31,Professor Sir Bob Burgess,1,2,2,24
2011,8,31,Timothy Snyder for <a href="http://www.nybooks.com/blogs/nyrblog/" title="New York Review of Books blog">The New York Review of Books blog</a>,1,53,0,28
2011,8,31,part of the <a href="http://www.guardian.co.uk/commentisfree/series/guardian-comment-network" title="Guardian Comment Network">Guardian Comment Network</a>,1,53,0,28
2011,8,31,Guardian Healthcare,1,0,0,6
2011,8,31,Adam Dawtrey,1,49,1,50
2011,8,31,Lyn Gardner,1,21,0,17
2011,8,31,Presented by Jack,1,51,0,29
2011,8,31,Haami,1,51,0,29
2011,8,31,Jenessa,1,51,0,29
2011,8,31,Felicity Carus,1,151,5,189
2011,8,31,Sanjoy Roy,1,4,0,6
2011,8,31,Dave Silverman,1,543,4,35
2011,8,31,Ben Goldacre,1,32,4,63
2011,8,31,Mike Selvey at Trent Bridge,2,12,1,16
2011,8,31,Ian Traynor,2,228,2,84
2011,8,31,Megan Carpentier,1,108,5,40
2011,8,31,Helena Smith,1,92,5,27
2011,8,31,Mike Simmonds at Swansea,1,0,0,5
2011,8,31,Sarah Thornton,1,66,0,82
2011,8,31,Vic Marks at Trent Bridge,2,35,1,24
2011,8,31,Ian Jack,1,109,0,5
2011,8,31,Anne Karpf,1,10,0,8
2011,8,31,Denis Campbell,2,95,1,64
2011,8,31,Peter Wilby,1,25,0,19
2011,8,31,Tanya Gold,1,2346,13,240
2011,8,31,Amy&nbsp;Ellis&nbsp;Nutt,1,799,39,197
2011,8,31,Ros Coward,1,99,2,66
2011,8,31,Jess Cartner-Morley,2,22,0,19
2011,8,31,George Pitcher,1,32,0,70
2011,8,31,Gemma Bowes,2,122,1,450
2011,8,31,Tom Dixon,1,8,0,7
2011,8,31,Rachel Dixon,2,106,1,58
2011,8,31,Kevin Rusby,1,39,0,16
2011,8,31,Jane Dunford,1,23,0,37
2011,8,31,Phoebe Smith,1,31,0,9
2011,8,31,Rhiannon Batten,2,227,1,97
2011,8,31,Isabel Choat,1,40,0,28
2011,8,31,Ian Belcher,2,276,0,59
2011,8,31,Ben Wilkinson,1,21,0,5
2011,8,31,Linda Buckley-Archer,1,12,0,3
2011,8,31,Carol Birch,1,22,4,6
2011,8,31,Andrew Barrow,1,3,0,1
2011,8,31,Matthew Hollis,1,734,15,78
2011,8,31,Lorna Scott Fox,1,1,0,8
2011,8,31,Gerard Woodward,1,8,0,5
2011,8,31,Jeremy Bullmore,1,2,0,6
2011,8,31,Dean Chalkley,1,588,1,37
2011,8,31,Photographs: Gary Calton. Commentary: Blake Morrison,1,54,0,15
2011,8,31,Joe Berger &amp; Pascal Wyse,1,6,0,0
2011,8,31,Davina McCall,1,0,0,1
2011,8,31,Interview by Becky Barnicoat,1,32,0,9
2011,8,31,Lia Leendertz,2,0,0,0
2011,8,31,Tom Dyckhoff,1,90,0,3
2011,8,31,Oliver Burkeman,1,64,13,138
2011,8,31,Matthew Fort,1,0,0,4
2011,8,31,Sali Hughes,1,35,0,24
2011,8,31,Rosanna Greenstreet,1,89,2,13
2011,8,31,Alys Fowler,2,7,0,6
2011,8,31,John Lanchester,1,54,0,14
2011,8,31,Hugh Fearnley-Whittingstall,1,168,4,40
2011,8,31,Dan Lepard,1,56,0,24
2011,8,31,Heidi Kingstone,1,40,0,5
2011,8,31,Thomas Eaton,1,0,1,12
2011,8,31,Yotam Ottolenghi,1,27,0,31
2011,8,31,Ernest Cline,1,310,5,83
2011,8,31,John Banville,1,43,1,16
2011,8,31,Sandra Haurant,1,68,0,43
2011,8,31,Tim Dowling,1,4,0,5
2011,8,31,Ambra Edwards,1,2,0,20
2011,8,31,Miles Brignall,2,24,0,17
2011,8,31,Patrick Collinson,2,67,2,53
2011,8,31,Diya Gupta,1,15,0,36
2011,8,31,Derek Niemann,1,11,0,36
2011,8,31,Tim Radford,1,2,0,6
2011,8,31,Catherine Taylor,1,8,0,5
2011,8,31,Amanda Vickery,1,230,3,90
2011,8,31,DJ Taylor,1,13,0,19
2011,8,31,John Mullan,1,1,0,6
2011,8,31,Carrie O'Grady,1,12,0,4
2011,8,31,Sue Arnold,1,0,0,5
2011,8,31,Alan Hollinghurst,1,0,0,3
2011,8,31,Martin Rowson,1,8,1,5
2011,8,31,Andrew Collins,1,4,0,6
2011,8,31,Marcel Lucont,1,185,2,18
2011,8,31,Andrew Lawrence,1,47,0,23
2011,8,31,James Kettle,2,62,0,36
2011,8,31,Josie Long,1,74,1,18
2011,8,31,Linda Nylind,2,15,0,2
2011,8,31,Robert Clark,1,7,0,9
2011,8,31,Lyn Gardner &amp; Mark Cook,1,35,0,7
2011,8,31,Hannah Pool,1,140,0,38
2011,8,31,Annalisa Barbieri,1,8,0,6
2011,8,31,Oli Kasin,1,154,1,22
2011,8,31,Jasper Rees,1,69,0,16
2011,8,31,As told to Dina Behrman,1,15,0,7
2011,8,31,Nick McGrath,1,1,0,2
2011,8,31,Ian Sansom,1,6,0,4
2011,8,31,Josh Widdicombe,1,4,0,21
2011,8,31,Alex Renton,1,10,0,11
2011,8,31,Grace Dent,1,14,0,21
2011,8,31,John Fordham &amp; John Robinson,1,23,0,8
2011,8,31,The Guide,1,2,0,3
2011,8,31,Holly Walsh,1,20,0,9
2011,8,31,Nick Gillett,1,2,0,58
2011,8,31,Robert Clark &amp; Skye Sherwin,1,20,0,28
2011,8,31,Patric Baird,1,28,0,4
2011,8,31,John Mitchell,1,28,0,4
2011,8,31,Sam Richards &amp; Marc Rowlands,1,28,0,4
2011,8,31,Susanna Rustin,1,454,28,200
2011,8,31,Michael Holden,1,2,0,3
2011,8,31,Iain Aitch &amp; Skye Sherwin,1,0,0,9
2011,8,31,Interview by Alexandra Topping,1,2,0,4
2011,8,31,Lanre Bakare,1,3,0,79
2011,8,31,Gareth Walker at the KC Stadium,1,0,0,12
2011,8,31,Beatrice Woolf,1,28,0,40
2011,8,31,Daniel Martin,1,7,1,7
2011,8,31,Charlie Beckett,1,16,1,58
2011,8,31,Bidisha,1,9,0,10
2011,8,31,Herman Van Rompuy,1,56,4,74
2011,8,31,Michael Wagg,1,6,0,21
2011,8,31,Tom Bryant (afternoon session),1,37,1,49
2011,8,31,Margaret Dibben,3,5,0,83
2011,8,31,Brian Schofield,1,42,0,29
2011,8,31,Nicholas de Jongh,1,0,0,5
2011,8,31,Arts Correspondent,1,0,0,5
2011,8,31,Cori Schumacher,1,285,1,52
2011,8,31,Caspar Melville,1,29,1,26
2011,8,31,Sarah Jane Stratford,1,821,23,285
2011,8,31,Michael Bradwell,1,1,0,10
2011,8,31,Mark Smith,1,56,0,57
2011,8,31,Ruaridh Nicoll,3,154,7,74
2011,8,31,Jamie Doward,4,681,1,343
2011,8,31,Vicus Burger,2,642,0,244
2011,8,31,James Burton,2,570,1,189
2011,8,31,Daniel Boffey,3,3136,17,816
2011,8,31,Nial Briggs,1,0,0,6
2011,8,31,Paul Doyle at the King Power Stadium,1,23,0,25
2011,8,31,James Callow at the Amex Stadium,2,49,1,45
2011,8,31,John Stern at Lord's,1,0,0,5
2011,8,31,Kevin McKenna,2,93,0,47
2011,8,31,Jamie Jackson Emirates Stadium,1,20,0,34
2011,8,31,Carole Cadwalladr,1,366,3,110
2011,8,31,Matteo Fagotto,1,28,0,62
2011,8,31,Sam Green,1,29,0,27
2011,8,31,Eddie Butler,1,4,0,13
2011,8,31,David James,1,6,0,5
2011,8,31,Lawrence Donegan,1,9,0,26
2011,8,31,Lucy Rock,1,265,0,67
2011,8,31,Barbara Ellen,1,23,0,14
2011,8,31,Dan Pearson,1,5,1,13
2011,8,31,Alexander Linklater,1,6,1,14
2011,8,31,Nigel Slater,2,46,5,43
2011,8,31,Peter Preston,4,134,5,84
2011,8,31,Fiona Maddocks,2,44,0,9
2011,8,31,Justin Cartwright,1,48,2,15
2011,8,31,Robert McCrum,1,55,0,19
2011,8,31,Laura Cumming,1,17,0,12
2011,8,31,Kitty Empire,2,52,0,10
2011,8,31,Phil Hogan,1,2,0,2
2011,8,31,John Naughton,1,77,8,107
2011,8,31,Tim Adams,2,154,12,106
2011,8,31,Morwenna Ferrier,1,76,1,24
2011,8,31,John O'Farrell,1,56,2,25
2011,8,31,Nick Cohen,1,207,0,39
2011,8,31,Andrew Rawnsley,1,38,0,80
2011,8,31,Chris Riddell,2,152,0,28
2011,8,31,Robin Christian,2,134,6,58
2011,8,31,Alex Clark,2,134,6,58
2011,8,31,John Hegarty,2,134,6,58
2011,8,31,Paul Levy,2,134,6,58
2011,8,31,Dominic Sandbrook,2,134,6,58
2011,8,31,Jon Savage,2,134,6,58
2011,8,31,Peter York,2,134,6,58
2011,8,31,Mariella Frostrup,2,18,0,16
2011,8,31,The Observer,2,2,0,4
2011,8,31,Jerry Brotton,2,82,4,16
2011,8,31,Jay Rayner,2,32,0,20
2011,8,31,Ian Tucker,1,1425,12,233
2011,8,31,Ian Birrell,1,31,0,4
2011,8,31,Lettie Ransley,1,16,0,4
2011,8,31,Kate Kellaway,1,47,0,10
2011,8,31,Jessica Holland,1,12,0,1
2011,8,31,Miranda Sawyer,2,69,0,20
2011,8,31,Killian Fox,2,20,1,5
2011,8,31,Interview by Mina Holland,1,8,0,2
2011,8,31,Quentin Wheeler,1,14,1,30
2011,8,31,Mark Kermode,1,6,0,2
2011,8,31,Ally Carnwath,2,17,0,10
2011,8,31,Eva Wiseman,1,10,0,38
2011,8,31,Neil Spencer,1,43,0,1
2011,8,31,Katharine Whitehorn,1,2,1,0
2011,8,31,Dave Gelly,1,0,0,1
2011,8,31,Chris Schilling,1,1,1,11
2011,8,31,Lucy Siegle,1,18,0,45
2011,8,31,Rob Gallagher,1,2,0,12
2011,8,31,Hermione Hoby,2,158,3,31
2011,8,31,Will Freeman,2,1,0,49
2011,8,31,Vendela Vida,1,24,0,11
2011,8,31,Nicholas Kenyon,1,20,0,2
2011,8,31,Susannah Clapp,1,2,0,5
2011,8,31,William Keegan,1,75,3,51
2011,8,31,Brian Oliver,1,226,4,77
2011,8,31,Julia Finch,2,28,1,29
2011,8,31,Sophie Hastings,1,135,1,132
2011,8,31,Robin McKie,1,78,3,54
2011,8,31,Rachel Cooke,1,21,0,25
2011,8,31,Ulf Berg,1,32,0,18
2011,8,31,John Sentamu,1,110,0,80
2011,8,31,Tim Lewis,1,171,3,32
2011,8,31,Keith Koffler,1,27,0,18
2011,8,31,Jo Jones,1,1,0,20
2011,8,31,Helen Seamons,1,1,0,20
2011,8,31,Sunder Katwala,1,21,0,28
2011,8,31,Don Goodman,1,11,0,27
