year,month,week,name,articles,facebook,googleplus,twitter
2011,11,48,David Brindle,4,127,0,93
2011,11,48,John Ashdown,4,88,1,55
2011,11,48,Zoe Wood,5,88,1,96
2011,11,48,Maev Kennedy,5,266,2,177
2011,11,48,Alan Travis,8,1184,8,342
2011,11,48,Patrick Butler,6,1220,6,473
2011,11,48,Larry Elliott,5,77,0,113
2011,11,48,Terry Macalister,3,40,0,34
2011,11,48,Julia Kollewe,4,86,3,97
2011,11,48,James Meikle,5,671,5,220
2011,11,48,Jack Shenker,16,7396,50,843
2011,11,48,Giles Tremlett,4,662,8,120
2011,11,48,Dominic Fifield at Stamford Bridge,2,65,1,83
2011,11,48,Kevin Mitchell at the O2 Arena,7,357,1,42
2011,11,48,Alice Klein,5,110,0,6
2011,11,48,Samira Shackle,5,12,0,3
2011,11,48,Angela Robson,5,273,0,17
2011,11,48,Hanna Hindstrom,5,175,1,15
2011,11,48,Paige McClanahan,5,27,0,8
2011,11,48,Peter Geoghegan,5,127,0,2
2011,11,48,Jack Craze,5,9,0,4
2011,11,48,Sue George,4,1,0,1
2011,11,48,Sarah Turley,1,32,0,12
2011,11,48,Vikram Dodd,4,451,2,143
2011,11,48,Riazat Butt,4,464,4,225
2011,11,48,Nicholas Watt,10,1025,8,498
2011,11,48,Agencies,13,2068,53,380
2011,11,48,Dominic Rushe,8,302,1,134
2011,11,48,<a href="http://ypia.co.uk/" title="">Young People,1,8,1,22
2011,11,48,Tom Nelson,1,8,1,22
2011,11,48,part of the <a href="http://www.guardian.co.uk/culture-professionals-network" title="">Guardian Culture Professionals Network</a>,2,34,1,53
2011,11,48,Steve Busfield,2,44,1,29
2011,11,48,Lawrence Donegan,2,69,0,27
2011,11,48,Polly Gowers,1,17,0,77
2011,11,48,Owen Bowcott,6,1249,7,425
2011,11,48,Keith Stuart,10,314,23,609
2011,11,48,Sarah Boseley,5,640,4,257
2011,11,48,Pascal Lamy,1,43,0,81
2011,11,48,Andrew Dickson,1,59,1,43
2011,11,48,Sarah Hartley,1,16,0,53
2011,11,48,Reuters,47,2431,26,822
2011,11,48,Simon Rogers,10,3309,132,1131
2011,11,48,Associated Press,37,4716,71,1359
2011,11,48,Michael Solomon,1,54,2,61
2011,11,48,GrrlScientist,11,102,17,151
2011,11,48,Mark Say,7,26,1,27
2011,11,48,Simon Burnton,3,33,1,43
2011,11,48,Rob Bagchi,7,322,6,145
2011,11,48,Sarah Taylor,1,5,0,17
2011,11,48,Josh Halliday,22,1618,44,1492
2011,11,48,Charles Arthur,6,35,10,464
2011,11,48,Simon Parker,1,1,0,4
2011,11,48,Press Association,95,6360,63,1735
2011,11,48,Barney Ronay,7,93,3,85
2011,11,48,Spartacus,1,8,0,16
2011,11,48,Dick Vinegar,1,3,0,10
2011,11,48,David Shariatmadari,1,201,5,52
2011,11,48,Richard Sprenger,2,477,7,75
2011,11,48,Nora Neale Jensen,1,13,0,0
2011,11,48,Nick Fletcher,26,19,2,61
2011,11,48,Monkey,15,451,6,570
2011,11,48,Michael White,6,170,0,111
2011,11,48,Sean Michaels,9,4046,14,279
2011,11,48,Stuart Dredge,15,254,11,750
2011,11,48,Alex Hawkes,4,171,4,89
2011,11,48,Roy Greenslade,23,347,19,755
2011,11,48,Erwin James,1,20,0,16
2011,11,48,Helen Stalker,1,10,0,8
2011,11,48,Issandr El Amrani for <a href="http://www.arabist.net/" title="The Arabist">the Arabist</a>,1,151,1,21
2011,11,48,part of the <a href="http://www.guardian.co.uk/commentisfree/series/guardian-comment-network" title="Guardian Comment Network">Guardian Comment Network</a>,1,151,1,21
2011,11,48,World Business Council for Sustainable Development,2,1,0,4
2011,11,48,Staff,16,3305,26,599
2011,11,48,agencies,33,7925,53,1820
2011,11,48,Colin McGowan for <a href="http://www.runofplay.com/" title="">The Run of Play</a>,1,28,1,13
2011,11,48,part of the Guardian Sport Network,4,194,9,85
2011,11,48,Rebecca Smithers,4,456,0,126
2011,11,48,Anirudh Arora,6,433,4,87
2011,11,48,Hardeep Singh Kohli,6,433,4,87
2011,11,48,Paul Owen,1,26,1,16
2011,11,48,Phillip Inman,5,92,4,107
2011,11,48,Kate Hodge,8,21,0,128
2011,11,48,Severin Carrell,3,60,2,39
2011,11,48,Dom Potter,1,1,0,11
2011,11,48,Bella Mackie,4,0,0,5
2011,11,48,Michael Cox,1,2,2,45
2011,11,48,Nick Cowen,3,221,4,285
2011,11,48,Alan Connor,2,13,1,15
2011,11,48,Gines Haro Pastor,6,33,0,96
2011,11,48,Matt Trueman,5,214,1,63
2011,11,48,James Robinson,12,249,6,276
2011,11,48,Tania Branigan,3,7671,44,386
2011,11,48,Alan Sykes,2,101,0,63
2011,11,48,Guardian Social Care,1,4,0,3
2011,11,48,Isabella Stone,1,6,0,8
2011,11,48,Gemma Bowes,1,4,0,20
2011,11,48,Jon Butterworth,1,71,2,13
2011,11,48,Judy Friedberg,4,32,0,51
2011,11,48,Carbon Trust,2,3,0,7
2011,11,48,Mark Sweney,24,2116,24,1041
2011,11,48,Anna Chesters,1,21,0,23
2011,11,48,Tim Tyson Short,2,161,2,23
2011,11,48,Caroline Noble,2,161,2,23
2011,11,48,Caroline Ryder,1,7844,0,83
2011,11,48,Sarfraz Manzoor,2,852,7,53
2011,11,48,Sam Jordison,2,64,0,23
2011,11,48,Paolo Bandini,8,232,0,134
2011,11,48,Professor Pamela Gillies,1,4,0,2
2011,11,48,Guardian readers,2,97,0,47
2011,11,48,Greg Wood,8,17,0,34
2011,11,48,Martin Wainwright,13,357,10,369
2011,11,48,James Callow,1,170,0,44
2011,11,48,Clare Horton,5,25,0,4
2011,11,48,Jon Dennis,3,213,2,40
2011,11,48,Suzanne Goldenberg,2,63,1,55
2011,11,48,Matt Griffith,1,29,1,28
2011,11,48,Guardian Government Computing,8,4,1,29
2011,11,48,Dan Crow,1,102,11,196
2011,11,48,Steven Appleby,1,1,0,3
2011,11,48,Lesley Adamson,1,2,1,8
2011,11,48,Jane Perrone,3,25,0,34
2011,11,48,Ben Child,9,857,15,515
2011,11,48,Judith Mackrell,3,34,0,18
2011,11,48,Jason Deans,4,266,0,148
2011,11,48,David Bellos,1,692,18,60
2011,11,48,Michael Cragg,5,214,1,66
2011,11,48,Sachin Nakrani,2,53,1,33
2011,11,48,Allan Jenkins,1,3,0,10
2011,11,48,Miriam Elder,5,426,4,221
2011,11,48,Arwa Aburawa,1,41,0,48
2011,11,48,Open thread,4,740,7,189
2011,11,48,Dan Sabbagh,8,472,7,193
2011,11,48,John Plunkett,17,903,9,614
2011,11,48,Hannah Fearn,3,20,0,67
2011,11,48,Jo Adetunji,1,1,0,4
2011,11,48,Raphael Honigstein,1,20,0,16
2011,11,48,Adrian Howells,1,11,0,4
2011,11,48,Fuel,1,11,0,4
2011,11,48,Roundhouse Radio,1,11,0,4
2011,11,48,Nils Pratley,10,127,4,76
2011,11,48,Claire Provost,4,312,3,163
2011,11,48,Jaz Cummins,3,244,0,63
2011,11,48,Hilary Osborne,5,152,2,129
2011,11,48,Jill Insley,4,37,0,77
2011,11,48,Jo Confino for the <a href="http://www.guardian.co.uk/guardian-professional" title="Guardian Professional Network">Guardian Professional Network</a>,2,123,5,51
2011,11,48,Kate McCann,6,8,0,96
2011,11,48,Presented by Alok Jha,1,197,0,46
2011,11,48,produced by Jason Phipps,3,233,0,54
2011,11,48,with Ian Sample,1,197,0,46
2011,11,48,Hélène Mulholland,9,1292,9,448
2011,11,48,Michelle Pauli,3,24,3,35
2011,11,48,John Harris,4,779,3,106
2011,11,48,Lucy Greenwell,2,62,0,36
2011,11,48,Andy Gallagher,5,375,2,81
2011,11,48,Stephen Leonard,1,86,1,76
2011,11,48,Sid Lowe,1,41,1,21
2011,11,48,Stuart Heritage,5,251,1,155
2011,11,48,Nancy Groves,1,4,0,29
2011,11,48,Stephen Glaister,1,7,0,17
2011,11,48,Tim Jonze,3,320,1,114
2011,11,48,Alex Aldridge,2,459,0,131
2011,11,48,OrliTheBookworm,1,1,0,4
2011,11,48,Charlotte Higgins,6,1622,9,333
2011,11,48,chief arts writer,4,1589,9,278
2011,11,48,William Easterly,1,205,9,89
2011,11,48,Dennis Barker,1,982,1,49
2011,11,48,Frédéric Filloux,1,15,5,145
2011,11,48,Dan Milmo,10,1558,7,464
2011,11,48,James Pargeter,1,0,0,11
2011,11,48,Kristen Nawrotzki,1,27,5,25
2011,11,48,Jack Dougherty,1,27,5,25
2011,11,48,John Vidal,9,2106,30,768
2011,11,48,Liam Byrne,1,48,0,14
2011,11,48,Jeevan Vasagar,8,3219,8,703
2011,11,48,Jonny Weeks,3,14,0,74
2011,11,48,Jo Hill,4,7,0,28
2011,11,48,Owen Gibson,15,296,1,233
2011,11,48,Peter Walker,2,695,10,149
2011,11,48,Catherine Shoard,4,652,3,63
2011,11,48,Alison Flood,11,3370,61,583
2011,11,48,Alex Bailin,1,7,0,8
2011,11,48,Mohamed El Hebeishy,1,114,2,6
2011,11,48,Amira Nowaira,2,340,2,23
2011,11,48,Matthew Cassel,1,114,2,6
2011,11,48,Sara Khorshid,1,114,2,6
2011,11,48,Ewen MacAskill,7,964,12,128
2011,11,48,Hannah Waldram,2,12,0,4
2011,11,48,Justin McGuirk,1,90,0,15
2011,11,48,Julian Baggini,2,116,7,25
2011,11,48,Andrew Sparrow,5,15,0,250
2011,11,48,Steven Morris,13,589,2,262
2011,11,48,Jean-Louis Gassée,1,20,0,28
2011,11,48,Guardian Healthcare,2,0,0,3
2011,11,48,Marc Abrahams,1,165,4,58
2011,11,48,Mark King,5,237,0,175
2011,11,48,Campbell Robb,1,72,1,37
2011,11,48,Donald McRae,2,289,1,140
2011,11,48,Steve Boxer,2,162,2,113
2011,11,48,Ronan Bennett,1,7,0,0
2011,11,48,Daniel King,1,7,0,0
2011,11,48,Jane Martinson,3,360,4,199
2011,11,48,Andrew Clements,10,31,1,57
2011,11,48,Paul Lester,5,258,1,88
2011,11,48,Michael Billington,6,530,0,75
2011,11,48,Dominic Fifield,7,153,2,144
2011,11,48,George Monbiot,3,3323,57,1656
2011,11,48,Justin McCurry,2,1097,25,535
2011,11,48,Jill Robinson,1,115,0,12
2011,11,48,Lucy Tobin,1,41,3,65
2011,11,48,Jonathan Jones,8,1877,45,439
2011,11,48,Joshua Clover,1,427,1,39
2011,11,48,Mike Selvey,2,15,0,11
2011,11,48,Polly Curtis,7,1402,11,500
2011,11,48,Lizzy Davies,4,804,9,400
2011,11,48,Ed Pilkington,5,1293,23,166
2011,11,48,Gregor Gall,1,22,1,25
2011,11,48,Graeme Wearden,5,290,8,305
2011,11,48,Presented by James Richardson,2,51,0,26
2011,11,48,produced by Ben Green,3,51,0,30
2011,11,48,Gary Calton,1,994,5,63
2011,11,48,Jim Powell,2,1099,5,79
2011,11,48,Petra Wilton,1,15,0,19
2011,11,48,Andy Wilson,3,15,0,19
2011,11,48,Jeremy Kay,1,4,1,6
2011,11,48,Henry Barnes,9,1359,9,220
2011,11,48,John Lewis,1,19,0,7
2011,11,48,Dayasara Martin Hillary,1,1,0,3
2011,11,48,John Fordham,7,147,0,51
2011,11,48,Dave Simpson,2,2,0,15
2011,11,48,Victoria Bekiempis,1,2142,10,55
2011,11,48,Lyn Gardner,6,334,0,102
2011,11,48,Hannah Moore,1,8,0,1
2011,11,48,David Smith,3,1611,16,93
2011,11,48,Chris Stephen,4,282,2,84
2011,11,48,Richard Eyre,1,40,3,16
2011,11,48,Benedetta Brevini,1,116,2,2
2011,11,48,Luke Harding,2,2050,8,233
2011,11,48,Michael Coveney,1,253,6,18
2011,11,48,Janet Murray,3,88,5,245
2011,11,48,Chris Grayling,1,31,0,25
2011,11,48,Lisa O'Carroll,13,1042,19,1145
2011,11,48,Caroline Davies,5,1310,12,213
2011,11,48,Saeed Kamali Dehghan,4,1090,10,210
2011,11,48,Jessica Shepherd,2,2088,1,203
2011,11,48,Karen McVeigh,4,968,19,151
2011,11,48,Estelle Morris,1,16,0,63
2011,11,48,Juliette Garside,4,112,5,315
2011,11,48,Chris McGreal,6,1425,23,266
2011,11,48,Julian Borger,3,125,0,69
2011,11,48,Ian Sample,3,2339,46,280
2011,11,48,Ewan Murray,8,134,0,70
2011,11,48,Amelia Gentleman,3,943,9,275
2011,11,48,Aditya Chakrabortty,1,541,9,199
2011,11,48,John Crace,6,266,2,104
2011,11,48,Jessica Benko,1,234,2,18
2011,11,48,Esther Addley,5,221,3,233
2011,11,48,Ian Black,10,1985,23,513
2011,11,48,Jill Treanor,16,165,2,282
2011,11,48,Robert Kitson,12,228,2,120
2011,11,48,Corrections,5,2,0,39
2011,11,48,Homa Khaleeli,1,131,2,55
2011,11,48,Tim Dowling,3,311,4,66
2011,11,48,Valerie Hannah,1,19,0,22
2011,11,48,Lucy Mangan,6,105,0,58
2011,11,48,Luisa Dillner,1,12,0,8
2011,11,48,Gabriel Weston,1,7,0,4
2011,11,48,Elisabeth Mahoney,5,20,0,69
2011,11,48,Leo Hickman,4,1451,22,504
2011,11,48,Johnny Sharp,1,21,0,2
2011,11,48,Patrick Kingsley,1,7,0,3
2011,11,48,Rana Kabbani,1,535,3,43
2011,11,48,Patrick Collinson,4,312,2,149
2011,11,48,Paul Rees,9,45,0,26
2011,11,48,David Hopps,5,3,0,22
2011,11,48,Rob Yarham,1,3,0,7
2011,11,48,Mark Lawson,2,167,5,58
2011,11,48,Melvyn Bragg,1,2689,34,242
2011,11,48,Ana Marie Cox,3,39,0,14
2011,11,48,Katharine Ainger,1,442,20,110
2011,11,48,Andrew Mueller,2,5,0,9
2011,11,48,Jonathan Wright,2,6,0,8
2011,11,48,Martin Skegg,3,6,0,13
2011,11,48,Ben Arnold,3,6,0,14
2011,11,48,Nosheen Iqbal,1,91,0,28
2011,11,48,Interview by Laura Barnett,1,25,1,9
2011,11,48,David Hytner at White Hart Lane,2,162,0,49
2011,11,48,Kevin McCarra at White Hart Lane,1,36,0,10
2011,11,48,Dave Hill,6,30,0,112
2011,11,48,Paul Mott (MeteoGroup),1,0,0,10
2011,11,48,Steve Bell,7,761,2,112
2011,11,48,Daniel Taylor,4,89,1,59
2011,11,48,Editorial,15,385,2,246
2011,11,48,Hugh Muir,5,165,0,71
2011,11,48,Richard Williams,3,33,0,62
2011,11,48,Paul Wilson,5,235,0,150
2011,11,48,Simon Hoggart,5,90,1,51
2011,11,48,Tom Clark,1,223,0,97
2011,11,48,Adam Gabbatt,3,562,5,239
2011,11,48,Kay Dilday,1,72,0,13
2011,11,48,Patrick Wintour,14,1869,9,634
2011,11,48,Hanna Gersmann,3,897,7,215
2011,11,48,Tim Groves,3,67,0,39
2011,11,48,Stephen Bates,3,2134,18,313
2011,11,48,Simon Goodley,1,24,0,21
2011,11,48,Allegra Stratton,5,1156,6,238
2011,11,48,Maya Wolfe-Robinson,1,257,1,35
2011,11,48,Richard Adams,3,153,2,95
2011,11,48,Deborah Hargreaves,1,388,1,30
2011,11,48,Matthew Caines,2,51,0,105
2011,11,48,Ben Quinn,2,61,1,46
2011,11,48,John Brunton,1,624,5,62
2011,11,48,Sally Higham,1,16,0,29
2011,11,48,Georges Nzongola-Ntalaja,1,343,0,30
2011,11,48,Gill Hitchcock,3,2,0,19
2011,11,48,Brendan Martin,2,208,0,95
2011,11,48,Ben Whitelaw,2,40,0,109
2011,11,48,Vanessa Toulmin,1,34,1,7
2011,11,48,David Orr,1,2,0,12
2011,11,48,Phil Morgan,1,6,0,6
2011,11,48,Isabelle Trowler,1,6,0,2
2011,11,48,Steve Goodman,1,6,0,2
2011,11,48,Rachel,6,4,0,32
2011,11,48,Nicholas Lezard,1,29,0,3
2011,11,48,Ian Jack,1,60,0,31
2011,11,48,Peter Hallward,1,601,4,61
2011,11,48,Ouissi Gresty,1,344,1,73
2011,11,48,­Jess Ratty,1,1498,4,188
2011,11,48,Rob Williams,1,136,0,39
2011,11,48,Guardian film,1,3,0,13
2011,11,48,David Didau,1,16,0,12
2011,11,48,Adrian Sergeant,1,19,1,36
2011,11,48,Sue Branford,1,44,0,8
2011,11,48,Unilever,1,34,0,23
2011,11,48,Jared Schiller,1,149,2,21
2011,11,48,Andy Westwood,1,1,1,4
2011,11,48,Ian Cobain,2,79,1,73
2011,11,48,Jane Dudman,1,23,0,3
2011,11,48,Fiona Beckett,2,207,0,31
2011,11,48,James Donaghy,1,15,2,7
2011,11,48,Vic Marks,2,9,0,15
2011,11,48,Caroline Coon,1,143,0,13
2011,11,48,Helen Carter,7,326,3,200
2011,11,48,Ellie Bloggs,1,17,1,18
2011,11,48,Andy Bull,4,55,0,25
2011,11,48,Bob Hudson,1,77,1,56
2011,11,48,Tom Lamont,2,7245,174,1065
2011,11,48,Amy Fleming,1,59,0,24
2011,11,48,Chris Cook,2,0,0,6
2011,11,48,Will Hayler,7,3,0,34
2011,11,48,Belinda Webb,1,63,0,13
2011,11,48,Stuart Kelly,1,25,2,37
2011,11,48,Philip Landau,2,117,0,41
2011,11,48,كتبه: جاك شينكر من القاهرة، و هاردينغ لوقا,1,319,0,19
2011,11,48,Dave Turner,1,151,2,25
2011,11,48,Helen Barrett,1,4,0,4
2011,11,48,Jonathan Wilson,1,17,0,12
2011,11,48,Henry McDonald,5,295,4,137
2011,11,48,Irel,1,38,0,17
2011,11,48,Kate Murray,2,45,0,25
2011,11,48,Simon Walker,1,0,0,7
2011,11,48,Cory Doctorow,1,73,20,130
2011,11,48,Mark Tran,3,304,1,63
2011,11,48,in Addis Ababa,1,40,1,6
2011,11,48,Adam Boult,7,210,0,109
2011,11,48,Peter Hetherington,1,18,0,17
2011,11,48,Daniel Bettridge,1,31,1,23
2011,11,48,Posted by Ross Tucker for <a href="http://www.sportsscientists.com/" title="">The Science of Spor</a>t,1,127,8,59
2011,11,48,Phil Hoad,1,141,2,33
2011,11,48,Hélène Mulholl,3,2291,8,615
2011,11,48,,5,2621,14,694
2011,11,48,Kevin McCarra,2,68,0,68
2011,11,48,Momo Mahadav for the <a href="http://www.guardian.co.uk/guardian-professional" title="Guardian Professional Network">Guardian Professional Network</a>,1,19,0,10
2011,11,48,Sade Laja,8,10,0,28
2011,11,48,The people's panel,2,38,0,35
2011,11,48,Joshua Rozenberg,1,8,0,7
2011,11,48,Haroon Siddique,6,2461,16,827
2011,11,48,Hervé Kempf,1,17,0,28
2011,11,48,Christophe Ayad,1,11,0,12
2011,11,48,Lindsay Poulton,1,692,4,67
2011,11,48,Michael Tait,2,755,6,93
2011,11,48,Candace Rose Rardon,1,22,0,29
2011,11,48,Adam Wagner on the <a href="http://ukhumanrightsblog.com/" title="">UK Human Rights blog</a>,1,20,1,25
2011,11,48,part of the <a href="http://www.guardian.co.uk/legalnetwork" title="">Guardian Legal Network </a>,1,20,1,25
2011,11,48,Jonathan Glennie,2,176,2,44
2011,11,48,Helen Pidd,2,76,2,22
2011,11,48,Arshin Adib-Moghaddam,1,134,6,45
2011,11,48,Sanjoy Roy,1,87,3,18
2011,11,48,Peers,1,24,0,24
2011,11,48,Imogen Fox,2,37,0,25
2011,11,48,Simon Tisdall,3,111,2,43
2011,11,48,Victor Fraga,1,23,0,9
2011,11,48,Uganda,1,92,0,55
2011,11,48,Butterfly Rainbow,1,1,0,2
2011,11,48,Peter Dawson,1,36,0,24
2011,11,48,Martin Farrer,2,41,3,82
2011,11,48,Eliza Anyangwe,4,55,0,55
2011,11,48,Jim Falzarano,1,0,0,1
2011,11,48,David Lebovitz,1,197,1,37
2011,11,48,Paul Scruton,1,1782,1,59
2011,11,48,Christine Oliver,2,1834,3,94
2011,11,48,with thanks to Jacopo Carbonari,1,1782,1,59
2011,11,48,Tom Gash,1,5,0,26
2011,11,48,Katy Murrells,1,43,0,29
2011,11,48,Grover Norquist,1,157,2,32
2011,11,48,Richard Norton-Taylor,5,2108,42,534
2011,11,48,Simon Bowers,7,119,1,140
2011,11,48,Martin Robbins,1,654,12,79
2011,11,48,Kim Willsher,6,822,12,136
2011,11,48,Tom Hall,1,5,0,21
2011,11,48,Abby Deveney,1,2,0,2
2011,11,48,Carol Rumens,1,29,0,16
2011,11,48,Jo Eames for the <a href="http://www.guardian.co.uk/guardian-professional" title="Guardian Professional Network">Guardian Professional Network</a>,1,12,0,16
2011,11,48,Tara Conlan,4,1680,17,264
2011,11,48,Caspar Llewellyn Smith,1,57,1,29
2011,11,48,David Lahti,1,661,5,28
2011,11,48,رويترز,1,80,1,9
2011,11,48,Jon Boone,1,44,2,12
2011,11,48,Jason Burke,3,139,2,40
2011,11,48,Travis Clark,1,29,1,17
2011,11,48,Dionne Bunsha,1,359,0,6
2011,11,48,David Blanchflower,1,39,1,13
2011,11,48,Jess Cartner-Morley,7,192,0,148
2011,11,48,Paddy Allen,2,70,0,34
2011,11,48,Damian Carrington,7,265,5,525
2011,11,48,Kevin Mitchell,3,12,1,23
2011,11,48,Jonathan Watts,2,326,7,160
2011,11,48,Peter Bradshaw,9,732,3,195
2011,11,48,Presented by Tom Clark,2,16,2,27
2011,11,48,produced by Phil Maynard,2,16,2,27
2011,11,48,Steve Waters,1,40,0,53
2011,11,48,Jason Clay for the <a href="http://www.guardian.co.uk/guardian-professional" title="">Guardian Professional Network</a>,1,119,0,22
2011,11,48,Katy Stoddard,2,262,7,50
2011,11,48,Saeed Shah,2,85,0,58
2011,11,48,Simon Martin,1,104,1,41
2011,11,48,Peter Beaumont,7,3179,30,502
2011,11,48,Geoffrey Waters,1,0,0,3
2011,11,48,David Brewerton,1,6,0,7
2011,11,48,Denis Gifford,1,60,0,18
2011,11,48,Rupert Neate,3,880,6,71
2011,11,48,Eileen Byrne,1,37,1,6
2011,11,48,David Conn,3,63,1,54
2011,11,48,Robert Booth,1,9,0,50
2011,11,48,Andrew Jepp,1,5,0,19
2011,11,48,Matthew Taylor,1,5,0,11
2011,11,48,Charles Gant,1,50,0,46
2011,11,48,Kate Molleson,1,41,1,16
2011,11,48,Rajeev Syal,8,1925,8,512
2011,11,48,Tom McNab,1,4,0,10
2011,11,48,Fiona Harvey,5,921,11,531
2011,11,48,Brian Logan,2,69,0,12
2011,11,48,Alok Jha,4,446,11,76
2011,11,48,Tim Ashley,2,3,0,16
2011,11,48,Katie Allen,2,300,5,164
2011,11,48,Ahdaf Soueif,2,479,3,75
2011,11,48,Rupert Jones,2,11,0,28
2011,11,48,Nicolas Niarchos,1,94,1,19
2011,11,48,Michele Hanson,2,263,0,38
2011,11,48,Jon Henley,4,1467,22,265
2011,11,48,Victoria Coren,1,31,0,7
2011,11,48,James Ball,6,1431,12,793
2011,11,48,Randeep Ramesh,7,1092,10,519
2011,11,48,Souad Abdel Rahim,1,131,0,9
2011,11,48,Dan Gillmor,1,212,25,47
2011,11,48,Hadley Freeman,6,2068,27,310
2011,11,48,Jonathan Freedland,1,464,6,147
2011,11,48,Virginia Spiers,1,3,0,33
2011,11,48,Simon Jenkins,2,443,8,232
2011,11,48,Harry Venning,1,29,0,6
2011,11,48,Tom Lutz,4,21,0,95
2011,11,48,Dublin,1,21,0,13
2011,11,48,Tom Rogan,1,49,1,15
2011,11,48,Interview by Sarah Phillips,1,825,5,72
2011,11,48,Sara Ilyas,1,6,0,10
2011,11,48,John Kampfner,1,24,0,46
2011,11,48,Marina Hyde,5,278,3,237
2011,11,48,Daniel Taylor at the Stadio San Paolo,2,368,0,25
2011,11,48,Stuart James at Old Trafford,1,53,0,32
2011,11,48,John Robinson,5,42,0,34
2011,11,48,Ali Catterall,2,0,0,11
2011,11,48,Gwilym Mumford,2,0,0,11
2011,11,48,Paul Weaver,8,45,0,68
2011,11,48,Steven Bloor,4,39,1,74
2011,11,48,Paul Simons,1,17,2,33
2011,11,48,David Hytner,4,70,2,78
2011,11,48,Frank Keating,1,8,0,11
2011,11,48,Paul Harris,4,1642,18,283
2011,11,48,Paul Wilson at Old Trafford,2,49,0,69
2011,11,48,Felicity Lawrence,2,968,3,216
2011,11,48,Laura Barton,2,116,1,20
2011,11,48,Liza Ramrayka,1,1,0,1
2011,11,48,Liz Ford,1,33,0,22
2011,11,48,Andrew Cole,1,10,0,0
2011,11,48,Stephanie Sparrow,1,8,0,0
2011,11,48,Linda Jackson,2,65,1,4
2011,11,48,Louise Tickle,2,70,0,4
2011,11,48,David Batty,3,61,3,125
2011,11,48,Debbie Andalo,2,11,0,35
2011,11,48,Anita Pati,2,102,0,7
2011,11,48,Alexandra Topping,2,102,1,54
2011,11,48,Richard Williams at the Stadio San Paolo,1,44,0,14
2011,11,48,David Pleat,1,28,1,18
2011,11,48,Joanna Moorhead,2,73,0,37
2011,11,48,Manini Sheker,7,132,1,6
2011,11,48,Eleanor Davis,6,53,0,2
2011,11,48,Kiran Flynn,8,606,4,34
2011,11,48,Rob Percival,7,28,0,1
2011,11,48,Sam Cowie,8,89,0,24
2011,11,48,Huw Poraj-Wilczynski,6,54,0,3
2011,11,48,Charlotte Jenner,5,35,2,13
2011,11,48,Roberta Radu,5,54,0,5
2011,11,48,David Gow,5,358,6,160
2011,11,48,Virginia Wallis,2,5,0,38
2011,11,48,Sarah Hedley,1,1,0,18
2011,11,48,Olga Kaganova,1,0,0,5
2011,11,48,Juliette Jowit,4,740,18,473
2011,11,48,Jayati Ghosh,1,74,3,66
2011,11,48,Anra Kennedy,1,159,1,54
2011,11,48,Jens Rolff,1,109,2,69
2011,11,48,Filippo Addarii,1,67,2,39
2011,11,48,Mark Henderson,1,0,0,7
2011,11,48,Dave Smith,1,7,0,11
2011,11,48,Anne Brunton,1,17,0,6
2011,11,48,John Banville,1,6,0,10
2011,11,48,Robin Currie,1,26,1,7
2011,11,48,General Social Care Council board member,1,26,1,7
2011,11,48,Blanche Vaughan,1,0,0,17
2011,11,48,Ann McGauran,1,2,0,12
2011,11,48,alfietheotter,1,8,0,14
2011,11,48,Tim Maby,1,8,0,14
2011,11,48,Edmund Gordon,1,153,0,153
2011,11,48,Denis Campbell,5,597,4,223
2011,11,48,Étienne Balibar,1,267,3,32
2011,11,48,Hari,1,20,1,40
2011,11,48,Jake,1,20,1,40
2011,11,48,Bob Reitemeier,1,30,0,9
2011,11,48,Gary Naylor for <a href="http://nestaquin.wordpress.com" title="">99.94</a>,1,3,0,5
2011,11,48,political reporter,2,88,1,38
2011,11,48,Ami Sedghi,1,127,3,31
2011,11,48,Conor Foley,1,16,0,7
2011,11,48,Phoebe Doyle,1,26,0,2
2011,11,48,Rob Taylor,1,1,0,16
2011,11,48,Viv Groskop,1,5,0,9
2011,11,48,Anna Clark,1,175,2,26
2011,11,48,Heather Stewart,7,913,10,384
2011,11,48,Frederika Whitehead,3,8,0,34
2011,11,48,Tony Paley,4,2,0,18
2011,11,48,Presented by Aleks Krotoski,1,11,2,68
2011,11,48,produced by Scott Cawley,2,179,2,90
2011,11,48,Daniel Kalder,1,154,6,30
2011,11,48,Jack Dromey,1,15,0,27
2011,11,48,Shiv Malik,5,5250,13,562
2011,11,48,مصر,1,26,0,8
2011,11,48,جاك شنكر.,1,26,0,8
2011,11,48,George Coats,1,8,1,6
2011,11,48,Joris Luyendijk,1,41,2,23
2011,11,48,Rachel Holmes,2,72,2,23
2011,11,48,Simon Chilvers,3,70,0,75
2011,11,48,Stephan Lewandowsky,1,474,4,88
2011,11,48,John Galloway,1,39,0,24
2011,11,48,Paul Clarke,1,13,0,96
2011,11,48,A student,1,62,0,31
2011,11,48,Tim Hayward,1,2686,12,226
2011,11,48,Alex Healey,2,3331,16,262
2011,11,48,Jenny Purt <a href="http://www.guardian.co.uk/guardian-professional" title="Guardian Professional Network">Guardian Professional Network</a>,1,2,0,14
2011,11,48,Matt Scott,5,156,1,89
2011,11,48,Mohamed Ben-Madani,1,17,2,10
2011,11,48,David Marsh,1,165,0,28
2011,11,48,Monica Mark,1,59,3,6
2011,11,48,Chris Hamnett,1,15,0,28
2011,11,48,undefined,1,16,0,35
2011,11,48,Mick McCann,1,24,0,38
2011,11,48,Adrian Searle,1,234,2,19
2011,11,48,Shehani Fernando,1,234,2,19
2011,11,48,Colin Horgan,1,4,1,7
2011,11,48,Xeni Jardin,1,2197,13,150
2011,11,48,Richard Lloyd,1,9,0,47
2011,11,48,Daniel Yohannes,1,60,0,38
2011,11,48,Samuel Worthington,1,60,0,38
2011,11,48,Ian Cheshire for the Guardian Professional Network,1,7,0,26
2011,11,48,IlyaSPiranha,1,1,1,8
2011,11,48,Josh Du Sautoy,1,83,1,30
2011,11,48,Mark Greer,1,339,0,53
2011,11,48,Johnny Dee,2,10,0,20
2011,11,48,Valerie Hopkins,1,134,0,14
2011,11,48,Tony Naylor,1,87,2,51
2011,11,48,Graham Snowdon,5,1551,8,200
2011,11,48,Dean Baker,1,339,3,45
2011,11,48,Caroline Crampton,1,36,0,16
2011,11,48,Sarah Ditum,1,9,0,58
2011,11,48,John Domokos,5,2909,8,274
2011,11,48,Angela Hartnett,1,14,0,11
2011,11,48,John Hooper,2,348,4,107
2011,11,48,Nile Rodgers,1,160,2,98
2011,11,48,Paul Graves-Brown,1,117,1,31
2011,11,48,Maura Kelly,1,52,0,34
2011,11,48,Chris Salmon,1,15,0,33
2011,11,48,Neil Davey,1,4,0,29
2011,11,48,Tom Finn,2,210,2,123
2011,11,48,Andy Field,1,100,0,40
2011,11,48,Veronica Simpson,1,27,0,66
2011,11,48,Brad Adams,1,56,1,24
2011,11,48,Andrew Brown,1,25,0,14
2011,11,48,Mark Muldoon,1,95,1,58
2011,11,48,Shaun Edwards,2,16,0,6
2011,11,48,Alexis Petridis,2,70,0,39
2011,11,48,Andrew Pulver,2,171,1,67
2011,11,48,Sandra Laville,5,568,9,304
2011,11,48,Amy Goodman,1,206,3,22
2011,11,48,John Elkington,1,36,1,57
2011,11,48,James Derounian,1,11,2,18
2011,11,48,Nicola Bacon,1,60,0,37
2011,11,48,Peter Housden,1,19,0,1
2011,11,48,Anthony Hayward,1,9,0,18
2011,11,48,Christopher Priest,1,164,2,26
2011,11,48,Alan Blyth,1,63,0,14
2011,11,48,Rebecca Seales,1,34,0,18
2011,11,48,George Hall,2,25,0,23
2011,11,48,Richard Branson,1,83,2,39
2011,11,48,Lisa Evans,2,25,3,87
2011,11,48,Alfred Hickling,3,57,1,27
2011,11,48,Caroline Sullivan,2,3,0,23
2011,11,48,Zoe Williams,4,1019,7,206
2011,11,48,Jon Robins,1,54,0,50
2011,11,48,Matt Parker,1,594,15,262
2011,11,48,Ian Griffiths,1,4,0,13
2011,11,48,Michelle Harris,1,206,1,18
2011,11,48,Timothy Garton Ash,1,48,0,47
2011,11,48,Phil Gates,1,16,0,10
2011,11,48,Sam Leith,1,106,1,9
2011,11,48,John Sutherland,1,11,0,8
2011,11,48,Justice Malala,1,486,3,78
2011,11,48,Stuart Jeffries,2,51,0,34
2011,11,48,Suzanne Moore,1,160,1,77
2011,11,48,Paul Doyle,5,234,7,100
2011,11,48,Jim Al-Khalili,1,513,9,52
2011,11,48,Dominic Fifield at the BayArena,2,46,1,46
2011,11,48,Lizzie Porter,1,433,3,33
2011,11,48,Ewan Murray at Celtic Park,1,2,0,23
2011,11,48,David Hytner at the Emirates Stadium,1,52,2,14
2011,11,48,Kevin McCarra at Emirates Stadium,1,35,0,18
2011,11,48,David Stubbs,2,1,0,10
2011,11,48,Bonnie Greer,1,36,0,34
2011,11,48,Tom Meltzer,2,9,0,6
2011,11,48,Stephen Moss,1,12,1,24
2011,11,48,Seumas Milne,1,672,2,75
2011,11,48,Scotl,1,17,2,21
2011,11,48,David Hambling,1,5,0,0
2011,11,48,Interviews by Emine Saner,1,54,0,57
2011,11,48,Tony Leighton,1,0,0,1
2011,11,48,Stuart James,3,43,1,61
2011,11,48,Matthew Weaver,4,422,2,534
2011,11,48,Steven Poole,1,6,0,7
2011,11,48,Rodrigo Camarena,1,14,0,16
2011,11,48,Jonathan Glancey,2,101,0,56
2011,11,48,Zia Mahmood,1,1,0,1
2011,11,48,Felicity Cloake,2,485,10,55
2011,11,48,Martin Chulov,5,443,7,186
2011,11,48,Tom Phillips,1,48,0,33
2011,11,48,Caroline Slocock,1,3,0,6
2011,11,48,Lisa Bachelor,2,83,2,68
2011,11,48,<a href="http://www.creativeboom.co.uk/" title="">Creative Boom</a>,1,26,0,31
2011,11,48,Katy Cowan,1,26,0,31
2011,11,48,Jonathan Bland,1,81,1,16
2011,11,48,Aaron Porter,1,5,1,8
2011,11,48,Paul Ainsworth,1,6,0,3
2011,11,48,Keith Mitchell,1,0,0,4
2011,11,48,Steven Wood,1,50,0,13
2011,11,48,Jack Stilgoe,1,35,9,33
2011,11,48,Nick Crane,1,10,1,15
2011,11,48,Peter Dyke,1,1,0,14
2011,11,48,Connecting for Health,1,1,0,14
2011,11,48,Jon Lindberg,1,1,0,14
2011,11,48,Intellect,1,1,0,14
2011,11,48,Blake Morrison,1,49,1,16
2011,11,48,Justine Jordan,1,15,0,14
2011,11,48,Tom Jenkins,3,15,0,16
2011,11,48,Lisa Botterill,1,25,0,20
2011,11,48,Christine Bohan,1,89,1,22
2011,11,48,كتبه : بيتر بومونت و جون دوموكس,1,66,0,9
2011,11,48,As seen by Catherine Bennett,1,6,0,5
2011,11,48,Nicholas Cropp,1,7,0,2
2011,11,48,Tricia de Courcy Ling,1,105,0,16
2011,11,48,Marissa Keating,1,105,0,16
2011,11,48,Kaya Genç,1,401,9,45
2011,11,48,Veronica Horwell,1,63,2,26
2011,11,48,Iain Chambers,2,895,8,186
2011,11,48,Brian Whitaker,1,84,3,17
2011,11,48,Presented by Jason Solomons,2,36,0,8
2011,11,48,with Xan Brooks,1,31,0,7
2011,11,48,George Chesterton,1,2,0,11
2011,11,48,Ian McCourt,1,23,0,14
2011,11,48,Saptarshi Ray,1,130,2,23
2011,11,48,Mathilda Gregory,1,114,1,84
2011,11,48,NoViolet Bulawayo,1,86,2,20
2011,11,48,Harriet Sherwood,2,618,4,174
2011,11,48,Fabian Lindner,1,489,14,87
2011,11,48,for <a href="http://www.social-europe.eu/" title="">Social Europe Journal</a>,1,489,14,87
2011,11,48,part of the <a href="http://www.guardian.co.uk/commentisfree/series/guardian-comment-network" title="">Guardian Comment Network</a>,1,489,14,87
2011,11,48,Ben Kape,1,276,2,23
2011,11,48,Michael Hann,4,28,0,38
2011,11,48,Louise Taylor,4,212,1,141
2011,11,48,Rafael Marques de Morais,1,100,4,44
2011,11,48,Angela Needle for the <a href="http://www.guardian.co.uk/guardian-professional" title="Guardian Professional Network">Guardian Professional Network</a>,1,5,2,7
2011,11,48,Lindesay Irvine,1,25,1,12
2011,11,48,Words,1,242,1,60
2011,11,48,pictures by Max,1,242,1,60
2011,11,48,Liz Haarala Hamilton,1,242,1,60
2011,11,48,Mukoma Wa Ngugi,1,18,0,9
2011,11,48,Amy Lawrence,2,63,1,43
2011,11,48,An Xiao Mina,1,29,0,58
2011,11,48,Richard Luscombe,1,130,7,41
2011,11,48,Cape Canaveral,1,130,7,41
2011,11,48,Alexis Soloski,1,59,0,11
2011,11,48,Jessica Reed,1,0,0,1
2011,11,48,Jack Schofield,1,16,0,91
2011,11,48,LUCA777,1,0,0,6
2011,11,48,Dana Lone Hill,1,179,2,22
2011,11,48,Alex Smith,1,1,0,1
2011,11,48,Helen Meany,1,0,0,2
2011,11,48,Omar al-Shehabi,1,26,0,90
2011,11,48,Martin Belam,1,10,0,54
2011,11,48,Skye Sherwin,3,42,0,25
2011,11,48,Natasha Tripney,1,13,0,8
2011,11,48,Jamie Jackson,5,219,1,115
2011,11,48,Andrew Woods,1,658,1,13
2011,11,48,Nancy Goldstein,1,26,0,23
2011,11,48,Martin McKee,1,10,0,19
2011,11,48,David Skelton,1,10,0,19
2011,11,48,Interview by Ben Johncock,1,219,10,157
2011,11,48,Kable Healthcare,1,0,0,1
2011,11,48,Interview by Paolo Bandini,1,1,0,5
2011,11,48,Keri Facer,1,1,0,3
2011,11,48,Helienne Lindvall,1,145,2,98
2011,11,48,Nigel Stone,1,2,0,10
2011,11,48,Dave Webb,1,2,0,10
2011,11,48,Ayesha Kazmi,1,85,2,47
2011,11,48,Luke Jennings,1,225,1,13
2011,11,48,David Fisher,1,1,0,7
2011,11,48,Rian Evans,1,0,0,6
2011,11,48,Bob Chaundy,1,1,0,11
2011,11,48,Richard Wachman,2,5,0,8
2011,11,48,Kandahar,1,15,0,5
2011,11,48,Sarahi Uribe,1,7,0,9
2011,11,48,Martin Pengelly,2,8,0,4
2011,11,48,Greg Wood at Newbury,2,2,0,5
2011,11,48,Alexander Chancellor,1,16,2,20
2011,11,48,Charles Petersen,1,7,0,5
2011,11,48,Linh Dinh,1,7,1,9
2011,11,48,Bel Trew,1,383,0,57
2011,11,48,Kevin Mitchell at the O<sub>2</sub> Arena,3,90,0,23
2011,11,48,John Gilbey,1,8,0,10
2011,11,48,Colin Barrow,1,8,0,34
2011,11,48,Pamela Stephenson Connolly,1,561,0,19
2011,11,48,Tim Montgomerie,1,68,0,55
2011,11,48,Dom Lawson,1,1063,6,78
2011,11,48,Rebecca Nicholson,3,8,0,20
2011,11,48,Anne Billson,1,1197,7,120
2011,11,48,Jon Dennis:,1,0,0,7
2011,11,48,Dan Mangan,1,312,1,31
2011,11,48,Alex Macpherson,1,90,2,11
2011,11,48,Phelim O'Neill,2,9,0,12
2011,11,48,Stefan Stern,1,11,0,26
2011,11,48,Robin Denselow,2,59,0,12
2011,11,48,Mani/ Zeppelin Network,1,832,6,160
2011,11,48,Ranjit Dhaliwal,1,832,6,160
2011,11,48,Steve Rose,3,108,1,39
2011,11,48,Maddy Costa,1,0,0,6
2011,11,48,Clar Ni Chonghaile,1,83,0,30
2011,11,48,Xan Brooks,4,1881,7,99
2011,11,48,Tim Rich,1,406,2,52
2011,11,48,Kate Ravilious,1,0,0,30
2011,11,48,Kathy Lette,1,25,0,9
2011,11,48,Rick Moody,1,4385,60,569
2011,11,48,Tom Service,2,419,3,79
2011,11,48,Alan Evans,1,154,1,267
2011,11,48,James Richardson,1,13,0,14
2011,11,48,Matt Hall,2,175,0,41
2011,11,48,Josh Layton,2,45,2,75
2011,11,48,Gregg Roughley,1,124,3,44
2011,11,48,Kevin Rushby,2,117,2,96
2011,11,48,Eddie Wright,1,2141,46,323
2011,11,48,David Barker,1,20,0,24
2011,11,48,Andrew Chambers,1,23,0,45
2011,11,48,Stephen Corry,1,887,6,73
2011,11,48,Presented by John Plunkett,1,0,0,4
2011,11,48,Tim Woolliscroft,1,19,0,11
2011,11,48,Robert Ashton,1,20,0,5
2011,11,48,Pierre de Vos,1,54,0,29
2011,11,48,Mark Lynas,1,122,2,44
2011,11,48,Greg Howson,1,15,0,58
2011,11,48,Guardian staff,2,19,0,27
2011,11,48,Keith Cooper,1,5,0,10
2011,11,48,Richard Vize,1,0,1,8
2011,11,48,Scott Murray,4,70,2,82
2011,11,48,Bernadette Flanagan,2,82,0,10
2011,11,48,social work postgraduate student,2,82,0,10
2011,11,48,SA Mathieson,3,6,0,50
2011,11,48,Cynthia Cockburn and&nbsp;Ann Oakley,2,2808,20,302
2011,11,48,Emma Bird,1,9,0,5
2011,11,48,Ryan Lewis,1,22,0,23
2011,11,48,David McCandless,1,221,13,184
2011,11,48,Michael Caplan,1,3,0,6
2011,11,48,Elizabeth Taheri,1,3,0,6
2011,11,48,Richard Murphy,1,1108,3,149
2011,11,48,Debbie&nbsp;Bogard,1,9,0,0
2011,11,48,Alex von Tunzelmann,1,58,0,25
2011,11,48,Peter Sommer,1,6,0,15
2011,11,48,Rick Peters,1,46,0,16
2011,11,48,Jay Rayner,1,13,1,20
2011,11,48,Bob Granleese,1,0,0,0
2011,11,48,Oliver Laughland,2,38,0,32
2011,11,48,Word of Mouth,4,84,1,30
2011,11,48,Graham Stringer MP,1,2,0,11
2011,11,48,Marina O'Loughlin,1,45,0,9
2011,11,48,Matthew Fort,2,20,0,4
2011,11,48,Lee Child,1,13,1,4
2011,11,48,Sebastian Barry,1,7,0,6
2011,11,48,Jean M Auel,1,5,0,5
2011,11,48,David Guterson,1,74,1,37
2011,11,48,Omar Robert Hamilton,1,192,0,11
2011,11,48,The Guardian,1,36,0,12
2011,11,48,Christos Tsiolkas,1,158,2,25
2011,11,48,James Frey,1,9,0,5
2011,11,48,Jack Lang for <a href="http://snapkakapop.blogspot.com/" title="">Snap,1,36,0,8
2011,11,48,Kaka,1,36,0,8
2011,11,48,Pop</a>,1,36,0,8
2011,11,48,Sali Hughes,2,43,0,27
2011,11,48,Nat Saunders,1,24,0,15
2011,11,48,Simon Van Booy,1,2,0,7
2011,11,48,Ken Punter,1,40,0,47
2011,11,48,جاك شنكر,1,52,0,2
2011,11,48,من القاهرة. الخميس,1,52,0,2
2011,11,48,Peter Nádas,1,23,0,13
2011,11,48,Guardian Fashion,1,4,0,13
2011,11,48,Susan Smillie,1,52,2,35
2011,11,48,Jessica Hopkins,1,130,1,41
2011,11,48,Ed Jacobs,1,2,0,3
2011,11,48,Derek Plumbly,1,14,0,14
2011,11,48,Chris Adrian,1,17,0,11
2011,11,48,By <a href="http://www.irinnews.org/" title="">IRIN</a>,1,62,0,27
2011,11,48,part of the <a href="http://www.guardian.co.uk/global-development/series/guardian-development-network" title="">Guardian development network</a>,1,62,0,27
2011,11,48,Paul Myers,1,3,0,10
2011,11,48,Sam O'Neill,1,1,0,50
2011,11,48,Mary Hamilton,1,1,0,50
2011,11,48,Trewin Restorick for the <a href="http://www.guardian.co.uk/guardian-professional" title="Guardian Professional Network">Guardian Professional Network</a>,1,13,0,23
2011,11,48,Haruki Murakami,1,234,2,47
2011,11,48,James Dart,1,0,0,5
2011,11,48,Dori Ostermiller,1,5,0,4
2011,11,48,Grant Shapps,1,38,0,16
2011,11,48,Stephen King,1,546,0,11
2011,11,48,Kevin Fong,1,162,0,27
2011,11,48,Noah Payne-Frank,1,162,0,27
2011,11,48,Jonathan Chaplin,1,9,0,9
2011,11,48,David Lacey,1,11,0,23
2011,11,48,David Mills,1,0,0,5
2011,11,48,The panel,1,51,0,25
2011,11,48,Wilfred Emmanuel-Jones,1,15,1,20
2011,11,48,David Walker,1,0,0,6
2011,11,48,Mona Mahmood,1,7,0,14
2011,11,48,Jon Alexander for the <a href="http://www.guardian.co.uk/guardian-professional?INTCMP=SRCH" title="">Guardian Professional Network</a>,1,51,0,33
2011,11,48,Owen Jones,2,683,1,88
2011,11,48,pinkbookworm,1,2,0,4
2011,11,48,Flic Everett,1,143,1,28
2011,11,48,New York,1,19,0,7
2011,11,48,Oliver Thring,1,55,2,27
2011,11,48,Nicola Clark,1,294,0,302
2011,11,48,Alistair Smith,1,2,0,4
2011,11,48,Presented by Sarah Crown,1,24,0,19
2011,11,48,produced by Tim Maby,1,24,0,19
2011,11,48,Honour Bayes,1,32,0,40
2011,11,48,Presented by Hugh Muir,1,11,0,16
2011,11,48,produced by Peter Sale,1,11,0,16
2011,11,48,Dalya Alberge,1,22,0,16
2011,11,48,Liz Ball,1,45,0,26
2011,11,48,Presented by Alexis Petridis,1,168,0,22
2011,11,48,Alan Rusbridger,1,164,0,29
2011,11,48,AL Kennedy,1,52,2,24
2011,11,48,Sadhbh Walshe,1,9,0,21
2011,11,48,Polly Toynbee,1,45,0,19
2011,11,48,Richard Lea,1,57,0,37
2011,11,48,South Africa,1,50,3,81
2011,11,48,Kim Catcheside,1,5,0,3
2011,11,48,Naomi Wolf,1,189956,,6367
2011,11,48,Graham Hayday,1,34,2,81
2011,11,48,Rowan Pelling,1,167,4,80
2011,11,48,Ian Malin,1,0,0,3
2011,11,48,Laura Oliver,1,1,0,2
2011,11,48,James Walsh,1,1,0,2
2011,11,48,Rupert Sawyer,1,0,0,16
2011,11,48,Michael McNay,1,36,0,15
2011,11,48,Alex Nunns,1,70,1,97
2011,11,48,Mark Beaumont,1,10,0,7
2011,11,48,Jenny Kleeman,1,99,2,46
2011,11,48,Chris Cook at Newbury,1,2,0,3
2011,11,48,Kevin Rush,1,28,0,37
2011,11,48,Diane Taylor,1,68,2,34
2011,11,48,Mehdi Hasan,1,365,0,148
2011,11,48,Savitri Hensman,1,61,1,14
2011,11,48,Andrew Katz,1,39,0,29
2011,11,48,Graham Long,1,0,0,28
2011,11,48,Tim Parks,1,32,0,24
2011,11,48,Martin Rowson,1,29,1,20
2011,11,48,Aliya Alwi,1,911,2,56
2011,11,48,Jason N Parkinson,1,911,2,56
2011,11,48,Andrew Martin,1,901,0,79
2011,11,48,Deborah Orr,1,77,0,70
2011,11,48,Tim Radford,1,0,0,26
2011,11,48,Mike Averis at Sixways,1,1,0,6
2011,11,48,Emma Kennedy,1,23,0,3
2011,11,48,Sally Shalam,1,14,0,9
2011,11,48,Nell Card,1,80,0,43
2011,11,48,Felice Hardy,1,14,0,3
2011,11,48,Joanne O'Connor,1,22,0,8
2011,11,48,Phoebe Taplin,1,185,0,35
2011,11,48,Richard Simpkin,1,91,1,11
2011,11,48,Wangari Maathai,1,563,3,109
2011,11,48,John Mullan,1,48,1,27
2011,11,48,Andy Brockie &amp; the Guardian Interactive team. Asking the questions: Merope Mills,1,50,2,51
2011,11,48,Blair Worden,1,39,0,8
2011,11,48,Andrew Motion,1,24,2,23
2011,11,48,Peter Wilby,1,4,0,2
2011,11,48,Keith Grey,1,2,0,0
2011,11,48,Jeffrey&nbsp;Eugenides,1,27,2,14
2011,11,48,John O'Connell,1,5,1,12
2011,11,48,Josephine Hart,1,2,0,19
2011,11,48,Michael Dobson,1,65,1,22
2011,11,48,Sue Arnold,1,29,0,2
2011,11,48,Penelope Lively,1,3,0,4
2011,11,48,Leonard Barden,1,8,0,1
2011,11,48,Nicholas Wroe,1,86,2,61
2011,11,48,Miles Brignall,7,122,1,86
2011,11,48,Stephen Collins,1,34,0,1
2011,11,48,Oliver Burkeman,1,55,0,30
2011,11,48,Tom Dyckhoff,1,141,0,9
2011,11,48,Jill Papworth,1,12,0,4
2011,11,48,Lia Leendertz,2,21,0,17
2011,11,48,Emily Blunden,1,2,0,1
2011,11,48,Sam Wollaston,1,11,0,32
2011,11,48,Dan Lepard,1,38,0,13
2011,11,48,Eve Ensler,1,11,0,6
2011,11,48,Thomas Eaton,1,0,0,1
2011,11,48,Anonymous,2,130,0,9
2011,11,48,Alys Fowler,2,11,0,0
2011,11,48,Yotam Ottolenghi,1,54,0,9
2011,11,48,John Lanchester,1,25,0,17
2011,11,48,Hugh Fearnley-Whittingstall,1,288,4,55
2011,11,48,Rosanna Greenstreet,1,11,0,8
2011,11,48,Interview: <strong>Becky Barnicoat</strong>. Portrait: <a href="http://www.emilystein.co.uk/" title=""><strong>Emily Stein</strong></a>,1,7,0,10
2011,11,48,Geoffrey Wadhurst,1,0,0,1
2011,11,48,As told to Graham Snowdon,1,1,0,6
2011,11,48,Guardian,1,1261,11,472
2011,11,48,Jeremy Bullmore,1,1,0,0
2011,11,48,Tony Levene,1,4,0,9
2011,11,48,The Secret Footballer,1,1060,3,204
2011,11,48,Mark Morrison,1,10,1,0
2011,11,48,Jheni Osman,1,11,0,9
2011,11,48,Penny Sarchet,2,69,0,19
2011,11,48,Iain Aitch,1,1084,1,110
2011,11,48,James Brooks,1,32,0,4
2011,11,48,Andrew Collins,1,24,0,8
2011,11,48,Issy Sampson,1,69,0,8
2011,11,48,Steven Gauge,1,147,0,15
2011,11,48,Charlie Condou,1,2,0,24
2011,11,48,Patrick Barkham,1,18,0,5
2011,11,48,Interview by Alexandra Topping,1,0,0,8
2011,11,48,Jon &amp; Mick/moderntoss.com,1,5,0,2
2011,11,48,Sam Richards,2,139,0,12
2011,11,48,Annalisa Barbieri,1,0,0,1
2011,11,48,Robert Clark,1,11,0,10
2011,11,48,Anna Maxted,1,12,0,11
2011,11,48,The Guide,2,2,0,19
2011,11,48,Grace Dent,1,10,0,37
2011,11,48,Hannah Verdier,1,0,0,2
2011,11,48,John Fordham &amp; Andrew Clements,1,11,0,3
2011,11,48,John Patterson,1,17,0,7
2011,11,48,Colette Bernhardt,1,2,0,0
2011,11,48,Iain Aitch &amp; Katrina Dixon,1,2,0,0
2011,11,48,James Kettle,1,20,0,2
2011,11,48,Nick Gillett,1,0,0,41
2011,11,48,Patric Baird,1,12,0,6
2011,11,48,John Mitchell,1,12,0,6
2011,11,48,Sam Richards &amp; Marc Rowlands,1,12,0,6
2011,11,48,Teri Grenert,1,0,0,1
2011,11,48,Mark Cook &amp; Judith Mackrell,1,14,0,3
2011,11,48,Rebecca Nicholson &amp; Richard Vine,1,0,0,0
2011,11,48,Gareth Aveyard,1,38,0,35
2011,11,48,Robert Clark &amp; Skye Sherwin,1,10,0,15
2011,11,48,Hannah Godfrey,2,701,3,177
2011,11,48,Joe Berger &amp; Pascal Wyse,1,15,0,7
2011,11,48,Bidisha,1,15,0,28
2011,11,48,Nick Hopkins,1,137,6,204
2011,11,48,Nikolai Alekseev,1,2391,9,125
2011,11,48,Giles Richards,2,11,0,17
2011,11,48,Rob Smyth,2,114,1,29
2011,11,48,Abigail Flanagan,1,118,2,35
2011,11,48,Jasmine Coleman,4,263,6,212
2011,11,48,Jane Fae,1,140,0,39
2011,11,48,Guardian Classic,1,3,0,4
2011,11,48,Richard Gibson at the Britannia Stadium,1,1,0,8
2011,11,48,Kevin Mitchell at the O<sub>2</sub>  Arena,1,47,0,7
2011,11,48,Alan Gardner,1,14,0,66
2011,11,48,David Hopps at the Reebok Stadium,1,1,0,6
2011,11,48,Paul Doyle at The Hawthorns,1,16,0,11
2011,11,48,Scott Anthony,1,0,0,3
2011,11,48,Jamie Jackson at Stamford Bridge,1,19,0,32
2011,11,48,Louise Taylor at the Stadium of Light,1,2,0,7
2011,11,48,Michael Aylwin at Twickenham,1,2,1,1
2011,11,48,Paul Weaver at Interlagos,1,4,0,7
2011,11,48,Ewan Murray at Parkhead,1,4,0,7
2011,11,48,Press Association at Carrow Road,1,6,0,16
2011,11,48,John Ashdown at Ashton Gate,1,19,0,3
2011,11,48,Mike Averis at Kingsholm,1,1,0,4
2011,11,48,Nial Briggs,1,0,0,3
2011,11,48,Amy Lawrence at the Emirates Stadium,1,3,0,21
2011,11,48,Paul Rees at Franklin's Gardens,1,0,0,1
2011,11,48,Tracy McVeigh,1,427,0,64
2011,11,48,Toby Helm,1,548,5,198
2011,11,48,Daniel Boffey,2,1075,21,710
2011,11,48,Henry Porter,1,11,0,15
2011,11,48,Sid Lowe at the Bernabéu,1,12,0,13
2011,11,48,Eddie Butler,1,4,0,1
2011,11,48,Margaret Dibben,3,1,0,7
2011,11,48,Jenny McBain,1,16,0,79
2011,11,48,Vicky Frost,1,23,0,19
2011,11,48,David Hills,2,14,2,18
2011,11,48,Observer staff,1,0,0,13
