year,month,week,name,articles,facebook,googleplus,twitter
2011,11,45,Patrick Wintour,17,1704,21,674
2011,11,45,Jasmine Coleman,2,5655,35,580
2011,11,45,Jill Treanor,19,394,9,278
2011,11,45,Greg Barker,1,34,0,81
2011,11,45,Nicholas Watt,9,940,5,438
2011,11,45,Presented by Alok Jha,1,34,0,41
2011,11,45,produced by Jason Phipps,2,46,0,61
2011,11,45,Owen Bowcott,9,580,6,391
2011,11,45,Rajeev Syal,5,613,11,356
2011,11,45,Terry Macalister,5,268,4,175
2011,11,45,Jessica Shepherd,6,3137,8,835
2011,11,45,Agencies,15,667,10,595
2011,11,45,Reuters,51,2734,20,885
2011,11,45,Nick Duxbury,1,101,0,103
2011,11,45,Dominic Rushe,12,343,18,369
2011,11,45,Steve Judge,1,78,0,105
2011,11,45,Richard Adams,5,154,3,177
2011,11,45,Anita Pati,1,8,0,17
2011,11,45,Jon Boone,2,117,0,87
2011,11,45,staff,1,20,0,54
2011,11,45,agencies,30,4754,87,1390
2011,11,45,Richard M Kavuma,1,22,0,13
2011,11,45,Dan Milmo,8,502,5,361
2011,11,45,Associated Press,43,5986,99,1702
2011,11,45,Charles Arthur,16,1431,145,2288
2011,11,45,Ian McCourt,1,49,0,39
2011,11,45,Evan Fanning,1,49,0,39
2011,11,45,Sachin Nakrani,4,1340,6,1173
2011,11,45,Joris Luyendijk,4,991,6,339
2011,11,45,Gill Hitchcock,5,2,0,17
2011,11,45,Riazat Butt,7,585,18,206
2011,11,45,June O'Sullivan,1,25,0,122
2011,11,45,Thomas Lovejoy,1,179,0,86
2011,11,45,Wendy Berliner,1,46,0,8
2011,11,45,Justin McCurry,3,852,22,321
2011,11,45,Sarah Hartley,3,59,7,243
2011,11,45,Roy Greenslade,24,423,14,748
2011,11,45,James Meikle,10,2949,25,810
2011,11,45,Mark King,12,183,3,323
2011,11,45,Press Association,113,3639,25,2160
2011,11,45,Dave Hill,7,106,8,162
2011,11,45,Josh Halliday,21,1157,32,1337
2011,11,45,Keith Stuart,12,2265,17,639
2011,11,45,Jim Vine,1,0,0,3
2011,11,45,Darren Henaghan,1,15,0,10
2011,11,45,Tom Lutz,3,9,1,43
2011,11,45,Patrick Foster,3,322,7,155
2011,11,45,Gavin O'Toole,1,29,0,30
2011,11,45,smilez,1,23,0,9
2011,11,45,David Shariatmadari,1,51,0,9
2011,11,45,Christian Bennett,2,61,0,25
2011,11,45,Dick Vinegar,1,3,0,9
2011,11,45,Nils Pratley,9,245,2,106
2011,11,45,Bertie Bosrédon,4,3,0,7
2011,11,45,Nick Fletcher,21,14,0,113
2011,11,45,Presented by Jon Henley,1,9,0,14
2011,11,45,Veronica Horwell,1,9,0,14
2011,11,45,Produced by Iain Chambers,1,9,0,14
2011,11,45,Jon Henley,2,23,0,43
2011,11,45,Stuart Dredge,8,135,5,576
2011,11,45,Katy Murrells,2,40,0,53
2011,11,45,Liz Williams,1,369,2,27
2011,11,45,Bella Mackie,3,4,0,8
2011,11,45,John Harris,2,231,4,88
2011,11,45,Lucy Greenwell,2,693,7,142
2011,11,45,Ekaterina Ochagavia,2,386,5,100
2011,11,45,Marcus Hobley,1,1,0,6
2011,11,45,Presented by John Harris,1,3,1,19
2011,11,45,produced by Lucy Greenwell,1,3,1,19
2011,11,45,Gines Haro Pastor,8,11,1,174
2011,11,45,Sade Laja,4,13,0,20
2011,11,45,Alan Connor,2,28,1,74
2011,11,45,Helen Stalker,1,20,0,31
2011,11,45,Kate Hodge,7,20,2,102
2011,11,45,Catherine Shoard,3,144,1,40
2011,11,45,Richard Sprenger,3,902,1,76
2011,11,45,Hilary Osborne,7,133,3,226
2011,11,45,Janet Murray,1,0,0,0
2011,11,45,Paolo Bandini,5,134,3,58
2011,11,45,Kate McCann,6,13,0,74
2011,11,45,Matt Thomas,1,342,0,56
2011,11,45,Frank Broughton,1,98,0,27
2011,11,45,Imogen Fox,2,259,0,73
2011,11,45,Rosalind Eyben,1,30,0,14
2011,11,45,Camila Ruz,1,372,7,217
2011,11,45,Jason Deans,5,75,6,164
2011,11,45,James Randerson,1,19,1,49
2011,11,45,Simon Chilvers,1,4,0,23
2011,11,45,David Barnett,1,29,4,18
2011,11,45,Hélène Mulholland,6,316,2,228
2011,11,45,political reporter,5,300,2,184
2011,11,45,Hannah Waldram,4,357,0,95
2011,11,45,Magdi Abdelhadi,1,139,0,50
2011,11,45,Simon Rogers,8,2235,37,895
2011,11,45,Adam Vaughan,1,238,3,280
2011,11,45,Fiona Harvey,3,370,10,386
2011,11,45,Hanna Gersmann,6,1832,38,906
2011,11,45,Michael Cox,1,25,0,34
2011,11,45,Frédéric Filloux,1,26,7,157
2011,11,45,Jean-Louis Gassée,1,12,0,68
2011,11,45,Paddy Allen,4,165,2,101
2011,11,45,Sean Michaels,10,6867,42,610
2011,11,45,Paul Mendelle,1,28,0,30
2011,11,45,Peter Bradshaw,9,874,7,147
2011,11,45,David Brindle,1,56,1,72
2011,11,45,Nick Cunard. Audio mix by <a href="http://www.music-maze.com/">Simon Hayes</a>,1,169,0,17
2011,11,45,Alex Macpherson,2,148,2,29
2011,11,45,Clare Horton,3,34,0,2
2011,11,45,BlueVia,1,84,1,42
2011,11,45,Judy Friedberg,4,36,2,83
2011,11,45,Monkey,18,119,1,345
2011,11,45,Tutu Alicante,1,19,1,11
2011,11,45,Ben Dowell,2,186,2,98
2011,11,45,Tania Ahsan,1,60,0,15
2011,11,45,Chris Priestley,1,74,3,16
2011,11,45,Dominic Fifield,10,173,3,271
2011,11,45,Caspar Llewellyn Smith,2,1354,9,157
2011,11,45,Will Hayler,10,9,0,43
2011,11,45,Jill Insley,8,116,1,216
2011,11,45,Ben Child,11,793,26,288
2011,11,45,Michael White,6,185,2,114
2011,11,45,Mark Sweney,19,465,45,1169
2011,11,45,Sid Lowe,1,82,1,43
2011,11,45,Alison Flood,11,3412,78,1109
2011,11,45,Keith Ward,1,382,3,33
2011,11,45,Mike Boxall,1,4,0,11
2011,11,45,Alex Hawkes,4,115,2,114
2011,11,45,Rupert Jones,3,16,0,62
2011,11,45,Harriet Sherwood,9,7793,85,942
2011,11,45,Aleks Krotoski,1,7,1,69
2011,11,45,Becky Barnicoat,1,154,1,31
2011,11,45,Peter Walker,6,2270,20,307
2011,11,45,Jane Scott,1,27,1,12
2011,11,45,Martin Wainwright,13,534,4,459
2011,11,45,Jaz Cummins,2,208,8,70
2011,11,45,Lisa Villani,1,113,3,27
2011,11,45,Lily Asquith,1,5,5,7
2011,11,45,Anna Chesters,1,8,0,23
2011,11,45,Steven Morris,9,1086,10,337
2011,11,45,Hélène Mulholl,1,6,0,38
2011,11,45,,5,910,13,314
2011,11,45,Michael Rosen,1,104,2,116
2011,11,45,Tania Branigan,13,1619,86,850
2011,11,45,Colin Horgan,1,6,0,2
2011,11,45,Laura Oliver,4,187,0,49
2011,11,45,Dan Gillmor,1,68,4,34
2011,11,45,Lindsay Poulton,1,209,1,33
2011,11,45,Rie Yoshitake,1,209,1,33
2011,11,45,Raphael Honigstein,1,64,1,42
2011,11,45,Lalitha Vaidyanathan for the <a href="http://www.guardian.co.uk/guardian-professional" title="Guardian Professional Network">Guardian Professional Network</a>,1,8,0,10
2011,11,45,Nic Fleming,4,1094,7,313
2011,11,45,Rebecca Nicholson,7,16,0,70
2011,11,45,Mark Tran,6,282,6,175
2011,11,45,Simon Goodley,3,13,0,48
2011,11,45,Adam Boult,5,84,0,86
2011,11,45,Tom Phillips,5,634,4,121
2011,11,45,Adam Gabbatt,7,14290,221,1744
2011,11,45,AYRA,1,0,0,3
2011,11,45,Simon Tisdall,2,135,1,51
2011,11,45,Jonathan Jones,8,2929,42,270
2011,11,45,Matt Trueman,8,196,6,53
2011,11,45,David Gollancz,1,69,2,34
2011,11,45,Will Dron,1,13,1,77
2011,11,45,Michael Cragg,5,308,0,81
2011,11,45,Ian Sample,5,2042,69,344
2011,11,45,Fadwa al-Hatem,1,46,0,14
2011,11,45,Staff,9,1153,15,238
2011,11,45,Graeme Wearden,5,1509,40,1211
2011,11,45,Fred Pearce for <a href="http://www.e360.yale.edu" title="Yale Environment 360">Yale Environment 360</a>,1,259,3,67
2011,11,45,part of the <a href="http://www.guardian.co.uk/environment/network" title="Guardian Environment Network">Guardian Environment Network</a>,3,491,17,191
2011,11,45,David Smith,5,584,11,254
2011,11,45,Clar Ni Chonghaile,3,91,0,67
2011,11,45,Kate Molleson,2,17,0,16
2011,11,45,Corrections,5,0,0,8
2011,11,45,Sophie Nield,1,156,1,28
2011,11,45,Andrew Sparrow,7,153,3,472
2011,11,45,Matt Scott,10,305,5,173
2011,11,45,John Plunkett,9,476,9,403
2011,11,45,James Robinson,5,121,5,189
2011,11,45,Alan Travis,9,453,10,340
2011,11,45,John Landis,1,134,1,72
2011,11,45,Marc Abrahams,1,32,0,21
2011,11,45,Louise Foxcroft,1,113,0,61
2011,11,45,Jacob Steinberg,4,25,1,60
2011,11,45,Karen McVeigh,4,297,3,125
2011,11,45,Presented by James Richardson,2,45,1,31
2011,11,45,produced by Phil Maynard,3,23,1,42
2011,11,45,Priscilla Kwateng,1,0,0,29
2011,11,45,Jenny Purt for the <a href="http://www.guardian.co.uk/guardian-professional" title="Guardian Professional Network">Guardian Professional Network</a>,2,93,0,53
2011,11,45,Robert Booth,4,1517,23,465
2011,11,45,Matthew Weaver,5,160,1,400
2011,11,45,Haroon Siddique,3,477,7,190
2011,11,45,Chris Arnot,1,371,2,58
2011,11,45,Ed Halliwell,1,209,6,58
2011,11,45,Matthew Barrow,1,45,0,7
2011,11,45,agency,1,3,0,7
2011,11,45,Jeremy Kay,1,19,1,28
2011,11,45,Paul Lester,5,205,4,100
2011,11,45,Ewen MacAskill,8,1540,15,215
2011,11,45,Julia Eccleshare,1,1,0,6
2011,11,45,Jack Shenker,4,1653,32,405
2011,11,45,Dan Sabbagh,3,299,2,120
2011,11,45,Damian Carrington,5,965,8,362
2011,11,45,David Sutton,1,70,0,27
2011,11,45,Zanzibar,1,142,2,70
2011,11,45,Saeed Kamali Dehghan,3,309,8,102
2011,11,45,The people's panel,2,26,0,39
2011,11,45,Lyn Gardner,5,44,0,37
2011,11,45,Miles Brignall,4,65,1,59
2011,11,45,Luke Harding,3,114,1,148
2011,11,45,Phillip Inman,9,1228,22,351
2011,11,45,Andrew Clements,8,57,0,52
2011,11,45,Paul Flowers for the <a href="http://www.guardian.co.uk/guardian-professional" title="Guardian Professional Network">Guardian Professional Network</a>,1,173,0,23
2011,11,45,Sarah Lee,2,21,2,22
2011,11,45,Roger Tooth,1,20,0,2
2011,11,45,Chris Cook,12,45,0,50
2011,11,45,Betty Thomson,1,8,0,2
2011,11,45,Peter Coates,1,0,0,10
2011,11,45,Mike Averis,3,11,0,10
2011,11,45,Nikos Dimitriou,1,95,1,23
2011,11,45,John L Walters,1,14,0,7
2011,11,45,Edward Kanterian,1,40,3,24
2011,11,45,Michael Carlson,1,54,0,15
2011,11,45,Jason Farago,1,72,3,17
2011,11,45,Randeep Ramesh,7,1642,5,566
2011,11,45,Rian Evans,1,12,0,5
2011,11,45,Margaret Busby,1,148,0,36
2011,11,45,Ghaith Abdul-Ahad,2,250,0,67
2011,11,45,Sally Hunt,1,75,1,49
2011,11,45,Joanna Moorhead,1,35,1,30
2011,11,45,Kevin McCarra,3,211,4,143
2011,11,45,Guardian staff,2,8,0,25
2011,11,45,Declan Walsh,4,1455,1,120
2011,11,45,Greg Wood at Churchill Downs,11,36,1,47
2011,11,45,Amy Fallon,3,208,6,109
2011,11,45,Ed Pilkington,4,310,7,51
2011,11,45,Richard Norton-Taylor,5,580,12,215
2011,11,45,Babatunde Osotimehin,1,143,1,52
2011,11,45,Duncan Campbell,2,142,4,167
2011,11,45,Warwick Mansell,1,116,0,88
2011,11,45,Jo Tuckman,2,520,22,163
2011,11,45,Michael Aylwin,3,15,0,9
2011,11,45,Jeevan Vasagar,1,927,6,114
2011,11,45,Hadley Freeman,3,684,9,179
2011,11,45,Peter Scott,1,33,0,67
2011,11,45,Charlotte Higgins,5,318,6,175
2011,11,45,chief arts writer,3,154,3,144
2011,11,45,Ronan Bennett &amp; Daniel King,1,2,0,1
2011,11,45,Duncan Clark,3,1281,44,677
2011,11,45,Dorothy Lepkowska,1,26,1,50
2011,11,45,Gabriel Weston,1,8,1,20
2011,11,45,Open thread,5,433,2,119
2011,11,45,Helen Pidd,4,11079,42,638
2011,11,45,Larry Elliott,19,4078,48,1073
2011,11,45,Sam Jones,5,3178,25,997
2011,11,45,Valerie Hannah,1,10,0,24
2011,11,45,Ewan Murray,10,69,1,126
2011,11,45,As seen by Catherine Bennett,2,33,0,23
2011,11,45,Chris Floyd,1,41,0,48
2011,11,45,Ros Asquith,2,43,0,31
2011,11,45,Dorian Lynskey,1,30,0,11
2011,11,45,Sam Delaney,1,10,0,11
2011,11,45,Stuart James,4,83,3,124
2011,11,45,Homa Khaleeli,2,1258,10,214
2011,11,45,George Monbiot,2,8989,111,2032
2011,11,45,John Vallins,1,0,0,25
2011,11,45,Editorial,15,621,22,327
2011,11,45,Simon Hoggart,5,154,3,137
2011,11,45,Ben Quinn,3,337,16,172
2011,11,45,Helena Smith,11,1777,32,624
2011,11,45,Diane Roberts,1,817,10,79
2011,11,45,Steve Bell,7,732,10,164
2011,11,45,Luisa Dillner,1,104,0,33
2011,11,45,John Crace,3,129,7,60
2011,11,45,Lucy Mangan,5,43,0,36
2011,11,45,Peter Sommer,1,6,0,76
2011,11,45,Elisabeth Mahoney,5,39,1,77
2011,11,45,Ryan Gilbey,1,156,1,34
2011,11,45,Peter Wilby,1,134,1,68
2011,11,45,John Robinson,2,4,0,14
2011,11,45,Ben Arnold,3,6,0,38
2011,11,45,Jonathan Wright,2,9,0,19
2011,11,45,David Stubbs,5,349,4,113
2011,11,45,Phelim O'Neill,4,10,0,29
2011,11,45,Andrew Mueller,3,6,0,38
2011,11,45,Paul Weaver,1,41,2,8
2011,11,45,Stuart James at Britannia Stadium,1,37,2,14
2011,11,45,Interview by Laura Barnett,1,45,1,17
2011,11,45,Tom&nbsp;Service,1,120,7,59
2011,11,45,Polly Toynbee,2,115,1,72
2011,11,45,Lindsay Dovey (MeteoGroup),1,3,0,27
2011,11,45,Hugh Muir,5,58,0,123
2011,11,45,Richard Williams,3,48,0,37
2011,11,45,Donald McRae,2,123,1,72
2011,11,45,David Hytner,3,176,2,163
2011,11,45,Patrick Collinson,4,34,2,100
2011,11,45,Martin Pengelly,1,10,0,8
2011,11,45,Sam Younger,1,2,0,17
2011,11,45,Gideon Rabinowitz,1,54,0,14
2011,11,45,Shiv Malik,6,2054,21,691
2011,11,45,Alice Salfield,2,930,4,119
2011,11,45,Melanie Mills,1,6,0,25
2011,11,45,Steven Pinker,2,313,12,65
2011,11,45,Mark Say,7,6,2,50
2011,11,45,Jonathan Carr-West,1,0,0,9
2011,11,45,Roger Harding,1,8,0,13
2011,11,45,Caroline Foley,1,5,0,22
2011,11,45,Nicholas Lezard,1,15,5,18
2011,11,45,Steve Busfield,4,23,0,25
2011,11,45,irav,1,3,0,4
2011,11,45,David Lengel,2,17,0,7
2011,11,45,Madeleine Bunting,1,88,4,41
2011,11,45,Nick Appleyard,1,0,0,4
2011,11,45,James Taylor,1,10,0,6
2011,11,45,Alan Gardner,2,24,0,67
2011,11,45,Juliette Garside,1,14,4,101
2011,11,45,Rosie Wolfenden,1,449,0,81
2011,11,45,Harriet Vine,1,449,0,81
2011,11,45,Millicent Scott,1,47,0,15
2011,11,45,As told to Louisa McGillicuddy,1,37,0,31
2011,11,45,Andrew Brown,2,344,5,160
2011,11,45,Vice,1,25,2,20
2011,11,45,Carol Rumens,2,211,9,57
2011,11,45,Sophie Mackenzie,1,12,0,28
2011,11,45,Lauren Cochrane,1,23,0,21
2011,11,45,Jessica Reed,1,0,0,1
2011,11,45,Michael Cross,1,0,0,19
2011,11,45,Katie Allen,18,378,14,265
2011,11,45,economics reporter,1,20,1,12
2011,11,45,Tim Jackson,1,61,3,46
2011,11,45,Polly Curtis,2,190,3,71
2011,11,45,Sunny Hundal,1,115,2,42
2011,11,45,Mark Brown,4,574,5,86
2011,11,45,Geoff Layer,1,10,0,15
2011,11,45,David Roodman,1,34,2,31
2011,11,45,Owen Barder,1,34,2,31
2011,11,45,Deborah Bonello,1,64,3,72
2011,11,45,Source: The Centre for Global Development,1,184,1,95
2011,11,45,Philippe Pons,1,9,3,6
2011,11,45,Patrick Kingsley,2,230,2,83
2011,11,45,Jonathan Wilson,1,143,2,29
2011,11,45,Louise Taylor,3,418,6,93
2011,11,45,Gregg Roughley,4,72,0,102
2011,11,45,Charlotte Jones,1,2,0,14
2011,11,45,Ryan Gallagher,1,612,24,464
2011,11,45,Guardian Social Care,1,3,0,10
2011,11,45,Nick Hopkins,4,12864,111,1918
2011,11,45,Pete Woods,1,652,0,71
2011,11,45,Scott Manson,1,165,1,32
2011,11,45,Clare Brook for the <a href="http://www.guardian.co.uk/guardian-professional" title="">Guardian Professional Network</a>,1,1,0,13
2011,11,45,Charlie Swinbourne,1,162,2,77
2011,11,45,Guardian Government Computing,2,4,0,17
2011,11,45,Anna-Marie Crowhurst,1,182,2,36
2011,11,45,Guardian Healthcare,6,2,0,25
2011,11,45,Russell Cunningham,1,0,0,5
2011,11,45,Sean O'Hagan,2,76,3,53
2011,11,45,Tony Paley,3,1,0,13
2011,11,45,Andrew Simms,1,434,6,53
2011,11,45,Andy Bull,3,76,5,73
2011,11,45,Ari Paul,1,254,1,28
2011,11,45,Charles Gant,1,108,0,28
2011,11,45,Anna Perman,1,252,6,34
2011,11,45,Rebecca Smithers,3,628,2,113
2011,11,45,Jamal Osman,4,752,6,248
2011,11,45,James Jones,1,275,0,24
2011,11,45,Jacqui Timberlake,1,275,0,24
2011,11,45,Maggie O'Kane,1,275,0,24
2011,11,45,Chavala Madlena,1,275,0,24
2011,11,45,Robert Sandall from <a href="http://www.rocksbackpages.com/" title="">Rock's Backpages</a>,1,29,3,16
2011,11,45,Juliette Jowit,3,799,12,323
2011,11,45,Jenny Ridley,1,120,1,81
2011,11,45,Phil Hoad,2,393,3,95
2011,11,45,Flic Everett,1,46,0,27
2011,11,45,Bryony Moore,1,130,0,86
2011,11,45,Ami Sedghi,2,213,8,110
2011,11,45,Somalia,1,32,0,18
2011,11,45,Michael Burke,1,9,1,40
2011,11,45,Michèle Tribalat,1,82,4,30
2011,11,45,Gérard Mauger,1,82,4,30
2011,11,45,Barney Ronay,4,39,1,63
2011,11,45,Philippe Dagen,1,43,2,25
2011,11,45,Jenny Purt <a href="http://www.guardian.co.uk/guardian-professional" title="Guardian Professional Network">Guardian Professional Network</a>,1,0,0,0
2011,11,45,Bob Crow,1,33,0,26
2011,11,45,Maev Kennedy,3,266,10,94
2011,11,45,Midnightghost,2,0,2,13
2011,11,45,Severin Carrell,6,1404,22,337
2011,11,45,Scotl,5,453,13,260
2011,11,45,Kieran Yates,1,124,1,71
2011,11,45,Rick Gekoski,1,16,0,12
2011,11,45,Kate Hilpern,2,34,0,22
2011,11,45,Liz Ford,1,1,0,10
2011,11,45,Alexander Sanger,1,225,2,72
2011,11,45,Henry McDonald,5,575,3,87
2011,11,45,Irel,4,33,1,62
2011,11,45,Yasmin Sulaiman,1,5,1,10
2011,11,45,Will Nichols for <a href="http://www.businessgreen.com">BusinessGreen</a>,1,11,0,15
2011,11,45,Ian Black,5,2866,20,456
2011,11,45,Ian Mulheirn,1,2,0,10
2011,11,45,Howard Sooley,1,2,0,13
2011,11,45,Dee Evans,1,22,0,12
2011,11,45,Jane Martinson,1,47,1,59
2011,11,45,Maseeh Rahman,2,1291,98,384
2011,11,45,Sarah-Louise Quinnell,1,12,0,19
2011,11,45,guardian.co.uk/music,1,132,2,27
2011,11,45,Anna Bawden,3,46,0,39
2011,11,45,Alison Benjamin,1,38,0,32
2011,11,45,Ian Williams,1,646,8,33
2011,11,45,Rachel Williams,1,4,0,7
2011,11,45,Kirsty Scott,1,2,0,6
2011,11,45,Jim Falzarano,1,4,0,1
2011,11,45,Paul Doyle,6,26,1,119
2011,11,45,Eleanor Turney,1,29,1,13
2011,11,45,Massimo Franco,1,134,0,29
2011,11,45,Leon Kaye for the <a href="http://www.guardian.co.uk/guardian-professional">Guardian Professional Network</a>,1,68,0,30
2011,11,45,Thomas Jones,1,25,0,37
2011,11,45,Tara Conlan,8,452,2,248
2011,11,45,Sukhdev Sandhu,1,104,4,50
2011,11,45,Franklyn Addo,1,104,0,13
2011,11,45,Miriam Elder,6,743,27,259
2011,11,45,Kevin Gallagher,1,10,0,12
2011,11,45,Paul Owen,4,3469,19,825
2011,11,45,Jason Perks,1,7,0,20
2011,11,45,Guy Dammann,1,1,0,10
2011,11,45,Lisa O'Carroll,14,1474,23,1061
2011,11,45,Brian Whitaker,1,373,2,147
2011,11,45,Andy Wilson,8,28,0,48
2011,11,45,Costas Lapavitsas,1,330,2,34
2011,11,45,Lizzy Davies,5,164,1,356
2011,11,45,Kirsten Cubitt Thorley,1,13,0,4
2011,11,45,Helen Carter,6,87,1,126
2011,11,45,Liz Disley,1,22,6,34
2011,11,45,Gerry Wood,1,0,0,6
2011,11,45,Michael Billington,3,90,1,38
2011,11,45,Jonny Weeks,6,11,0,157
2011,11,45,Foreign staff,1,153,0,41
2011,11,45,Paul Harris,4,465,3,172
2011,11,45,John Domokos,2,378,1,88
2011,11,45,Dileep Premachandran,1,9,0,20
2011,11,45,Tony Russell,1,4,0,8
2011,11,45,Presented by Aleks Krotoski,1,19,0,88
2011,11,45,produced by Scott Cawley,2,249,0,133
2011,11,45,Ewen MacAskill Washington,1,65,2,18
2011,11,45,Tim Lefroy,1,31,2,51
2011,11,45,Brian Logan,1,2,0,2
2011,11,45,Richard Wachman,3,59,0,52
2011,11,45,Robin Denselow,3,122,0,20
2011,11,45,Owen Gibson,5,80,1,161
2011,11,45,Celia Davies,1,16,0,21
2011,11,45,Sandra Laville,8,992,14,373
2011,11,45,Vic Marks,2,12,0,19
2011,11,45,Vicky Frost,2,1632,5,193
2011,11,45,Paula Cocozza,1,108,0,20
2011,11,45,Interviews by Patrick Kingsley,1,545,7,221
2011,11,45,Leo Hickman,2,1310,27,375
2011,11,45,Emine Saner,4,1345,13,440
2011,11,45,Fiona Beckett,2,52,2,27
2011,11,45,John Sutherland,1,181,1,45
2011,11,45,Angelique Chrisafis,10,1931,14,398
2011,11,45,Stephen Bates,1,50,2,13
2011,11,45,توكل عبد السلام كرمان,1,35,0,7
2011,11,45,Cath Clarke,3,1221,14,311
2011,11,45,Tawakkol Karman,1,143,0,64
2011,11,45,Tom Kington,4,528,9,135
2011,11,45,Cherry Wilson,3,227,4,229
2011,11,45,Virginia Spiers,1,15,1,14
2011,11,45,Sara Ilyas,1,25,0,15
2011,11,45,Harry Venning,1,4,0,5
2011,11,45,Jess Cartner-Morley,5,248,0,91
2011,11,45,Jonathan Freedland,1,89,0,42
2011,11,45,John Morrill,1,11,0,31
2011,11,45,Simon Jenkins,3,1361,25,206
2011,11,45,Victoria Coren,1,0,0,0
2011,11,45,Laura Barnett,1,54,1,13
2011,11,45,Jamie Jackson at Upton Park,1,1,0,6
2011,11,45,Alan Rusbridger,1,339,2,85
2011,11,45,David Gow,7,495,5,292
2011,11,45,Kevin McCarra at Emirates Stadium,1,8,0,31
2011,11,45,David Hytner at Emirates Stadium,2,6,3,67
2011,11,45,Hannah Verdier,3,12,0,33
2011,11,45,Ali Catterall,1,7,0,15
2011,11,45,Dominic Fifield at Cristal Arena,1,17,1,26
2011,11,45,Daniel Taylor,5,1030,3,337
2011,11,45,Frank Keating,1,1,0,9
2011,11,45,Sam Wollaston,4,120,0,77
2011,11,45,Paul Wilson,3,237,2,111
2011,11,45,Denis Campbell,3,481,3,236
2011,11,45,John Ashdown,2,70,0,45
2011,11,45,Richard Williams at the Emirates Stadium,1,11,2,36
2011,11,45,Suzanne Goldenberg,5,910,28,351
2011,11,45,Vivienne Perry,1,157,2,29
2011,11,45,Jim Powell,1,157,2,29
2011,11,45,Martin Godwin,1,157,2,29
2011,11,45,Virginia Wallis,2,0,0,18
2011,11,45,Eddie Stride,1,8,0,35
2011,11,45,Claire Provost,1,68,7,58
2011,11,45,Graham Snowdon,3,248,1,66
2011,11,45,Alan Green,1,151,0,28
2011,11,45,Rachel Millward,1,73,0,21
2011,11,45,Debbie Andalo,1,7,1,42
2011,11,45,Colin Cram,1,2,0,4
2011,11,45,Kenny Pieper,1,30,1,11
2011,11,45,Jane Dudman for Guardian Professional Networks,1,0,0,1
2011,11,45,Sean Carey,1,6,1,3
2011,11,45,James Derounian<em> </em>,1,7,0,3
2011,11,45,Allan Jenkins,1,3,0,17
2011,11,45,David Torrance,1,30,0,9
2011,11,45,Janine Udell for <a href="http://uvenus.org/" title="">University of Venus</a>,1,17,0,6
2011,11,45,SophieDophie,1,0,0,5
2011,11,45,Richard Humphries,1,1,0,3
2011,11,45,senior fellow,2,3,0,9
2011,11,45,social care at The King's Fund,1,1,0,3
2011,11,45,Mark Lawson,2,293,9,119
2011,11,45,Wendy M Grossman,1,114,16,167
2011,11,45,George Hall,1,22,0,8
2011,11,45,Stuart Heritage,4,234,0,108
2011,11,45,Gail Simmons,1,22,0,18
2011,11,45,Simon Burnton,1,342,2,124
2011,11,45,Kevin Featherstone,1,56,0,33
2011,11,45,Alex Aldridge,1,42,2,30
2011,11,45,Lisa Bachelor,2,106,0,54
2011,11,45,Oliver Laughland,1,1,0,1
2011,11,45,Chris Power,1,116,6,27
2011,11,45,David Nicholls,1,48,0,17
2011,11,45,Jessica Smith,1,11,0,7
2011,11,45,Robert Dreyfuss,1,56,1,16
2011,11,45,Anna Tims,2,425,1,44
2011,11,45,Matthew Baxter-Reynolds,2,104,27,495
2011,11,45,Rosie Swash,1,1184,2,76
2011,11,45,Christine Oliver,2,495,6,101
2011,11,45,Paul Scruton,1,41,0,30
2011,11,45,Lisa Evans,2,44,2,54
2011,11,45,Alaa Abd El Fattah,1,844,3,275
2011,11,45,Eliza Anyangwe,4,56,1,112
2011,11,45,Felix Cohen,1,89,1,102
2011,11,45,Caroline Sullivan,2,9,0,11
2011,11,45,Imogen Tilden,2,584,1,39
2011,11,45,Guardian Fashion,2,375,2,133
2011,11,45,Mary Douglas-Home,1,78,0,24
2011,11,45,Alexis Soloski,1,197,2,41
2011,11,45,Alex Swallow,1,19,0,432
2011,11,45,Philip Connors,1,52,2,52
2011,11,45,Rachel Dixon,1,262,0,61
2011,11,45,Patrick Butler,3,512,0,94
2011,11,45,Christopher Brown for <a href="http://eutopialaw.com/" title="">EUtopia Law</a>,1,0,0,8
2011,11,45,part of the <a href="http://www.guardian.co.uk/law/series/guardian-legal-network" title="">Guardian Legal Network</a>,1,0,0,8
2011,11,45,Isabel Choat,1,67,2,3
2011,11,45,Pam Sandlian Smith,1,34,0,5
2011,11,45,Ivan Lewis,1,9,0,11
2011,11,45,Henry Barnes,5,118,3,48
2011,11,45,Katherine Le Ruez,1,3,1,7
2011,11,45,Kingwa Kamencu,1,85,3,18
2011,11,45,Sarfraz Manzoor,2,176,1,36
2011,11,45,Alex Healey,2,568,3,39
2011,11,45,David Mills,2,3,2,36
2011,11,45,Oliver Thring,1,61,2,26
2011,11,45,Presented by John Plunkett,1,4,0,12
2011,11,45,produced by Ben Green,1,4,0,12
2011,11,45,Jo Confino for the <a href="http://www.guardian.co.uk/guardian-professional" title="Guardian Professional Network">Guardian Professional Network</a>,2,74,0,36
2011,11,45,Dom Lawson,2,6832,11,218
2011,11,45,Joshua Rozenberg,1,20,0,32
2011,11,45,Pierre Haski,1,145,5,23
2011,11,45,Neil Rose,1,24,1,38
2011,11,45,Alex,1,5,0,5
2011,11,45,Josh Du Sautoy,1,1,0,11
2011,11,45,Amy Fleming,1,7,0,20
2011,11,45,Johnny Dee,2,75,0,20
2011,11,45,Julian Borger,6,2110,17,344
2011,11,45,Lawrence Donegan,8,252,2,189
2011,11,45,Hugo Schwyzer,1,37,0,12
2011,11,45,By Peter Kahare of <a href="http://ipsnews.net/" title="">IPS</a> for the <a href="http://www.guardian.co.uk/global-development/series/guardian-development-network" title="">Guardian development network</a>,1,147,2,17
2011,11,45,Alex Hannaford,1,492,1,61
2011,11,45,Jamie Jackson,7,208,3,172
2011,11,45,Chris Salmon,1,102,0,59
2011,11,45,Matthew Goodwin,1,55,0,20
2011,11,45,<strong>Tom Kington</strong>,1,2565,16,102
2011,11,45,Presented by Tom Clark,2,11,0,30
2011,11,45,Angela Hartnett,1,62,0,31
2011,11,45,Molly Katchpole,1,143,3,23
2011,11,45,Simon Hattenstone,3,267,1,81
2011,11,45,Jon Ronson,1,516,3,75
2011,11,45,Remy Lamont,1,516,3,75
2011,11,45,Jonathan Glancey,2,186,5,143
2011,11,45,Rob Bagchi,6,33,0,127
2011,11,45,Rob Evans,1,20,0,26
2011,11,45,Mark Fisher,2,22,0,14
2011,11,45,Starburst,1,17,0,9
2011,11,45,Robert Hazell,1,11,0,6
2011,11,45,Graham Gee,1,11,0,6
2011,11,45,Martin Redington,1,5,0,50
2011,11,45,Phil Sommerich,1,2,0,8
2011,11,45,Charlotte Stuffins,1,6,1,9
2011,11,45,Nicholas Faull,1,0,0,0
2011,11,45,Gerry Feehily,1,38,1,16
2011,11,45,Jo,1,23,0,6
2011,11,45,Chris Kilburn,1,23,0,6
2011,11,45,Neil Belton,1,37,0,11
2011,11,45,Daniel Denvir,1,953,10,85
2011,11,45,Gill Cookson,1,51,0,9
2011,11,45,John Elkington for the <a href="http://www.guardian.co.uk/guardian-professional" title="Guardian Professional Network">Guardian Professional Network</a>,1,6,3,4
2011,11,45,Thelma Holt,1,118,0,10
2011,11,45,Darra Singh,1,1,0,7
2011,11,45,Malcolm Jack,2,143,0,20
2011,11,45,Alok Jha,1,293,6,45
2011,11,45,Ian Gittens,1,3,0,9
2011,11,45,Alfred Hickling,2,53,0,8
2011,11,45,Erica Jeal,1,1,0,8
2011,11,45,Zoe Williams,4,722,7,228
2011,11,45,Paul Rees,4,2,0,13
2011,11,45,David Leigh,1,57,2,80
2011,11,45,Amy Goodman,1,152,0,12
2011,11,45,Maya Angelou was talking to John Crace,1,104,0,65
2011,11,45,Patrick Barkham,3,630,3,47
2011,11,45,Suzanne Moore,1,150,1,42
2011,11,45,Francis Beckett,1,15,1,20
2011,11,45,Larry Neumeister,1,11,1,11
2011,11,45,Tom Hays,1,11,1,11
2011,11,45,Johnny Sharp,1,530,5,55
2011,11,45,Nicci Gerrard,1,54,0,31
2011,11,45,Zoe Wood,2,11,0,18
2011,11,45,Karin Olsson,1,380,5,340
2011,11,45,Stockholm,1,380,5,340
2011,11,45,Ray Collier,1,3,0,20
2011,11,45,Eleanor Clayton,1,116,6,59
2011,11,45,assistant curator,1,116,6,59
2011,11,45,Tate Liverpool,1,116,6,59
2011,11,45,Timothy Garton Ash,1,279,3,112
2011,11,45,Adrian Searle,1,0,0,0
2011,11,45,James Fassinger,1,87,0,33
2011,11,45,Richard Rae at Pride Park,1,2,0,2
2011,11,45,Paul Wilson at Old Trafford,1,15,0,52
2011,11,45,Daniel Taylor at El Madrigal,2,6,0,40
2011,11,45,Gwilym Mumford,2,3,0,36
2011,11,45,Interviews by Emine Saner,1,368,4,105
2011,11,45,Seumas Milne,2,937,15,208
2011,11,45,Rupert Neate,2,119,2,102
2011,11,45,Jeremy Plester,1,29,2,22
2011,11,45,Alan Pickup,1,3,2,11
2011,11,45,Steve Rose,4,242,3,66
2011,11,45,Jonathan Portes,1,5,0,16
2011,11,45,Marina Hyde,4,1499,15,319
2011,11,45,Matt Scott at Southwark crown court,2,62,1,12
2011,11,45,Greg Wood,3,3,0,18
2011,11,45,Sid Lowe at Stadio El Madrigal,1,68,1,25
2011,11,45,Zia Mahmood,1,1,0,4
2011,11,45,Felicity Cloake,1,186,3,59
2011,11,45,Paul Sullivan,1,388,1,87
2011,11,45,Matt Wells,2,860,17,144
2011,11,45,Linda Scott,1,28,0,27
2011,11,45,Mary Robinson,1,106,0,71
2011,11,45,Jane Dudman,2,0,0,6
2011,11,45,Hans Grefte,1,0,0,7
2011,11,45,Priya Shetty,1,140,5,61
2011,11,45,Aaron Porter,1,14,1,1
2011,11,45,Eugene Spiers,1,13,0,1
2011,11,45,Hannah Fearn,3,7,0,30
2011,11,45,Jules Birch,1,7,0,15
2011,11,45,Roy Lilley,1,22,0,45
2011,11,45,health policy analyst,1,22,0,45
2011,11,45,OrliTheBookworm,1,1,0,12
2011,11,45,Symon Hill,1,103,1,40
2011,11,45,Scott Murray,6,967,7,590
2011,11,45,Mike Anderiesz,1,5,1,35
2011,11,45,Tim Montgomerie,1,6,0,22
2011,11,45,Elliot Smith,3,146,1,118
2011,11,45,Helen Babbs,2,47,2,38
2011,11,45,Ed Gillespie for the <a href="http://www.guardian.co.uk/guardian-professional" title="">Guardian Professional Network</a>,1,21,1,18
2011,11,45,Fielding,1,61,1,32
2011,11,45,Robert McCrum,1,28,1,31
2011,11,45,Alexander Vasudevan,1,209,0,54
2011,11,45,Ranjit Dhaliwal,1,7,0,6
2011,11,45,Tim Jonze,1,84,3,35
2011,11,45,Martin Robbins,1,4,1,11
2011,11,45,William Benton,1,270,0,53
2011,11,45,Helienne Lindvall,1,55,5,141
2011,11,45,Invisible woman,1,16,1,21
2011,11,45,in Cannes,1,95,1,28
2011,11,45,Daniel Bettridge,1,13,0,11
2011,11,45,Presented by Jason Solomons with Xan Brooks,1,12,0,20
2011,11,45,Michael Solomon,1,9,0,4
2011,11,45,Simon Jordan,1,91,2,52
2011,11,45,Jake Adelstein,1,68,0,21
2011,11,45,Ben Kape,1,422,2,20
2011,11,45,Andy Gallagher,3,461,3,33
2011,11,45,Mustafa Khalili,3,939,4,125
2011,11,45,Martin Belam,1,1,0,7
2011,11,45,Jan Trott,1,0,0,0
2011,11,45,Susan Gentles,1,0,0,0
2011,11,45,Hannah Booth,1,11,0,26
2011,11,45,Terry Eagleton,1,593,11,58
2011,11,45,David Norgrove,1,36,0,16
2011,11,45,Michael Hann,5,345,2,134
2011,11,45,Lee Rourke,1,1599,21,373
2011,11,45,Hugh Macleod,1,237,1,32
2011,11,45,Annasofie Flamand,1,237,1,32
2011,11,45,Laurence Topham,1,237,1,32
2011,11,45,Dr John Cater,1,6,0,9
2011,11,45,Matt Cavanagh,1,24,0,16
2011,11,45,Paul MacInnes,1,57,0,18
2011,11,45,Becky Gardiner,1,4,0,18
2011,11,45,Alex von Tunzelmann,1,138,2,44
2011,11,45,Guy Champniss for the <a href="http://" title="">Guardian Professional Network</a>,1,19,2,24
2011,11,45,Tom Service,2,127,4,54
2011,11,45,Matthew Taylor,1,120,2,61
2011,11,45,Paul Lewis,1,120,2,61
2011,11,45,Ayesha Kazmi,1,1474,37,366
2011,11,45,Jackie Sherman,1,1,0,9
2011,11,45,By <a href="http://www.irinnews.org/" title="">IRIN</a>,1,132,0,26
2011,11,45,part of the <a href="http://www.guardian.co.uk/global-development/series/guardian-development-network" title="">Guardian development network</a>,1,132,0,26
2011,11,45,Martin Chulov,2,60,5,26
2011,11,45,Matt Andrews,1,7,4,88
2011,11,45,Gideon Goldberg,1,7,4,88
2011,11,45,John Dugdale,2,125,10,106
2011,11,45,Hara Kouki,1,974,6,54
2011,11,45,Antonis Vradis,1,974,6,54
2011,11,45,Mark Rice-Oxley,1,4,0,13
2011,11,45,Alexis Petridis,2,28,0,25
2011,11,45,Ana Marie Cox,1,2,0,14
2011,11,45,Amy Lawrence,2,24,1,28
2011,11,45,Kim Catcheside,1,14,0,24
2011,11,45,Chris Preist,1,2,0,1
2011,11,45,reader,1,2,0,1
2011,11,45,computer systems,1,2,0,1
2011,11,45,University of Bristol,1,2,0,1
2011,11,45,Patrick Strudwick,1,62,4,77
2011,11,45,Vassilis Monastiriotis,1,10,0,8
2011,11,45,Skye Sherwin,2,13,0,20
2011,11,45,Lisa Stokes,1,18,0,23
2011,11,45,Luke Jennings,1,206,0,12
2011,11,45,Heather Hurlburt,1,57,5,24
2011,11,45,John Baron,1,11,0,30
2011,11,45,GrrlScientist,6,576,9,127
2011,11,45,Jeremy Rifkin,1,330,2,20
2011,11,45,David Sillitoe,1,12,0,6
2011,11,45,Xan Brooks,4,1618,16,235
2011,11,45,Jon Dennis,2,6,0,19
2011,11,45,Jennifer MacLeod,1,36,0,11
2011,11,45,Shelagh McKinlay,1,48,0,25
2011,11,45,Kevin Mitchell,4,473,1,50
2011,11,45,Tim Ashley,1,2,0,6
2011,11,45,Paul Hayward,2,46,2,59
2011,11,45,Interview by Tom Lutz,1,0,0,22
2011,11,45,Penelope Pope,1,5,0,8
2011,11,45,Gary Mills,1,16,0,2
2011,11,45,Freda Meakin,1,0,0,0
2011,11,45,Julie Bindel,2,136,0,17
2011,11,45,David Newland,1,1,1,30
2011,11,45,Stuart Fraser,1,17,0,21
2011,11,45,Julia Kollewe,2,4,0,17
2011,11,45,Anthony Hayward,1,32,1,35
2011,11,45,Vikram Dodd,2,29,1,29
2011,11,45,Desmond Tutu,1,245,0,45
2011,11,45,Michael Mansfield,1,245,0,45
2011,11,45,Alexander Chancellor,1,35,1,24
2011,11,45,Carlene Thomas-Bailey,1,187,6,57
2011,11,45,Hannah Pool,1,673,7,128
2011,11,45,Michele Hanson,1,9,0,9
2011,11,45,Bob Diamond,1,34,3,31
2011,11,45,Eva Carroll,1,68,0,8
2011,11,45,Sadhbh Walshe,1,13,0,36
2011,11,45,Christine Smith,1,7,0,28
2011,11,45,Jamie Kitman,1,639,4,25
2011,11,45,Martin Kettle,2,39,0,23
2011,11,45,Tim Dowling,2,13,0,1
2011,11,45,Pamela Stephenson Connolly,1,11,1,20
2011,11,45,As overheard by John Crace,1,6,0,2
2011,11,45,Bobby Ampezzan,1,51,1,20
2011,11,45,David Thomson,2,244,7,82
2011,11,45,John Fordham,4,70,1,32
2011,11,45,Amanda Marcotte for <a href="http://www.pandagon.net/" title="">Pandagon</a>,1,36,1,23
2011,11,45,part of the <a href="http://www.guardian.co.uk/commentisfree/series/guardian-comment-network" title="">Guardian Comment Network</a>,1,36,1,23
2011,11,45,Andrew Pulver,4,444,7,98
2011,11,45,Interviews by Caroline Sullivan,1,347,1,11
2011,11,45,Kate Ravilious,1,2,0,3
2011,11,45,Tom Ewing,1,9,1,16
2011,11,45,Shaun Edwards,1,1,0,2
2011,11,45,Charlotte Richardson Andrews,1,33,0,9
2011,11,45,Harry Pearson,1,107,2,26
2011,11,45,Dave Simpson,1,5,0,15
2011,11,45,Amelia Hill,1,897,4,117
2011,11,45,James Richardson,1,37,1,11
2011,11,45,Matt Hall,1,37,1,11
2011,11,45,Jamie Jackson at Craven Cottage,1,6,0,12
2011,11,45,Stuart James at St Andrew's,1,7,0,12
2011,11,45,Jamie Lafferty,1,200,5,36
2011,11,45,Kate Maunder,1,27,1,32
2011,11,45,Jonathan Glennie,2,423,7,112
2011,11,45,Elton John,1,1253,11,192
2011,11,45,Les Shortall,1,0,0,8
2011,11,45,jamesk96,1,0,0,8
2011,11,45,Dominic Campbell,1,9,0,17
2011,11,45,Richard Vize,1,0,0,8
2011,11,45,Rossanna Trudgian,1,19,0,7
2011,11,45,Ruth Thorlby,1,2,0,6
2011,11,45,Nuffield Trust,1,2,0,6
2011,11,45,Lindsay Warren,1,16,0,26
2011,11,45,social work masters student,1,16,0,26
2011,11,45,John Mullan,1,23,3,26
2011,11,45,David Walker,1,0,0,7
2011,11,45,Katie Fuller,1,19,0,66
2011,11,45,Nancy Groves,2,8,0,12
2011,11,45,<a href="http://www.ayoungertheatre.com/" title="">A Younger Theatre</a>,2,46,0,116
2011,11,45,Filskit Theatre,1,8,0,6
2011,11,45,part of the <a href="http://www.guardian.co.uk/culture-professionals-network">Guardian Culture Professionals Network</a>,6,663,2,234
2011,11,45,<a href="http://www.creativeboom.co.uk/" title="">Creative Boom</a>,1,186,0,62
2011,11,45,Katy Cowan,1,186,0,62
2011,11,45,<a href="http://danylouise.wordpress.com/" title="">Dany Louise</a>,1,397,1,29
2011,11,45,<a href="http://www.artsjournal.com/" title="">Arts Journal</a>,1,16,0,4
2011,11,45,Diane Ragsdale,1,16,0,4
2011,11,45,Jake Orr,1,38,0,110
2011,11,45,Dr Ken Arnold for the RSA,1,11,0,5
2011,11,45,Matthew Caines,1,26,0,81
2011,11,45,The <a href="http://www.a-m-a.co.uk/" title="">Arts Marketing Association</a> (AMA),1,18,1,23
2011,11,45,Chris Unitt,1,18,1,23
2011,11,45,Des Hegarty,1,12,0,2
2011,11,45,Adam Coghlan,1,47,0,19
2011,11,45,Matthew Harper,1,665,1,108
2011,11,45,Paul Gayler,5,279,2,41
2011,11,45,Wayne Gooderham,1,327,4,47
2011,11,45,Jon Woodhead for the <a href="http://www.guardian.co.uk/guardian-professional" title="">Guardian Professional Network</a>,1,25,0,53
2011,11,45,Peter Hillmore,1,1,0,2
2011,11,45,John Kerr,1,1,0,2
2011,11,45,Cabinet Office open data team,1,0,0,5
2011,11,45,Peter Conrad,2,151,2,70
2011,11,45,Lewis K Cooper,1,31,0,47
2011,11,45,James Dart,1,1,0,6
2011,11,45,Viv Groskop,1,191,1,32
2011,11,45,Ed Jacobs,1,54,0,24
2011,11,45,Chris Tidey,1,77,0,22
2011,11,45,Sali Hughes,2,37,0,34
2011,11,45,Nat Saunders,1,6,0,21
2011,11,45,Richard Seymour,1,117,0,26
2011,11,45,Nick Cowen,1,26,3,43
2011,11,45,Sarah Ditum,1,290,1,48
2011,11,45,Jim Powell &amp; Guardian Interactive team,1,109,1,17
2011,11,45,Caroline Lucas,1,94,2,169
2011,11,45,Frederika Whitehead,1,4,0,19
2011,11,45,Rachael Boast,1,114,2,69
2011,11,45,Tom Clark,1,133,1,73
2011,11,45,Giles Tremlett,1,494,10,157
2011,11,45,The Observer,1,8,0,26
2011,11,45,Monica Mark,1,398,3,20
2011,11,45,Matt Dobson,1,143,0,48
2011,11,45,Vince Sweeney,1,5,1,22
2011,11,45,Lucy Shea for the <a href="http://www.guardian.co.uk/guardian-professional" title="Guardian Professional Network">Guardian Professional Network</a>,1,36,0,27
2011,11,45,Steve Boxer,1,12,0,32
2011,11,45,Andrew Todd,1,630,5,33
2011,11,45,David Lacey,1,7,1,14
2011,11,45,Michael Prodger,1,143,2,31
2011,11,45,Jon Robins,1,38,0,38
2011,11,45,Cameron Robertson,1,163,0,15
2011,11,45,Kazuko Kojima for <a href="http://ourworld.unu.edu/en/">OurWorld 2.0</a>,1,221,14,109
2011,11,45,Victor Keegan,1,46,3,93
2011,11,45,Joanna Walters,1,374,9,37
2011,11,45,Eric Metcalfe,1,15,0,39
2011,11,45,Alistair Smith,1,4,0,13
2011,11,45,Presented by Hugh Muir,1,9,0,6
2011,11,45,produced by Peter Sale,1,9,0,6
2011,11,45,David Enright,1,147,4,54
2011,11,45,Louise Dawson,1,461,5,77
2011,11,45,Michael McNay,1,20,1,15
2011,11,45,Presented by Claire Armitstead,1,88,2,19
2011,11,45,produced by Simon Barnard,1,88,2,19
2011,11,45,Finbarr Sheehy,1,7,1,27
2011,11,45,Luc Torres,1,7,1,27
2011,11,45,Esther Walker,1,3,0,10
2011,11,45,Philippa Newis,1,16,0,23
2011,11,45,Ed Jefferson,1,175,5,536
2011,11,45,Ian Malin,1,0,0,3
2011,11,45,Bibi van der Zee,1,58,9,47
2011,11,45,Mona Mahmood,1,17,0,0
2011,11,45,Graham Hayday,1,22,1,38
2011,11,45,Alastair Crooke,1,982,4,287
2011,11,45,Benji Inwood,4,474,3,242
2011,11,45,Judith Mackrell,1,54,0,11
2011,11,45,Maddy Costa,1,20,0,12
2011,11,45,David Marsh,1,8,1,15
2011,11,45,Leonard Barden,1,4,1,12
2011,11,45,Mahnaz Malik,1,83,2,48
2011,11,45,Daniel Schultz,1,32,0,32
2011,11,45,Carl Fellstrom,1,14,0,33
2011,11,45,Theo Hobson,1,22,0,12
2011,11,45,Presented by Alexis Petridis,1,230,0,45
2011,11,45,Sana Saleem,1,126,1,28
2011,11,45,Interview by Andy Bull,2,71,0,8
2011,11,45,Ian Jack,1,62,1,36
2011,11,45,Constanze Letsch,1,460,2,230
2011,11,45,Matthew Brodsky,1,28,0,28
2011,11,45,Deborah Orr,3,255,1,211
2011,11,45,Derek Niemann,1,13,1,27
2011,11,45,James Ball,2,1199,6,448
2011,11,45,Ben Goldacre,1,882,56,174
2011,11,45,Richard Vine,1,3,0,8
2011,11,45,Tim Radford,1,0,0,26
2011,11,45,Ed Douglas,3,459,5,55
2011,11,45,Kevin Rushby,1,7,0,18
2011,11,45,Richard Hammond,1,228,1,219
2011,11,45,Benji Lanyado,2,137,2,29
2011,11,45,<a href="http://scrollmkr.com/s/1">Scroll</a>,1,136,2,22
2011,11,45,Chris Moran,1,38,1,126
2011,11,45,Gavin Bell,1,73,1,38
2011,11,45,Gemma Bowes,1,13,0,0
2011,11,45,Richard Trillo,1,54,0,50
2011,11,45,Abigail Flanagan,1,14,0,11
2011,11,45,Margaret Drabble,1,43,3,27
2011,11,45,Clare Clark,1,6,1,2
2011,11,45,Anthony McGowan,1,11,0,1
2011,11,45,Robin&nbsp;Blackburn,1,26,1,2
2011,11,45,Michael Nicholson,1,9,0,1
2011,11,45,Theo Tait,1,80,7,10
2011,11,45,Sophie Ratcliffe,1,515,10,95
2011,11,45,Liz Lochhead,1,29,0,47
2011,11,45,Tom Jaine,1,0,0,0
2011,11,45,Eric Brown,1,22,2,4
2011,11,45,Sue Arnold,1,2,0,0
2011,11,45,James Shapiro,1,275,4,29
2011,11,45,Steven Poole,1,0,1,0
2011,11,45,Helon Habila,1,55,0,3
2011,11,45,Linda Colley,1,45,5,35
2011,11,45,Owen Hatherley,1,188,1,49
2011,11,45,Sarah Crown,1,144,2,60
2011,11,45,Ronan Bennett,1,55,0,7
2011,11,45,Anthony Horowitz,1,18,0,28
2011,11,45,Stephen Collins,1,84,2,5
2011,11,45,Guardian readers,1,29,0,9
2011,11,45,Alys Fowler,2,9,0,3
2011,11,45,The Guardian,1,2,0,6
2011,11,45,Jo Jones,1,5,2,3
2011,11,45,Lia Leendertz,1,22,0,3
2011,11,45,Anonymous,2,77,0,15
2011,11,45,Oliver Burkeman,1,68,4,68
2011,11,45,Yotam Ottolenghi,1,71,0,5
2011,11,45,John Lanchester,1,6,0,3
2011,11,45,Dan Lepard,1,39,0,9
2011,11,45,Matthew Fort,1,1,0,5
2011,11,45,Thomas Eaton,1,0,0,0
2011,11,45,Interview: <strong>Becky Barnicoat</strong>. Portrait: <a href="http://www.emilystein.co.uk/" title=""><strong>Emily Stein</strong></a>,1,173,0,6
2011,11,45,Rosemary Conley,1,0,0,6
2011,11,45,Trish Lorenz,1,64,0,24
2011,11,45,Hugh Fearnley-Whittingstall,1,202,1,38
2011,11,45,Jenny Little,1,13,0,13
2011,11,45,Rosanna Greenstreet,1,21,0,19
2011,11,45,Andrea Wren,1,9,1,26
2011,11,45,Germaine Arnold,1,16,4,81
2011,11,45,Joshua Cody,1,174,3,35
2011,11,45,Jeremy Bullmore,1,0,0,22
2011,11,45,The Secret Footballer,1,104,5,75
2011,11,45,Martin Rowson,1,187,3,30
2011,11,45,Emma Brockes,1,367,12,135
2011,11,45,Andrew Collins,1,2,0,2
2011,11,45,Nick McGrath,2,267,0,51
2011,11,45,Fiona Clampin,1,86,0,5
2011,11,45,Sarah Dempster,1,4,0,0
2011,11,45,Interview by Alexandra Topping,1,8,0,5
2011,11,45,John Patterson,1,37,1,11
2011,11,45,Robert Clark,1,2,0,8
2011,11,45,Annalisa Barbieri,1,1,0,1
2011,11,45,Nicola Jennings,1,0,0,7
2011,11,45,Jon &amp; Mick/moderntoss.com,1,257,2,10
2011,11,45,The Guide,2,10,0,4
2011,11,45,Grace Dent,1,35,1,61
2011,11,45,Justin Quirk,1,3,0,38
2011,11,45,John Fordham &amp; John Robinson,1,1,0,2
2011,11,45,Rich Pelley,1,290,0,94
2011,11,45,Robert Clark &amp; Skye Sherwin,1,26,0,11
2011,11,45,Sam Wolfson,1,10,0,14
2011,11,45,James Kettle,1,0,0,1
2011,11,45,Patric Baird,1,10,0,3
2011,11,45,John Mitchell,1,10,0,3
2011,11,45,Sam Richards &amp; Marc Rowlands,1,10,0,3
2011,11,45,Sam Richards,1,13,0,4
2011,11,45,Mark Cook,1,15,1,4
2011,11,45,Lyn Gardner &amp; Judith Mackrell,1,15,1,4
2011,11,45,Clare Considine,1,6,0,15
2011,11,45,Katrina Dixon &amp; Colette Bernhardt,1,7,0,1
2011,11,45,Charlie Condou,1,23,0,3
2011,11,45,Nick Johnstone,1,43,3,40
2011,11,45,Nick Levine,1,59,0,8
2011,11,45,Chris Taylor,1,84,1,64
2011,11,45,Joe Berger,1,13,0,11
2011,11,45,Pascal Wyse,1,13,0,11
2011,11,45,Jo Adetunji,1,797,2,74
2011,11,45,ChristopherW,1,0,0,11
2011,11,45,Bidisha,1,34,1,20
2011,11,45,Harold Jackson,1,0,0,5
2011,11,45,Alex Brummer,1,0,0,5
2011,11,45,Austin Mackell,1,95,3,40
2011,11,45,Martin Kelly,1,6,0,4
2011,11,45,Alex Niven,1,696,0,48
2011,11,45,Louise Taylor at St James' Park,1,14,0,26
2011,11,45,Andy Wilson at Wembley,2,12,0,14
2011,11,45,Tom Bryant,1,3,0,104
2011,11,45,Daniel Taylor at Old Trafford,1,22,0,66
2011,11,45,Joe Lovejoy at Anfield,1,88,0,35
2011,11,45,Amy Lawrence at the Emirates Stadium,1,33,2,39
2011,11,45,John Curtis at Villa Park,1,1,0,30
2011,11,45,Mike Averis at The Rec,1,1,0,115
2011,11,45,Scott Anthony,1,2,0,8
2011,11,45,Paul Wilson at Ewood Park,1,6,0,40
2011,11,45,Michael Aylwin at Welford Road,1,1,0,2
2011,11,45,John Ashdown at Portman Road,1,8,0,8
2011,11,45,Ewan Murray at Ibrox,1,0,0,4
2011,11,45,Vic Marks at Sandy Park,1,1,0,1
2011,11,45,Boyd Hilton,1,45,1,25
2011,11,45,Nial Briggs,1,0,0,2
2011,11,45,Eva Wiseman,1,75,2,97
2011,11,45,Peter Beaumont,1,782,13,140
2011,11,45,Jamie Jackson at Loftus Road,1,14,0,28
2011,11,45,Mark Townsend,3,1241,8,458
2011,11,45,Christopher Stevens,1,63,1,75
2011,11,45,Daniel Boffey,4,3180,16,997
2011,11,45,Vanessa Thorpe,1,341,3,226
2011,11,45,Ed Vulliamy,1,1457,9,100
2011,11,45,Paul Hayward at Loftus Road,1,5,0,20
2011,11,45,Sibylla Brodzinsky,1,63,0,38
2011,11,45,Jamie Doward,3,254,3,96
2011,11,45,Giles Richards,1,3,0,29
2011,11,45,Mike Brearley,1,8,1,9
2011,11,45,Margaret Dibben,3,5,0,11
2011,11,45,Tom Dyckhoff,1,201,0,15
2011,11,45,Eddie Butler,1,2,1,3
2011,11,45,New Hampshire,1,287,3,106
