year,month,week,name,articles,facebook,googleplus,twitter
2011,11,47,Allegra Stratton,4,374,8,317
2011,11,47,Severin Carrell,8,561,4,240
2011,11,47,Scotl,7,552,4,235
2011,11,47,Randeep Ramesh,4,456,4,221
2011,11,47,James Meikle,2,71,3,84
2011,11,47,Presented by Alok Jha,1,42,1,34
2011,11,47,produced by Jason Phipps,1,42,1,34
2011,11,47,Rupert Neate,4,401,7,172
2011,11,47,Giles Richards,1,0,1,6
2011,11,47,Associated Press,53,5789,42,1449
2011,11,47,Paolo Bandini,5,36,1,36
2011,11,47,Guardian staff,3,32,0,21
2011,11,47,The <a href="http://www.a-m-a.co.uk/" title="">Arts Marketing Association</a>,1,3,0,25
2011,11,47,Rachel Coldicutt,1,3,0,25
2011,11,47,part of the <a href="http://www.guardian.co.uk/culture-professionals-network" title="">Guardian Culture Professionals Network</a>,4,102,2,96
2011,11,47,Cherry Wilson,7,1126,22,448
2011,11,47,Reuters,44,3800,46,1113
2011,11,47,Staff,10,983,7,378
2011,11,47,agencies,24,1950,35,1215
2011,11,47,Fiona Harvey,5,1584,23,596
2011,11,47,Roberto Kusabbi,1,33,2,46
2011,11,47,Mark Tran,4,145,0,76
2011,11,47,Sarah Hartley,1,9,5,87
2011,11,47,Keith Stuart,11,481,7,772
2011,11,47,Stuart Dredge,9,118,4,614
2011,11,47,Tara Conlan,5,337,4,210
2011,11,47,Jonathan Watts,9,5668,84,1034
2011,11,47,Mark Sweney,24,277,14,703
2011,11,47,Gregg Roughley,2,71,0,25
2011,11,47,John Ashdown,4,49,0,59
2011,11,47,Gill Hitchcock,7,105,2,69
2011,11,47,Claudia Cahalane,1,9,0,25
2011,11,47,Katie Allen,10,1841,11,729
2011,11,47,James Murray,1,24,0,26
2011,11,47,Josh Halliday,23,3297,16,1271
2011,11,47,Jan Trott,1,6,0,0
2011,11,47,David Marlow,1,8,6,10
2011,11,47,Vikram Dodd,11,6097,14,651
2011,11,47,Oliver,1,0,0,8
2011,11,47,Dick Vinegar,2,16,0,33
2011,11,47,Evan Fanning,4,223,0,132
2011,11,47,Paul Dix,1,14,0,6
2011,11,47,Alex Hawkes,8,165,5,137
2011,11,47,Alan Sykes,2,35,1,50
2011,11,47,David Laughrin,1,2,0,7
2011,11,47,Joanne Mudhar,1,0,0,14
2011,11,47,Julia Kollewe,10,181,1,207
2011,11,47,Agencies,9,258,5,215
2011,11,47,Peter Walker,9,7699,70,1424
2011,11,47,Bella Mackie,5,1,0,8
2011,11,47,Frédéric Filloux,1,40,7,135
2011,11,47,Ekaterina Ochagavia,1,140,2,18
2011,11,47,Lindsay Poulton,2,168,2,26
2011,11,47,Rie Yoshitake,1,140,2,18
2011,11,47,Mary Midgley,1,68,2,61
2011,11,47,Roy Greenslade,25,405,8,576
2011,11,47,Press Association,132,2678,27,2634
2011,11,47,Jessica Shepherd,5,906,6,548
2011,11,47,Carol Rumens,1,46,1,16
2011,11,47,Jonathan Jones,6,2677,12,207
2011,11,47,James Eales,1,52,0,4
2011,11,47,Hélène Mulholl,5,118,1,192
2011,11,47,,8,396,4,302
2011,11,47,Kate Hodge,8,34,0,70
2011,11,47,Ben Child,12,1291,17,320
2011,11,47,World Business Council for Sustainable Development,1,7,0,13
2011,11,47,Alan Connor,2,28,0,26
2011,11,47,Julian Baggini,1,64,8,28
2011,11,47,Jason Deans,4,351,2,112
2011,11,47,Gines Haro Pastor,5,8,0,31
2011,11,47,Martin Wainwright,13,537,10,439
2011,11,47,Helen Stalker,1,3,0,15
2011,11,47,Colin Cram,1,8,0,8
2011,11,47,Sam Jordison,3,322,7,106
2011,11,47,Monkey,16,639,6,322
2011,11,47,Helen Carter,9,391,3,235
2011,11,47,Steve Boxer,3,209,6,139
2011,11,47,Polly Curtis,2,59,0,51
2011,11,47,Simon Rogers,7,38016,216,2361
2011,11,47,David Bevan for <a href="http://theseventytwo.com/" title="">The Seventy Two</a>,1,8,0,15
2011,11,47,part of the Guardian Sport Network,3,79,0,39
2011,11,47,James Robinson,13,574,12,611
2011,11,47,Joris Luyendijk,1,240,6,63
2011,11,47,Sean Michaels,9,5715,10,413
2011,11,47,Dan Sabbagh,7,194,0,94
2011,11,47,Will Hayler,7,7,1,46
2011,11,47,Jo Confino for the <a href="http://www.guardian.co.uk/guardian-professional" title="Guardian Professional Network">Guardian Professional Network</a>,3,282,1,92
2011,11,47,Bertie Bosrédon,1,0,0,5
2011,11,47,Robin McKie,1,14,1,17
2011,11,47,Clare Horton,5,40,0,18
2011,11,47,Sarah Ditum,2,201,0,87
2011,11,47,Julian Borger,3,779,16,152
2011,11,47,Tim Tyson Short,3,327,1,24
2011,11,47,Caroline Noble,3,327,1,24
2011,11,47,Open thread,2,149,7,100
2011,11,47,Anna Chesters,1,8,0,26
2011,11,47,Sophie Atherton,1,52,1,78
2011,11,47,Michael Cragg,6,157,1,70
2011,11,47,Rachel Surtees,1,173,2,44
2011,11,47,Alison Flood,7,3909,53,939
2011,11,47,Cory Doctorow,1,287,71,464
2011,11,47,Guardian Social Care,1,0,0,3
2011,11,47,By Badylon Kawanda Bakiman of <a href="http://ipsnews.net/" title="">IPS</a> for the <a href="http://www.guardian.co.uk/global-development/series/guardian-development-network" title="">Guardian development network</a>,1,4,0,18
2011,11,47,Michael White,6,64,0,63
2011,11,47,Nicholas Reyland,1,173,1,31
2011,11,47,Frederika Whitehead,5,102,2,148
2011,11,47,David Cox,1,4,0,12
2011,11,47,Mark Ames,1,197,1,92
2011,11,47,Samir Seifan,1,15,0,19
2011,11,47,Phoebe Greenwood,3,2599,38,409
2011,11,47,Julia Eccleshare,1,0,0,7
2011,11,47,Juliette Garside,12,222,4,358
2011,11,47,Eric Allison,1,48,0,17
2011,11,47,Nancy Groves,2,2,0,10
2011,11,47,Tim Jonze,2,1058,4,101
2011,11,47,Henry McDonald,4,989,5,116
2011,11,47,Irel,3,155,0,49
2011,11,47,Guardian Government Computing,5,2,0,20
2011,11,47,Charles Arthur,13,1831,82,1958
2011,11,47,David Smith,10,1961,16,357
2011,11,47,Oliver Laughl,1,30,1,16
2011,11,47,Kamilla Baiden,1,30,1,16
2011,11,47,Corrections,5,3,0,6
2011,11,47,John Harris,3,1170,14,267
2011,11,47,Lucy Greenwell,1,54,0,30
2011,11,47,Richard Sprenger,1,54,0,30
2011,11,47,Shehani Fernando,3,467,3,109
2011,11,47,Presented by John Harris,1,6,0,6
2011,11,47,produced by Lucy Greenwell,1,6,0,6
2011,11,47,Andrew Gumbel,2,340,5,96
2011,11,47,Gerry Hassan for <a href="http://www.opendemocracy.net/" title="Open Democracy">openDemocracy</a>,1,29,0,18
2011,11,47,part of the <a href="http://www.guardian.co.uk/commentisfree/series/guardian-comment-network" title="Guardian: Guardian Comment Network">Guardian Comment Network</a>,1,29,0,18
2011,11,47,Ian Sample,8,7324,110,1624
2011,11,47,Washington DC,7,7137,105,1516
2011,11,47,Ian Black,11,424,10,297
2011,11,47,Duncan Clark,1,55,1,67
2011,11,47,Kevin Mitchell,6,285,1,40
2011,11,47,Crazy Maisie Moo,1,2,0,9
2011,11,47,Clar Ni Chonghaile,2,32,0,31
2011,11,47,Rob Edwards,1,224,5,72
2011,11,47,Jill Insley,6,383,3,204
2011,11,47,Ewan Murray,8,91,1,110
2011,11,47,Gemma Bodinetz,1,91,0,11
2011,11,47,Nick Cowen,2,132,2,110
2011,11,47,David Mills,2,16,0,32
2011,11,47,Donald McRae,2,316,0,69
2011,11,47,Guardian music,2,216,1,78
2011,11,47,David Hall-Matthews,1,93,0,15
2011,11,47,Jon Robins,1,10,0,39
2011,11,47,Aurelie Walker,1,295,3,104
2011,11,47,Dominic Rushe,8,4989,66,1096
2011,11,47,Stuart O'Connor,2,19,2,111
2011,11,47,Sarah Crown,2,232,19,159
2011,11,47,Alex Hess,1,13,0,18
2011,11,47,Allan Jenkins,1,4,0,13
2011,11,47,Jean-Louis Gassée,1,4,4,76
2011,11,47,Andrew Simms,1,48,0,24
2011,11,47,Miriam Elder,1,292,3,31
2011,11,47,John Crace,5,254,2,118
2011,11,47,Jo Caird,1,72,0,22
2011,11,47,GrrlScientist,13,142,19,149
2011,11,47,Marc Abrahams,1,71,2,33
2011,11,47,Imogen Fox,5,159,3,245
2011,11,47,Owen Gibson,15,1033,6,429
2011,11,47,Phillip Inman,9,293,3,131
2011,11,47,David Hopps,5,7,0,25
2011,11,47,Paul Lester,5,572,0,119
2011,11,47,David Lebovitz,6,146,1,37
2011,11,47,Andrew Sparrow,7,137,1,359
2011,11,47,James Derounian,1,73,3,61
2011,11,47,John Fordham,9,103,1,78
2011,11,47,Adam Boult,8,373,4,223
2011,11,47,Denis Campbell,11,2229,9,607
2011,11,47,Karen McVeigh,6,2113,18,311
2011,11,47,Stuart Orr for the <a href="http://www.guardian.co.uk/guardian-professional" title="Guardian Professional Network">Guardian Professional Network</a>,1,2,0,9
2011,11,47,Presented by James Richardson,2,31,0,29
2011,11,47,produced by Ben Green,2,31,0,29
2011,11,47,Louise Tickle,2,100,3,106
2011,11,47,Nils Pratley,9,56,2,80
2011,11,47,David Brooks,1,1,0,7
2011,11,47,Simon Bush,1,3,1,6
2011,11,47,Alberto Nardelli,1,27,0,24
2011,11,47,Dave Hill,7,334,4,141
2011,11,47,Graeme Wearden,8,660,13,770
2011,11,47,Martin Farrer,1,159,6,163
2011,11,47,Guardian film,1,14,0,15
2011,11,47,Matt Trueman,9,469,4,98
2011,11,47,Mark Say,3,0,0,11
2011,11,47,Jill Filipovic,1,322,11,101
2011,11,47,Sandra Laville,10,837,7,222
2011,11,47,Kate Molleson,1,12,0,7
2011,11,47,Anthony Hayward,2,203,5,92
2011,11,47,Robin Denselow,5,643,4,65
2011,11,47,Rian Evans,1,13,0,8
2011,11,47,Michael Billington,4,77,0,46
2011,11,47,Michael Gillard,1,75,2,30
2011,11,47,Barney Ronay,6,245,2,71
2011,11,47,Matthew Baxter-Reynolds,2,109,22,367
2011,11,47,Jamie Jackson,12,162,0,157
2011,11,47,Ewen MacAskill,4,333,7,80
2011,11,47,Zoe Wood,5,87,3,392
2011,11,47,Chris McGreal,2,213,4,26
2011,11,47,Lizzy Davies,4,1161,11,292
2011,11,47,John Vidal,2,178,3,142
2011,11,47,Andy Wilson,9,70,0,60
2011,11,47,Joan Picanyol,1,21,0,23
2011,11,47,Lucy Tobin,1,77,3,79
2011,11,47,Patrick Collinson,5,227,0,101
2011,11,47,Robert Jenkins,1,40,0,22
2011,11,47,Julia Langdon,1,12,0,37
2011,11,47,Rachel Williams,3,229,1,195
2011,11,47,Jon Boone,3,129,4,86
2011,11,47,Simon Goodley,4,66,4,111
2011,11,47,Alex Duval Smith,1,18,2,25
2011,11,47,Greg Wood,6,31,0,36
2011,11,47,Mike Baker,1,62,1,55
2011,11,47,Oliver Burkeman,3,832,13,224
2011,11,47,Stephanie Northen,1,76,0,77
2011,11,47,Martin Chulov,3,267,3,112
2011,11,47,Simon Bowers,5,22,0,42
2011,11,47,Leo Hickman,3,130,3,177
2011,11,47,Elisabeth Mahoney,4,15,0,24
2011,11,47,Tim Dowling,3,192,2,84
2011,11,47,Xan Brooks,4,1188,2,221
2011,11,47,Tom Meltzer,3,411,3,125
2011,11,47,Patrick Barkham,2,340,3,56
2011,11,47,Larry Elliott,6,575,1,280
2011,11,47,Mark Olden,1,451,2,49
2011,11,47,Jerome Monahan,1,99,0,34
2011,11,47,John Ashton,1,536,5,91
2011,11,47,Joseph Hewitt,6,26,12,64
2011,11,47,Nicholas Watt,7,1546,10,643
2011,11,47,Paul Rees,8,147,2,47
2011,11,47,Anna Bawden,2,139,1,110
2011,11,47,John Vallins,1,2,0,25
2011,11,47,Peter Wilby,1,229,6,92
2011,11,47,Rebecca Schiller,1,1663,4,104
2011,11,47,Aditya Chakrabortty,2,2176,46,655
2011,11,47,Luisa Dillner,1,10,0,4
2011,11,47,Luke Harding,2,254,1,61
2011,11,47,Gabriel Weston,1,20,0,6
2011,11,47,Amelia Hill,3,9,0,51
2011,11,47,Patrick Wintour,12,1181,18,874
2011,11,47,Saeed Kamali Dehghan,3,625,15,153
2011,11,47,John Hooper,7,455,4,172
2011,11,47,Ronan Bennett,1,3,0,2
2011,11,47,Daniel King,1,3,0,2
2011,11,47,Steve Bell,7,314,1,111
2011,11,47,Steve Rose,5,310,1,123
2011,11,47,Lucy Mangan,6,166,1,121
2011,11,47,Ana Marie Cox,8,248,2,90
2011,11,47,Suzanne Goldenberg,6,2204,25,978
2011,11,47,Martin Skegg,2,1,0,7
2011,11,47,Rebecca Nicholson,4,13,0,26
2011,11,47,John Robinson,3,3,0,14
2011,11,47,David Stubbs,3,4,0,11
2011,11,47,Ali Catterall,1,0,0,3
2011,11,47,Zoe Williams,4,817,4,262
2011,11,47,Alfred Hickling,5,76,0,37
2011,11,47,Paul Weaver,1,0,0,8
2011,11,47,Richard Adams,2,29,1,59
2011,11,47,Interview by Laura Barnett,2,296,1,17
2011,11,47,Adam Gabbatt,7,6095,37,535
2011,11,47,Hugh Muir,5,745,2,69
2011,11,47,Dominic Fifield,6,186,0,128
2011,11,47,Sachin Nakrani,3,92,0,48
2011,11,47,Hadley Freeman,2,199,5,69
2011,11,47,Kevin McCarra,3,31,0,28
2011,11,47,Richard Williams,3,32,0,33
2011,11,47,David Hytner,4,129,4,86
2011,11,47,Jonathan Wilson,1,134,0,28
2011,11,47,Editorial,15,388,5,321
2011,11,47,Andy Nicolson,2,34,0,52
2011,11,47,Hélène Mulholland,4,498,3,308
2011,11,47,Terry Kirby,1,36,0,21
2011,11,47,Martin Pengelly,1,18,0,11
2011,11,47,Steven Morris,13,761,5,322
2011,11,47,Matthew Caines,2,37,0,64
2011,11,47,Riazat Butt,10,3469,31,600
2011,11,47,Alan Travis,8,1792,15,553
2011,11,47,Justin McCurry,2,293,4,123
2011,11,47,Lesley Gillilan,2,619,4,78
2011,11,47,Andy Gregg,1,6,0,36
2011,11,47,Hannah Borno,2,370,6,141
2011,11,47,Alistair Alexander,1,293,4,126
2011,11,47,James Crowther,1,4,0,0
2011,11,47,John Gray,1,584,7,149
2011,11,47,Sid Ryan,1,36,0,13
2011,11,47,Philip Newbold,1,3,1,22
2011,11,47,Francis Clarke,1,8,0,27
2011,11,47,Sade Laja,6,18,0,46
2011,11,47,Rachel Dixon,4,1361,1,134
2011,11,47,Debbie Andalo,2,5,0,19
2011,11,47,Chiara,1,1,0,1
2011,11,47,Siobhan Dowling,1,163,0,53
2011,11,47,Jeremy Kay,1,2,0,11
2011,11,47,Steve Busfield,1,1,0,3
2011,11,47,Nicholas Lezard,1,51,1,50
2011,11,47,John Carvill,1,410,15,102
2011,11,47,Nick Fletcher,17,16,0,45
2011,11,47,Michael Albert,1,43,0,30
2011,11,47,Jonathan Jenkins,1,1,0,26
2011,11,47,Hannah Booth,2,107,2,38
2011,11,47,Word of Mouth,1,96,0,11
2011,11,47,Guardian Fashion,3,363,1,146
2011,11,47,Paul MacInnes,2,276,11,127
2011,11,47,Paul Gompertz,1,143,3,81
2011,11,47,Birgitta Jónsdóttir,1,2974,19,90
2011,11,47,Richard Wilson,1,10,3,41
2011,11,47,Malcolm McVicar,1,16,0,13
2011,11,47,Jared Schiller,1,251,2,30
2011,11,47,Paul Hamilos,1,384,3,73
2011,11,47,Ben Dyson,1,1751,7,158
2011,11,47,Andy Bull,1,14,1,10
2011,11,47,Edited by Martin Belam,1,1,0,2
2011,11,47,in Addis Ababa,1,42,0,10
2011,11,47,Mary Douglas-Home,3,59,0,15
2011,11,47,Chris Cook,3,19,0,18
2011,11,47,Edited by Tim Jonze,1,0,0,0
2011,11,47,Geoffrey Moorhouse,1,0,0,6
2011,11,47,Occupy London,2,327,0,40
2011,11,47,Lisa Evans,2,107,2,61
2011,11,47,Phil Hoad,1,78,1,37
2011,11,47,Chris Cross,1,3,0,1
2011,11,47,Dan Martin,1,308,3,62
2011,11,47,Hilary Osborne,5,349,1,231
2011,11,47,Michelle Pauli,3,68,4,69
2011,11,47,Kate Pickett,1,112,3,18
2011,11,47,Daniel Pemberton,1,104,1,37
2011,11,47,Nick Appleyard,1,6,0,12
2011,11,47,Alison Playford,1,208,1,83
2011,11,47,Neil Howard,1,208,1,83
2011,11,47,'commonly known as dom',1,208,1,83
2011,11,47,Damian Carrington,4,247,8,259
2011,11,47,Hanna Gersmann,1,102,5,83
2011,11,47,Amy Fleming,1,35,0,26
2011,11,47,Garry Blight,1,51,2,34
2011,11,47,Kate McCann,5,13,0,116
2011,11,47,Anne Wollenberg,1,65,1,22
2011,11,47,Chris Taylor,1,6,1,9
2011,11,47,Mary O'Hara,1,191,2,39
2011,11,47,Jon Witterick,1,1454,0,48
2011,11,47,Rosie Bristow for the <a href="http://www.guardian.co.uk/guardian-professional" title="Guardian Professional Network">Guardian Professional Network</a>,1,2,0,9
2011,11,47,David Conn,5,1323,6,1058
2011,11,47,Laurie Penny,1,1460,26,129
2011,11,47,Jules Peck for the <a href="http://www.guardian.co.uk/guardian-professional" title="">Guardian Professional Network</a>,1,81,1,33
2011,11,47,David Barnett,1,213,2,56
2011,11,47,Peter Vacher,2,105,0,28
2011,11,47,Presented by Aleks Krotoski,1,48,1,57
2011,11,47,produced by Matt Hall,1,48,1,57
2011,11,47,Charles Gant,1,17,0,26
2011,11,47,Brice Pedroletti,1,8,1,9
2011,11,47,Mark Smith,1,23,1,7
2011,11,47,David Brindle,1,45,0,33
2011,11,47,Maev Kennedy,4,388,9,138
2011,11,47,Laura MacPhee,1,42,1,26
2011,11,47,Robert Kitson,6,12,0,35
2011,11,47,<a href="http://www.ayoungertheatre.com/" title="">A Younger Theatre</a>,1,54,0,20
2011,11,47,Daniel Marshall,1,54,0,20
2011,11,47,Jane Martinson,4,482,6,136
2011,11,47,Patrick Labesse,1,16,0,12
2011,11,47,Rebecca Smithers,4,345,5,162
2011,11,47,Michael Solomon,1,113,1,12
2011,11,47,Hugh,1,1,0,8
2011,11,47,Eliza Anyangwe,3,90,0,108
2011,11,47,Mike Anderiesz,1,4,0,37
2011,11,47,Matt Scott,3,30,0,45
2011,11,47,JM Smucker,1,1627,9,235
2011,11,47,Rebecca Manski,1,1627,9,235
2011,11,47,Karanja Gaçuça,3,1698,12,279
2011,11,47,Linnea M Palmer Paton,1,1627,9,235
2011,11,47,Kanene Holder,1,1627,9,235
2011,11,47,William Jesse,1,1627,9,235
2011,11,47,Katy Murrells,2,373,1,49
2011,11,47,Peter Hetherington,1,53,0,13
2011,11,47,Liz Ford,3,110,0,116
2011,11,47,Matthew Taylor,1,136,6,120
2011,11,47,John Berger,1,146,3,42
2011,11,47,Gernot Wagner for <a href="http://www.e360.yale.edu" title="Yale Environment 360">Yale Environment 360</a>,1,155,5,46
2011,11,47,part of the <a href="http://www.guardian.co.uk/environment/network" title="Guardian Environment Network">Guardian Environment Network</a>,3,338,10,172
2011,11,47,Matt Andrews,1,40,0,41
2011,11,47,Mariana Santos,1,40,0,41
2011,11,47,Lars Eriksen,1,1013,2,88
2011,11,47,Mark Johnson,1,96,0,31
2011,11,47,Lisa O'Carroll,7,95,0,338
2011,11,47,Val Curtis,1,51,1,23
2011,11,47,Jim Falzarano,1,0,0,3
2011,11,47,Jane Dudman,2,149,2,14
2011,11,47,Ben Dowell,2,184,4,61
2011,11,47,Barry Glendenning,2,32,3,40
2011,11,47,Paul Doyle,8,178,2,121
2011,11,47,Angus Batey,1,213,1,49
2011,11,47,Erwin James,1,324,5,110
2011,11,47,David Graeber,1,1669,9,104
2011,11,47,Kim Willsher,2,255,6,63
2011,11,47,Jill Poet for the <a href="http://www.guardian.co.uk/guardian-professional" title="Guardian Professional Network">Guardian Professional Network</a>,1,2,2,8
2011,11,47,Metal Mike Saunders,1,56,0,14
2011,11,47,Shelagh McKinlay,1,5,0,30
2011,11,47,Matt Wells,3,3009,60,1216
2011,11,47,Carbon Trust,1,0,0,3
2011,11,47,Martin Dittus,1,39,1,57
2011,11,47,guardian.co.uk/music,1,848,0,57
2011,11,47,Robert Booth,1,52,3,61
2011,11,47,Steve Waters,1,115,0,37
2011,11,47,Din Clarke,1,23,1,16
2011,11,47,Sarah Boseley,4,357,1,213
2011,11,47,Matthew Weaver,6,359,14,424
2011,11,47,Haroon Siddique,5,287,14,412
2011,11,47,Peter Bradshaw,8,1183,8,168
2011,11,47,Diamond Abdulrahim,1,0,0,6
2011,11,47,Jo Confino,1,0,0,1
2011,11,47,Dan Milmo,7,256,2,239
2011,11,47,Andrew Clements,8,9,1,48
2011,11,47,Patrick Henningsen,1,607,3,56
2011,11,47,Jocey Quinn,1,11,0,40
2011,11,47,Guy Dammann,1,2,0,9
2011,11,47,Asmaa Mahfouz,1,92,2,34
2011,11,47,Brian Logan,3,5,0,13
2011,11,47,Mark Brown,4,338,8,180
2011,11,47,David Hopps at Headingley,1,0,0,9
2011,11,47,Jill Treanor,1,29,1,26
2011,11,47,Jeanne Berry,1,0,0,0
2011,11,47,Maureen Larkin,1,1,0,13
2011,11,47,David Gow,1,15,0,5
2011,11,47,Christopher Nicholson,1,25,0,31
2011,11,47,Peter Pool,1,0,0,1
2011,11,47,Owen Bowcott,6,1856,7,408
2011,11,47,Nick Hopkins,6,881,11,329
2011,11,47,Angela Davis,1,450,5,98
2011,11,47,Helen Pidd,7,1289,12,209
2011,11,47,Stuart Jeffries,3,4670,29,733
2011,11,47,Gaby Hinsliff,1,8,0,18
2011,11,47,Rajeev Syal,1,305,0,88
2011,11,47,David Levene,5,4367,26,417
2011,11,47,Ken Macfarlane,5,4028,24,359
2011,11,47,Peter Robinson,1,88,0,11
2011,11,47,Homa Khaleeli,2,201,1,36
2011,11,47,Emine Saner,1,6,0,34
2011,11,47,Tom Jenkins,2,15,0,25
2011,11,47,Paul Harris,6,4840,33,360
2011,11,47,Meg Wade,1,118,3,17
2011,11,47,Jess Cartner-Morley,5,406,5,109
2011,11,47,Harry Venning,1,11,0,7
2011,11,47,Helen Seamons,1,47,0,23
2011,11,47,Jo Jones,1,47,0,23
2011,11,47,Sara Ilyas,2,149,1,49
2011,11,47,Ha-Joon Chang,1,1236,19,159
2011,11,47,Victoria Coren,1,3,0,3
2011,11,47,Paul Evans,1,6,0,29
2011,11,47,Nancy Banks-Smith,1,64,0,16
2011,11,47,Simon Jenkins,2,128,1,80
2011,11,47,Stephen Bates,2,287,1,52
2011,11,47,Adrian Searle,2,154,1,44
2011,11,47,David Hytner at Aviva Stadium,1,107,0,8
2011,11,47,Shiv Malik,5,14535,72,1165
2011,11,47,Dominic Fifield at Wembley,2,7,0,13
2011,11,47,Jonathan Freedland,1,221,4,76
2011,11,47,Julia Raeside,4,242,2,53
2011,11,47,Jonathan Wright,2,1,0,11
2011,11,47,Gwilym Mumford,2,3,0,11
2011,11,47,Andrew Mueller,1,0,0,7
2011,11,47,Kevin McCarra at Wembley,1,34,0,7
2011,11,47,Alan Pickup,1,47,2,11
2011,11,47,Jamie Jackson at Wembley,1,7,0,2
2011,11,47,Clare Bayard,1,479,6,44
2011,11,47,Neil Duncanson,1,284,3,69
2011,11,47,Shaun Edwards,2,38,0,30
2011,11,47,Frank Keating,1,19,0,7
2011,11,47,Daniel Taylor,8,1553,4,503
2011,11,47,Greg Palast,4,112,6,10
2011,11,47,Maggie O'Kane,3,92,3,8
2011,11,47,Chavala Madlena,3,92,3,8
2011,11,47,Meirion Jones,1,55,2,4
2011,11,47,Rick Rowley,1,55,2,4
2011,11,47,Christian Bennett,1,55,2,4
2011,11,47,Guy Grandjean,1,55,2,4
2011,11,47,Jacqui Timberlake,1,55,2,4
2011,11,47,Simon Hoggart,2,10,0,20
2011,11,47,Manissa McCleave Maharawal,1,33,4,35
2011,11,47,Tom Coleman,1,0,0,1
2011,11,47,Nicholas Kenyon,1,0,0,15
2011,11,47,Karen McVeigh. Paul Harris,1,504,6,69
2011,11,47,Richard Williams at Wembley,1,1,0,12
2011,11,47,Virginia Wallis,2,2,0,34
2011,11,47,Benedict Rickey,1,15,0,38
2011,11,47,Peter Wanless,1,10,0,19
2011,11,47,Kayt Sukel,1,1141,17,133
2011,11,47,Tracey Caldwell,1,12,0,10
2011,11,47,Lucy Findlay,1,14,0,13
2011,11,47,John Tanner,1,84,0,9
2011,11,47,Anita Pati,2,73,0,7
2011,11,47,Jeremy Kuper,1,37,0,3
2011,11,47,Dan Glaister,1,7,0,9
2011,11,47,Adam Roberts,1,4,0,14
2011,11,47,John Tusa,1,57,0,49
2011,11,47,Graham Ixer,1,21,0,7
2011,11,47,head of social work education,1,21,0,7
2011,11,47,General Social Care Council,1,21,0,7
2011,11,47,Fanus,1,1,0,4
2011,11,47,David Kaiser,1,178,13,36
2011,11,47,Zoe Margolis,1,1025,3,93
2011,11,47,Simon Burnton,3,776,6,159
2011,11,47,The people's panel,2,8,0,43
2011,11,47,Alexandra Topping,2,274,6,68
2011,11,47,Rupert Jones,2,21,0,44
2011,11,47,Stuart Heritage,8,1408,6,294
2011,11,47,John Katsilometes,1,8,0,0
2011,11,47,Sarah Miller,3,151,0,51
2011,11,47,John Curtas,2,64,0,22
2011,11,47,Anna Stothard,1,16,2,10
2011,11,47,Sara Benson,2,69,0,35
2011,11,47,Mike Prevatt,1,64,0,5
2011,11,47,John Patterson,3,95,1,69
2011,11,47,Kristen Peterson,1,129,0,25
2011,11,47,Spencer Patterson,2,42,0,14
2011,11,47,Ranjit Dhaliwal &amp; the Guardian Interactive team,1,385,3,70
2011,11,47,Martha Swift,1,140,2,23
2011,11,47,Lisa Thomas,1,140,2,23
2011,11,47,Campbell McDonald,1,3,0,2
2011,11,47,Sean Ingle,1,118,3,45
2011,11,47,Anne Kvam for the <a href="http://www.guardian.co.uk/guardian-professional" title="Guardian Professional Network">Guardian Professional Network</a>,1,0,0,14
2011,11,47,<a href="http://www.businessgreen.com">BusinessGreen</a>,1,109,3,51
2011,11,47,Chuckmonster,1,40,0,10
2011,11,47,Germany,1,467,5,31
2011,11,47,Sarah Feldberg,1,145,0,47
2011,11,47,Michael Hann,4,399,0,104
2011,11,47,Rick Lax,1,342,3,53
2011,11,47,Richard DeMillo,1,2,1,9
2011,11,47,Patrick Butler,2,839,2,209
2011,11,47,Pamela Hutchinson,1,83,2,21
2011,11,47,Alan Rusbridger,1,20,1,45
2011,11,47,Mark King,9,920,9,402
2011,11,47,Daniel Ben-Ami,1,25,0,48
2011,11,47,Charlotte Higgins,2,66,0,54
2011,11,47,Oliver Thring,1,53,2,31
2011,11,47,Rachel Holmes,17,658,2,221
2011,11,47,Natalie Bennett,1,6,0,2
2011,11,47,Jonathan Glancey,2,253,3,91
2011,11,47,Colin Horgan,1,11,1,13
2011,11,47,Mike Averis,1,4,0,5
2011,11,47,Giles Peaker,1,12,0,24
2011,11,47,Ben Whitelaw,1,0,0,5
2011,11,47,Stephen Moss,1,181,3,37
2011,11,47,Ian Gittins,2,74,0,23
2011,11,47,Captions by Adrian Searle,1,26,0,14
2011,11,47,Christine Crowther,1,9,0,11
2011,11,47,Michel Schneider,1,54,2,36
2011,11,47,Nigel Farage,1,25,0,16
2011,11,47,James Barty,1,25,0,16
2011,11,47,Dan Hodges,1,25,0,16
2011,11,47,Joshua Rozenberg,1,57,0,52
2011,11,47,Anna Tims,2,1,0,42
2011,11,47,Lisa Bachelor,2,51,0,33
2011,11,47,Michael Cox for <a href="http://www.zonalmarking.net/" title="">Zonal Marking</a>,1,39,0,9
2011,11,47,Jack Shenker,5,1820,15,333
2011,11,47,Paul Brown,1,1,0,24
2011,11,47,Travis Clark,2,22,0,15
2011,11,47,Philip Oltermann,1,114,0,25
2011,11,47,Rachel Reeves,1,39,0,32
2011,11,47,Richard Norton-Taylor,4,126,5,88
2011,11,47,Paddy Allen,2,98,1,21
2011,11,47,Kate Gould,1,34,0,26
2011,11,47,Marcus Christenson,1,0,0,4
2011,11,47,Mike Selvey,2,62,0,27
2011,11,47,Hari,1,2,0,20
2011,11,47,Jake,1,2,0,20
2011,11,47,Nigel Keohane,1,25,0,8
2011,11,47,Frances,1,0,0,8
2011,11,47,Julian Mayes (MeteoGroup),1,5,0,35
2011,11,47,Lyn Gardner,5,213,0,50
2011,11,47,James Curran,1,2,0,16
2011,11,47,Des Freedman,1,2,0,16
2011,11,47,Angela Phillips,1,2,0,16
2011,11,47,Chris Salmon,1,11,0,36
2011,11,47,Ally Carnwath,1,76,2,31
2011,11,47,Presented by Tom Clark,2,3,0,44
2011,11,47,produced by Phil Maynard,2,3,0,44
2011,11,47,Paul Owen,5,5912,43,832
2011,11,47,James A Goldston for the <a href="http://blog.soros.org" title="">Open Society Blog</a>,1,138,1,11
2011,11,47,part of the <a href="http://www.guardian.co.uk/law/series/guardian-legal-network" title="">Guardian Legal Network</a>,1,138,1,11
2011,11,47,Guardian Interactive team,1,30897,147,1049
2011,11,47,Tony King,1,555,8,105
2011,11,47,Paul Wilson,4,458,1,96
2011,11,47,Simon Tisdall,1,87,3,22
2011,11,47,Malcolm Burgess,1,90,1,25
2011,11,47,Matthew Fort,2,228,3,47
2011,11,47,Steenbeck,1,3,0,13
2011,11,47,Sarah Hughes,1,222,2,14
2011,11,47,Natascha Engel,1,35,0,17
2011,11,47,Maggoty Lamb,1,0,0,18
2011,11,47,Sean O'Hagan,1,158,2,56
2011,11,47,Brian Glanville,1,3,0,22
2011,11,47,Jim Morris,1,47,1,48
2011,11,47,Susanna Rustin,1,732,12,83
2011,11,47,John Elkington for the <a href="http://www.guardian.co.uk/guardian-professional" title="">Guardian Professional Network</a>,1,32,1,155
2011,11,47,Rowan Williams,1,162,3,14
2011,11,47,New Jersey,1,143,0,11
2011,11,47,Ben Quinn,2,171,2,126
2011,11,47,Amy Lawrence,2,44,0,22
2011,11,47,Mark Tallentire,1,414,2,333
2011,11,47,Rome,1,35,1,14
2011,11,47,Carl Gardner,1,172,0,49
2011,11,47,Jochen Zeitz for the <a href="http://www.guardian.co.uk/guardian-professional" title="">Guardian Professional Network</a>,1,37,0,17
2011,11,47,Juliette Jowit,2,58,3,132
2011,11,47,Terry Macalister,1,17,1,26
2011,11,47,Judith Mackrell,3,194,2,37
2011,11,47,Dave Simpson,2,14,0,16
2011,11,47,Dorian Lynskey,1,201,0,12
2011,11,47,Sanjoy Roy,1,5,0,3
2011,11,47,Lily Asquith,1,48,7,10
2011,11,47,Bernd Wagner,1,91,0,14
2011,11,47,Angela Hartnett,1,104,0,24
2011,11,47,Alison Rourke,1,357,1,60
2011,11,47,Camila Ruz,2,1236,17,275
2011,11,47,Matthew Collins,1,159,0,14
2011,11,47,Sunder Katwala,1,159,0,14
2011,11,47,Derek Attridge,1,23,0,23
2011,11,47,David Sweet,1,21,0,14
2011,11,47,Michael MacLeod,1,169,0,45
2011,11,47,Colin Divall,1,0,0,0
2011,11,47,Ken Evans,1,2,0,0
2011,11,47,Suzanne Moore,1,1097,5,115
2011,11,47,Zia Mahmood,1,1,0,1
2011,11,47,Dan Gillmor,1,402,30,205
2011,11,47,Anne Chisholm,1,105,1,33
2011,11,47,Dennis Barker,1,29,0,22
2011,11,47,Mike Adamson,1,38,0,27
2011,11,47,Rob Bagchi,2,16,0,11
2011,11,47,Laura Barnett,1,129,2,51
2011,11,47,Ian Cobain,2,264,2,109
2011,11,47,Richard Norton Taylor,1,42,0,19
2011,11,47,Andrew Pulver,2,48,0,47
2011,11,47,Amy Goodman,1,227,8,36
2011,11,47,Ray Collier,1,4,0,10
2011,11,47,Mark Lawson,1,6,1,18
2011,11,47,Timothy Garton Ash,1,148,1,48
2011,11,47,Rachel Stevenson,1,123,1,30
2011,11,47,Richard Wachman,3,111,1,189
2011,11,47,As seen by Catherine Bennett,1,2,0,5
2011,11,47,Danny Kruger,1,5,0,22
2011,11,47,Laura Barton,1,195,1,24
2011,11,47,David Batty,5,3005,10,350
2011,11,47,Phelim O'Neill,4,227,0,62
2011,11,47,Ben Arnold,2,4,0,8
2011,11,47,Robert Reich,1,50,0,15
2011,11,47,Seumas Milne,1,339,2,140
2011,11,47,David Hambling,1,109,2,12
2011,11,47,Caroline Sullivan,2,32,0,27
2011,11,47,Marina Hyde,5,303,6,126
2011,11,47,Stuart James,3,80,1,33
2011,11,47,Graham Snowdon,2,1181,46,196
2011,11,47,Felicity Cloake,1,239,2,53
2011,11,47,Matt Cavanagh,1,67,2,24
2011,11,47,Nick Torday,1,4,2,59
2011,11,47,Diana Cammack,1,138,0,13
2011,11,47,Aaron Porter,1,2,0,22
2011,11,47,<a href="http://www.creativeboom.co.uk/" title="">Creative Boom</a>,1,34,2,40
2011,11,47,Katy Cowan,1,34,2,40
2011,11,47,Allison Ogden-Newton,1,1,0,4
2011,11,47,Ross Morrison McGill,1,23,2,71
2011,11,47,David McCandless,1,28,4,78
2011,11,47,Alex Aiken,1,0,0,21
2011,11,47,Mario Ambrosi,1,2,0,7
2011,11,47,Hirsh Sawhney,1,14,0,15
2011,11,47,Brynnie,1,3,0,5
2011,11,47,Helen Birtwhistle,1,10,0,12
2011,11,47,director,1,10,0,12
2011,11,47,Welsh NHS Confederation,1,10,0,12
2011,11,47,Heather Peace,1,139,0,73
2011,11,47,Robert Cumming,1,8,0,12
2011,11,47,By <a href="http://www.irinnews.org/" title="">IRIN</a>,1,28,0,5
2011,11,47,part of the <a href="http://www.guardian.co.uk/global-development/series/guardian-development-network" title="">Guardian development network</a>,1,28,0,5
2011,11,47,Paul Laity,1,397,5,67
2011,11,47,Ghaffar Hussain,1,3,0,2
2011,11,47,Edward Davies,1,75,0,32
2011,11,47,Tom Hoblyn,1,10,0,21
2011,11,47,Susan Smillie,2,95,2,62
2011,11,47,Kim Lomax,1,86,2,47
2011,11,47,Simon Ings,1,39,2,61
2011,11,47,Catherine Shoard,3,114,0,47
2011,11,47,Jenny Purt <a href="http://www.guardian.co.uk/guardian-professional" title="Guardian Professional Network">Guardian Professional Network</a>,1,0,0,4
2011,11,47,Invisible Woman,1,5,0,21
2011,11,47,John Studzinski,1,31,0,65
2011,11,47,Anne Gwinnett,1,5,0,38
2011,11,47,Simon Chilvers,2,138,2,52
2011,11,47,Alex von Tunzelmann,1,88,1,14
2011,11,47,Dalya Alberge,1,5,1,19
2011,11,47,Paul Torpey,1,208,0,30
2011,11,47,Alistair Smith,2,11,0,63
2011,11,47,James Ball,2,184,2,84
2011,11,47,Maggie Brown,2,45,0,38
2011,11,47,Richard Bristow,1,30,0,11
2011,11,47,Conn Iggulden,1,14,1,11
2011,11,47,Tristram Stuart,1,58,3,59
2011,11,47,Robert McCrum,1,39,3,68
2011,11,47,Skye Sherwin,2,43,1,20
2011,11,47,Richard Lea,2,276,5,143
2011,11,47,Mona Mahmood,1,3,0,1
2011,11,47,Charlotte Ricca-Smith,1,711,24,430
2011,11,47,Helena Smith,1,41,2,12
2011,11,47,Andy Gallagher,1,183,1,20
2011,11,47,Noah Payne-Frank,2,305,1,50
2011,11,47,Ben Kape,1,183,1,20
2011,11,47,Jonathan Freedl,1,79,1,27
2011,11,47,Alex Healey,1,79,1,27
2011,11,47,Arundhati Roy,1,6789,16,198
2011,11,47,agency,1,13,0,20
2011,11,47,Joe,1,0,0,3
2011,11,47,Agnès Poirier,1,63,1,10
2011,11,47,Tom Stevens,1,14,0,12
2011,11,47,Andrew Khan,1,193,2,17
2011,11,47,Alexis Petridis,2,2473,15,193
2011,11,47,Saeed Shah,2,1777,12,269
2011,11,47,Ellie Mae O'Hagan,1,535,1,38
2011,11,47,Simon Cambers for <a href="http://www.thesportcollective.com/" title="">The Sport Collective</a>,1,32,0,15
2011,11,47,Benedicte Page,1,1047,2,177
2011,11,47,Jason Burke,3,191,2,53
2011,11,47,Ian Malin,2,66,1,29
2011,11,47,Presented by Jason Solomons,1,8,0,7
2011,11,47,produced by Simon Barnard,1,8,0,7
2011,11,47,Jon Dennis,2,14,0,32
2011,11,47,Harriet Sherwood,1,65,0,19
2011,11,47,in Cairo,1,65,0,19
2011,11,47,Arun Marsh,1,0,0,11
2011,11,47,Charley McKenzie,1,11,0,23
2011,11,47,Luke Jennings,1,110,1,5
2011,11,47,Jana Hensel for <a href="http://www.freitag.de/" title="">Der Freitag</a>,1,32,0,5
2011,11,47,part of the <a href="http://www.guardian.co.uk/commentisfree/series/guardian-comment-network" title="Guardian Comment Network">Guardian Comment Network</a>,1,32,0,5
2011,11,47,Helienne Lindvall,1,33,3,42
2011,11,47,Tom Phillips,3,1488,7,71
2011,11,47,Sarah Phillips,1,110,0,16
2011,11,47,Peter Sale,1,110,0,16
2011,11,47,Tim Jones,1,64,0,27
2011,11,47,Claire Provost,1,174,0,43
2011,11,47,Paul Elliott MBE,1,16,0,13
2011,11,47,Paul Beeby,1,0,0,4
2011,11,47,Linda Melvern,1,106,0,36
2011,11,47,Presented by Dan Sabbagh,1,0,0,5
2011,11,47,Jonathon Porritt for the <a href="http://www.guardian.co.uk/guardian-professional" title="Guardian Professional Network">Guardian Professional Network</a>,1,9,0,12
2011,11,47,Heather Stewart,1,14,0,15
2011,11,47,Tim Montgomerie,1,13,0,33
2011,11,47,Barbara Crowther,1,8,0,3
2011,11,47,Sandra Hesten,1,60,0,14
2011,11,47,David Rowe,1,55,0,8
2011,11,47,Veronica Horwell,1,158,0,56
2011,11,47,Mehdi Hasan,1,1389,18,229
2011,11,47,Polly Higgins,1,165,0,57
2011,11,47,Wajahat Ali,1,656,0,106
2011,11,47,Giles Tremlett,1,36,1,34
2011,11,47,Julian Huppert,1,659,0,30
2011,11,47,Molly Meacher,1,659,0,30
2011,11,47,Erica Jeal,1,5,0,8
2011,11,47,James Ball<strong> </strong>,1,65,1,45
2011,11,47,Paul Oestreicher,1,23,1,15
2011,11,47,Christine Smith,1,4,0,12
2011,11,47,Pamela Stephenson Connolly,1,124,0,7
2011,11,47,Kira Cochrane,2,220,0,44
2011,11,47,Alexander Chancellor,1,17,0,18
2011,11,47,Joseph Allchin,2,328,6,57
2011,11,47,Michele Hanson,1,26,0,37
2011,11,47,Giles Fraser,1,413,2,63
2011,11,47,David Thomson,1,7,0,5
2011,11,47,Andy Beckett,1,225,2,38
2011,11,47,Rob Fitzpatrick,1,82,0,12
2011,11,47,Martin Aston,1,1331,8,101
2011,11,47,Geoffrey Macnab,1,90,1,20
2011,11,47,Jonathan Steele,1,290,3,66
2011,11,47,As overheard by John Crace,1,14,0,7
2011,11,47,Tom Service,1,70,1,14
2011,11,47,Alex Macpherson,1,139,0,70
2011,11,47,Tom Ewing,1,31,0,36
2011,11,47,Luke Turner,2,205,0,15
2011,11,47,Jeremy Plester,1,5,0,8
2011,11,47,Eliane Glaser,1,121,3,115
2011,11,47,Christopher Fox,1,293,1,25
2011,11,47,Harry Pearson,1,10,0,4
2011,11,47,Maddy Costa,1,3,0,12
2011,11,47,Penny Woods,1,0,0,3
2011,11,47,James Richardson,1,46,1,12
2011,11,47,Matt Hall,3,177,1,42
2011,11,47,Interview by Chudi Onwuazo,1,30,0,7
2011,11,47,Alok Jha,4,10619,101,499
2011,11,47,Ian Hanton,1,7,0,24
2011,11,47,Stephen Reicher,1,269,1,44
2011,11,47,Clifford Stott,1,269,1,44
2011,11,47,Dugald Baird,1,43,0,25
2011,11,47,SA Mathieson,1,0,0,8
2011,11,47,Michael Jennings,1,93,2,36
2011,11,47,Keith Coni,1,9,0,13
2011,11,47,Ben Darlington,1,1,0,21
2011,11,47,Hannah Fearn,1,0,0,10
2011,11,47,Libby Powell,1,41,0,1
2011,11,47,Dr Geraint Lewis,1,4,0,10
2011,11,47,senior fellow,1,4,0,10
2011,11,47,Nuffield Trust,1,4,0,10
2011,11,47,Tim Groves,1,0,0,9
2011,11,47,Bill Cash MP,1,14,1,29
2011,11,47,Victoria Chick,1,424,4,59
2011,11,47,Rebecca Joy Novell,1,60,0,10
2011,11,47,social work postgraduate student,1,60,0,10
2011,11,47,Catriona,1,0,0,6
2011,11,47,Richard Vize,1,6,1,5
2011,11,47,Kate Allen,1,4,0,17
2011,11,47,Scott Murray,5,330,1,195
2011,11,47,Jill Berry,1,8,0,0
2011,11,47,Steven Bloor,2,20,0,11
2011,11,47,Laura Marks,1,4,0,9
2011,11,47,George Black for <a href="http://www.onearth.org">OnEarth</a>,1,74,2,75
2011,11,47,Jim Powell,1,635,1,45
2011,11,47,Nikki Wilson,1,46,0,47
2011,11,47,Rob Wilson,1,46,0,47
2011,11,47,Jason Mollring,1,22,0,33
2011,11,47,Liana Silva for <a href="http://uvenus.org/" title="">University of Venus</a>,1,86,0,46
2011,11,47,Legal Bizzle,1,142,1,49
2011,11,47,David Walker,1,8,0,3
2011,11,47,Sali Hughes,2,195,1,35
2011,11,47,Nat Saunders,1,90,0,18
2011,11,47,Rachel Cooke,1,62,2,83
2011,11,47,Peter Beech,2,874,1,75
2011,11,47,Andrew Dickson,2,75,1,32
2011,11,47,Martin Robbins,1,405,7,22
2011,11,47,James Dart,1,1,0,11
2011,11,47,Rosie Bristow for the <a href="http://www.guardian.co.uk/guardian-professional"> Guardian Professional Network</a>,1,0,0,27
2011,11,47,Damien Walter,1,117,3,24
2011,11,47,Darragh McManus,1,174,0,23
2011,11,47,Gary Nunn,1,297,6,98
2011,11,47,David Shariatmadari,1,23,2,33
2011,11,47,Mary Finnigan,1,176,4,35
2011,11,47,Virginia Lopez,1,39,0,9
2011,11,47,Jonathan Glennie,1,51,3,36
2011,11,47,Michael Mosley,1,68,0,11
2011,11,47,Mina Holland,1,48,1,11
2011,11,47,Neil Behrmann,1,88,0,32
2011,11,47,Kevin Fong,1,122,0,30
2011,11,47,Henry Barnes,2,705,1,80
2011,11,47,Laura Oliver,1,4,0,4
2011,11,47,Hannah Waldram,1,4,0,4
2011,11,47,James Walsh,1,4,0,4
2011,11,47,Neil Davey,1,32,0,51
2011,11,47,Presented by Claire Armitstead,1,137,0,44
2011,11,47,produced by Tim Maby,1,137,0,44
2011,11,47,Sarah Irving,1,1114,3,93
2011,11,47,Neil Rose,1,32,0,40
2011,11,47,Jena,1,149,1,22
2011,11,47,Graham Hayday,1,28,0,29
2011,11,47,Gregor Gall,1,158,1,25
2011,11,47,Steve Charnock,1,12,0,13
2011,11,47,Guardian Healthcare,2,1,0,3
2011,11,47,Louise Taylor,2,36,0,26
2011,11,47,Jack Schofield,1,4,2,106
2011,11,47,Kim Catcheside,1,0,0,2
2011,11,47,Lizz Winstead,1,18566,115,881
2011,11,47,Rosemary Hill,1,6,0,12
2011,11,47,Mona Eltahawy,1,1849,26,187
2011,11,47,Miguel-Anxo Murado,1,2479,8,309
2011,11,47,Stuart Walton,1,66,5,32
2011,11,47,Anthony Tucker,1,3,0,11
2011,11,47,Jacob Steinberg,3,24,0,84
2011,11,47,Gary Taylor,1,25,1,16
2011,11,47,David Lacey,1,7,0,4
2011,11,47,Monica Mark,1,305,6,55
2011,11,47,<a href="http://www.ccskills.org.uk/" title="">CC Skills</a>,1,11,0,11
2011,11,47,in association with <a href="http://www.anewdirection.org.uk/" title="">A New Direction</a>,1,11,0,11
2011,11,47,<a href="http://www.eelynlee.com/" title="">Eelyn Lee Productions</a>,1,11,0,11
2011,11,47,Presented by Hugh Muir,1,12,1,26
2011,11,47,produced by Peter Sale,1,12,1,26
2011,11,47,Chris Atkins,1,438,6,143
2011,11,47,Mustafa Khalili,1,438,6,143
2011,11,47,(briefly) John Ashdown,1,5,0,27
2011,11,47,John Domokos,1,1138,0,62
2011,11,47,Ally Fogg,1,233,0,59
2011,11,47,Sadhbh Walshe,1,22,3,24
2011,11,47,Peter Jones,1,10,0,33
2011,11,47,Steve Coogan,1,305,3,121
2011,11,47,Jenny Purt for the <a href="http://www.guardian.co.uk/guardian-professional" title="Guardian Professional Network">Guardian Professional Network</a>,1,11,0,14
2011,11,47,John Baron,1,73,1,29
2011,11,47,Andrew Brown,2,366,9,74
2011,11,47,Presented by Tim Jonze,1,27,2,20
2011,11,47,produced by Matt Hill,1,27,2,20
2011,11,47,Vicky Frost,3,189,3,60
2011,11,47,Jane Mulkerrins,1,60,1,69
2011,11,47,Siobhán Dowling,1,99,0,36
2011,11,47,Lauren Niland,1,4,1,11
2011,11,47,Sarah Posner,1,142,4,25
2011,11,47,Martin Chulov on the Syria-Lebanon border,1,158,3,48
2011,11,47,Ian Jack,1,109,1,39
2011,11,47,Derek Niemann,1,1,0,29
2011,11,47,Martin Rowson,1,23,1,17
2011,11,47,Mark Vernon,1,165,0,38
2011,11,47,Mark Weisbrot,1,490,6,66
2011,11,47,Jon Butterworth,1,236,8,26
2011,11,47,Deborah Orr,1,56,0,36
2011,11,47,Tim Radford,1,0,0,3
2011,11,47,Chris Moran,1,41,0,16
2011,11,47,Carlene Thomas-Bailey,1,52,0,42
2011,11,47,Emma Kennedy,1,35,0,9
2011,11,47,Beto Perez,1,8,0,18
2011,11,47,Sybil Kapoor,1,30,0,21
2011,11,47,Sareda Dirir,1,46,1,11
2011,11,47,Gemma Bowes,1,33,1,24
2011,11,47,Niall Griffiths,1,43,0,19
2011,11,47,Steven Poole,2,0,2,2
2011,11,47,Sukhdev Sandhu,1,52,0,17
2011,11,47,Patrick McGuinness,1,31,1,6
2011,11,47,Emma Brockes,2,185,9,75
2011,11,47,Timothy Snyder,1,75,3,6
2011,11,47,Sue Arnold,1,0,0,28
2011,11,47,Stevie Davies,1,22,0,4
2011,11,47,Ian Sansom,1,19,0,0
2011,11,47,Tony Bradman,1,14,0,0
2011,11,47,Laura Wilson,1,5,1,4
2011,11,47,John Mullan,2,8,0,32
2011,11,47,Kathryn Hughes,1,62,0,6
2011,11,47,Razia Iqbal,1,94,2,35
2011,11,47,John Banville,1,0,0,1
2011,11,47,Daljit Nagra,1,45,0,9
2011,11,47,Julian Fellowes,1,1,0,5
2011,11,47,Minette Walters,1,1,0,8
2011,11,47,Alexander McCall Smith,1,155,0,24
2011,11,47,Jackie Kay,1,163,1,40
2011,11,47,Interview by Sachin Nakrani,1,2,0,4
2011,11,47,Andrea Wren,1,3,1,17
2011,11,47,Jeremy Bullmore,1,0,0,8
2011,11,47,Miles Brignall,4,92,1,128
2011,11,47,Dan Lepard,1,49,0,17
2011,11,47,Alys Fowler,2,15,0,1
2011,11,47,Stephen Collins,1,11,0,1
2011,11,47,Rosanna Greenstreet,1,82,1,22
2011,11,47,Sam Wollaston,1,1,0,14
2011,11,47,Tom Dyckhoff,1,134,0,11
2011,11,47,Thomas Eaton,1,2,0,1
2011,11,47,Diane Reeve,1,36,1,21
2011,11,47,Fiona Beckett,1,265,0,6
2011,11,47,Gareth Pugh,1,6,0,1
2011,11,47,Interview: Becky Barnicoat. Photograph: <a href="http://www.emilystein.co.uk/" title="">Emily Stein </a>,1,40,0,4
2011,11,47,Anonymous,1,10,0,1
2011,11,47,Yotam Ottolenghi,1,54,2,30
2011,11,47,Lia Leendertz,1,1,0,1
2011,11,47,Matthew Appleby,1,13,0,3
2011,11,47,John Lanchester,1,11,0,2
2011,11,47,Hugh Fearnley-Whittingstall,1,165,2,18
2011,11,47,The Observer,1,6,0,8
2011,11,47,Thomas Jones,1,988,9,249
2011,11,47,As told to Angela Foster,1,2,0,1
2011,11,47,David Lammy,1,168,0,52
2011,11,47,Richard Branson,1,179,5,50
2011,11,47,Andrew Hankinson,1,51,0,12
2011,11,47,Leonard Barden,1,0,0,0
2011,11,47,Interview by Susanna Rustin,1,47,0,38
2011,11,47,Ruth Corbett,1,9,0,9
2011,11,47,Christopher Thomond,1,6,0,4
2011,11,47,The Secret Footballer,1,24,0,12
2011,11,47,Esther Addley,1,163,0,32
2011,11,47,Paul Rees at Cardiff City Stadium,1,1,0,5
2011,11,47,Rizwan Syed,1,44,0,3
2011,11,47,Andrew Collins,1,9,0,0
2011,11,47,Araucaria,1,0,0,1
2011,11,47,Al Aynsley-Green,1,72,0,1
2011,11,47,Saba Salman,1,3,0,2
2011,11,47,Nikki Spencer,1,42,0,2
2011,11,47,Chloe Stothart,1,17,0,10
2011,11,47,Kate Murray,1,14,0,3
2011,11,47,Fran Babb,1,92,0,11
2011,11,47,Jonathan Bernstein,1,19,0,7
2011,11,47,Nick Duerden,1,291,0,7
2011,11,47,Johnny Dee,1,8,0,3
2011,11,47,Nick McGrath,1,179,0,6
2011,11,47,Jon &amp; Mick/moderntoss.com,1,3,0,1
2011,11,47,Robert Clark,1,3,0,5
2011,11,47,Nicola Jennings,1,2,0,11
2011,11,47,Annalisa Barbieri,1,0,0,1
2011,11,47,Charlie Condou,1,0,0,0
2011,11,47,Oliver James,1,42,1,30
2011,11,47,Phil Hilton,1,22,0,18
2011,11,47,The Guide,2,1,0,3
2011,11,47,Grace Dent,1,102,0,31
2011,11,47,John Fordham &amp; John Robinson,1,1,0,1
2011,11,47,Nick Gillett,1,3,0,12
2011,11,47,Robert Clark &amp; Skye Sherwin,1,1,0,13
2011,11,47,James Kettle,1,10,0,3
2011,11,47,Patric Baird,1,39,0,6
2011,11,47,John Mitchell,1,39,0,6
2011,11,47,Sam Richards &amp; Marc Rowlands,1,39,0,6
2011,11,47,Sam Richards,1,70,2,14
2011,11,47,Mark Cook,1,1,0,3
2011,11,47,Lyn Gardner &amp; Judith Mackrell,1,1,0,3
2011,11,47,Rebecca Nicholson &amp; Richard Vine,1,1,0,3
2011,11,47,Iain Aitch,1,30,0,9
2011,11,47,Colette Bernhardt &amp; Katrina Dixon,1,30,0,9
2011,11,47,Interview by Oliver Laughland,1,6,0,7
2011,11,47,Matthew Horton,1,120,1,23
2011,11,47,Robert Kitson at Franklin's Gardens,1,2,0,6
2011,11,47,Hannah Godfrey,1,293,3,92
2011,11,47,Joe Berger,1,18,0,14
2011,11,47,Pascal Wyse,1,18,0,14
2011,11,47,The Gaslamp Killer,1,0,0,2
2011,11,47,Thundercat,1,3,0,3
2011,11,47,Martyn,1,0,0,4
2011,11,47,Teebs,1,4,0,6
2011,11,47,SaiWish0221,1,0,0,10
2011,11,47,Bidisha,1,11,0,11
2011,11,47,Chris Stephen,2,955,5,147
2011,11,47,Hugh Williamson,1,47,0,17
2011,11,47,Peter Beaumont,2,169,1,61
2011,11,47,Alan Ross,1,22,0,13
2011,11,47,Peter Mason,1,345,2,53
2011,11,47,Amy Lawrence at Carrow Road,2,66,1,39
2011,11,47,Vic Marks,2,129,1,30
2011,11,47,Nicolaus Mills,1,948,10,41
2011,11,47,Paul Wilson at the Etihad Stadium,2,32,0,21
2011,11,47,Georgina Turner at the Britannia Stadium,1,10,0,7
2011,11,47,Jamie Jackson at the DW Stadium,1,0,0,7
2011,11,47,Press Association at the Stadium of Light,1,1,0,13
2011,11,47,David Hopps at Goodison Park,1,3,0,9
2011,11,47,Chris Cook at Haydock,1,37,0,9
2011,11,47,Amy Raphael,1,221,1,38
2011,11,47,Alexi Duggins,1,221,1,38
2011,11,47,Louise Taylor at the Riverside,1,4,0,5
2011,11,47,Nial Briggs,1,2,0,4
2011,11,47,Michael Aylwin at Parc Aguilera,1,0,0,2
2011,11,47,Eddie Butler at Kingsholm,1,1,0,5
2011,11,47,Barney Ronay at the Etihad Stadium,1,6,0,22
2011,11,47,Paul Doyle at Liberty Stadium,1,16,0,52
2011,11,47,Jamie Doward,1,51,2,52
2011,11,47,Silvia Suárez Jiménez,1,51,2,52
2011,11,47,Rowan Moore,1,420,4,153
2011,11,47,Mark Townsend,2,2288,12,324
2011,11,47,Tracy McVeigh,1,255,4,41
2011,11,47,Paul Rees at Welford Road,1,0,0,6
2011,11,47,Andy Wilson at Ell,1,9,0,6
2011,11,47,Road,1,9,0,6
2011,11,47,James Harkin,1,116,1,47
2011,11,47,Mike Brearley,1,42,1,12
2011,11,47,Daniel Boffey,1,2047,3,344
2011,11,47,Lawrence Donegan,1,7,0,17
2011,11,47,David Hills,2,34,0,88
2011,11,47,Toby Helm,1,47,0,79
2011,11,47,Eddie Butler,1,4,0,1
2011,11,47,Dean Ryan,1,1,0,6
2011,11,47,Observer staff,1,19,0,4
2011,11,47,Edward Gibbes,1,1,0,3
2011,11,47,Margaret Dibben,3,5,0,66
2011,11,47,Andrew Anthony,1,181,1,13
2011,11,47,Elizabeth Day,1,747,2,130
2011,11,47,William Fotheringham at Manchester Velodrome,1,18,0,8
2011,11,47,Polly Sykes,1,21,1,12
