year,month,week,name,articles,facebook,googleplus,twitter
2012,4,14,Guardian readers,8,330,1,161
2012,4,14,Lawrence Donegan,5,45,0,82
2012,4,14,Alison Rourke,3,211,8,403
2012,4,14,Sean Kelly,1,9,0,12
2012,4,14,Jonathan Glennie,2,198,0,105
2012,4,14,Peter Walker,8,851,13,454
2012,4,14,Hélène Mulholland,8,254,9,310
2012,4,14,Rebecca Smithers,5,1428,7,352
2012,4,14,Keith Stuart,8,216,5,600
2012,4,14,Agencies,2,50,4,74
2012,4,14,Press Association,147,4120,48,3609
2012,4,14,GrrlScientist,13,47,27,246
2012,4,14,Roy Greenslade,27,694,5,651
2012,4,14,Giles Fraser,1,16,1,21
2012,4,14,Owen Bowcott,10,1700,7,865
2012,4,14,Sarah Hartley,1,5,0,18
2012,4,14,Associated Press,62,7100,84,2849
2012,4,14,Martin Rowson,2,48,1,46
2012,4,14,Nick Baveystock,1,0,0,5
2012,4,14,Charles Arthur,13,1055,92,1584
2012,4,14,agencies,34,2686,49,1607
2012,4,14,Paolo Bandini,4,231,0,125
2012,4,14,Evan Fanning,6,138,0,139
2012,4,14,Scott Anthony,1,123,0,38
2012,4,14,James Riach,1,123,0,38
2012,4,14,jamesk96,1,1,0,17
2012,4,14,Dick Vinegar,1,14,0,25
2012,4,14,Paul Owen,6,106,3,264
2012,4,14,Barry Glendenning,2,109,1,94
2012,4,14,Ian Fletcher,1,4,0,30
2012,4,14,Nick Spencer,1,62,3,31
2012,4,14,Stuart Dredge,13,235,11,1475
2012,4,14,Settit Beyene,1,371,1,78
2012,4,14,Jason Burke,6,2056,48,377
2012,4,14,Nancy Groves,2,28,0,25
2012,4,14,Amanda Edwards,1,15,0,21
2012,4,14,Rajeev Syal,5,838,9,249
2012,4,14,Patrick Wintour,10,3919,19,907
2012,4,14,James Meikle,6,4376,21,443
2012,4,14,Monkey,11,208,5,314
2012,4,14,Nick Fletcher,28,109,8,282
2012,4,14,Phil Maynard,1,19,0,52
2012,4,14,Elliot Smith,2,139,0,66
2012,4,14,Ed Jacobs,3,10,0,45
2012,4,14,Melissa Denes,1,202,0,50
2012,4,14,Ciarán Devane,1,10,0,7
2012,4,14,Hari,2,2,0,64
2012,4,14,Jake,2,2,0,64
2012,4,14,Veronique Mistiaen,1,149,1,87
2012,4,14,in Dak Lak province,1,149,1,87
2012,4,14,Javaria Akbar,1,86,0,46
2012,4,14,Colin Cram,1,0,0,9
2012,4,14,John Harris,3,175,2,155
2012,4,14,Helen Carter,1,21,0,41
2012,4,14,Rebekah Junkermeier for <a href="http://younginrome.wordpress.com/" title="">Young,1,70,2,59
2012,4,14,part of the <a href="http://www.guardian.co.uk/travel/series/guardian-travel-network" title="">Guardian Travel Network</a>,1,70,2,59
2012,4,14,Bram Kainth,1,4,0,2
2012,4,14,Frédéric Filloux,1,38,1,98
2012,4,14,Raziye Akkoc,6,77,0,33
2012,4,14,Anna Chesters,2,8,0,113
2012,4,14,Kate Hodge,8,17,0,66
2012,4,14,Gines Haro Pastor,6,0,0,0
2012,4,14,Nicholas Watt,17,2123,27,1140
2012,4,14,Richard Sprenger,3,47,0,50
2012,4,14,Jonathon Jenkins,1,0,0,0
2012,4,14,Sean Michaels,12,6470,16,541
2012,4,14,Adam Boult,9,35,0,126
2012,4,14,Mark Sweney,19,307,4,521
2012,4,14,Corrections,5,3,0,6
2012,4,14,David Weston,1,8,1,81
2012,4,14,Judith Mackrell,3,15,0,36
2012,4,14,Jean-Louis Gassée,1,0,1,92
2012,4,14,Sam Jordison,2,13,0,26
2012,4,14,By <a href="http://www.businessgreen.com/">BusinessGreen</a>,1,3075,19,473
2012,4,14,part of the <a href="http://www.guardian.co.uk/environment/network">Guardian Environment Network</a>,1,3075,19,473
2012,4,14,Simon Rogers,14,4510,151,2602
2012,4,14,Ben Child,11,989,11,634
2012,4,14,Graphic News,1,60,0,11
2012,4,14,Paddy Allen,3,157,4,78
2012,4,14,Sarah Boseley,6,179,0,244
2012,4,14,James Derounian,1,92,3,85
2012,4,14,Frank Boyd,1,13,1,27
2012,4,14,Dinah Senior,1,38,0,10
2012,4,14,Martin Wainwright,13,1776,23,756
2012,4,14,Susan Smillie,1,11,0,10
2012,4,14,Felicity Cloake,2,331,4,69
2012,4,14,Hilary Osborne,3,154,3,213
2012,4,14,Henry McDonald,5,114,1,154
2012,4,14,Irel,4,63,1,134
2012,4,14,Clare Horton,6,111,1,37
2012,4,14,Laura Laker,1,283,4,124
2012,4,14,Barry J. Gibb,1,183,7,48
2012,4,14,Open thread,5,154,0,61
2012,4,14,Sid Lowe,3,265,3,169
2012,4,14,Helen Czerski,2,61,2,77
2012,4,14,Natasha Vargas-Cooper,1,50,0,11
2012,4,14,Mark Rice-Oxley,3,164,3,35
2012,4,14,Carol Rumens,1,25,2,38
2012,4,14,Chris Cook,17,19,0,147
2012,4,14,Graham Snowdon,5,525,4,482
2012,4,14,Jo Confino,3,40,0,59
2012,4,14,Hadley Freeman,7,537,6,243
2012,4,14,Graham Dietz,2,0,0,1
2012,4,14,Rob Smyth (morning,4,28,0,185
2012,4,14,afternoon sessions),4,28,0,185
2012,4,14,Rob Bagchi (evening session),4,28,0,185
2012,4,14,Nicole Gillespie,1,0,0,1
2012,4,14,Nicki,1,0,0,14
2012,4,14,Luke,1,0,0,14
2012,4,14,aged 4,3,1,0,31
2012,4,14,Raphael Honigstein,1,18,0,24
2012,4,14,David Cox,1,43,1,70
2012,4,14,David Jones,1,41,0,10
2012,4,14,Rory Truell,1,41,0,10
2012,4,14,Patrick Barkham,2,410,1,84
2012,4,14,Jane Martinson,4,374,4,211
2012,4,14,Maev Kennedy,8,715,9,364
2012,4,14,Aziza Ahmed,1,365,3,117
2012,4,14,Haroon Siddique,4,107,0,324
2012,4,14,Kevin Watkins,2,151,3,46
2012,4,14,Caspar Llewellyn Smith,2,2485,13,264
2012,4,14,Jill Treanor,10,205,4,205
2012,4,14,Eman Al Nafjan,1,129,2,53
2012,4,14,Jessica Fuhl,4,96,3,121
2012,4,14,Gordon Pearson,1,0,0,0
2012,4,14,Juliette Garside,4,473,9,509
2012,4,14,Jonathan Jones,12,1019,14,366
2012,4,14,Kim Willsher,10,1865,18,389
2012,4,14,Graham Parker,4,52,2,58
2012,4,14,Joe Prince-Wright,2,8,0,25
2012,4,14,Mischa Wilmers,1,39,0,23
2012,4,14,Samantha Warrington,1,39,0,23
2012,4,14,Nick Hopkins,3,426,4,100
2012,4,14,Guardian Government Computing,1,19,3,25
2012,4,14,Peter Bradshaw,9,604,4,128
2012,4,14,Mike Selvey,5,25,0,41
2012,4,14,Justin McCurry,3,306,6,169
2012,4,14,Justice Malala,1,212,1,46
2012,4,14,Tom A Peter,3,414,6,186
2012,4,14,Richard Stanley,1,76,1,17
2012,4,14,Princess Megan,1,0,0,8
2012,4,14,Ian Cobain,3,914,20,224
2012,4,14,Josh Halliday,8,433,31,804
2012,4,14,Kim Newman,1,86,1,58
2012,4,14,Ciara Leeming,13,1501,12,364
2012,4,14,Luke Bainbridge,2,259,2,133
2012,4,14,Matthew Taylor,3,176,6,59
2012,4,14,Sandra Laville,8,385,11,197
2012,4,14,Ben Ferguson,1,33,0,12
2012,4,14,Matt Trueman,5,92,3,146
2012,4,14,David Smith,8,2258,26,749
2012,4,14,Dave Hill,3,27,0,29
2012,4,14,Brooke Magnanti,1,75,5,42
2012,4,14,Viv Groskop,1,27,1,42
2012,4,14,Chris McGreal,10,325,8,240
2012,4,14,Roz Kaveney,1,19,0,52
2012,4,14,Jason Deans,7,603,5,486
2012,4,14,Jonathan Freedland,2,86,0,49
2012,4,14,Jill Insley,10,164,4,251
2012,4,14,Adrian Searle,2,85,0,48
2012,4,14,William Latham,1,10,0,75
2012,4,14,Monica Mark,1,30,2,8
2012,4,14,Jason Farago,1,18,1,35
2012,4,14,Richard Lea,2,117,1,85
2012,4,14,Vic Marks,8,21,2,50
2012,4,14,Simon Tisdall,2,128,6,50
2012,4,14,Sam Jones,3,447,17,141
2012,4,14,Kate Abbott,1,15,0,16
2012,4,14,Will Hayler at Malton,1,0,0,4
2012,4,14,Sarah Parfitt,1,48,0,2
2012,4,14,Tony Paley,8,4,0,78
2012,4,14,Marc Abrahams,1,43,3,21
2012,4,14,Presented by James Richardson,2,43,0,32
2012,4,14,produced by Ben Green,2,43,0,32
2012,4,14,Kate Molleson,1,5,0,18
2012,4,14,Ed Pilkington,7,6558,31,588
2012,4,14,Dominic Rushe,11,204,5,189
2012,4,14,Paul Harris,7,3378,27,777
2012,4,14,Afua Hirsch,2,104,0,25
2012,4,14,Sheriff Bojang Jr,1,32,0,4
2012,4,14,Saeed Kamali Dehghan,5,1570,16,472
2012,4,14,Ian Traynor,6,174,6,74
2012,4,14,Mark King,4,116,5,214
2012,4,14,Jeremy Kay,1,24,0,24
2012,4,14,John Burn-Murdoch,3,598,3,125
2012,4,14,Richard Gott,1,9,0,9
2012,4,14,Alex Slater,1,2,1,4
2012,4,14,Dan Milmo at Ellesmere Port,1,8,0,24
2012,4,14,Michael Cragg,6,230,0,135
2012,4,14,Allan Jenkins,1,1,0,15
2012,4,14,Fiona Harvey,3,225,0,242
2012,4,14,Andrew Dickson,1,55,1,20
2012,4,14,Michael Kaufman,1,370,0,75
2012,4,14,Richard Norton-Taylor,6,236,12,223
2012,4,14,Ruth Spencer,2,15,0,53
2012,4,14,Jo Confino for the <a href="http://www.guardian.co.uk/guardian-professional" title="Guardian Professional Network">Guardian Professional Network</a>,2,1310,5,91
2012,4,14,Steven Morris,7,1870,16,773
2012,4,14,Andrew Sparrow,10,1309,20,856
2012,4,14,Martin Kettle,3,54,3,77
2012,4,14,Paul Lester,7,448,4,172
2012,4,14,Maddy Costa,3,333,0,41
2012,4,14,Alfred Hickling,3,35,0,24
2012,4,14,John Fordham,5,13,0,46
2012,4,14,Lisa O'Carroll,9,437,10,475
2012,4,14,Lyn Gardner,6,114,0,98
2012,4,14,Matt Williams,9,1010,23,267
2012,4,14,Esther Addley,3,236,3,148
2012,4,14,Alan Paterson,1,18,0,25
2012,4,14,Chris Paterson,1,18,0,25
2012,4,14,Andrew Brown,2,64,1,32
2012,4,14,Ian Caddy,1,0,0,9
2012,4,14,Lee Hall,1,6,0,8
2012,4,14,Interviews by Dave Simpson,1,104,0,29
2012,4,14,Dan Milmo,13,1047,16,576
2012,4,14,Roger Cowell,1,5,0,5
2012,4,14,Edward Pearce,1,11,0,7
2012,4,14,Emily Drabble,1,68,0,24
2012,4,14,Steve Busfield,1,8,0,3
2012,4,14,Justin McGuirk,1,96,0,38
2012,4,14,Tania Branigan,4,233,14,214
2012,4,14,Luke Harding,4,99,8,109
2012,4,14,Jonathan Wolff,1,240,0,52
2012,4,14,Joris Luyendijk,3,70,9,72
2012,4,14,Raymond Tallis,1,17,0,12
2012,4,14,Ewan Murray,7,95,0,118
2012,4,14,Harriet Swain,1,10,0,34
2012,4,14,Greg Wood,2,7,0,24
2012,4,14,Michael White,7,288,1,147
2012,4,14,Alex Needham,5,291,0,144
2012,4,14,Estelle Morris,1,27,0,35
2012,4,14,Ewen MacAskill,9,1155,19,245
2012,4,14,Sarah Posner,1,89,5,19
2012,4,14,Janet Murray,2,10,0,12
2012,4,14,Martin Robbins,1,696,19,243
2012,4,14,Gary Younge,2,1929,22,235
2012,4,14,Patrick Kingsley,6,806,15,303
2012,4,14,Laura Marcus,1,100,0,76
2012,4,14,Julia Raeside,3,16,1,25
2012,4,14,Ben Arnold,1,0,1,3
2012,4,14,Gwilym Mumford,2,2,1,20
2012,4,14,Jonathan Wright,2,0,1,7
2012,4,14,Leo Hickman,3,305,7,269
2012,4,14,Jon Henley,5,742,15,237
2012,4,14,Aditya Chakrabortty,1,107,1,43
2012,4,14,Dan Sabbagh,6,465,10,665
2012,4,14,Zoe Wood,5,219,7,222
2012,4,14,Polly Toynbee,2,155,2,87
2012,4,14,Paul Evans,1,26,0,17
2012,4,14,Susanna Jones,1,236,3,38
2012,4,14,Michele Hanson,2,85,0,43
2012,4,14,Tanya Gold,1,62,0,27
2012,4,14,Geoffrey Wheatcroft,1,5,0,8
2012,4,14,Katy Roberts,3,1078,4,566
2012,4,14,John Crace,3,73,5,67
2012,4,14,Harry J Enten,3,66,1,78
2012,4,14,Dominic Fifield,6,76,0,138
2012,4,14,Ian Sample,6,641,18,360
2012,4,14,John Ashdown,3,50,1,98
2012,4,14,Kevin McCarra,3,17,0,66
2012,4,14,Paul Weaver,1,1,0,2
2012,4,14,Daniel Brennan,1,18,2,37
2012,4,14,Daniel Taylor at Old Trafford,1,26,0,25
2012,4,14,Editorial,18,416,8,615
2012,4,14,Andy Hunter at Old Trafford,2,55,0,90
2012,4,14,David Leigh,2,621,35,596
2012,4,14,Andy Hunter,7,135,0,211
2012,4,14,Lizz Winstead,1,77,1,28
2012,4,14,Jim Newell,5,83,4,171
2012,4,14,Richard Williams,3,55,1,27
2012,4,14,Donald McRae,1,41,0,39
2012,4,14,Jonathan Wilson,2,154,5,110
2012,4,14,Martha Davis,3,30,0,26
2012,4,14,Timothy Jost,1,10,0,3
2012,4,14,Tom Keck,2,20,0,11
2012,4,14,Scott Lemieux,3,30,0,26
2012,4,14,Sara Rosenbaum,2,20,0,11
2012,4,14,Philip Inman,1,5,0,40
2012,4,14,Gwyn Topham,8,293,5,273
2012,4,14,Paul Scruton,1,48,1,59
2012,4,14,Steve Bell,6,245,5,111
2012,4,14,Conal Urquhart,4,823,6,472
2012,4,14,Randeep Ramesh,2,1108,13,417
2012,4,14,Reuters,2,37,0,41
2012,4,14,Debbie Andalo,1,5,0,36
2012,4,14,Olivier De Schutter,1,120,4,90
2012,4,14,Mark Smith,1,72,0,13
2012,4,14,Alan Sykes,1,5,0,48
2012,4,14,Paul Hoskins,1,7,0,43
2012,4,14,Robert Kitson,9,93,0,83
2012,4,14,Ian Carter,1,0,0,5
2012,4,14,Sarah Colborne,1,395,0,39
2012,4,14,Spartacus,1,0,0,16
2012,4,14,Neil Merrick,1,1,0,8
2012,4,14,Sherbet,1,6294,15,626
2012,4,14,Fonic,1,6294,15,626
2012,4,14,Murat Yildirim,1,6294,15,626
2012,4,14,Guy Grandjean,1,6294,15,626
2012,4,14,Maggie O'Kane,1,6294,15,626
2012,4,14,Nooshin Agahi,1,6294,15,626
2012,4,14,Jacqui Timberlake,1,6294,15,626
2012,4,14,Kim Manning Cooper,1,6294,15,626
2012,4,14,Alistair Burns,1,22,0,29
2012,4,14,Graham Readfearn,1,284,5,216
2012,4,14,Rupert Neate,9,502,14,741
2012,4,14,Designed by Lorraine Teigland,1,635,6,82
2012,4,14,Scott Murray,6,108,3,259
2012,4,14,Chris Murphy,1,31,0,39
2012,4,14,Martin Webber,1,9,0,23
2012,4,14,Liza Ramrayka,1,7,0,26
2012,4,14,Sue Quinn,1,924,10,231
2012,4,14,Stuart Heritage,3,955,3,115
2012,4,14,Alastair Sawday,1,120,0,34
2012,4,14,Christian Bennett,1,120,0,34
2012,4,14,Dany Louise,1,6,0,23
2012,4,14,Margaret Chambers,1,0,0,6
2012,4,14,Nicola Holbrook,1,0,0,0
2012,4,14,Sam Underwood,1,14,0,43
2012,4,14,Julia Eccleshare,1,0,0,4
2012,4,14,Jon Ronson,1,158,1,125
2012,4,14,Lucy Greenwell,1,158,1,125
2012,4,14,Remy Lamont,1,158,1,125
2012,4,14,Josephine Moulds,7,112,4,266
2012,4,14,Len McCluskey,1,288,0,69
2012,4,14,Gill Hitchcock,3,35,0,68
2012,4,14,Patrick Collinson,4,50,1,149
2012,4,14,John Kampfner,1,26,2,115
2012,4,14,Guardian music,2,221,1,59
2012,4,14,Nicholas Lezard,1,11,0,23
2012,4,14,Ben Shave,1,49,0,46
2012,4,14,Sam O'Neill,2,15,0,23
2012,4,14,Hannah Fearn,3,84,0,88
2012,4,14,World Business Council for Sustainable Development,2,11,1,26
2012,4,14,Amy Fleming,1,140,0,28
2012,4,14,SaiWish0221,1,1,0,23
2012,4,14,Jo Best,2,1,0,11
2012,4,14,Michael Green,1,52,0,60
2012,4,14,Denis Campbell,4,843,9,471
2012,4,14,Michael Billington,4,169,0,103
2012,4,14,Liz Ford,3,96,1,76
2012,4,14,Jessica Reed,1,2,0,7
2012,4,14,Brian Whitaker,5,172,2,325
2012,4,14,Ole Alsaker,3,266,0,83
2012,4,14,Alex Rees,4,160,0,93
2012,4,14,Graham Snowdon for the <a href="http://www.guardian.co.uk/guardian-professional" title="Guardian Professional Network">Guardian Professional Network</a>,1,13,1,16
2012,4,14,Alastair Hatchett,1,10,0,11
2012,4,14,Kenneth O Morgan,1,23,0,14
2012,4,14,Larry Elliott,7,153,3,144
2012,4,14,Dugald Baird,2,81,0,108
2012,4,14,Steve Rose,4,455,2,185
2012,4,14,Carlene Firmin,1,136,0,49
2012,4,14,Liz Kendall,1,33,2,26
2012,4,14,Barbara Lamplugh,1,1,0,5
2012,4,14,Sandrine Morel,1,44,0,37
2012,4,14,Claire Guillot,1,23,0,30
2012,4,14,Andrew Chambers,1,246,0,58
2012,4,14,Will Nichols for <a href="http://www.businessgreen.com/" title="">BusinessGreen</a>,1,4,0,28
2012,4,14,part of the <a href="http://www.guardian.co.uk/environment/network" title="">Guardian Environment Network</a>,1,4,0,28
2012,4,14,Barney Ronay,2,2,0,32
2012,4,14,John Stewart,1,52,0,47
2012,4,14,Staff,11,494,13,450
2012,4,14,Rian Evans,1,3,0,12
2012,4,14,Alan Travis,1,40,0,39
2012,4,14,Marcus Christenson,4,948,1,242
2012,4,14,Chris Cross,1,115,0,64
2012,4,14,Tara Conlan,2,71,4,171
2012,4,14,Katharine Ainger,1,877,6,139
2012,4,14,Daniel Bettridge,2,52,3,50
2012,4,14,Alison Flood,12,1763,21,588
2012,4,14,guardian.co.uk,1,8,0,4
2012,4,14,Janice Gwilliam,1,8,0,35
2012,4,14,SuperEva,2,0,0,22
2012,4,14,David Brindle,2,14,0,42
2012,4,14,Stafford Scott,1,248,0,50
2012,4,14,Abby Deveney,1,12,0,0
2012,4,14,Sheila Morcombe,1,1,0,10
2012,4,14,Kate McCann,4,15,0,45
2012,4,14,Mary O'Hara,1,103,0,44
2012,4,14,Tim Dixon for the <a href="http://www.guardian.co.uk/guardian-professional" title="Guardian Professional Network">Guardian Professional Network</a>,1,8,2,25
2012,4,14,Chris Smith,2,4,0,44
2012,4,14,Elli Narewska,1,14,0,5
2012,4,14,Susan Gentles,1,14,0,5
2012,4,14,Mariam Yamin,1,14,0,5
2012,4,14,Simon Hattenstone,1,17,0,28
2012,4,14,George Irvin,1,232,3,63
2012,4,14,for <a href="http://www.social-europe.eu" title="">Social Europe Journal</a>,1,232,3,63
2012,4,14,part of the <a href="http://www.guardian.co.uk/commentisfree/series/guardian-comment-network" title="">Guardian Comment Network</a>,1,232,3,63
2012,4,14,Richard Wachman,3,35,0,56
2012,4,14,Russell Cunningham,1,57,0,40
2012,4,14,Jason Perks,1,19,0,10
2012,4,14,Samantha Parsons for the <a href="http://www.guardian.co.uk/guardian-professional" title="Guardian Professional Network">Guardian Professional Network</a>,1,19,0,10
2012,4,14,John Vidal,2,269,6,203
2012,4,14,Canan Marasligil,1,144,2,35
2012,4,14,Alison Benjamin,2,224,6,74
2012,4,14,Jess Cartner-Morley,3,57,0,82
2012,4,14,Owen Gibson,7,32,0,131
2012,4,14,Charles Gant,2,131,2,63
2012,4,14,Jordan Bishop,2,86,1,45
2012,4,14,David Mills,4,0,0,0
2012,4,14,Aleks Krotoski,2,91,1,143
2012,4,14,Sarah Levitt,1,18,0,14
2012,4,14,David Clitheroe,1,0,0,13
2012,4,14,Presented by Lucy Lamble,1,66,1,21
2012,4,14,produced by Iain Chambers,1,66,1,21
2012,4,14,The people's panel,1,11,0,67
2012,4,14,Rob Bagchi,2,3,0,24
2012,4,14,Cory Doctorow,1,344,20,156
2012,4,14,Damian Carrington,3,1774,35,429
2012,4,14,Alia Waheed,1,41,0,92
2012,4,14,Dorian Lynskey,1,53,0,32
2012,4,14,Hunter Felt,2,13,0,15
2012,4,14,Harriet Sherwood,2,663,9,97
2012,4,14,Alex Healey,2,202,4,46
2012,4,14,Mustafa Khalili,1,195,4,43
2012,4,14,Adam Vaughan,3,1326,13,548
2012,4,14,Juliette Jowit,3,82,2,228
2012,4,14,Phil Sutcliffe,1,19,0,13
2012,4,14,Martin Thomas,1,0,0,0
2012,4,14,Tamasin Cave,1,20,0,12
2012,4,14,Lucy Reed on <a href="http://pinktape.co.uk" title="">Pink Tape</a>,1,0,0,3
2012,4,14,part of the <a href="http://www.guardian.co.uk/law/series/guardian-legal-network" title="">Guardian Legal Network</a>,2,20,3,32
2012,4,14,Sue Cameron,1,16,0,17
2012,4,14,Simon Bowers,4,546,1,158
2012,4,14,Margaret Bruce,1,4,1,34
2012,4,14,Priscilla Kwateng,1,0,0,16
2012,4,14,Alexis Petridis,3,255,6,101
2012,4,14,Mark Fisher,1,13,0,13
2012,4,14,Ben Dowell,4,214,7,168
2012,4,14,Phillip Inman,6,997,13,600
2012,4,14,Jonathan Turley,1,12,0,14
2012,4,14,Danny Dorling,1,25,0,27
2012,4,14,Michael Goodman,1,3,1,35
2012,4,14,Elisabeth Mahoney,1,126,0,14
2012,4,14,Interview by Laura Barnett,1,20,1,21
2012,4,14,Jack Shenker,10,1681,23,619
2012,4,14,Dom Gilchrist,1,56,7,60
2012,4,14,Anne Karpf,1,438,9,128
2012,4,14,Ian Black,4,157,8,103
2012,4,14,Lars Eriksen,3,221,2,69
2012,4,14,Caroline Davies,3,270,4,141
2012,4,14,Jeevan Vasagar,7,796,9,666
2012,4,14,Lauren Cochrane,1,7,0,8
2012,4,14,Harry Venning,1,7,0,5
2012,4,14,David Stubbs,2,17,0,35
2012,4,14,Hannah Verdier,2,16,0,22
2012,4,14,Andrew Mueller,1,16,0,9
2012,4,14,Ali Catterall,2,16,0,13
2012,4,14,Martin Skegg,2,16,0,13
2012,4,14,Sarah Phillips,3,1077,13,374
2012,4,14,Johnny Sharp,1,233,1,84
2012,4,14,As seen by Catherine Bennett,1,3,0,13
2012,4,14,Mike Averis,3,10,0,13
2012,4,14,Simon Jenkins,1,28,1,49
2012,4,14,Jonny Weeks,2,24,1,38
2012,4,14,Suzanne Goldenberg,1,83,0,53
2012,4,14,Virginia Spiers,1,4,0,31
2012,4,14,Michael Wolff,1,153,22,544
2012,4,14,Robert Booth,1,17,1,43
2012,4,14,Sean Ingle,1,6,0,21
2012,4,14,Daniel Taylor at Estádio da Luz,1,11,0,43
2012,4,14,Kevin McCarra at White Hart Lane,1,6,0,14
2012,4,14,Ewan Murray at the Stadium of Light,1,11,0,14
2012,4,14,Amy Lawrence at White Hart Lane,1,2,0,22
2012,4,14,Tom Jenkins,2,12,0,32
2012,4,14,Dominic Fifield at Estádio da Luz,2,116,2,77
2012,4,14,Sam Wollaston,4,58,2,57
2012,4,14,Paul MacInnes,2,41,0,38
2012,4,14,Tom Meltzer,2,41,0,54
2012,4,14,Richard Williams at Esdádio da Luz,1,8,0,25
2012,4,14,Frank Keating,1,18,0,12
2012,4,14,New York,1,10,0,22
2012,4,14,Helen Pidd,6,652,5,215
2012,4,14,Mark Hall,1,10,0,15
2012,4,14,Patrick Butler,4,100,4,223
2012,4,14,Fiona Bawdon,1,656,6,302
2012,4,14,Jessica Shepherd,2,409,6,325
2012,4,14,Caron Bradshaw,1,2,2,6
2012,4,14,Virginia Wallis,2,0,0,48
2012,4,14,Mat Heywood,1,513,6,61
2012,4,14,Hélène Mulholl,2,490,9,263
2012,4,14,,5,874,14,680
2012,4,14,Michael Parkin,1,2,0,7
2012,4,14,James Randerson,1,104,12,219
2012,4,14,Peter Beresford,1,60,2,23
2012,4,14,Simon Burnton,3,201,2,121
2012,4,14,SuperBen,1,0,0,6
2012,4,14,Robert Ashton,1,39,0,9
2012,4,14,Ron Glatter,1,32,2,53
2012,4,14,Mike Booker,1,0,0,16
2012,4,14,Will Tuckley,1,2,0,1
2012,4,14,Stuart Kelly,1,22,1,23
2012,4,14,Chris Naylor,1,1,0,18
2012,4,14,Trevor Payne,1,2,2,17
2012,4,14,Dr David Pencheon,1,2,2,17
2012,4,14,Melissa Petro,1,819,9,65
2012,4,14,Allison Guy for <a href="http://amsterdam-magazine.com" title="Amsterdam Magazine">Amsterdam Magazine</a>,1,181,1,66
2012,4,14,part of the <a href="http://www.guardian.co.uk/travel/series/guardian-travel-network" title="Guardian Travel Network">Guardian Travel Network</a>,1,181,1,66
2012,4,14,Damien Walter,1,130,6,103
2012,4,14,Cliff Mills,1,0,0,0
2012,4,14,Claire Tostevin,1,0,0,0
2012,4,14,Alastair Lee,1,709,5,114
2012,4,14,Georgia Brown,1,709,5,114
2012,4,14,Chris Cross &amp; Benji Lanyado,1,709,5,114
2012,4,14,Rick Peters,2,159,0,61
2012,4,14,Benjamen Walker,1,146,3,49
2012,4,14,Matthew Caines,2,11,0,43
2012,4,14,Clar Ni Chonghaile,2,115,5,77
2012,4,14,Michael Chessum,1,125,0,35
2012,4,14,Joanna Moorhead,1,137,0,25
2012,4,14,Katie Allen,3,96,2,156
2012,4,14,Rhiannon Batten,2,79,0,61
2012,4,14,Rachael Oakden,3,55,0,60
2012,4,14,<strong><a href="http://www2.lse.ac.uk/GranthamInstitute">Grantham Research Institute</a></strong>,1,19,7,57
2012,4,14,Duncan Clark,1,19,7,57
2012,4,14,Tony Naylor,3,128,0,67
2012,4,14,Jonathan Knight,1,63,0,21
2012,4,14,Richard Johnson,1,152,1,107
2012,4,14,Anna-Marie Crowhurst,1,78,0,51
2012,4,14,Jaz Cummins,1,1,0,6
2012,4,14,Mike Innerdale,2,282,1,58
2012,4,14,Mary Creagh,1,72,1,67
2012,4,14,Glenn Patterson,1,66,1,40
2012,4,14,Jim Griffin,3,12,0,126
2012,4,14,Les Roopanarine,1,109,0,30
2012,4,14,Isabel Choat,1,93,1,41
2012,4,14,Martin Shuttleworth,1,93,1,41
2012,4,14,Jonathan Richards,1,93,1,41
2012,4,14,Bruno Pereira,1,8,1,45
2012,4,14,David Runciman,1,4,0,19
2012,4,14,Editor,1,67,4,54
2012,4,14,Mun-Keat Looi,1,28,0,24
2012,4,14,Philip Jones,1,85,4,168
2012,4,14,Victoria Bekiempis,1,220,4,22
2012,4,14,Andrew Pulver,8,1152,2,334
2012,4,14,Johnny Dee,2,10,0,6
2012,4,14,Richard Wakeford,1,3,0,6
2012,4,14,Brian Braiker,3,444,2,105
2012,4,14,Angela Hartnett,1,17,0,9
2012,4,14,Claire Armitstead,2,3,0,19
2012,4,14,Vicki Helyar-Cardwell,1,8,0,17
2012,4,14,Lucy Chambers,1,107,17,207
2012,4,14,Oliver Laughland,2,176,0,60
2012,4,14,Glenn Smith,1,18,0,23
2012,4,14,Linton Kwesi Johnson,1,180,0,40
2012,4,14,Angelique Chrisafis,4,639,11,221
2012,4,14,Lisa Bachelor,4,9,0,85
2012,4,14,Jane Eisner,1,11,0,31
2012,4,14,Mark Lawson,2,37,0,46
2012,4,14,James Kingsland,1,35,5,72
2012,4,14,Marc Almond,1,100,1,42
2012,4,14,Shelagh McKinlay,1,23,0,32
2012,4,14,Henry Barnes,5,584,3,171
2012,4,14,David Lengel,2,15,1,20
2012,4,14,Sade Laja,4,30,2,178
2012,4,14,Leo Benedictus,1,1,1,12
2012,4,14,Rachel Holmes,1,36,0,13
2012,4,14,ijaz,1,0,0,4
2012,4,14,John Elkington for the <a href="http://www.guardian.co.uk/guardian-professional" title="Guardian Professional Network">Guardian Professional Network</a>,1,0,0,0
2012,4,14,Joseph Harker,1,108,2,68
2012,4,14,Howard Sooley,1,4,1,11
2012,4,14,Jérémie Fosse for the <a href="http://www.guardian.co.uk/guardian-professional" title="Guardian Professional Network">Guardian Professional Network</a>,1,0,0,12
2012,4,14,Angus MacCulloch for <a href="http://eutopialaw.com/" title="">EUtopia law</a>,1,20,3,29
2012,4,14,Alexis Soloski,1,17,0,16
2012,4,14,James Partridge,1,90,0,15
2012,4,14,Cameron Robertson,2,86,0,58
2012,4,14,Stephen Moss,2,348,1,82
2012,4,14,Andrew Freedman for <a href="http://www.climatecentral.org/">Climate Central</a>,1,22,1,37
2012,4,14,part of the <a href="http://www.guardian.co.uk/environment/network" title="Guardian Environment Network">Guardian Environment Network</a>,2,33,4,56
2012,4,14,Shirley Williams,1,6,0,8
2012,4,14,Paul Bettany,1,141,3,63
2012,4,14,Mark Brown,1,99,6,33
2012,4,14,Peter Sale,1,70,2,27
2012,4,14,Giles Tremlett,4,2128,13,527
2012,4,14,Duncan Campbell,1,12,1,13
2012,4,14,Rick Gekoski,1,77,3,44
2012,4,14,Paul Doyle,4,39,1,93
2012,4,14,Steven Schwartz,1,45,6,196
2012,4,14,Matthew Weaver,2,18,2,127
2012,4,14,Michael Duff,1,62,3,81
2012,4,14,Andrew Clements,7,18,0,97
2012,4,14,Greg Wood at Meydan,7,46,0,57
2012,4,14,Robin Denselow,3,103,2,64
2012,4,14,Corinne,1,3,0,3
2012,4,14,Millie,1,3,0,3
2012,4,14,aged 5,1,3,0,3
2012,4,14,Claire Ramtuhul,1,17,0,14
2012,4,14,Naomi Wolf,1,1468,14,240
2012,4,14,Trefor Davies,1,22,8,251
2012,4,14,Bim Adewunmi,1,716,8,138
2012,4,14,Phil Hoad,2,42,0,55
2012,4,14,David Lan,1,63,2,58
2012,4,14,Ranj Alaaldin,1,373,0,13
2012,4,14,Eliza Anyangwe,2,34,0,99
2012,4,14,John Baron,1,17,0,46
2012,4,14,Laura Barnett,2,466,2,128
2012,4,14,Graeme Wearden,2,2378,13,430
2012,4,14,David Conn,2,33,1,75
2012,4,14,Roy Mayall,1,176,1,38
2012,4,14,Rupert Jones,3,8,2,78
2012,4,14,Nick Poole,1,3,0,12
2012,4,14,Jonny Medland,1,6,1,33
2012,4,14,Ian Gittins,1,3,0,8
2012,4,14,Sanjoy Roy,1,9,0,25
2012,4,14,Ab Osterhaus,1,22,5,43
2012,4,14,Guardian fashion,1,15,0,34
2012,4,14,Zoe Williams,5,525,10,279
2012,4,14,Michelle Pauli,1,23,1,26
2012,4,14,Suzanne Moore,1,225,1,146
2012,4,14,Kate Hodal,1,269,3,59
2012,4,14,John Robinson,1,0,0,4
2012,4,14,Hero Melia,1,223,0,59
2012,4,14,Tim Dowling,2,10,6,169
2012,4,14,Daniel Taylor,8,668,5,739
2012,4,14,Matt Shardlow,1,1,0,20
2012,4,14,Timothy Garton Ash,1,39,5,13
2012,4,14,Matt Seaton,1,29,1,63
2012,4,14,Richard Williams at San Siro,1,27,0,29
2012,4,14,Sahil Kapur for<a href="http://tpmdc.talkingpointsmemo.com/2012/03/are-conservatives-getting-punkd-by-scotus-on-obamacare.php"> Talking Points Memo</a>,1,270,3,8
2012,4,14,Heidi Stephens,1,20,0,14
2012,4,14,Sadhbh Walshe,1,114,6,69
2012,4,14,David Batty,2,46,2,155
2012,4,14,Ryan Devereaux,4,801,11,249
2012,4,14,John Hooper,1,33,0,22
2012,4,14,Richard Luscombe,3,872,16,221
2012,4,14,Kate Stanley,1,23,0,84
2012,4,14,Eric Allison,1,32,3,53
2012,4,14,Alex Aldridge,1,75,1,42
2012,4,14,Simon Kerss,1,31,0,17
2012,4,14,political reporter,2,53,2,66
2012,4,14,David Rogers,1,18,0,26
2012,4,14,Aiman.A,1,5,0,18
2012,4,14,Simon Winder,1,7,0,25
2012,4,14,Keith Cooper,1,3,0,10
2012,4,14,Judith Smith,1,6,2,31
2012,4,14,Will Davies,1,5,0,18
2012,4,14,Bob O'Hara,1,34,3,15
2012,4,14,Usman Ahmedani,1,240,2,22
2012,4,14,Phil Stewart,1,6,0,2
2012,4,14,Kevin Rushby,2,740,2,61
2012,4,14,Shiv Malik,6,1108,16,361
2012,4,14,Reni Eddo-Lodge,1,20,1,27
2012,4,14,Sunny Hundal,1,20,1,27
2012,4,14,Peter Tatchell,1,20,1,27
2012,4,14,Bob Burgess,1,6,0,25
2012,4,14,Maddy Potts,1,270,0,49
2012,4,14,Shiona Tregaskis,1,4,0,25
2012,4,14,Sarah Hynie,1,24,1,23
2012,4,14,Lisa Evans,1,10,1,22
2012,4,14,Patrick Hussey,1,21,8,113
2012,4,14,Claudia Cahalane,3,0,0,0
2012,4,14,Interview by Elizabeth Day,1,29,2,18
2012,4,14,Richard Seymour,1,1302,26,248
2012,4,14,Michael Hann,5,164,0,84
2012,4,14,Paul Brogden,1,221,1,34
2012,4,14,Ben Kape,1,221,1,34
2012,4,14,Andy Gallagher,3,241,1,72
2012,4,14,Michael Greenfield,1,221,1,34
2012,4,14,Calestous Juma,1,28,0,12
2012,4,14,Keza MacDonald,1,72,1,54
2012,4,14,James Murray for for <a href="http://www.businessgreen.com">BusinessGreen</a>,1,11,3,19
2012,4,14,Fiona Boddington,1,6,0,8
2012,4,14,Alice Bell,1,5,1,19
2012,4,14,Gillian Wearing,1,61,0,24
2012,4,14,Phelim O'Neill,4,30,0,44
2012,4,14,Isabel Hilton,1,310,2,40
2012,4,14,Paul Rees,2,1,1,5
2012,4,14,Tom Service,1,115,1,56
2012,4,14,Catherine Shoard,1,3442,4,98
2012,4,14,Stuart Rose for the <a href="http://www.guardian.co.uk/guardian-professional" title="Guardian Professional Network">Guardian Professional Network</a>,1,33,0,24
2012,4,14,Guardian social care network,1,13,0,19
2012,4,14,Chris Stephen,1,95,2,31
2012,4,14,John Plunkett,3,263,1,179
2012,4,14,Skye Sherwin,2,54,0,37
2012,4,14,Richard Nelsson,1,5,0,2
2012,4,14,David Shariatmadari,1,7,0,21
2012,4,14,Invisible Woman,1,3,0,23
2012,4,14,Johnjoe McFadden,1,127,10,115
2012,4,14,Jack Schofield,1,2,0,38
2012,4,14,David Walker,1,0,0,9
2012,4,14,Ranjit Dhaliwal,1,252,1,27
2012,4,14,Lant Pritchett,1,183,1,59
2012,4,14,Ashley Innis,1,0,0,0
2012,4,14,Tess Shellard,1,30,1,16
2012,4,14,Phil Shanks,1,0,0,17
2012,4,14,Eliane Glaser,2,139,7,79
2012,4,14,Sarah Hughes,1,439,4,23
2012,4,14,David Phipps,1,10,3,47
2012,4,14,Cheeseballs,1,1,0,5
2012,4,14,Bobby White,1,20,0,4
2012,4,14,William Lloyd-George,1,66,0,38
2012,4,14,Niger,1,66,0,38
2012,4,14,Tony Bradman,1,12,0,29
2012,4,14,Jenny Purt for the <a href="http://www.guardian.co.uk/guardian-professional" title="Guardian Professional Network">Guardian Professional Network</a>,1,39,1,52
2012,4,14,Amy Goodman,1,111,3,15
2012,4,14,Jon Dennis,2,13,0,19
2012,4,14,Tony Russell,1,180,1,22
2012,4,14,Guardian,1,84,4,78
2012,4,14,Phoebe Greenwood,1,95,2,30
2012,4,14,Words: Wade Williams,1,61,2,25
2012,4,14,Chris Hearn,1,1,0,14
2012,4,14,Helena Smith,2,294,2,85
2012,4,14,Stanley Johnson,1,365,5,47
2012,4,14,in Lyon,1,365,5,47
2012,4,14,Allison McVety,1,9,3,3
2012,4,14,Zaffar Kunial,1,6,1,9
2012,4,14,Samantha Wynne-Rhydderch,1,4,1,3
2012,4,14,Kate Connolly,2,4390,7,220
2012,4,14,Tom Lutz,4,41,0,31
2012,4,14,Presented by Jason Solomons with Xan Brooks,1,31,0,3
2012,4,14,produced by Jason Phipps,2,33,0,38
2012,4,14,National Institute for Health Research,1,0,0,3
2012,4,14,Robert McCrum,2,28,1,56
2012,4,14,James Ball,1,29,0,19
2012,4,14,Philippa McIntyre,1,82,0,14
2012,4,14,Christian Adofo,1,4,0,1
2012,4,14,Nicola,1,0,0,4
2012,4,14,Samuel,1,0,0,4
2012,4,14,aged 2,1,0,0,4
2012,4,14,The Register,1,3,0,1
2012,4,14,David Banks,1,11,2,18
2012,4,14,Guardian staff,2,80,0,73
2012,4,14,Helienne Lindvall,1,24,0,13
2012,4,14,Ben &amp; Jerry's,1,1,0,0
2012,4,14,Rob Evans,1,31,0,4
2012,4,14,Rob Evans Richard Norton-Taylor Emma Graham-Harrison,1,22,0,10
2012,4,14,Clive Stafford Smith,1,77,0,14
2012,4,14,Emma John,2,239,2,44
2012,4,14,Clive Bloom,1,167,3,22
2012,4,14,Tim Ashley,2,7,3,19
2012,4,14,Zoë Blackler,2,429,9,94
2012,4,14,Graeme Virtue,1,40,0,19
2012,4,14,Oliver Letwin,1,9,0,48
2012,4,14,Sam Bain,1,185,0,107
2012,4,14,Imogen Tilden,1,32,0,15
2012,4,14,<em>Elisabeth Mahoney</em>,1,5,0,19
2012,4,14,Sarah Deen,1,0,0,13
2012,4,14,Clare Considine,2,0,0,15
2012,4,14,Shaun Edwards,1,10,0,3
2012,4,14,Joe Moran,1,4,0,40
2012,4,14,Severin Carrell,4,82,0,98
2012,4,14,John Gilbey,1,3,1,54
2012,4,14,Tim Rich,2,180,2,110
2012,4,14,Dominic Gilchrist,1,3,2,13
2012,4,14,Caroline Sullivan,1,2,0,23
2012,4,14,Dave Simpson,1,30,1,24
2012,4,14,Harry Pearson,1,35,0,16
2012,4,14,James Richardson,1,16,0,29
2012,4,14,Matt Hall,1,16,0,29
2012,4,14,Rosie Niven,1,14,0,41
2012,4,14,Stephen Munga,1,91,0,53
2012,4,14,Andy Wilson,3,1,0,28
2012,4,14,Melody Hossaini,1,0,0,0
2012,4,14,Joseph Foley,1,3,0,3
2012,4,14,Mark Britnell,1,3,0,13
2012,4,14,Evil Mastermind,2,1,0,20
2012,4,14,Richard Vize,1,3,0,32
2012,4,14,Will Self,1,1732,16,297
2012,4,14,Scott Jordan Harris,1,1782,3,73
2012,4,14,John Dugdale,1,26,1,40
2012,4,14,Richard Ross,1,29,3,41
2012,4,14,Pat Richie,1,8,0,35
2012,4,14,Alex von Tunzelmann,1,10,0,18
2012,4,14,<strong>Alice Brennan</strong> of <a href="http://www.thenewyorkworld.com/">New York World</a>,1,352,5,118
2012,4,14,Nicholas Milton,1,142,0,68
2012,4,14,Lindsay Mackie,1,34,0,18
2012,4,14,Maurice Glasman,1,34,0,18
2012,4,14,Colin Matthews,1,24,0,30
2012,4,14,Lucy Halsall,1,3,1,28
2012,4,14,Michael Coveney,1,149,0,49
2012,4,14,Anthony Zacharzewski,1,4,0,21
2012,4,14,Harriet Harman,1,15,0,24
2012,4,14,Anna Conrad,1,31,0,46
2012,4,14,Valerie Pearce,1,4,0,18
2012,4,14,Edmund Gordon,1,43,0,14
2012,4,14,Miguel-Anxo Murado,1,46,0,18
2012,4,14,Rob Smyth,2,25,0,42
2012,4,14,Graham Hayday,1,18,0,39
2012,4,14,John Hilary,1,95,0,28
2012,4,14,Adam Corner,1,138,8,126
2012,4,14,James Dart,1,0,0,8
2012,4,14,David Lacey,1,13,0,10
2012,4,14,Sophie Wilkinson,1,1398,2,105
2012,4,14,Benedicte Page,1,13,0,26
2012,4,14,Rachel Dixon,2,1164,7,89
2012,4,14,Krazy Kesh,1,0,0,7
2012,4,14,Mario Ambrosi,1,1,0,48
2012,4,14,James Donaghy,1,70,0,24
2012,4,14,Kamran Hashemi,1,232,1,43
2012,4,14,Caroline Foley,1,2,0,26
2012,4,14,Ava Vidal,1,406,2,62
2012,4,14,Liam Kelly,2,0,0,51
2012,4,14,David Metcalfe,1,4,0,12
2012,4,14,Charlie Scott,1,2,0,20
2012,4,14,Margaret Wachenfeld for the <a href="http://www.guardian.co.uk/guardian-professional" title="Guardian Professional Network">Guardian Professional Network</a>,1,235,1,22
2012,4,14,Gillian Alcantara,1,28,0,13
2012,4,14,Lanre Bakare,1,59,0,29
2012,4,14,Noah Payne-Frank,1,7,0,3
2012,4,14,Mark Beaumont,1,17,0,19
2012,4,14,Philip Landau,1,43,0,134
2012,4,14,Phil Shiner,1,109,3,60
2012,4,14,Presented by Claire Armitstead,1,62,0,39
2012,4,14,Fiona Shaw,1,62,0,39
2012,4,14,produced by Tim Maby,1,62,0,39
2012,4,14,Rupert Sawyer,1,0,0,54
2012,4,14,Esmer Golluoglu,4,273,5,81
2012,4,14,Mary Douglas-Home,1,16,0,21
2012,4,14,Presented by Tom Clark,1,6,0,20
2012,4,14,produced by Phil Maynard,1,6,0,20
2012,4,14,Simon Less,1,6,0,45
2012,4,14,Sarah Kliff,1,2,0,34
2012,4,14,Andre Picard,1,2,0,34
2012,4,14,Ben Quinn,1,68,1,43
2012,4,14,Dan O'Hara,1,546,33,390
2012,4,14,Luke Robert Mason,1,546,33,390
2012,4,14,Laura Oliver,1,0,0,2
2012,4,14,Tom Clark,1,8,0,16
2012,4,14,Gill Phillips,1,0,0,0
2012,4,14,Claire Provost,1,80,0,67
2012,4,14,Rob Taylor,1,0,0,15
2012,4,14,Nick Ellerby,1,24,0,10
2012,4,14,John Holden,1,8,0,16
2012,4,14,Sarah Lee,1,70,0,28
2012,4,14,Harriet Gibsone,1,48,1,22
2012,4,14,Andrew Deutz for the <a href="http://www.guardian.co.uk/guardian-professional" title="Guardian Professional Network">Guardian Professional Network</a>,1,34,0,32
2012,4,14,Miriam Elder,1,19,1,32
2012,4,14,Sarah Churchwell,1,91,0,36
2012,4,14,Scotl,3,47,0,62
2012,4,14,Mike Smithson,1,3,0,6
2012,4,14,Simon Danczuk,1,1,1,5
2012,4,14,Natalia Antonova,1,542,8,65
2012,4,14,Sali Hughes,2,29,0,26
2012,4,14,Nat Saunders,1,16,0,12
2012,4,14,Daniel Keighron-Foster,1,0,1,2
2012,4,14,Martin Dunn,1,1,0,33
2012,4,14,John Ashdown (before,1,0,0,47
2012,4,14,after),1,0,0,47
2012,4,14,Simon Burnton (in the middle),1,0,0,47
2012,4,14,Kirsty Scott,1,13,0,18
2012,4,14,Rob Edwards,1,22,0,51
2012,4,14,Andrew Collins,1,4,0,9
2012,4,14,Ben Kepes for <a href="http://diversity.net.nz" title="">diversity.net.nz</a>,1,0,3,10
2012,4,14,Presented by John Plunkett,1,2,0,35
2012,4,14,with Dan Sabbagh,1,2,0,35
2012,4,14,Vicky Frost,1,2,0,35
2012,4,14,Jamie Jackson,2,98,0,130
2012,4,14,Kevin Jones,1,22,5,32
2012,4,14,Adrian Lovett,1,10,0,21
2012,4,14,Presented by Alexis Petridis,1,45,0,36
2012,4,14,Kieran Yates. Produced by Pascal Wyse,1,45,0,36
2012,4,14,Tom Dyckhoff,1,52,0,6
2012,4,14,Interview by Becky Barnicoat,1,68,1,70
2012,4,14,Angus,1,1,0,9
2012,4,14,Isobel,1,1,0,9
2012,4,14,Anna Tims,1,1,0,21
2012,4,14,Michael Keller for <a href="http://www.thenewyorkworld.com/">New York World</a>,1,21,1,14
2012,4,14,Elizabeth Truss,1,25,0,49
2012,4,14,Tom Cox,1,540,5,105
2012,4,14,Carlene Thomas-Bailey,1,67,2,40
2012,4,14,Xan Brooks,1,427,3,40
2012,4,14,Julie Bindel,1,183,1,43
2012,4,14,Jo Hill,1,0,0,0
2012,4,14,Peter McGrath,1,12,2,19
2012,4,14,Colin Tudge,1,87,0,76
2012,4,14,Jesse Jackson,1,255,1,49
2012,4,14,Alistair Smith,1,44,0,17
2012,4,14,George Galloway,1,308,0,80
2012,4,14,Paul Lewis,1,6746,39,2596
2012,4,14,Tom Kington,2,431,16,723
2012,4,14,Lynsey Hanley,1,23,0,13
2012,4,14,Lois Lee,1,39,1,49
2012,4,14,Andrew Martin,1,2,0,27
2012,4,14,Interview by Alexandra Topping,1,7,0,12
2012,4,14,Jim Perrin,1,3,0,27
2012,4,14,Interview by Emine Saner,1,17,0,40
2012,4,14,Kate Ravilious,1,0,0,12
2012,4,14,Deborah Orr,2,23,0,43
2012,4,14,Steven Poole,2,1,0,15
2012,4,14,Emma Kennedy,1,17,0,8
2012,4,14,Amelia Gentleman,2,105,5,93
2012,4,14,Sanjida O'Connell,1,18,0,24
2012,4,14,Lisa Allardice,1,93,0,37
2012,4,14,Ian Sansom,1,12,0,10
2012,4,14,John Mullan,2,20,0,24
2012,4,14,Francesca Segal,1,2,0,4
2012,4,14,Owen Hatherley,1,67,0,50
2012,4,14,Tom Holland,1,1384,12,225
2012,4,14,Emily Stokes,1,92,0,24
2012,4,14,Sam Leith,1,12,2,57
2012,4,14,Stephen Holmes,1,58,1,14
2012,4,14,Fran Brearton,1,27,0,18
2012,4,14,Catherine Taylor,1,15,0,4
2012,4,14,Justine Jordan,1,24,0,3
2012,4,14,Nicholas Royle,1,5,0,8
2012,4,14,Sue Arnold,1,1,0,1
2012,4,14,John Gray,1,113,2,19
2012,4,14,Iain Sinclair,1,79,0,18
2012,4,14,Nicholas Wroe,1,69,0,40
2012,4,14,Frances Spalding,1,31,1,19
2012,4,14,Tony Levene,1,2,0,16
2012,4,14,undefined,1,9,0,1
2012,4,14,Kevin Smith,1,1459,16,299
2012,4,14,Yotam Ottolenghi,1,45,0,1
2012,4,14,Dan Lepard,1,236,3,33
2012,4,14,Hugh Fearnley-Whittingstall,1,699,3,92
2012,4,14,Mary Beard,1,6,0,27
2012,4,14,Nick Hurst,1,63,0,5
2012,4,14,Fiona Beckett,1,2,0,8
2012,4,14,Becky Barnicoat. Portrait by <a href="http://emilystein.co.uk/" title="">Emily Stein </a>,1,7,0,5
2012,4,14,Alys Fowler,1,0,0,0
2012,4,14,Alts Fowler,1,6,0,4
2012,4,14,John Lanchester,1,9,0,18
2012,4,14,Thomas Eaton,1,2,0,2
2012,4,14,Jane Perrone,1,3,0,4
2012,4,14,Geoffrey Wadhurst,1,0,0,0
2012,4,14,Eric Klinenberg,1,3375,35,605
2012,4,14,Lucy Mangan,1,14,0,28
2012,4,14,Miles Brignall,2,9,0,6
2012,4,14,Jeremy Bullmore,1,0,0,2
2012,4,14,As told to Mark King,1,4,0,10
2012,4,14,Jill Papworth,1,2,0,75
2012,4,14,Caroline Ednie,1,18,0,20
2012,4,14,Leonard Barden,1,0,0,1
2012,4,14,The Secret Footballer,1,23,1,70
2012,4,14,Ana Marie Cox,1,12,4,26
2012,4,14,Rob Stewart at Kingston Park,1,0,0,4
2012,4,14,Jim Geraghty,1,7,0,21
2012,4,14,Penny Sarchet,1,5,0,3
2012,4,14,David Adam,1,0,0,0
2012,4,14,Annalisa Barbieri,1,11,0,14
2012,4,14,Charlie Condou,1,1,0,0
2012,4,14,Sarah Dempster,1,2,0,6
2012,4,14,Nick McGrath,1,73,0,31
2012,4,14,Robert Clark,1,13,0,18
2012,4,14,John Patterson,1,266,0,30
2012,4,14,Jon &amp; Mick/moderntoss.com,1,6,0,2
2012,4,14,Steven Appleby,1,1,0,1
2012,4,14,Richard Vine,2,556,7,63
2012,4,14,John Fordham &amp; John Robinson,1,12,0,4
2012,4,14,Interview by Nick McGrath,1,58,1,13
2012,4,14,Oliver James,1,27,0,20
2012,4,14,Rebecca Ley,1,42,2,20
2012,4,14,Bibi Lynch,1,439,2,125
2012,4,14,Tim Lott,1,8,0,18
2012,4,14,The Guide,2,10,0,3
2012,4,14,Grace Dent,1,22,0,61
2012,4,14,Ruth Saxelby,1,32,0,11
2012,4,14,Nick Gillet,1,3,0,40
2012,4,14,James Kettle,1,10,0,5
2012,4,14,Patric Baird,1,2,0,5
2012,4,14,John Mitchell,1,2,0,5
2012,4,14,Sam Richards &amp; Marc Rowlands,1,2,0,5
2012,4,14,Sam Richards,1,3,0,6
2012,4,14,Robert Clark &amp; Skye Sherwin,1,3,0,32
2012,4,14,Mark Cook,1,14,0,9
2012,4,14,Lyn Gardner &amp; Judith Mackrell,1,14,0,9
2012,4,14,Iain Aitch,1,5,0,29
2012,4,14,Stuart Goodwin &amp; Skye Sherwin,1,5,0,29
2012,4,14,Rosanna Greenstreet,1,29,0,26
2012,4,14,Robert Woodward,1,0,0,9
2012,4,14,Simon Hoggart,1,10,0,24
2012,4,14,Matt Britland,1,102,9,453
2012,4,14,Pinnochia,1,1,0,22
2012,4,14,Sherelle Jacobs,1,18,1,29
2012,4,14,Osama Diab,1,39,0,45
2012,4,14,Tariq Ali,1,589,0,69
2012,4,14,Paris Girl,1,1,0,21
2012,4,14,Damien Pearse,8,1730,15,872
2012,4,14,Peter Beaumont,2,1510,16,401
2012,4,14,Ian Mather,1,37,1,32
2012,4,14,Hannah Booth,1,452,3,48
2012,4,14,Nabila Ramdani,1,46,2,37
2012,4,14,Ewan Murray at Fir Park,1,0,0,13
2012,4,14,Matt Kennard,1,429,4,86
2012,4,14,Oliver Burkeman,1,39,1,48
2012,4,14,Tara,1,0,0,8
2012,4,14,Keely,1,0,0,8
2012,4,14,Russell Kempson at Villa Park,1,48,0,34
2012,4,14,Jamie Jackson at the Etihad Stadium,1,66,1,46
2012,4,14,Richard Rae at Molineux,1,1,0,18
2012,4,14,Andy Hunter at the DW Stadium,1,0,0,14
2012,4,14,Amy Lawrence at Loftus Road,2,29,0,48
2012,4,14,Michael Aylwin at Wembley,1,3,0,3
2012,4,14,Paul Doyle at Upton Park,1,7,0,21
2012,4,14,William Skidelsky,2,116,1,50
2012,4,14,Rosie Boycott,1,116,1,49
2012,4,14,Mark Townsend,3,2269,9,321
2012,4,14,Nial Briggs,1,0,0,13
2012,4,14,Tracy McVeigh,2,110,0,151
2012,4,14,Jamie Doward,2,243,7,229
2012,4,14,Tony Leighton,1,1,0,6
2012,4,14,Daniel Taylor at the Etihad Stadium,1,36,0,69
2012,4,14,Lisa O'Kelly,2,31,1,36
2012,4,14,Andy Wilson at Fenner's,1,0,0,9
2012,4,14,John Naughton,3,2377,114,1240
2012,4,14,Emma Mulqueeny,1,151,25,305
2012,4,14,Interviews by Killian Fox,1,44,0,63
2012,4,14,Gemma Kappala-Ramsamy,2,54,0,98
2012,4,14,Kathy Sweeney,1,44,0,63
2012,4,14,Denmark,1,174,0,49
2012,4,14,Toby Helm,2,46,0,47
2012,4,14,Mike Averis at The Rec,1,1,0,5
2012,4,14,Mia de Graaf,1,110,5,128
2012,4,14,Observer Sport staff,3,36,2,43
2012,4,14,David Hills,1,14,0,11
2012,4,14,Eddie Butler,1,10,0,4
2012,4,14,Fernando Duarte,1,73,0,29
2012,4,14,Linda Buckley-Archer,1,6,0,18
2012,4,14,Margaret Dibben,2,0,0,21
2012,4,14,Joe Berger &amp; Pascal Wyse,1,3,0,8
2012,4,14,Amy Lawrence,1,44,1,49
2012,4,14,William Fotheringham,1,21,0,18
2012,4,14,Bob Garfield,1,17,1,79
2012,4,14,Tom Lamont,1,491,3,44
2012,4,14,Philip French,8,80,1,37
2012,4,14,Rhik Samadder,1,176,0,146
2012,4,14,Ben Hutchinson,1,1,0,0
2012,4,14,Kevin Fong,1,8,1,53
2012,4,14,Iain Dodsworth,1,8,1,53
2012,4,14,Dallas Campbell,1,8,1,53
2012,4,14,Philip Womack,1,3,0,0
2012,4,14,Andrew Rawnsley,1,60,0,65
2012,4,14,Barbara Ellen,1,10,0,8
2012,4,14,Lauren Laverne,1,48,0,21
2012,4,14,Jason Solomons,1,17,0,2
2012,4,14,Elizabeth Day,4,204,1,149
2012,4,14,Anna Baddeley,1,8,2,36
2012,4,14,Interview by Ian Tucker,1,118,4,30
2012,4,14,Alexander Linklater,1,64,5,57
2012,4,14,Talitha Stevenson,1,7,0,2
2012,4,14,Fiona Maddocks,2,1,0,20
2012,4,14,Marcus du Sautoy,1,273,58,351
2012,4,14,Interview by Tim Adams,1,404,2,12
2012,4,14,Joanne O'Connor,1,5,0,21
2012,4,14,Eva Wiseman,2,13,0,13
2012,4,14,Sean O'Hagan,2,262,2,82
2012,4,14,Peter Preston,2,4,0,78
2012,4,14,David Mitchell,1,100,3,206
2012,4,14,Nicholas Kenyon,1,1,0,0
2012,4,14,Robin McKie Science Editor,1,132,2,63
2012,4,14,Chris Riddell,1,44,0,10
2012,4,14,Megan Conner,1,11,0,6
2012,4,14,Laura Cumming,1,11,0,4
2012,4,14,Kitty Empire,4,37,3,28
2012,4,14,Alexander Larman,1,0,0,0
2012,4,14,Geraldine Brennan,1,27,0,13
2012,4,14,Nigel Slater,2,104,1,26
2012,4,14,Mark Kermode,1,9,0,2
2012,4,14,Stephen Pritchard,1,0,0,0
2012,4,14,Kate Kellaway,1,9,0,1
2012,4,14,Hermione Hoby,1,0,0,4
2012,4,14,Killian Fox,1,0,0,4
2012,4,14,Neil Spencer,1,0,0,3
2012,4,14,Dave Gelly,1,1,0,3
2012,4,14,Zoe Tipler,1,5,0,0
2012,4,14,Ryan Knighton,1,152,1,62
2012,4,14,David Williams,1,9,0,3
2012,4,14,Lucy Siegle,1,46,0,37
2012,4,14,Katharine Whitehorn,1,0,0,0
2012,4,14,Dan Pearson,1,8,0,13
2012,4,14,Mariella Frostrup,1,2,0,1
2012,4,14,Candice Pires,1,4,0,0
2012,4,14,Gay Dad,1,0,0,0
2012,4,14,Shahesta Shaitly,2,540,2,103
2012,4,14,Will&nbsp;Freeman,1,0,0,13
2012,4,14,Matt Kamen,1,0,0,16
2012,4,14,Nathan Ditum,1,0,0,23
2012,4,14,Will Freeman,1,2,0,23
2012,4,14,Rowan Moore,1,31,2,18
2012,4,14,Paul Mardles,1,0,0,5
2012,4,14,Interview by Natalie Woolman,1,12,0,3
2012,4,14,Observer,1,0,0,9
2012,4,14,Miranda Sawyer,1,16,0,8
2012,4,14,Andrew Anthony,1,1,0,9
2012,4,14,Andrew Kelly,1,32,0,59
2012,4,14,Nick Cohen,1,266,2,54
2012,4,14,Andrew Gimson,1,16,2,14
2012,4,14,Kevin McKenna,1,10,0,7
2012,4,14,Will Hutton,1,233,10,211
2012,4,14,Observer critics,1,38,1,65
2012,4,14,Jo Jones,1,9,0,13
2012,4,14,Helen Seamons,1,9,0,13
2012,4,14,Dalya Alberge,1,28,1,41
2012,4,14,Dr Gerry Mander,1,7,0,1
2012,4,14,Luke Jennings,1,3,0,3
2012,4,14,Susannah Clapp,1,5,0,6
2012,4,14,Kim Willsher Paris,1,87,4,14
2012,4,14,Robin McKie,1,81,0,32
2012,4,14,Luis Garicano,1,24,0,37
2012,4,14,Hephzibah Anderson,1,16,0,21
2012,4,14,Jay Rayner,1,12,0,33
2012,4,14,Richard Rogers,1,12,1,33
2012,4,14,Lauren Niland,1,5,1,6
2012,4,14,Catherine Bennett,1,211,0,62
