year,month,week,name,articles,facebook,googleplus,twitter
2012,6,24,Graham Parker,4,24,4,71
2012,6,24,David Lengel,2,7,0,18
2012,6,24,Keith Stuart,17,301,33,1869
2012,6,24,Steve Busfield,4,28,0,22
2012,6,24,AP,2,3,0,11
2012,6,24,Oliver Thring,1,38,2,52
2012,6,24,Agencies,7,817,16,555
2012,6,24,Islamabad,1,496,9,289
2012,6,24,Esther Addley,2,38,0,42
2012,6,24,Peter Walker,3,321,11,234
2012,6,24,Conal Urquhart,6,424,18,524
2012,6,24,agencies,17,1217,56,1114
2012,6,24,Ambrose Heath,1,2,0,7
2012,6,24,Alan Cleaver,1,12,0,31
2012,6,24,Neil Clark,1,15,2,29
2012,6,24,Press Association,127,3398,85,2876
2012,6,24,Tom Palmer,1,19,2,54
2012,6,24,Evan Fanning,1,29,1,23
2012,6,24,Jacob Steinberg,5,166,7,166
2012,6,24,Associated Press,46,2898,123,2113
2012,6,24,Polly Higgins,1,84,5,58
2012,6,24,Roz Kaveney,1,12,1,11
2012,6,24,Matthew Fell,1,1,0,24
2012,6,24,Nick Pearce,1,1,0,24
2012,6,24,Andrew Sparrow,3,1,0,14
2012,6,24,Guardian readers,10,91,5,189
2012,6,24,Caspar Llewellyn Smith,2,893,14,164
2012,6,24,Tjala,2,1,0,12
2012,6,24,Bjørn Lomborg,1,36,2,85
2012,6,24,Oliver Laughl,1,456,4,108
2012,6,24,,6,2177,32,868
2012,6,24,Phil Maynard,1,456,4,108
2012,6,24,James Richardson,5,3838,49,454
2012,6,24,Damn Fine Media,7,4043,64,498
2012,6,24,Ron Singer,1,68,3,37
2012,6,24,Adam Boult,6,50,2,116
2012,6,24,Corrections,6,178,1,11
2012,6,24,Kate McCann,3,6,0,90
2012,6,24,Rajeev Syal,6,1326,16,406
2012,6,24,Liam Kelly,3,34,0,86
2012,6,24,Simon Burnton,4,66,3,64
2012,6,24,Charles Arthur,5,8,7,378
2012,6,24,Alex Duval Smith,1,47,1,27
2012,6,24,Staff,6,85,2,173
2012,6,24,Michael Cragg,4,612,3,140
2012,6,24,<a href="https://twitter.com/#!/jquixano" title="">Jordi Quixano</a>,2,13,0,41
2012,6,24,<a href="http://deportes.elpais.com/" title="">El País</a>,2,13,0,41
2012,6,24,<a href="https://twitter.com/#!/jquixano" title=""><em>Jordi Quixano</em></a><em>,1,102,7,51
2012,6,24,</em><a href="http://deportes.elpais.com/" title=""><em>El País</em></a>,1,102,7,51
2012,6,24,Damian Carrington,5,749,46,653
2012,6,24,Carol Rumens,1,14,2,21
2012,6,24,Harriet Sherwood,8,2128,45,877
2012,6,24,Ben Myers,1,65,5,98
2012,6,24,Mark Vernon,1,29,3,22
2012,6,24,Tom Service,2,137,5,69
2012,6,24,Jonathan Haynes,1,6490,76,537
2012,6,24,Chris Cook,8,105,0,81
2012,6,24,Michael Billington,4,234,4,69
2012,6,24,John Harris,4,960,18,472
2012,6,24,Jessica Shepherd,1,79,2,117
2012,6,24,Bob Holman,1,650,7,85
2012,6,24,<a href="http://www.irinnews.org/" title="">IRIN</a>,1,4,0,11
2012,6,24,part of the Guardian development network,1,4,0,11
2012,6,24,Michele Hanson,1,27,2,18
2012,6,24,Andrew Clements,3,40,1,35
2012,6,24,Simon Tisdall,1,73,2,34
2012,6,24,Charlie Skelton,2,2445,55,356
2012,6,24,Josie Le Blond,2,798,25,243
2012,6,24,Magdi Abdelhadi,1,53,0,17
2012,6,24,Vítor Hugo Alvarenga,1,6,0,24
2012,6,24,<a href="http://www.maisfutebol.iol.pt/" title="">Maisfutebol </a>,1,6,0,24
2012,6,24,Roy Greenslade,13,104,10,463
2012,6,24,Mark Lawson,1,7,1,18
2012,6,24,Sarah Hughes,1,18,2,16
2012,6,24,Sarah Boseley,2,665,30,280
2012,6,24,<a href="https://twitter.com/#!/AlexHoliga" title="">Aleksandar Holiga</a>,4,149,4,92
2012,6,24,<a href="http://euro2012.tportal.hr">Tportal.hr</a>,3,67,0,41
2012,6,24,Spartacus,1,1,0,8
2012,6,24,Mark Pinder,1,4,0,24
2012,6,24,Alan Sykes,2,65,1,107
2012,6,24,Hunter Felt,3,22,0,16
2012,6,24,Angelique Chrisafis,4,112,10,112
2012,6,24,Hugh Stephenson,1,0,0,0
2012,6,24,Leander Schaerlaeckens,1,15,2,11
2012,6,24,Louise Taylor,6,195,9,376
2012,6,24,Rory Carroll,9,494,20,207
2012,6,24,Dean Baker,1,99,0,66
2012,6,24,David Smith,8,1101,28,532
2012,6,24,Michael Carlson,1,115,4,44
2012,6,24,Susanna Rustin,2,39,2,77
2012,6,24,Wisconin,1,48,4,16
2012,6,24,Naomi Wolf,2,127,3,67
2012,6,24,Marc Abrahams,1,16,0,16
2012,6,24,George Hall,3,13,0,42
2012,6,24,Severin Carrell,15,592,13,438
2012,6,24,Scotl,13,452,4,366
2012,6,24,Terry Macalister,4,341,34,389
2012,6,24,Justin McCurry,2,72,2,59
2012,6,24,Judith Mackrell,5,580,2,102
2012,6,24,Jamie Jackson,1,2,0,17
2012,6,24,Lyn Gardner,3,106,1,35
2012,6,24,Peter Herbert,1,29,1,34
2012,6,24,Donald McRae,1,46,4,54
2012,6,24,Solomon Hughes,1,1081,4,102
2012,6,24,Giles Tremlett,8,3747,122,2004
2012,6,24,Simon Parkin,3,50,9,182
2012,6,24,Stuart O'Connor,5,50,1,498
2012,6,24,Maev Kennedy,4,4065,61,416
2012,6,24,Amanda Holpuch,4,439,16,103
2012,6,24,Caroline Davies,7,280,17,161
2012,6,24,Will Hayler,18,52,0,128
2012,6,24,Brian Braiker,6,227,11,369
2012,6,24,David Hytner,13,374,16,418
2012,6,24,Jon Boone,6,569,15,272
2012,6,24,Wisconsin,4,284,8,72
2012,6,24,Lewis Smith,1,1112,36,298
2012,6,24,Simon Goodley,7,47,3,129
2012,6,24,Steven Morris,2,26,0,59
2012,6,24,Chris Stephen,3,515,14,246
2012,6,24,Valerie Hannah,1,6,2,16
2012,6,24,John Gardner,1,29,0,3
2012,6,24,Stuart Jeffries,2,132,5,90
2012,6,24,Dominic Rushe,6,112,18,392
2012,6,24,Jonathan Wolff,1,10,2,24
2012,6,24,Michael Hann,2,123,13,104
2012,6,24,Monica Mark,2,55,2,35
2012,6,24,Tom Kington,5,878,38,309
2012,6,24,Tom Clark,2,75,4,71
2012,6,24,Janet Murray,1,6,0,54
2012,6,24,Duncan Campbell,1,101,11,268
2012,6,24,Interviews by Ben Child,1,18,1,19
2012,6,24,Will Hayler at Leicester,1,1,0,4
2012,6,24,Kim Willsher,3,70,8,66
2012,6,24,Michael Rosen,1,139,1,59
2012,6,24,Ian Traynor,5,1637,67,1182
2012,6,24,Peter Scott,1,35,2,32
2012,6,24,Kevin Mitchell at Rol,11,64,5,118
2012,6,24,Garros,12,123,7,135
2012,6,24,Andy Wilson,4,8,0,28
2012,6,24,Martin Wainwright,9,94,18,313
2012,6,24,Harry J Enten,4,58,2,89
2012,6,24,Joanna Moorhead,1,240,6,44
2012,6,24,Stephen Burgen,1,97,8,45
2012,6,24,Ros Asquith,1,5,2,16
2012,6,24,Ben Jennings,1,21,0,10
2012,6,24,Abdel-Rahman Hussein,3,76,12,74
2012,6,24,Katie Rogers,4,193,15,184
2012,6,24,Fran Abrams,1,140,5,266
2012,6,24,Andrew Blackwell,1,36,0,61
2012,6,24,Andrew Mueller,3,32,1,19
2012,6,24,Hannah Verdier,1,0,0,6
2012,6,24,Jonathan Wright,2,1,0,21
2012,6,24,Gwilym Mumford,1,0,0,6
2012,6,24,Sam Richards,4,117,0,50
2012,6,24,Julia Raeside,3,14,0,22
2012,6,24,Nabila Ramdani,2,900,22,156
2012,6,24,Emine Saner,1,24,2,57
2012,6,24,Laura Barnett,1,57,0,31
2012,6,24,Hadley Freeman,2,93,3,54
2012,6,24,Homa Khaleeli,1,267,8,56
2012,6,24,Priya Elan,1,38,0,42
2012,6,24,Lawrence Donegan,1,6,0,24
2012,6,24,George Monbiot,2,904,26,643
2012,6,24,Bill McKibben for <a href="http://www.tomdispatch.com/archive/175549/">TomDispatch</a>,1,143,12,137
2012,6,24,part of the <a href="http://www.guardian.co.uk/commentisfree/series/guardian-comment-network">Guardian Comment Network</a>,1,143,12,137
2012,6,24,Stella Sims,1,24,0,45
2012,6,24,Pankaj Mishra,1,753,17,222
2012,6,24,Editorial,17,649,28,725
2012,6,24,Richard Luscombe,2,278,7,158
2012,6,24,Steve Bell,5,81,3,84
2012,6,24,Ed Pilkington,4,302,9,100
2012,6,24,Polly Toynbee,1,83,0,115
2012,6,24,Andy Bull,4,33,1,38
2012,6,24,Ha-Joon Chang,1,2660,68,524
2012,6,24,Ryan Devereaux,6,3792,40,575
2012,6,24,Richard Adams,5,425,7,221
2012,6,24,Shiv Malik,7,30053,362,9676
2012,6,24,Andy Hunter,9,959,8,531
2012,6,24,Tim Jonze,2,165,4,126
2012,6,24,Hugh Muir,4,2,0,55
2012,6,24,Suzanne Goldenberg,3,272,20,284
2012,6,24,Jon Butterworth,2,30,16,48
2012,6,24,Kevin McCarra,5,53,5,68
2012,6,24,Ana Marie Cox,2,3,1,29
2012,6,24,Henry McDonald,2,64,0,43
2012,6,24,John Crace,4,36,4,148
2012,6,24,Sam Jones,3,290,4,235
2012,6,24,Alexandra Topping,10,1420,47,896
2012,6,24,John Plunkett,1,76,1,73
2012,6,24,Steve Boxer,5,144,32,582
2012,6,24,Colin Horgan,2,27,0,14
2012,6,24,Paul Malone,1,98,1,23
2012,6,24,Ian Sample,3,658,25,235
2012,6,24,Anne Czernik,2,91,2,92
2012,6,24,Debbie&nbsp;Bogard,1,15,2,22
2012,6,24,Catherine Des Forges,1,49,0,44
2012,6,24,dax,1,1,0,8
2012,6,24,Mattia Cabitza,2,172,2,116
2012,6,24,Alexis Petridis,2,187,11,109
2012,6,24,Scott Murray,7,177,11,208
2012,6,24,Tim Cooper,1,19,0,18
2012,6,24,Josh Halliday,13,1639,138,2085
2012,6,24,Umar Khan,1,18,1,29
2012,6,24,Lauren Razavi,2,142,1,77
2012,6,24,Constanze Letsch,2,457,11,97
2012,6,24,Imogen Russell Williams,1,4,3,13
2012,6,24,Cathi Unsworth,1,7,0,18
2012,6,24,Saikou Jammeh,1,67,1,37
2012,6,24,James Ball,4,164,14,288
2012,6,24,Daniel Bettridge,1,22,0,14
2012,6,24,Jason Burke,3,119,10,100
2012,6,24,Simon Rogers,1,68,10,84
2012,6,24,James Macintyre,1,307,8,141
2012,6,24,Giovanni Seri,1,14,2,30
2012,6,24,<a href="http://www.sofoot.com/" title="">So Foot</a>,1,14,2,30
2012,6,24,Rob Bagchi,2,91,1,54
2012,6,24,Amitav Ghosh,1,67,2,26
2012,6,24,James Legge,1,380,10,61
2012,6,24,Ed Douglas,1,4,1,43
2012,6,24,Open thread,3,48,0,54
2012,6,24,Monica Wright,2,52,4,80
2012,6,24,Garrett Van Reed,2,52,4,80
2012,6,24,Anna Hojan,2,52,4,80
2012,6,24,Stuart Dredge,7,162,39,587
2012,6,24,Stéphane Régy,1,3,0,20
2012,6,24,<a href="http://www.sofoot.com/" title="">So Foot </a>,1,3,0,20
2012,6,24,Miguel-Anxo Murado,1,83,2,45
2012,6,24,Jeremy Millar,1,124,1,51
2012,6,24,Julia Eccleshare,1,67,1,67
2012,6,24,Caspar Walsh,1,22,3,32
2012,6,24,Eurfyl ap Gwilym,1,31,0,9
2012,6,24,Jonathan Wilson,2,197,11,166
2012,6,24,Julien Bouissou,1,112,6,20
2012,6,24,Barney Ronay,7,79,0,103
2012,6,24,April Muniz,1,55,0,1
2012,6,24,Andrea Booth,2,98,1,98
2012,6,24,Clare Allan,1,31,2,132
2012,6,24,Nicholas Lezard,1,100,8,33
2012,6,24,Chris Michael,1,77,0,18
2012,6,24,Jonathan Jones,5,284,13,175
2012,6,24,Sarah Ditum,2,37,2,77
2012,6,24,Kate Belgrave,1,141,4,41
2012,6,24,Pierre Maturana,1,3,0,11
2012,6,24,Swann Borsellino,1,3,0,11
2012,6,24,Eric Maggiori,1,3,0,11
2012,6,24,<a href="http://www.sofoot.com" title="">So Foot</a>,1,3,0,11
2012,6,24,Abby Deveney,1,0,0,0
2012,6,24,Elli,2,2,0,18
2012,6,24,Jess aged 10,2,2,0,18
2012,6,24,Thomas aged 5,2,2,0,18
2012,6,24,Oscar aged 3,2,2,0,18
2012,6,24,Guardian fashion,4,115,7,124
2012,6,24,Mike Small,1,1360,12,111
2012,6,24,Malcolm Prowle,1,1,0,5
2012,6,24,Sarah Hartley,2,30,2,14
2012,6,24,Meredith Tax,1,84,4,43
2012,6,24,Dan Milmo,4,139,8,134
2012,6,24,Helen Jennings,1,21,4,45
2012,6,24,Martin Kettle,3,10,6,41
2012,6,24,Peter Vacher,1,11,0,16
2012,6,24,Judith Ireland,1,24,2,45
2012,6,24,Zoe Wood,5,184,15,246
2012,6,24,Joseph Stiglitz,1,313,21,110
2012,6,24,Nick Hopkins,2,221,14,117
2012,6,24,Sandra Laville,3,478,31,665
2012,6,24,Owen Gibson,7,199,11,230
2012,6,24,<a href="https://twitter.com/#!/oloflundh" title="">Olof Lundh</a>,3,31,0,63
2012,6,24,<a href="http://www.fotbollskanalen.se/" title="">fotbollskanalen.se </a>,3,31,0,63
2012,6,24,Jo Blason,1,22,3,20
2012,6,24,Julian Borger,5,135,12,237
2012,6,24,Phil Hoad,1,23,4,61
2012,6,24,Anne Power,1,36,4,50
2012,6,24,James Meikle,10,243,20,312
2012,6,24,Tom Riddington,1,66,2,100
2012,6,24,Andrea Vogt,2,155,6,109
2012,6,24,Paul Harris,9,1417,62,516
2012,6,24,Mohamed el-Erian,1,0,2,13
2012,6,24,Kevin Powell,1,50,2,58
2012,6,24,Daniel Taylor,9,1636,38,849
2012,6,24,Gary Younge,3,214,5,54
2012,6,24,in Svalbard,1,151,17,129
2012,6,24,Howard Amos,1,69,4,22
2012,6,24,Emma G Keller,2,65,1,132
2012,6,24,Mark Fisher,2,15,0,18
2012,6,24,John Fordham,4,70,0,52
2012,6,24,Vicky Frost,2,246,5,79
2012,6,24,Margaret Reynolds,1,247,8,88
2012,6,24,Harry Venning,1,7,0,6
2012,6,24,Juliette Jowit,4,352,28,421
2012,6,24,Michael Wolff,1,23,3,32
2012,6,24,Mike Selvey,1,3,0,15
2012,6,24,Graeme Wearden,5,174,22,415
2012,6,24,John Brewer,1,46,4,62
2012,6,24,Henry Barnes,7,98,6,144
2012,6,24,Tim Dowling,2,42,0,11
2012,6,24,Marina Hyde,3,343,19,304
2012,6,24,Nicholas Watt,12,1929,41,1556
2012,6,24,Interview by Laura Barnett,1,17,0,28
2012,6,24,Jonathan Haidt,1,2984,104,448
2012,6,24,Louis Theroux,1,1910,74,526
2012,6,24,Ben Arnold,2,14,0,16
2012,6,24,Phelim O'Neill,5,20,0,62
2012,6,24,Clare Considine,4,523,11,96
2012,6,24,David Stubbs,2,13,0,21
2012,6,24,Lucy Mangan,6,453,7,156
2012,6,24,Patrick Barkham,2,1298,78,633
2012,6,24,Erin McCann,1,18,0,19
2012,6,24,Tania Branigan,2,109,15,124
2012,6,24,Reuters,2,100,11,80
2012,6,24,Kishwar Desai,1,250,1,83
2012,6,24,Michael White,4,1600,53,152
2012,6,24,Imogen Fox,1,21,0,28
2012,6,24,Paul Evans,1,3,0,41
2012,6,24,Simon Jenkins,2,182,9,70
2012,6,24,Paul MacInnes,2,16,5,22
2012,6,24,Seumas Milne,1,347,10,210
2012,6,24,Marcus Christenson,3,22,1,77
2012,6,24,Ben Quinn,3,1697,78,827
2012,6,24,Sam Wollaston,4,31,4,89
2012,6,24,Grant Howitt,2,17,2,120
2012,6,24,Fiona Harvey,4,347,26,334
2012,6,24,Charlotte Higgins,2,367,8,179
2012,6,24,chief arts writer,2,367,8,179
2012,6,24,Julia Finch,1,2,0,12
2012,6,24,Tom McCarthy,6,4900,122,626
2012,6,24,David Levene,2,1192,11,119
2012,6,24,Ole Alsaker,1,916,7,78
2012,6,24,Ian Joseph,1,11,1,64
2012,6,24,Alison Benjamin,1,3,0,47
2012,6,24,Pete Jones,1,223,1,83
2012,6,24,Gill Hitchcock,1,1,0,27
2012,6,24,James Lewis,1,0,0,22
2012,6,24,Debbie Andalo,1,51,0,30
2012,6,24,John Vidal,6,597,25,497
2012,6,24,Dick Vinegar,1,19,4,61
2012,6,24,Andy Gallagher,3,103,2,66
2012,6,24,Mary Douglas-Home,2,36,1,48
2012,6,24,Cabinet Office open data team,1,8,0,8
2012,6,24,Bob Hudson,1,42,0,66
2012,6,24,Nesrine Malik,1,107,3,24
2012,6,24,Paul Volcker,1,6,0,21
2012,6,24,John Holden,1,13,0,21
2012,6,24,Becky Tunstall,1,47,5,91
2012,6,24,John Wright,1,154,5,49
2012,6,24,Monkey,8,71,2,195
2012,6,24,World Business Council for Sustainable Development,2,3,0,16
2012,6,24,Susie Steiner,1,89,3,51
2012,6,24,Juliette Garside,2,89,15,411
2012,6,24,Simon Neville,18,30,0,155
2012,6,24,Hélène Mulholl,3,1563,21,700
2012,6,24,David Murphy,1,19,7,23
2012,6,24,Alan Newland,1,32,2,27
2012,6,24,Sian Boyle,1,24,0,46
2012,6,24,Joe Jervis,10,0,0,2
2012,6,24,Imogen Tilden,2,18,0,34
2012,6,24,Dean Johnson,1,1,0,17
2012,6,24,Jill Insley,2,11,0,37
2012,6,24,Bella Mackie,3,0,0,3
2012,6,24,Mindy Fox,1,16,0,14
2012,6,24,DBC Pierre,1,276,4,41
2012,6,24,Ken Macfarlane,1,276,4,41
2012,6,24,Charles Nicholl,1,4,4,24
2012,6,24,James Donaghy,1,11,1,7
2012,6,24,Dan Martin,7,748,9,290
2012,6,24,Gary Marcus,1,205,25,140
2012,6,24,Guardian Sport,1,3,0,13
2012,6,24,Presented by Aleks Krotoski,1,9,1,42
2012,6,24,produced by Jason Phipps,1,9,1,42
2012,6,24,with Charles Arthur,1,9,1,42
2012,6,24,Stuart O'Conner,1,9,1,42
2012,6,24,Mark Sweney,12,152,2,327
2012,6,24,Alison Flood,9,1387,51,646
2012,6,24,<strong><a href=" http://www3.imperial.ac.uk/climatechange">Grantham Research Institute</a></strong>,2,75,5,125
2012,6,24,<strong><a href="http://imperial.ac.uk">Imperial College London</a></strong>,2,75,5,125
2012,6,24,Duncan Clark,2,75,5,125
2012,6,24,Matt Trueman,3,91,1,80
2012,6,24,Tom Cox,1,52,1,55
2012,6,24,Michael Bracewell,1,56,4,52
2012,6,24,Dhananjayan Sriskandarajah,1,12,0,34
2012,6,24,Nick Mead,1,54,4,50
2012,6,24,Lisa Bachelor,8,55,0,128
2012,6,24,Kate Hodge,4,0,0,31
2012,6,24,Jason Deans,2,15,2,39
2012,6,24,David Cox,1,8,2,35
2012,6,24,Invisible Woman,1,5,0,23
2012,6,24,Rob Smyth,4,85,4,54
2012,6,24,Ben Child,11,576,22,301
2012,6,24,Jonathan Watts,3,620,11,254
2012,6,24,Liz Ford,1,12,0,8
2012,6,24,Produced by Michelle Pauli,1,20,3,20
2012,6,24,Tim Maby,4,152,4,93
2012,6,24,Charlie Mitchell,1,0,0,0
2012,6,24,Frédéric Filloux,1,12,1,120
2012,6,24,Albert Marcet,1,19,4,15
2012,6,24,Public Leaders Network,1,0,0,3
2012,6,24,Geoff Kendall for the <a href="http://www.guardian.co.uk/guardian-professional" title="Guardian Professional Network">Guardian Professional Network</a>,1,14,2,42
2012,6,24,Will Gant,1,8,0,23
2012,6,24,Ben Dowell,9,3105,28,568
2012,6,24,Jean-Louis Gassée,1,3,0,77
2012,6,24,The Gentle Author,1,30,1,59
2012,6,24,Igor Boyko,3,12,0,39
2012,6,24,Aleksey Ivanov,3,12,0,39
2012,6,24,Yuriy Shevchenko,3,12,0,39
2012,6,24,<a href="http://football.ua/" title="">football.ua</a>,3,12,0,39
2012,6,24,Football Style magazine,3,12,0,39
2012,6,24,Guardian Government Computing,2,5,0,23
2012,6,24,Alan Henry,1,22,0,15
2012,6,24,Joshua Rozenberg,1,9,0,31
2012,6,24,SE Smith for <a href="http://meloukhia.net/" title="">This Ain't Livin'</a>,1,219,5,118
2012,6,24,part of the <a href="http://www.guardian.co.uk/commentisfree/series/guardian-comment-network" title="">Guardian Comment Network</a>,2,280,9,271
2012,6,24,Dave Simpson,3,41,0,40
2012,6,24,Alison Cole for <a href="http://blog.soros.org/" title="">Open Society Voices</a>,1,66,0,17
2012,6,24,part of the <a href="http://www.guardian.co.uk/legalnetwork" title="">Guardian Legal Network</a>,1,66,0,17
2012,6,24,Jessica Fuhl,1,0,0,1
2012,6,24,Peter Beech,1,4,0,6
2012,6,24,Giles Fraser,2,141,3,71
2012,6,24,David Bicknell,4,10,0,20
2012,6,24,Jon Henley,1,26,0,14
2012,6,24,Laura Tyson,1,19,2,27
2012,6,24,Rupert Jones,3,15,3,211
2012,6,24,Les Roopanarine,1,106,3,102
2012,6,24,Heather Stewart,9,305,15,232
2012,6,24,Marie Nixon,1,8,0,12
2012,6,24,Claire Hodgson,1,8,0,12
2012,6,24,David Brindle,1,8,0,9
2012,6,24,Matthew Yeomans for the <a href="http://www.guardian.co.uk/guardian-professional" title="Guardian Professional Network">Guardian Professional Network</a>,1,13,1,21
2012,6,24,Barry Glendenning,4,166,8,128
2012,6,24,Richard Sprenger,2,117,1,39
2012,6,24,Nick Cowen,1,10,0,63
2012,6,24,Slavenka Drakulić,1,16,0,3
2012,6,24,John Burn-Murdoch,6,125,20,387
2012,6,24,Emma Graham-Harrison,4,303,11,239
2012,6,24,AggieDoodle,1,1,0,16
2012,6,24,Helen Carter,7,145,5,238
2012,6,24,Lee Burman,1,9,3,37
2012,6,24,Arun Gupta,1,133,5,20
2012,6,24,Mark Brown,2,882,18,218
2012,6,24,Bibi van der Zee,1,11,4,75
2012,6,24,Leo Hickman,3,264,56,261
2012,6,24,Neil Denny,1,1495,23,120
2012,6,24,Saeed Kamali Dehghan,2,327,5,92
2012,6,24,Rohan Talbot for <a href="http://www.opendemocracy.net/" title="">openDemocracy</a>,1,61,4,153
2012,6,24,Angela Hartnett,1,22,0,24
2012,6,24,Sam Leith,1,13,0,31
2012,6,24,Paul Bradshaw,1,17,3,45
2012,6,24,Rosie Bristow for the <a href="http://www.guardian.co.uk/guardian-professional" title="Guardian Professional Network">Guardian Professional Network</a>,2,105,5,257
2012,6,24,Laura Oliver,1,0,0,12
2012,6,24,Melody Hossaini,1,0,0,0
2012,6,24,Guardian Healthcare Network,3,4,0,39
2012,6,24,David Pleat,1,11,0,106
2012,6,24,Anna Chesters,1,13,0,28
2012,6,24,David Batty,2,156,1,66
2012,6,24,David Barnett,1,1742,48,170
2012,6,24,Pam Corbin,2,40,4,17
2012,6,24,Mark Tran,2,190,10,103
2012,6,24,Alok Jha,3,1187,119,832
2012,6,24,Sadhbh Walshe,1,2097,36,259
2012,6,24,Sade Laja,2,1,1,17
2012,6,24,Simon Hattenstone,1,249,8,167
2012,6,24,Tessa Stone,1,25,4,78
2012,6,24,Andrew Khan,1,323,6,28
2012,6,24,Dave Laing,2,106,2,55
2012,6,24,John Patterson,2,89,2,39
2012,6,24,Brian Whitaker,3,112,6,313
2012,6,24,Haroon Siddique,3,112,6,313
2012,6,24,Nia Jones,2,16,0,18
2012,6,24,Alan Travis,5,2469,40,982
2012,6,24,Afua Hirsch,2,184,14,129
2012,6,24,Aidan Geary,1,77,9,133
2012,6,24,Sean Clarke,1,77,9,133
2012,6,24,Stewart Maclean,1,367,11,236
2012,6,24,Justice Malala,1,94,1,32
2012,6,24,Rachel Shabi,1,671,12,204
2012,6,24,Steven Wells,1,71,2,22
2012,6,24,in Jacksonville,1,534,20,168
2012,6,24,Ami Sedghi,1,28,3,33
2012,6,24,Paul Weaver,4,2,0,24
2012,6,24,Richard Rae,4,2,0,23
2012,6,24,Mark Pennell,4,2,0,23
2012,6,24,Jim Geraghty,1,0,0,12
2012,6,24,Richard Moorhead,1,11,1,15
2012,6,24,Chris Cross,1,31,4,40
2012,6,24,Hannah Freeman,2,24,9,31
2012,6,24,Vic Marks at Edgbaston,2,1,2,8
2012,6,24,Mike Selvey at Edgbaston,3,22,0,17
2012,6,24,Interview by Sarah Phillips,1,23,1,48
2012,6,24,Fiona Maddocks,3,262,2,51
2012,6,24,Paul Lester,3,145,1,96
2012,6,24,Ruth Spencer,2,126,1,74
2012,6,24,Rebecca Nicholl for the <a href="http://www.guardian.co.uk/guardian-professional" title="Guardian Professional Network">Guardian Professional Network</a>,1,8,4,107
2012,6,24,Rian Evans,1,67,0,16
2012,6,24,Zoe Williams,1,1469,30,540
2012,6,24,Kieran Yates,1,3,1,34
2012,6,24,Gary Evans,1,25,1,44
2012,6,24,David Pringle,1,342,12,58
2012,6,24,Laura Barton,1,279,3,83
2012,6,24,Joanna Ruck,4,134,7,109
2012,6,24,Kate Molleson,1,1,0,17
2012,6,24,Chris McGreal,7,684,22,274
2012,6,24,Larry Elliott,6,694,34,459
2012,6,24,Luke Harding,4,895,36,374
2012,6,24,Timothy Garton Ash,1,133,4,91
2012,6,24,Katy Murrells,3,74,4,83
2012,6,24,Sean Ingle,2,112,3,89
2012,6,24,Jonny Weeks,2,1,0,12
2012,6,24,Mark Rice-Oxley,1,201,19,128
2012,6,24,Paula Cocozza,1,121,3,62
2012,6,24,Ali Catterall,1,2,0,10
2012,6,24,John Robinson,2,3,0,25
2012,6,24,Suzanne Moore,1,961,23,196
2012,6,24,Richard Rae at Trent Bridge,2,0,0,9
2012,6,24,Robert Kitson,3,18,0,25
2012,6,24,Ed Pilkington at Fort Meade,1,1055,19,121
2012,6,24,Paul Weaver at Horsham,4,2,0,23
2012,6,24,Dominic Fifield,10,241,1,207
2012,6,24,Phil Gates,1,11,0,25
2012,6,24,Jameel Jaffer,1,571,20,71
2012,6,24,Nathan Wessler,1,571,20,71
2012,6,24,Dan Sabbagh,1,2,4,33
2012,6,24,Matthew Taylor,2,168,2,104
2012,6,24,Mark Pennell at Tunbridge Wells,2,3,0,10
2012,6,24,Neil Gaiman,1,2756,204,505
2012,6,24,Dan Gillmor,1,29,9,97
2012,6,24,Sol Campbell,2,313,12,297
2012,6,24,Tim Ashley,8,85,0,85
2012,6,24,Keza MacDonald,1,1156,1,84
2012,6,24,Chitrangada Choudhury,1,18,1,27
2012,6,24,Giles Richards,6,21,4,77
2012,6,24,John Ashdown,1,3,0,16
2012,6,24,Guardian staff,1,1,0,4
2012,6,24,Rebecca Smithers,1,226,10,304
2012,6,24,Richard Norton-Taylor,3,98,4,110
2012,6,24,Julia Kollewe,5,130,2,131
2012,6,24,Felicity Cloake,1,205,3,90
2012,6,24,Ian Black,3,519,20,270
2012,6,24,Tim Anderson,1,52,27,172
2012,6,24,Sam Bacon,1,51,1,133
2012,6,24,Virginia Wallis,2,4,0,51
2012,6,24,in Masada,1,54,2,56
2012,6,24,Helen Nugent,1,30,0,38
2012,6,24,Prue Clarke,1,149,8,75
2012,6,24,Tony Bailie,1,27,0,20
2012,6,24,Janette Owen,1,32,2,27
2012,6,24,Anne Enright,1,94,0,16
2012,6,24,James Lasdun,1,13,0,27
2012,6,24,Michael Harris,1,0,1,7
2012,6,24,Sue Hodgetts,1,20,1,44
2012,6,24,Phoebe Doyle,1,43,2,64
2012,6,24,Sam Thorp,1,34,4,24
2012,6,24,Katie Puckrik,1,159,1,49
2012,6,24,Donna Covey,1,86,4,37
2012,6,24,Brian Simpson,1,0,0,18
2012,6,24,Hermione Hoby,2,988,16,273
2012,6,24,Lucy Halsall,1,24,0,32
2012,6,24,Saba Salman,1,102,2,85
2012,6,24,Hilary Osborne,4,167,12,334
2012,6,24,Neil Merrick,1,4,0,17
2012,6,24,Sarah Gilbert,1,67,4,37
2012,6,24,Abbi Buxton for the <a href="http://www.guardian.co.uk/guardian-professional" title="Guardian Professional Network">Guardian Professional Network</a>,1,27,0,36
2012,6,24,Owen Burek,1,97,3,69
2012,6,24,founder of Save the Student!,1,97,3,69
2012,6,24,Helen Crane,1,127,5,46
2012,6,24,Hélène Mulholland,3,56,4,140
2012,6,24,political reporter,2,8,2,94
2012,6,24,Tracey Caldwell,1,1,0,11
2012,6,24,Andrew Dickson,1,9,0,18
2012,6,24,Skye Sherwin,2,31,0,49
2012,6,24,Saman Shad,1,225,8,102
2012,6,24,Tom Johnson,1,72,0,26
2012,6,24,By James West,1,168,13,97
2012,6,24,Tim McDonnell for <a href="http://climatedesk.org/">The Climate Desk</a>,1,168,13,97
2012,6,24,Alan Connor,1,35,3,25
2012,6,24,Julie Burchill,1,8,0,25
2012,6,24,Guardian football writers,1,151,5,85
2012,6,24,Afghanistan,1,32,2,51
2012,6,24,Dave Boyle,1,0,0,0
2012,6,24,Eliza Anyangwe,1,23,4,65
2012,6,24,Suzi Feay,1,133,5,34
2012,6,24,Jack Schofield,1,5,4,43
2012,6,24,Philippa Hobson,1,35,4,18
2012,6,24,<a href="http://www.creative-choices.co.uk/" title="">Creative Choices</a>,1,35,4,18
2012,6,24,part of the <a href="http://www.guardian.co.uk/culture-professionals-network" title="">Guardian Culture Professionals Network</a>,1,35,4,18
2012,6,24,Maddie DeWitt for <a href="http://younginrome.com/" title="">Young,1,109,6,54
2012,6,24,part of the <a href="http://www.guardian.co.uk/travel/series/guardian-travel-network" title="">Guardian Travel Network</a>,1,109,6,54
2012,6,24,Piotr Metz,1,210,1,32
2012,6,24,Martin Robbins,2,375,25,360
2012,6,24,Charles Gant,1,16,0,20
2012,6,24,Leo Benedictus,1,3,1,16
2012,6,24,Mark Calaway,1,434,2,57
2012,6,24,Imran Khan,1,20,0,36
2012,6,24,Beck Smith,1,20,0,36
2012,6,24,Stephen Harris,1,985,9,133
2012,6,24,John Ezard,1,16,0,12
2012,6,24,Claire Armitstead,2,60,3,40
2012,6,24,Guardian music,1,41,1,33
2012,6,24,Lucy Shea,1,58,6,32
2012,6,24,Futerra,1,25,3,19
2012,6,24,George Soros,1,66,7,33
2012,6,24,John Suart,1,2,4,14
2012,6,24,Helena Smith,5,2663,66,834
2012,6,24,Garry Blight,1,54,12,54
2012,6,24,Josephine Moulds,5,215,12,358
2012,6,24,Moazzam Begg,1,233,9,54
2012,6,24,Natalia Antonova,1,97,4,85
2012,6,24,Gwyn Topham,4,128,19,413
2012,6,24,Paul Owen,3,769,12,469
2012,6,24,Bim Adewunmi,1,34,7,151
2012,6,24,Babatunde Osotimehin,1,184,0,55
2012,6,24,Helen Meany,1,2,0,11
2012,6,24,Ben Lyttleton,1,15,2,35
2012,6,24,Presented by Tom Clark,1,2,0,18
2012,6,24,produced by Phil Maynard,1,2,0,18
2012,6,24,Jessica Shankleman for <a href="http://www.businessgreen.com">BusinessGreen</a>,1,26,0,42
2012,6,24,part of the <a href="http://www.guardian.co.uk/environment/network" title="Guardian Environment Network">Guardian Environment Network</a>,1,26,0,42
2012,6,24,Ratna Lachman,1,29,1,12
2012,6,24,Simon Tanner,1,63,7,73
2012,6,24,Adil Abrar,1,9,0,78
2012,6,24,Xan Brooks,2,57,4,44
2012,6,24,Simon Stephens,1,168,1,99
2012,6,24,Penny Wakefield,1,0,0,9
2012,6,24,Martin Manby,1,0,0,9
2012,6,24,Jonathan Ross,1,20,4,61
2012,6,24,Peter Bradshaw,9,247,5,173
2012,6,24,Vicky Unwin,1,13,0,5
2012,6,24,Neil Cooney,1,7,0,26
2012,6,24,Steven Dorner,1,8,0,2
2012,6,24,Tom Lutz (morning rain),1,6,0,13
2012,6,24,Rob Smyth (afternoon rain),1,6,0,13
2012,6,24,Decca Aitkenhead,3,647,36,538
2012,6,24,Jim Newell,1,0,0,1
2012,6,24,Oliver Burkeman,2,240,23,83
2012,6,24,Michael Cox,1,52,4,45
2012,6,24,Paul Doyle,2,40,5,45
2012,6,24,Barry Glendenning (9am-1pm),1,35,0,32
2012,6,24,Paul Doyle (afternoon),1,35,0,32
2012,6,24,Martin Chulov,2,360,12,188
2012,6,24,Guardian healthcare network,3,7,4,17
2012,6,24,Alex Aldridge,1,69,0,24
2012,6,24,Amy Goodman,1,848,12,36
2012,6,24,Dr Dave Hone,1,84,2,54
2012,6,24,Owen Hatherley,1,339,10,100
2012,6,24,Jo Tuckman,4,48884,928,4858
2012,6,24,Rupert Neate,3,33,4,146
2012,6,24,Jane Dudman,1,1,0,9
2012,6,24,Anthony Hayward,1,5,0,11
2012,6,24,Barry Neild,2,127,9,130
2012,6,24,Tom Meltzer,1,16,0,84
2012,6,24,John Burnside,1,20,3,37
2012,6,24,John Elkington for the <a href="http://www.guardian.co.uk/guardian-professional" title="Guardian Professional Network">Guardian Professional Network</a>,1,13,8,81
2012,6,24,Gail Dines,1,239,10,116
2012,6,24,Dana Bialer,1,239,10,116
2012,6,24,Jason Farago,1,40,3,34
2012,6,24,Alistair Sawday for the <a href="http://www.guardian.co.uk/guardian-professional" title="Guardian Professional Network">Guardian Professional Network</a>,1,119,5,104
2012,6,24,Emily Wilson,1,46,1,10
2012,6,24,Allan Jenkins,1,2,0,21
2012,6,24,Stuart Heritage,8,159,0,212
2012,6,24,Richard Seymour,1,78,0,27
2012,6,24,Dorian Lynskey,1,2,0,19
2012,6,24,Christine Oliver,1,353,17,132
2012,6,24,Vikram Dodd,2,82,3,122
2012,6,24,Matthew Caines,1,81,2,109
2012,6,24,Christian Sylt,1,196,6,85
2012,6,24,Andrea Palatnik,1,74,0,15
2012,6,24,Kate Connolly,3,49,5,64
2012,6,24,Mark Weisbrot,1,184,13,46
2012,6,24,Gaby Hinsliff,1,32,0,56
2012,6,24,Susie White,1,13,0,23
2012,6,24,Simon Bowers,2,21,0,91
2012,6,24,Ryan Gilbey,1,22,2,27
2012,6,24,Brian Viner,1,8,0,15
2012,6,24,Caroline Sullivan,3,9,1,26
2012,6,24,Molly Prince,1,76,2,48
2012,6,24,Elisabeth Mahoney,1,6,0,32
2012,6,24,Bradley Wiggins,1,5,0,16
2012,6,24,Alex Macpherson,1,4,0,17
2012,6,24,Jon Dennis,1,10,0,16
2012,6,24,Catherine Shoard,6,73,1,128
2012,6,24,Grover Norquist,1,58,2,29
2012,6,24,Robin Denselow,2,124,1,24
2012,6,24,Maddy Costa,1,2,0,14
2012,6,24,Richard Williams,4,190,6,114
2012,6,24,Lyndsay Gibb,1,49,2,14
2012,6,24,Randeep Ramesh,1,90,4,167
2012,6,24,Simon Rawles,5,981,4,258
2012,6,24,Noah Payne-Frank,5,981,4,258
2012,6,24,Mona Mahmood,5,981,4,258
2012,6,24,Mustafa Khalili,5,981,4,258
2012,6,24,Ed Jacobs,1,243,8,121
2012,6,24,Robert Ashton,1,0,0,0
2012,6,24,Gavin O'Toole,2,62,5,105
2012,6,24,AL Kennedy,1,27,0,26
2012,6,24,John Dugdale,1,26,2,39
2012,6,24,Johnny Langenheim,1,125,2,66
2012,6,24,Tim Radford,1,179,20,50
2012,6,24,Ismail Haniyeh,1,171,1,86
2012,6,24,Niall Dickson,1,12,0,20
2012,6,24,Marc Lockley,1,6,0,34
2012,6,24,Joe Saxton,1,10,1,82
2012,6,24,Colin Cram,1,0,0,12
2012,6,24,Teri,1,1,0,9
2012,6,24,Mya,1,1,0,9
2012,6,24,aged 2,1,1,0,9
2012,6,24,Emer O'Toole,1,227,2,35
2012,6,24,Tom Lutz,2,11,3,24
2012,6,24,Hannah Fearn,1,0,2,35
2012,6,24,Amy Swan,1,7,0,45
2012,6,24,Richard Vize,1,0,0,25
2012,6,24,Kate Murray,1,15,3,12
2012,6,24,Lizzie Enfield,1,57,1,44
2012,6,24,Chris Gabbett,1,29,2,37
2012,6,24,Emily Bell,1,18,3,75
2012,6,24,John Brunton,1,118,7,35
2012,6,24,Elliot Smith,4,60,1,101
2012,6,24,Chris Riddell,2,116,3,55
2012,6,24,Jim Powell,4,1137,17,228
2012,6,24,Andy Hall,1,93,1,47
2012,6,24,David Shreeve for the <a href="http://www.guardian.co.uk/guardian-professional" title="Guardian Professional Network">Guardian Professional Network</a>,1,41,0,10
2012,6,24,Jennifer Jones,1,22,3,110
2012,6,24,Guardian Professional,100,4,2,34
2012,6,24,Joris Luyendijk,1,33,7,81
2012,6,24,Jenni Reid,1,85,4,32
2012,6,24,James Walsh,1,0,0,6
2012,6,24,Michael Story,1,28,1,32
2012,6,24,Edward Docx,1,3,0,7
2012,6,24,Anna Baddeley,1,12,0,93
2012,6,24,Lynn McDonald,1,50,0,17
2012,6,24,Andrew Walker,1,6,2,11
2012,6,24,Joseph Stashko,1,0,0,6
2012,6,24,Jane Honess,1,0,0,1
2012,6,24,Dan Catt,1,0,0,1
2012,6,24,Jessica Reed,1,38,0,9
2012,6,24,Abigail Pogson,1,15,0,12
2012,6,24,Amira Hass,1,64,1,38
2012,6,24,Ruth Evans,1,1107,32,147
2012,6,24,Rol,1,1107,32,147
2012,6,24,Buerk,1,1107,32,147
2012,6,24,Gary Calton,1,107,1,72
2012,6,24,Carole Cadwalladr,2,268,9,172
2012,6,24,Mushtaq Quraishi,1,0,0,9
2012,6,24,Bill Mumford,1,7,0,13
2012,6,24,Rachel Hall,1,52,2,56
2012,6,24,Roger Tooth,1,4,2,11
2012,6,24,Ranjit Dhaliwal,1,4,2,11
2012,6,24,Jess Cartner-Morley,2,4,0,27
2012,6,24,Sarah Phillips,1,9,0,18
2012,6,24,Rupert Sawyer,1,4,0,14
2012,6,24,Juliet Jacques,1,497,4,75
2012,6,24,Presented by Claire Armitstead,1,23,3,35
2012,6,24,produced by Tim Maby,1,23,3,35
2012,6,24,Angela Robson,1,85,0,29
2012,6,24,Mark Kramer for the <a href="http://www.guardian.co.uk/guardian-professional" title="Guardian Professional Network">Guardian Professional Network</a>,1,37,5,45
2012,6,24,Richard Sugg,1,373,7,29
2012,6,24,Philip Oltermann,1,167,15,35
2012,6,24,Adam Smith,1,38,5,39
2012,6,24,Ben Kape,1,69,1,27
2012,6,24,Alex Healey,1,69,1,27
2012,6,24,Richard Silverstein,1,99,17,193
2012,6,24,Muhammad Sahimi,1,99,17,193
2012,6,24,Martin Belam,1,4,2,13
2012,6,24,Sophia Ignatidou,1,139,5,11
2012,6,24,Stuart James,3,89,8,70
2012,6,24,Stuart Kelly,1,16,4,19
2012,6,24,David Cote,1,18,0,16
2012,6,24,Sayeeda Warsi,1,78,0,52
2012,6,24,Sarah Crown,1,1,0,15
2012,6,24,David White,1,55,25,196
2012,6,24,Kevin Rushby,1,2,0,12
2012,6,24,Tarik O'Regan,1,25,1,22
2012,6,24,Judith Serota,1,25,1,22
2012,6,24,Lucy Fry,1,44,1,40
2012,6,24,Sali Hughes,2,61,0,59
2012,6,24,Lauren Cochrane,1,24,2,33
2012,6,24,Darren Richman,1,47,0,12
2012,6,24,Glenn Greenwald,1,643,46,132
2012,6,24,Tom Lutz (morning),1,20,5,34
2012,6,24,Jacob Steinberg (afternoon),1,20,5,34
2012,6,24,Ian McCourt (the end),1,20,5,34
2012,6,24,Stylist: Priscilla Kwateng. Photographs: David Newby,1,0,0,8
2012,6,24,Presented by Alexis Petridis,1,51,0,21
2012,6,24,Kieran Yates. Produced by Pascal Wyse,1,51,0,21
2012,6,24,Ajmal Masroor,1,201,3,26
2012,6,24,Styling: Sally Cullen. Photographs: Sara Morris,1,38,2,67
2012,6,24,Dean Macey,1,3,0,9
2012,6,24,Ben Walters,1,1923,19,415
2012,6,24,Ronald Bergan,1,44,0,15
2012,6,24,Brian Moylan,1,56,3,16
2012,6,24,Wayne Gooderham,1,2,0,6
2012,6,24,Mark Cheng for the <a href="http://www.guardian.co.uk/guardian-professional" title="Guardian Professional Network">Guardian Professional Network</a>,1,65,6,91
2012,6,24,Steven Bloor,3,61,2,44
2012,6,24,Mychal Denzel Smith,1,12,0,36
2012,6,24,Tom Dyckhoff,1,53,2,20
2012,6,24,Musa Okwonga,1,75,0,33
2012,6,24,Benny Sings,1,13,0,0
2012,6,24,Alistair Smith,1,9,0,15
2012,6,24,Jo Tuckman en Ciudad de México,1,6355,127,246
2012,6,24,Giulio Frigieri,2,79,2,34
2012,6,24,Karin Andreasson,1,4,0,24
2012,6,24,PUBLICi,1,0,0,0
2012,6,24,Tal Pavel for Makor Rishon,5,27,0,2
2012,6,24,Helienne Lindvall,1,191,11,195
2012,6,24,Words: Simon Hattenstone,1,196,13,83
2012,6,24,Sid Lowe,3,39,4,48
2012,6,24,Alfred Hickling,1,15,0,8
2012,6,24,Guy Dammann,1,1,0,16
2012,6,24,Jonny Brownlee,1,4,0,13
2012,6,24,Harriet Harvey Wood,1,32,1,11
2012,6,24,Steve Rose,3,12,1,40
2012,6,24,Tom Shone,1,30,4,39
2012,6,24,Javier Espinosa,1,74,1,33
2012,6,24,Clar Ni Chonghaile,1,89,1,33
2012,6,24,Phoebe Greenwood,1,724,11,301
2012,6,24,Martin Hodgson,1,7436,167,2085
2012,6,24,Stephen Moss,1,43,2,13
2012,6,24,David Owen,1,30,3,34
2012,6,24,Rob Edwards,1,68,9,89
2012,6,24,Lizzy Davies,1,66,3,53
2012,6,24,Ayesha Kazmi,1,32,7,153
2012,6,24,Ed Butler,1,869,24,158
2012,6,24,Erin Hale,1,39,1,58
2012,6,24,Tanya Gold,1,144,5,73
2012,6,24,Paul Wilson,5,172,3,58
2012,6,24,Simon Hoggart,1,2,0,8
2012,6,24,Graham Long,1,15,0,22
2012,6,24,Ian Jack,1,30,0,88
2012,6,24,Jo Griffin,1,147,8,82
2012,6,24,Andrew Collins,1,1,0,9
2012,6,24,Interview by Emine Saner,1,338,10,112
2012,6,24,Anna Kessel,1,11,0,8
2012,6,24,Geoffrey Robertson,1,86,0,69
2012,6,24,Robert Tornabell,1,168,6,94
2012,6,24,David Hambling,1,3,1,35
2012,6,24,Kevin Mitchell,2,23,3,13
2012,6,24,Emma Kennedy,1,16,0,9
2012,6,24,Dixe Wills,1,19,3,19
2012,6,24,Rhiannon Batten,1,14,0,16
2012,6,24,Becky Gardiner,1,361,1,45
2012,6,24,Gemma Bowes,1,70,4,42
2012,6,24,Donald Strachan,1,171,1,54
2012,6,24,Michael Frayn,1,3,0,12
2012,6,24,Peter Forbes,1,6,7,18
2012,6,24,Ian Rankin,1,15,2,14
2012,6,24,Sue Arnold,1,3,0,3
2012,6,24,Jonathan Glancey,1,1,0,52
2012,6,24,Theo Tait,1,21,3,40
2012,6,24,Patrick Ness,1,9,2,13
2012,6,24,John Mullan,1,5,0,6
2012,6,24,Emily Stokes,1,24,0,6
2012,6,24,Michael Prodger,1,52,4,42
2012,6,24,Carrie Etter,1,3,0,1
2012,6,24,Sukhdev Sandhu,1,219,4,31
2012,6,24,Giles Foden,1,27,0,4
2012,6,24,John O'Connell,1,4,0,5
2012,6,24,Judith Flanders,1,0,0,2
2012,6,24,Scarlett Thomas,1,10,0,11
2012,6,24,Kathryn Hughes,1,3,0,1
2012,6,24,Steven Poole,1,10,0,19
2012,6,24,Rana Mitter,1,7,4,18
2012,6,24,Chris Hall,1,31,2,20
2012,6,24,Joshua Ferris,1,1,1,3
2012,6,24,Siri Hustvedt,1,38,0,19
2012,6,24,Margaret Atwood,1,1289,32,158
2012,6,24,Jane Perrone,1,6,1,5
2012,6,24,As told to Jim Griffin,1,2,0,16
2012,6,24,Judith Prescott,1,17,3,21
2012,6,24,Adam Vaughan,1,125,10,95
2012,6,24,Alys Fowler,2,11,0,4
2012,6,24,Stephen Collins,1,19,0,7
2012,6,24,Andrew Rowan,1,39,5,9
2012,6,24,Thomas Eaton,1,0,0,2
2012,6,24,Dan Lepard,1,35,1,10
2012,6,24,Yotam Ottolenghi,1,68,1,5
2012,6,24,Hugh Fearnley-Whittingstall,1,60,4,27
2012,6,24,Fiona Beckett,1,9,0,10
2012,6,24,Anonymous,1,7,0,5
2012,6,24,Interview: <strong>Becky Barnicoat</strong>. Portrait:<strong> </strong><a href="http://emilystein.co.uk/" title=""><strong>Emily Stein</strong></a>,1,7,0,23
2012,6,24,Hannah Booth,2,210,4,84
2012,6,24,John Lanchester,1,14,0,22
2012,6,24,Dave Hamilton,1,469,5,97
2012,6,24,Rosanna Greenstreet,1,4,0,24
2012,6,24,Anna Tims,1,30,1,18
2012,6,24,Geoffrey Wadhurst,1,0,0,1
2012,6,24,Angela&nbsp;Neustatter,1,14,1,20
2012,6,24,Jeremy Bullmore,1,10,0,18
2012,6,24,<strong>Larry Elliott </strong>,1,366,32,179
2012,6,24,<strong>Dan Atkinson</strong>,1,366,32,179
2012,6,24,Patrick Collinson,2,101,13,238
2012,6,24,Jill Papworth,1,87,5,57
2012,6,24,Miles Brignall,1,13,3,171
2012,6,24,Tony Levene,1,7,1,59
2012,6,24,Leonard Barden,1,12,1,4
2012,6,24,Nione Meakin,1,150,2,11
2012,6,24,Johnny Dee,1,16,1,6
2012,6,24,Alison Dickinson,1,64,0,9
2012,6,24,Jon &amp; Mick/moderntoss.com,1,11,0,2
2012,6,24,Tessa Cunningham,1,14,1,17
2012,6,24,Angela Wintle,1,102,3,8
2012,6,24,Charlie Condou,1,2,0,14
2012,6,24,Annalisa Barbieri,1,0,0,3
2012,6,24,Tim Lott,1,1,0,7
2012,6,24,The Guide,1,0,0,1
2012,6,24,Francesca Babb,1,501,4,61
2012,6,24,Rebecca Nicholson,1,4,0,3
2012,6,24,Issy Sampson,1,14,0,21
2012,6,24,Luke Turner,1,310,1,32
2012,6,24,John Fordham &amp; John Robinson,1,0,0,3
2012,6,24,Stuart Goodwin,1,0,0,4
2012,6,24,Rhik Samadder,1,13,0,16
2012,6,24,Nick Gillett,1,4,0,47
2012,6,24,James Kettle,1,4,0,2
2012,6,24,Patric Baird,1,15,0,4
2012,6,24,John Mitchell,1,15,0,4
2012,6,24,Sam Richards &amp; Marc Rowlands,1,15,0,4
2012,6,24,Robert Clark &amp; Skye Sherwin,1,3,0,29
2012,6,24,Mark Cook,1,6,0,4
2012,6,24,Lyn Gardner &amp; Judith Mackrell,1,6,0,4
2012,6,24,Colette Bernhardt &amp; Stuart Goodwin,1,3,0,36
2012,6,24,By our Motoring Correspondent,1,0,0,17
2012,6,24,Sharon Horgan,1,23,0,27
2012,6,24,Holly Walsh &amp; Hannah Verdier,1,23,0,27
2012,6,24,Martin Rowson,1,19,1,25
2012,6,24,Presented by James Richardson,2,42,2,37
2012,6,24,produced by Ben Green,2,42,2,37
2012,6,24,Joe Berger,1,1,0,6
2012,6,24,Pascal Wyse,1,1,0,6
2012,6,24,Sarah Boden,1,32,0,22
2012,6,24,The Secret Teacher,1,87,1,43
2012,6,24,ParisGirl,1,1,1,10
2012,6,24,undefined,1,4,3,25
2012,6,24,Lina Khatib,1,23,2,24
2012,6,24,Jamie Doward,5,435,18,588
2012,6,24,Paul Barrett,1,181,3,33
2012,6,24,Robin McKie,2,10750,265,2449
2012,6,24,Oliver Laughland,1,28,0,11
2012,6,24,Michael Aylwin,1,5,1,6
2012,6,24,Michael Cohen,1,14504,407,873
2012,6,24,Sean Carey,1,30,0,23
2012,6,24,Ian McCourt,2,34,2,43
2012,6,24,Bob Garfield,1,4,1,123
2012,6,24,Simon Cambers at Rol,1,59,2,17
2012,6,24,Leo Westland,1,101,12,62
2012,6,24,Peter Beaumont,2,767,30,219
2012,6,24,Alex Clark,3,286,63,793
2012,6,24,Matt Williams,2,55,4,63
2012,6,24,Robert Kitson at Kings Park,1,6,0,5
2012,6,24,Steven Morris at Weymouth,1,0,0,12
2012,6,24,Giles Richards at Circuit Gilles Villeneuve,1,1,4,10
2012,6,24,Andy Wilson at Edgbaston,2,1,0,8
2012,6,24,Toby Helm,2,343,14,571
2012,6,24,Tegan Rogers,1,327,12,478
2012,6,24,Eddie Butler,1,1,0,7
2012,6,24,Daniel Boffey,2,199,7,237
2012,6,24,Rachel Cooke,1,1225,17,154
2012,6,24,Margaret Dibben,1,3,0,19
2012,6,24,Amy Lawrence,2,22,1,13
2012,6,24,Yamilé Aldama,1,3,0,11
2012,6,24,Peter Preston,2,13,0,243
2012,6,24,Killian Fox,2,349,4,83
2012,6,24,Dave Gelly,1,2,0,4
2012,6,24,Philip French,7,86,4,85
2012,6,24,John Naughton,1,70,6,225
2012,6,24,Kevin Sully,1,12,0,5
2012,6,24,Stephen Pritchard,1,0,0,2
2012,6,24,Jason Solomons,1,0,0,3
2012,6,24,Henry Porter,1,13,2,15
2012,6,24,Edward Helmore,1,96,4,81
2012,6,24,Nicholas Kenyon,1,0,0,1
2012,6,24,Hilary Spurling,1,0,0,2
2012,6,24,Clare Brennan,1,7,0,4
2012,6,24,Nick Cohen,1,96,4,96
2012,6,24,Ian Tucker,1,28,1,15
2012,6,24,Eva Wiseman,1,3622,94,495
2012,6,24,William Dalrymple,1,22,4,19
2012,6,24,Anthony Sattin,1,2,2,7
2012,6,24,Quentin Wheeler,1,65,1,36
2012,6,24,Jon Savage,1,239,8,83
2012,6,24,Ralph Rugoff,1,537,5,68
2012,6,24,Richard Holloway,1,3,0,3
2012,6,24,Interview by Tim Lewis,1,1,2,11
2012,6,24,Dr Gerry Mander,1,1,0,0
2012,6,24,Karen Kay,1,115,3,103
2012,6,24,Lucy Rock,1,13,2,10
2012,6,24,Andrew Rawnsley,1,95,4,162
2012,6,24,Barbara Ellen,1,80,0,29
2012,6,24,Geoff Dyer,1,22,2,32
2012,6,24,Helen Seamons,1,18,0,17
2012,6,24,Peter Conrad,1,3,0,3
2012,6,24,Observer,1,1,0,7
2012,6,24,Justin McGuirk,1,593,11,95
2012,6,24,Jo Jones,1,14,1,12
2012,6,24,Julie Myerson,1,2,0,6
2012,6,24,Kate Kellaway,1,12,2,8
2012,6,24,Martin Love,1,3,0,60
2012,6,24,John Kampfner,1,14,4,16
2012,6,24,Laura Cumming,1,11,0,7
2012,6,24,Shahesta Shaitly,1,0,0,9
2012,6,24,Dan Pearson,1,6,0,6
2012,6,24,David Williams,1,16,0,7
2012,6,24,Katharine Whitehorn,1,0,0,0
2012,6,24,Andy Pietrasik,1,0,0,13
2012,6,24,Eleanor Morgan,1,0,0,7
2012,6,24,Jane Mulkerrins,1,81,2,19
2012,6,24,Jay McInerney,1,4545,36,308
2012,6,24,Mark Kermode,2,77,2,30
2012,6,24,Tim Lewis,2,6,3,28
2012,6,24,Kitty Empire,2,57,3,9
2012,6,24,Ally Carnwath,1,4,0,5
2012,6,24,Neil Spencer,1,34,0,7
2012,6,24,Molloy Woodcraft,1,13,0,8
2012,6,24,Tom Lamont,1,21,0,7
2012,6,24,Gemma Kappala-Ramsamy,1,65,1,6
2012,6,24,Phil Hogan,1,9,0,8
2012,6,24,Joanne O'Connell,1,70,2,61
2012,6,24,Jude Rogers,1,1,0,10
2012,6,24,Luke Jennings,1,45,2,5
2012,6,24,Miranda Sawyer,1,100,0,43
2012,6,24,David Mitchell,1,69,9,165
2012,6,24,Andrew Anthony,1,10,0,25
2012,6,24,Kevin McKenna,1,11,0,16
2012,6,24,Catherine Bennett,1,24,0,45
2012,6,24,Maggie Brown,1,10,2,28
2012,6,24,Paul Gallagher,1,48,3,28
2012,6,24,Mark Townsend,1,60,1,17
2012,6,24,Yvonne Roberts,1,12,0,14
2012,6,24,Ed Vulliamy,1,1165,16,178
2012,6,24,Will Hutton,1,65,13,60
2012,6,24,Euan Ferguson,1,17,2,21
2012,6,24,Jay Rayner,1,34,0,74
2012,6,24,Terry Tom Brown,1,53,2,41
2012,6,24,Nigel Slater,2,51,7,32
2012,6,24,Mariella Frostrup,1,12,1,6
2012,6,24,Lauren Laverne,1,65,4,52
2012,6,24,Megan Conner,1,22,0,33
2012,6,24,Susannah Clapp,1,0,0,16
2012,6,24,Cass Jones,1,18,2,51
2012,6,24,David Hills,2,36,1,55
2012,6,24,The big issue,1,9,0,65
2012,6,24,George Quraishi at the MetLife Stadium,1,71,0,28
2012,6,24,New Jersey,1,71,0,28
