year,month,week,name,articles,facebook,googleplus,twitter
2011,9,36,David Batty,9,4772,20,792
2011,9,36,Associated Press,40,5476,51,1575
2011,9,36,Andy Bull,21,5184,5,200
2011,9,36,Peter Walker,10,1813,11,637
2011,9,36,agencies,20,6440,33,1331
2011,9,36,Alina Paul-Bossuet,1,243,1,128
2011,9,36,Keith Stuart,9,457,7,473
2011,9,36,Jacob Steinberg,3,75,2,136
2011,9,36,Ian McCourt,1,22,0,115
2011,9,36,Lily Asquith,1,37,0,15
2011,9,36,Laurence Topham,1,410,6,82
2011,9,36,Lars Eriksen,1,410,6,82
2011,9,36,Massimo Franco,1,88,1,39
2011,9,36,Richard Lea,1,78,0,22
2011,9,36,Richard Sprenger,3,1089,2,140
2011,9,36,John Dugdale,2,13,0,43
2011,9,36,Kate McCann,4,49,0,183
2011,9,36,Justin McCurry,2,142,0,161
2011,9,36,Charles Arthur,8,1238,113,1798
2011,9,36,Matthew Weaver,4,267,1,412
2011,9,36,Paul Doyle,5,989,0,1217
2011,9,36,Oliver Laughl,1,32,0,69
2011,9,36,,6,449,3,472
2011,9,36,Mustafa Khalili,1,32,0,69
2011,9,36,Riazat Butt,4,93,0,68
2011,9,36,Chris Stephen,2,686,1,207
2011,9,36,Jonathan Knott,1,761,2,190
2011,9,36,Nick Spencer,1,18,1,45
2011,9,36,James Meikle,5,218,1,177
2011,9,36,Jonathan Jones,6,20383,175,1694
2011,9,36,Michael Cox,1,14,1,60
2011,9,36,Press Association,109,3348,37,2410
2011,9,36,Heather Brooke,2,24,0,125
2011,9,36,Patrick Chaplin,1,13,0,21
2011,9,36,Raphael Honigstein,3,32,0,41
2011,9,36,George Hall,1,4,0,12
2011,9,36,Sarah Hartley,2,11,0,40
2011,9,36,Richard Scott,1,3,1,14
2011,9,36,Reuters,24,2716,34,1071
2011,9,36,Mark Brown,4,446,3,104
2011,9,36,Kevin Mitchell at Flushing Meadows,16,71,0,128
2011,9,36,Judith Butler,1,1101,11,171
2011,9,36,Will Hayler,5,1,0,30
2011,9,36,Agencies,10,477,6,350
2011,9,36,By <a href="http://www.irinnews.org/" title="">IRIN</a>,1,56,0,34
2011,9,36,part of the <a href="http://www.guardian.co.uk/global-development/series/guardian-development-network" title="">Guardian development network</a>,1,56,0,34
2011,9,36,Helen Carter,8,765,8,217
2011,9,36,Edzard Ernst,1,432,2,197
2011,9,36,Open thread,5,64,2,173
2011,9,36,Sachin Nakrani,1,84,0,75
2011,9,36,Henry McDonald,3,995,5,150
2011,9,36,Irel,1,632,4,91
2011,9,36,Jeremy Kay,1,3,0,21
2011,9,36,Carol Rumens,1,23,0,17
2011,9,36,Tim Jonze,2,237,2,49
2011,9,36,Lindsey Fallow,1,267,8,189
2011,9,36,Presented by James Richardson,2,76,0,70
2011,9,36,produced by Ben Green,2,76,0,70
2011,9,36,Severin Carrell,9,494,10,289
2011,9,36,Scotl,7,417,9,251
2011,9,36,Luke Harding,8,1042,9,433
2011,9,36,Syed Zain Al-Mahmood,1,211,0,43
2011,9,36,Sid Lowe,1,7,0,12
2011,9,36,Andy Wilson,4,9,0,35
2011,9,36,James Spencer,1,82,0,49
2011,9,36,Martin Cross,3,5,0,11
2011,9,36,Dean Baker,1,54,0,49
2011,9,36,Stephen Bates,4,421,4,93
2011,9,36,Katy Murrells,2,1295,7,172
2011,9,36,Lisa O'Carroll,8,239,3,267
2011,9,36,Priyamvada Gopal,1,324,1,38
2011,9,36,Brian Logan,1,8,0,4
2011,9,36,Andrew Dickson,2,159,1,43
2011,9,36,Matthew Taylor,7,1459,1,381
2011,9,36,Sarah Boseley,9,4004,22,1454
2011,9,36,Martin Dunne,1,38,0,35
2011,9,36,Chris Ames,1,702,3,138
2011,9,36,Richard Norton-Taylor,7,2133,13,542
2011,9,36,Mark Rice-Oxley,1,100,0,27
2011,9,36,Mat Heywood,1,408,1,18
2011,9,36,Harriet Sherwood,3,1565,2,260
2011,9,36,Marc Abrahams,1,12,0,20
2011,9,36,Mia de Graaf,1,92,1,21
2011,9,36,Tamara Lush,1,467,10,283
2011,9,36,in Sarasota,1,467,10,283
2011,9,36,Florida,1,467,10,283
2011,9,36,Phillip Inman,9,228,3,326
2011,9,36,Tania Branigan,5,1263,27,495
2011,9,36,Corrections,5,0,0,10
2011,9,36,Gareth Chetwynd,1,43,1,30
2011,9,36,James Callow,2,59,1,18
2011,9,36,Lyn Gardner,5,93,0,40
2011,9,36,Julia Kollewe,6,154,2,263
2011,9,36,Rian Evans,2,1,0,20
2011,9,36,Tim Hochstrasser,1,0,0,7
2011,9,36,Harriet Hall,1,24,0,9
2011,9,36,Anthony Hayward,1,0,0,31
2011,9,36,Martin Campbell-Kelly,2,58,6,112
2011,9,36,Mike Savage,1,49,2,22
2011,9,36,Judith Mackrell,3,158,0,51
2011,9,36,Michael McNay,1,7,0,37
2011,9,36,Kate Molleson,1,5,0,9
2011,9,36,Sarahi Uribe,1,276,1,80
2011,9,36,Louise Taylor,2,22,0,38
2011,9,36,Rupert Neate,8,362,4,286
2011,9,36,Greg Wood,6,11,0,30
2011,9,36,Ryan Gallagher,1,1120,3,290
2011,9,36,Rajeev Syal,1,1120,3,290
2011,9,36,Geoffrey Bindman,1,96,1,41
2011,9,36,Robert Kitson,4,23,1,63
2011,9,36,Dominic Rushe,7,293,8,417
2011,9,36,Martin Chulov,8,903,6,450
2011,9,36,Dan Milmo,5,126,0,160
2011,9,36,Frédéric Filloux,1,10,1,43
2011,9,36,Phil Beadle,1,30,0,33
2011,9,36,Remi Adekoya,1,31,0,21
2011,9,36,Michael White,1,287,0,69
2011,9,36,David Hopps,2,0,0,15
2011,9,36,Jessica Shepherd,2,492,3,228
2011,9,36,Chris Arnot,1,30,0,36
2011,9,36,Giles Tremlett,1,17,0,10
2011,9,36,Jean-Louis Gassée,1,48,13,133
2011,9,36,Jon Henley,3,2685,24,526
2011,9,36,Peter Wilby,2,29,0,36
2011,9,36,Bruce Talbot at Lord's,1,0,0,3
2011,9,36,Patrick Kingsley,2,918,3,260
2011,9,36,Pete Cashmore,1,71,0,67
2011,9,36,Patrick Barkham,7,2854,27,494
2011,9,36,Richard Rae at Grace Road,1,1,0,8
2011,9,36,Emine Saner,4,489,2,175
2011,9,36,Hamit Dardagan,1,83,0,29
2011,9,36,Polly Curtis,13,3215,7,1546
2011,9,36,Ben Quinn,8,3757,24,1324
2011,9,36,Helen Pidd,2,5064,69,1098
2011,9,36,Editorial,17,468,3,430
2011,9,36,David Smith,6,568,4,185
2011,9,36,Declan Walsh,1,274,2,73
2011,9,36,As told to Leo Hickman,1,47,0,24
2011,9,36,Saeed Shah,2,788,83,926
2011,9,36,George Monbiot,3,16917,449,3346
2011,9,36,Gabriel Weston,1,26,0,14
2011,9,36,Ronan Bennett,1,14,0,11
2011,9,36,Daniel King,1,14,0,11
2011,9,36,John Crace,6,519,5,191
2011,9,36,Kira Cochrane,1,192,2,40
2011,9,36,Paul Flynn,1,478,3,25
2011,9,36,Dr Luisa Dillner,1,3,1,24
2011,9,36,Adrian Lobb,1,292,1,47
2011,9,36,Polly Toynbee,3,1835,7,635
2011,9,36,Jeevan Vasagar,9,3306,15,1347
2011,9,36,David Hytner,8,909,2,510
2011,9,36,Phil Disley,1,18,0,8
2011,9,36,Ana Marie Cox,1,68,0,39
2011,9,36,Laura Barnett,3,27,0,62
2011,9,36,Stuart James,4,103,1,70
2011,9,36,Hugh Muir,2,12,1,16
2011,9,36,Roger Redfern,1,0,0,27
2011,9,36,Victoria Kettley (MeteoGroup),1,0,1,8
2011,9,36,Elisabeth Mahoney,6,69,0,81
2011,9,36,Stephen Moss,3,59,0,56
2011,9,36,Julia Raeside,5,572,4,134
2011,9,36,Ali Catterall,3,5,0,40
2011,9,36,Andrew Mueller,3,5,0,40
2011,9,36,Phelim O'Neill,6,436,2,85
2011,9,36,Ben Arnold,2,2,0,21
2011,9,36,Martin Skegg,2,2,0,21
2011,9,36,Sam Wollaston,4,120,0,102
2011,9,36,James Ball,7,2117,59,1943
2011,9,36,Fiona Harvey,2,207,0,112
2011,9,36,Evan Fanning,2,64,0,54
2011,9,36,Richard Williams,4,168,0,104
2011,9,36,Penny Woods,1,43,1,13
2011,9,36,Jasmine Coleman,1,167,0,40
2011,9,36,Kevin McCarra,4,30,0,132
2011,9,36,Edwin Hasler,1,390,0,23
2011,9,36,Roger Parry,1,6,0,24
2011,9,36,Ed Jacobs,2,29,0,34
2011,9,36,Frederika Whitehead,3,872,3,254
2011,9,36,Nina Power,1,531,1,65
2011,9,36,Guardian Government Computing,3,0,1,12
2011,9,36,Mark Say,7,5,0,47
2011,9,36,Kate Carter,4,266,2,106
2011,9,36,Catherine Kavanagh,1,2,0,17
2011,9,36,Brendan Cunningham,1,2,0,17
2011,9,36,John Little,1,13,0,23
2011,9,36,Paul Owen,1,83,1,149
2011,9,36,Dick Vinegar,1,1,0,19
2011,9,36,Mark Gevisser,1,33,1,31
2011,9,36,Hélène Mulholl,3,283,1,292
2011,9,36,Rebecca Schiller,1,197,0,125
2011,9,36,Charlotte Higgins,1,969,2,106
2011,9,36,Scott Murray,6,391,1,171
2011,9,36,Josh Halliday,18,6584,121,2316
2011,9,36,Alex Aldridge,2,261,1,230
2011,9,36,Katharine Danton,1,10,0,40
2011,9,36,Nick Fletcher,22,10,0,168
2011,9,36,Tony Blair,1,84,2,169
2011,9,36,Mark Seacombe,1,855,0,202
2011,9,36,Bella Mackie,4,0,0,5
2011,9,36,Alicia Yamin,1,72,0,40
2011,9,36,Sakiko Fukuda-Parr,1,72,0,40
2011,9,36,Rob Evans,1,0,0,11
2011,9,36,<a href="http://grist.org/">Grist</a>,1,200,2,70
2011,9,36,part of the <a href="http://www.guardian.co.uk/environment/network" title="Guardian Environment Network">Guardian Environment Network</a>,3,304,2,204
2011,9,36,Monkey,8,109,0,162
2011,9,36,Stuart Dredge,8,77,19,801
2011,9,36,Trewin Restorick for the <a href="http://www.guardian.co.uk/guardian-professional" title="Guardian Professional Network">Guardian Professional Network</a>,1,20,0,24
2011,9,36,pinkbookworm,1,0,0,16
2011,9,36,Guardian Healthcare,7,13,1,70
2011,9,36,Simon Majumdar,1,114,0,50
2011,9,36,Hilary Osborne,9,301,3,436
2011,9,36,Alexander Gallas,1,32,1,23
2011,9,36,David Brindle,2,37,0,33
2011,9,36,Hannah Booth,3,38,0,42
2011,9,36,Barney Ronay,6,339,4,124
2011,9,36,Michael Cragg,5,361,2,96
2011,9,36,Catherine Shoard,4,424,1,95
2011,9,36,Sean Michaels,8,2610,15,442
2011,9,36,Phil Hoad,1,67,1,77
2011,9,36,Sam Jones,3,108,0,171
2011,9,36,Matt Trueman,1,83,0,66
2011,9,36,Mike McCahill,1,154,1,35
2011,9,36,Kable Healthcare,2,0,0,3
2011,9,36,Andrew Sparrow,6,960,5,195
2011,9,36,Steven Morris,11,5036,96,846
2011,9,36,Lloyd Shepherd,1,1482,30,875
2011,9,36,Alan Connor,2,62,0,51
2011,9,36,Jonathan Wilson,1,72,1,50
2011,9,36,Anna Bawden,1,285,0,43
2011,9,36,Jonathan Glennie,1,205,1,98
2011,9,36,Caroline Davies,1,62,1,42
2011,9,36,John L Walters,1,32,1,28
2011,9,36,John Vidal,5,2028,37,598
2011,9,36,Chris Cook,3,0,0,35
2011,9,36,Tony Paley,4,1,0,40
2011,9,36,Brian Whitaker,1,95,1,51
2011,9,36,Des Freedman,1,9,0,3
2011,9,36,Alison Flood,6,7516,44,920
2011,9,36,Richard Wilson,1,16,1,68
2011,9,36,Rosie Swash,4,1026,1,163
2011,9,36,Clare Horton,4,87,0,24
2011,9,36,Sarah Simmonds,1,160,0,40
2011,9,36,The people's panel,2,62,1,73
2011,9,36,Henry Barnes,3,268,0,56
2011,9,36,Ben Kape,2,701,1,45
2011,9,36,Andy Gallagher,3,729,1,51
2011,9,36,Ekaterina Ochagavia,2,701,1,45
2011,9,36,Andrew Haydon,1,24,0,33
2011,9,36,Dave Hill,5,9,0,60
2011,9,36,Rachel Williams,2,187,0,56
2011,9,36,Cory Doctorow,1,411,222,715
2011,9,36,guardian.co.uk/music,1,1499,5,284
2011,9,36,Tara Conlan,5,39,0,192
2011,9,36,Hélène Mulholland,10,332,5,434
2011,9,36,John Harris,2,928,4,172
2011,9,36,John Domokos,1,864,2,120
2011,9,36,John Duerden,2,204,3,146
2011,9,36,Mark Sweney,13,147,6,437
2011,9,36,Ben Dowell,5,1288,7,191
2011,9,36,Chrystelle Barbier,1,59,1,49
2011,9,36,Georgina Kenyon,1,27,2,20
2011,9,36,Emmanuelle Lequeux,1,0,0,12
2011,9,36,Paulo A Paranagua,1,16,0,32
2011,9,36,Guardian Fashion,3,214,1,171
2011,9,36,Imogen Fox,6,95,1,156
2011,9,36,Rosie Bristow for the <a href="http://www.guardian.co.uk/guardian-professional"> Guardian Professional Network</a>,1,77,0,66
2011,9,36,Damian Carrington,5,1221,12,861
2011,9,36,SE Smith,1,102,1,34
2011,9,36,Michelle Pauli,2,7518,13,242
2011,9,36,Jim Falzarano,1,0,0,6
2011,9,36,Raymond Barrett,1,51,0,28
2011,9,36,Randeep Ramesh,6,3068,11,943
2011,9,36,Meena Bhandari,1,127,0,262
2011,9,36,Jane Scott,1,95,0,22
2011,9,36,Abby Deveney,1,1,0,2
2011,9,36,Austen Ivereigh,1,28,0,25
2011,9,36,Paul Weaver,1,21,0,14
2011,9,36,Tony Russell,1,131,0,27
2011,9,36,Ian Sample,3,2362,29,512
2011,9,36,John Fordham,6,120,1,66
2011,9,36,Alex Hawkes,4,61,0,125
2011,9,36,Emily Charkin,1,23,0,37
2011,9,36,David Banks,1,5,0,13
2011,9,36,Larry Elliott,1,92,0,106
2011,9,36,Rebecca Lowe for the <a href="http://www.ibanet.org">International Bar Association</a> blog,1,15,0,24
2011,9,36,part of the <a href="http://www.guardian.co.uk/legalnetwork">Guardian Legal Network</a>,1,15,0,24
2011,9,36,Maseeh Rahman,2,245,3,79
2011,9,36,Paul Lester,5,956,4,124
2011,9,36,Sean Smith,1,37,1,19
2011,9,36,Richard Wachman,6,31,3,99
2011,9,36,Richard Seymour,1,1426,10,236
2011,9,36,John Hooper,5,5145,44,588
2011,9,36,Ian Traynor,1,59,2,39
2011,9,36,Jo Tuckman,1,82,0,35
2011,9,36,Ewen MacAskill,6,876,7,344
2011,9,36,Ian Campbell,1,0,0,6
2011,9,36,Harri Jenkins,1,7,0,10
2011,9,36,Rachel Blissett,1,7,0,10
2011,9,36,Dan van der Vat,1,0,0,5
2011,9,36,Clive Everton,1,17,0,20
2011,9,36,Paul Oestreicher,1,2,0,6
2011,9,36,Kim Haughton,1,128,1,10
2011,9,36,Jim Powell,2,232,1,35
2011,9,36,Megan Carpentier,1,193,3,50
2011,9,36,Chris Salmon,1,52,0,39
2011,9,36,Helen Meany,2,13,0,5
2011,9,36,Michael Hann,5,79,1,45
2011,9,36,Jonathan Watts,1,13,2,89
2011,9,36,Allegra Stratton,7,608,5,367
2011,9,36,James Robinson,4,184,0,180
2011,9,36,Ewan Murray,14,348,1,277
2011,9,36,Merrick Cockell,1,9,0,30
2011,9,36,Media Monkey,1,38,2,39
2011,9,36,Saeed Kamali Dehghan,2,1511,3,239
2011,9,36,Nabila Ramdani,1,20,2,15
2011,9,36,Owen Gibson,5,488,3,401
2011,9,36,Rupert Jones,2,22,1,57
2011,9,36,Hadley Freeman,1,330,2,72
2011,9,36,Gemma Bowes,1,14,0,8
2011,9,36,Richard Vine,2,3,0,19
2011,9,36,Linda Blair,1,0,0,1
2011,9,36,Luisa Dillner,1,20,0,30
2011,9,36,Tom Parfitt,3,112,0,111
2011,9,36,Zoe Wood,3,564,5,180
2011,9,36,Leo Hickman,4,857,8,403
2011,9,36,Leo Benedictus,1,270,9,171
2011,9,36,Matt Parker,1,70,5,79
2011,9,36,Homa Khaleeli,1,15,0,14
2011,9,36,Jonathan Freedland,1,211,2,46
2011,9,36,Sam Wollaston &amp; Pete Cashmore,1,366,0,49
2011,9,36,Pamela Hutchinson,1,8550,57,1267
2011,9,36,Harry Venning,1,41,0,7
2011,9,36,Lynsey Hanley,1,20,0,55
2011,9,36,Andy Hunter,7,1195,1,341
2011,9,36,Greg Wood at Goodwood,1,0,0,7
2011,9,36,Julian Borger,7,4237,19,529
2011,9,36,Victoria Coren,1,6,0,7
2011,9,36,David Hopps at Old Trafford,2,26,0,32
2011,9,36,Paul Harris,2,1650,9,119
2011,9,36,Jude Rogers,1,219,1,19
2011,9,36,Nour Ali,2,301,1,166
2011,9,36,Dominic Fifield,7,596,2,317
2011,9,36,Andrew Pulver,5,161,2,118
2011,9,36,Simon Jenkins,3,483,4,145
2011,9,36,Alan Maynard,1,45,1,54
2011,9,36,Rob Smyth,4,494,1,58
2011,9,36,Matt Scott,3,138,0,113
2011,9,36,Jonathan Wright,2,0,0,35
2011,9,36,David Stubbs,1,0,0,22
2011,9,36,Virginia Spiers,1,0,0,17
2011,9,36,Rebecca Smithers,5,409,2,242
2011,9,36,Steve Bell,2,43,1,45
2011,9,36,Simon Goodley,2,509,7,213
2011,9,36,Gregg Roughley,4,80,1,89
2011,9,36,Owen Bowcott,5,226,3,213
2011,9,36,Stephen Rockman,1,9,0,77
2011,9,36,Alistair McLean,1,3,0,25
2011,9,36,Virginia Wallis,2,2,0,38
2011,9,36,Jayati Ghosh,1,78,0,73
2011,9,36,Ranj Alaaldin,1,17,0,24
2011,9,36,Jill Insley,4,157,0,190
2011,9,36,Alison Rourke,2,252,3,139
2011,9,36,Thomas Welch,1,86,1,43
2011,9,36,Ed Prosser,1,86,1,43
2011,9,36,Nisha Ligon,1,86,1,43
2011,9,36,Camila Ruz,3,437,2,208
2011,9,36,Nicky Gavron,1,6,0,27
2011,9,36,John Ashdown,4,183,0,66
2011,9,36,Paul O'Brien,1,2,0,11
2011,9,36,Brad Evans,1,184,1,23
2011,9,36,Simon Critchley,1,184,1,23
2011,9,36,Ben Whitelaw,3,2,1,56
2011,9,36,Noam Chomsky,1,6520,20,122
2011,9,36,John Ashdown (before),1,262,2,111
2011,9,36,Simon Burnton (now),1,262,2,111
2011,9,36,SA Mathieson,1,13,0,11
2011,9,36,John Wright,1,783,2,105
2011,9,36,Stuart Heritage,6,824,3,160
2011,9,36,Rachael Cloughton,1,125,0,41
2011,9,36,Vernon Bogdanor,1,1,0,8
2011,9,36,Anna-Claire Bevan,1,310,2,55
2011,9,36,Leon Kaye for the <a href="http://www.guardian.co.uk/guardian-professional" title="Guardian Professional Network">Guardian Professional Network</a>,1,44,0,18
2011,9,36,Lyn Holder,1,0,0,0
2011,9,36,Lindesay Irvine,1,45,2,22
2011,9,36,Colin Cram,1,1,0,18
2011,9,36,Julia Eccleshare,1,3,0,15
2011,9,36,Richard Goulding,1,133,0,35
2011,9,36,Mike Selvey,4,10,0,33
2011,9,36,Richard Gibson,2,0,0,11
2011,9,36,Richard Latham,3,1,0,15
2011,9,36,Martin Wainwright,3,745,7,133
2011,9,36,Lauren Peters,1,0,0,5
2011,9,36,Fabíola Ortiz,1,104,0,88
2011,9,36,part of the <a href="http://www.guardian.co.uk/environment/network">Guardian Environment Network</a>,1,104,0,88
2011,9,36,Roy Greenslade,1,18,0,23
2011,9,36,Annie Proulx,1,166,2,27
2011,9,36,Felicity Cloake,7,587,4,156
2011,9,36,Sarah Ditum,1,14,0,38
2011,9,36,Andrew Clements,9,47,2,30
2011,9,36,John Plunkett,5,1062,1,392
2011,9,36,Charles Gant,1,33,0,48
2011,9,36,Mark Lehain,1,11,0,33
2011,9,36,Christ T-T,1,27,1,33
2011,9,36,Iain Chambers,1,27,1,33
2011,9,36,Anita Bhagwandas,2,98,0,62
2011,9,36,Anna Chesters,1,19,1,43
2011,9,36,Theo Hobson,1,60,0,48
2011,9,36,Xan Brooks,9,1847,14,362
2011,9,36,Hikaru Toda,1,2462,13,263
2011,9,36,Jason Goodwin,1,166,2,53
2011,9,36,Alison Cole for the <a href="http://blog.soros.org/" title="">Open Society Blog</a>,1,11,1,8
2011,9,36,part of the <a href="http://www.guardian.co.uk/legalnetwork" title="">Guardian Legal Network</a>,1,11,1,8
2011,9,36,Paul Wilson,4,346,1,130
2011,9,36,Patrick Butler,5,70,0,127
2011,9,36,Terry Macalister,6,2854,14,423
2011,9,36,Lalayn Baluch,1,97,1,24
2011,9,36,Jonathan Kent,1,42,0,24
2011,9,36,Jae So,1,181,1,97
2011,9,36,Adam Boult,3,138,2,122
2011,9,36,political reporter,4,67,3,92
2011,9,36,Sarah Crown,3,149,5,107
2011,9,36,Simon Burnton,4,71,2,30
2011,9,36,Kaya Genç,1,67,1,18
2011,9,36,Hugh Tomlinson QC for the <a href="http://inforrm.wordpress.com" title="">Inforrm blog</a>,1,395,2,64
2011,9,36,part of the <a href="http://www.guardian.co.uk/law/series/guardian-legal-network" title="">Guardian Legal Network</a>,1,395,2,64
2011,9,36,NewYorkGirl,1,0,0,11
2011,9,36,Neil Rose,1,5,0,15
2011,9,36,Kate Hodge,3,72,0,114
2011,9,36,Guardian staff,2,126,2,61
2011,9,36,Stewart J Lawrence,2,450,2,109
2011,9,36,Zoe Williams,2,667,5,258
2011,9,36,Jane Dudman,1,0,0,13
2011,9,36,Daniel Bettridge,1,24,0,30
2011,9,36,Annabel Pitcher,1,69,1,29
2011,9,36,Francis Spufford,1,78,0,24
2011,9,36,GC News,1,0,0,0
2011,9,36,Leonard Cassuto,1,16,0,45
2011,9,36,John Elkington for the <a href="http://www.guardian.co.uk/guardian-professional" title="Guardian Professional Network">Guardian Professional Network</a>,1,19,1,46
2011,9,36,Gines Haro Pastor,2,26,2,59
2011,9,36,David Meyer,8,1028,55,998
2011,9,36,Sarfraz Manzoor,1,148,1,49
2011,9,36,Simeon Tegel,1,89,1,37
2011,9,36,Paolo Bandini (now),1,59,1,45
2011,9,36,Simon Burnton (earlier),1,59,1,45
2011,9,36,Lucy Halsall,1,11,0,27
2011,9,36,Carlene Thomas-Bailey,1,134,1,77
2011,9,36,Sudhir Venkatesh,1,18,0,22
2011,9,36,Michael Billington,3,109,0,34
2011,9,36,Angela Hartnett,1,27,0,17
2011,9,36,Allison Bucknell,1,28,0,7
2011,9,36,Sally Murrani,1,1,0,9
2011,9,36,Mike Averis,1,1,0,6
2011,9,36,Alan Metters,1,3,0,1
2011,9,36,David Ellis,1,9,0,12
2011,9,36,Angelique Chrisafis,3,165,7,108
2011,9,36,GrrlScientist,4,66,0,45
2011,9,36,Sarah Marsh,1,24,1,27
2011,9,36,Lizzy Davies,2,301,0,155
2011,9,36,Mattia Cabitza,1,88,0,21
2011,9,36,Bolivia,1,88,0,21
2011,9,36,Naomi McAuliffe,1,63,1,54
2011,9,36,Michael Coveney,1,46,0,19
2011,9,36,Staff,2,85,0,76
2011,9,36,Robin Denselow,4,64,1,27
2011,9,36,Eliza Anyangwe,1,31,0,24
2011,9,36,Chris Cook at Bath,1,9,0,3
2011,9,36,Elliot Smith,5,559,1,73
2011,9,36,Andy Beckett,2,66,0,86
2011,9,36,Lutfur Rahman,1,68,0,27
2011,9,36,Mike Selvey at Edgbaston,3,6,0,11
2011,9,36,Dan Gillmor,1,22,8,57
2011,9,36,Chris McGreal,3,781,6,212
2011,9,36,Dan Sabbagh,2,131,0,63
2011,9,36,Richard Latham at Taunton,3,0,0,11
2011,9,36,Paolo Bandini,1,74,0,69
2011,9,36,Simon Bowers,2,11,0,50
2011,9,36,Richard Gibson at Worcester,2,2,0,9
2011,9,36,Deborah Orr,4,415,1,124
2011,9,36,Duncan Graham-Rowe,1,26,0,82
2011,9,36,Abdur Rahman al Shami,1,77,0,61
2011,9,36,Philip Inman,1,0,0,9
2011,9,36,Pratap Chatterjee,2,241,0,67
2011,9,36,John Moore,1,2106,8,211
2011,9,36,Libya,1,6,0,16
2011,9,36,Ian Cobain,2,2101,22,477
2011,9,36,Mark Lawson,1,0,0,20
2011,9,36,Bob Stanley,3,1157,3,138
2011,9,36,Liam Turbett,1,406,0,66
2011,9,36,Alistair Davidson,1,406,0,66
2011,9,36,Elaine Constantine,1,192,1,18
2011,9,36,Clare Algar,1,76,1,30
2011,9,36,Fiachra Gibbons,1,9465,63,955
2011,9,36,Will Hutton,1,35,0,49
2011,9,36,Interviews by Emine Saner,1,190,4,185
2011,9,36,Candice Carty-Williams,1,3,0,10
2011,9,36,Gwilym Mumford,3,8,0,36
2011,9,36,Hugh O'Shaughnessy,1,69,0,35
2011,9,36,Julie Bindel,1,36,0,35
2011,9,36,Marina Hyde,4,123,1,94
2011,9,36,Paul Hayward,5,287,1,141
2011,9,36,Phil Gates,1,0,0,36
2011,9,36,Kate Ravilious,1,0,0,4
2011,9,36,Kevin Mitchell,2,31,0,21
2011,9,36,David Mitchell,1,58,1,6
2011,9,36,Nick Hopkins,6,511,1,300
2011,9,36,Alexandra Topping,3,1459,4,157
2011,9,36,Anonymous,2,9,1,39
2011,9,36,Heather Stewart,7,68,0,143
2011,9,36,Zia Mahmood,1,1,0,3
2011,9,36,Nicholas Watt,1,87,1,70
2011,9,36,Zoe Amar,1,10,0,25
2011,9,36,Dr Rory Ridley-Duff,1,28,1,28
2011,9,36,Aaron Porter,1,5,0,11
2011,9,36,By Inaki Borda of <a href="http://ipsnews.net/" title="">IPS</a>,1,43,0,45
2011,9,36,for the <a href="http://www.guardian.co.uk/global-development/series/guardian-development-network" title="">Guardian Development Network</a>,2,46,1,49
2011,9,36,Ben White,1,136,1,36
2011,9,36,Perri Lewis,1,715,2,54
2011,9,36,Jon Robins,1,72,1,47
2011,9,36,Ian Wingfield,1,3,0,8
2011,9,36,Stephen Evans,1,0,0,6
2011,9,36,Sarah Waller,1,14,0,18
2011,9,36,programme director,1,14,0,18
2011,9,36,the King's Fund,1,14,0,18
2011,9,36,Jemima Kiss,1,0,1,40
2011,9,36,Helen Babbs,1,56,0,23
2011,9,36,Siddhartha Mukherjee,1,8,0,0
2011,9,36,Rachel Boast,1,15,0,7
2011,9,36,Mary Horlock,1,7,0,0
2011,9,36,Juan Pablo Villalobos,1,23,0,5
2011,9,36,Elif Batuman,1,3,0,3
2011,9,36,Erin Morgenstern,1,14,0,5
2011,9,36,Mirza Waheed,1,24,0,3
2011,9,36,Andrew Simms,1,46,0,59
2011,9,36,Justine Jordan,1,119,0,35
2011,9,36,Claire Armitstead,1,119,0,35
2011,9,36,Stephan Lewandowsky,1,2082,13,291
2011,9,36,Nicholas Lezard,1,60,1,11
2011,9,36,Liz Ford,1,19,0,15
2011,9,36,Stephen Kelman,1,3,0,6
2011,9,36,Owen Jones,1,167,2,74
2011,9,36,Guardian Classic,1,180,0,25
2011,9,36,Melody Kemp,1,176,2,86
2011,9,36,Hari,1,7,0,50
2011,9,36,Jake,1,7,0,50
2011,9,36,Philip Colligan,1,99,5,159
2011,9,36,Skye Sherwin,2,27,0,30
2011,9,36,Timothy Stanley,1,115,5,106
2011,9,36,David Barnett,1,14,0,12
2011,9,36,Edward Platt,1,101,0,52
2011,9,36,Julian Baggini,1,38,5,49
2011,9,36,Mark Tran,2,223,2,111
2011,9,36,Sarah Jaffe,1,19,0,77
2011,9,36,Erica Jeal,3,47,0,25
2011,9,36,Presented by Anne Perkins,1,8,0,15
2011,9,36,produced by Phil Maynard,1,8,0,15
2011,9,36,Daniel Kalder,1,40,0,20
2011,9,36,Steve Boxer,2,12,0,84
2011,9,36,Jonathan Glancey,2,290,3,139
2011,9,36,Paul Brogden,1,302,0,16
2011,9,36,Jo Confino for <a href="http://www.guardian.co.uk/guardian-professional" title="">Guardian Professional Network</a>,1,28,2,25
2011,9,36,Peter Bradshaw,8,438,0,94
2011,9,36,Christine Ottery,1,375,3,130
2011,9,36,Sheila Miller,1,102,1,22
2011,9,36,Caroline Sullivan,3,270,1,31
2011,9,36,Richard Blakeway,1,0,0,6
2011,9,36,Gavin McOwan,1,72,1,13
2011,9,36,Isabel Choat,1,72,1,13
2011,9,36,Amanda Marcotte,1,544,8,233
2011,9,36,Shiv Malik,1,9,0,3
2011,9,36,Jeremy Deller,1,28,0,11
2011,9,36,Maggie Brown,2,25,0,34
2011,9,36,Robert McCrum,2,39,0,41
2011,9,36,Alex von Tunzelmann,1,10,0,21
2011,9,36,Dan Martin,3,88,1,51
2011,9,36,IFA,5,378,49,658
2011,9,36,Berlin,5,378,49,658
2011,9,36,Ghaffar Hussain,1,27,0,22
2011,9,36,Amy Fleming,2,576,0,109
2011,9,36,Alex Duval Smith,1,94,1,8
2011,9,36,Anthea Butler,1,28,0,32
2011,9,36,Sarah Posner,1,28,0,32
2011,9,36,Jon Dennis,2,45,0,31
2011,9,36,Jo Coleman,1,4,0,12
2011,9,36,Nathan Green,1,2119,19,160
2011,9,36,Stephen Dunn,1,18,0,47
2011,9,36,Alexis Petridis,2,8,0,14
2011,9,36,Sadhbh Walshe,1,13,1,27
2011,9,36,Zahid Torres-Rahman for the <a href="http://www.guardian.co.uk/guardian-professional" title="Guardian Professional Network">Guardian Professional Network</a>,1,102,1,34
2011,9,36,Johnny Dee,3,48,1,70
2011,9,36,Kaliya Franklin,1,491,0,106
2011,9,36,Jacqueline Davis,1,95,0,28
2011,9,36,Afshan Jafar for <a href="http://uvenus.org/" title="">University of Venus</a>,1,10,0,19
2011,9,36,Tom Service,1,1,0,9
2011,9,36,Johnny Anglais,1,205,4,63
2011,9,36,Guy Dammann,1,2,0,12
2011,9,36,Jack Schofield,1,8,1,50
2011,9,36,Mike Newby,1,10,0,5
2011,9,36,Jon Butterworth,1,19,4,13
2011,9,36,Jo Adetunji,4,126,0,138
2011,9,36,Penelope J Corfield,1,11,0,6
2011,9,36,Stephen Reicher,1,284,8,86
2011,9,36,Alex Haslam,1,284,8,86
2011,9,36,Graham Turner,2,58,0,29
2011,9,36,Tom Deveson,1,11,0,5
2011,9,36,<a href="http://www.businessgreen.com">BusinessGreen</a>,1,13,0,67
2011,9,36,Ronald Bergan,1,0,0,9
2011,9,36,Karla Zabludovsky,1,58,2,22
2011,9,36,Alison Kaye,1,25,0,48
2011,9,36,Sandra Laville,1,16,0,40
2011,9,36,Juliette Garside,1,40,1,83
2011,9,36,Dan Hancox,1,278,0,94
2011,9,36,Alexander Chancellor,1,16,0,50
2011,9,36,Tom Meltzer,1,1,0,1
2011,9,36,Bim Adewunmi,1,27,0,38
2011,9,36,Guardian readers,2,217,0,57
2011,9,36,Mehdi Hasan,1,608,5,91
2011,9,36,Michele Hanson,1,2,0,8
2011,9,36,Vikram Dodd,4,1321,3,280
2011,9,36,As overheard by John Crace,1,2,0,4
2011,9,36,Paul Rees,3,5,0,13
2011,9,36,David Leigh,1,100,6,153
2011,9,36,Pamela Stephenson Connolly,1,39,0,13
2011,9,36,Leo&nbsp;Benedictus,1,5,0,20
2011,9,36,Adrian Searle,1,94,1,21
2011,9,36,Dave Simpson,2,19,0,13
2011,9,36,John Robinson,1,0,0,13
2011,9,36,Vicky Frost,2,52,0,38
2011,9,36,Laura Barton,2,539,2,82
2011,9,36,Mark Cousins,1,162,7,49
2011,9,36,John Patterson,2,66,4,29
2011,9,36,Steve Rose,3,81,0,21
2011,9,36,Cath Clarke,2,38,0,24
2011,9,36,David Thomson,1,464,4,39
2011,9,36,Anne Billson,1,67,0,22
2011,9,36,Iain Burnside,1,63,0,19
2011,9,36,Esther Addley,1,1,0,10
2011,9,36,Tom Hughes,1,0,0,6
2011,9,36,Harry Pearson,1,38,0,5
2011,9,36,John Gilbey,1,2,0,25
2011,9,36,Rebecca Nicholson,1,0,0,12
2011,9,36,James Richardson,1,42,0,12
2011,9,36,Matt Hall,1,42,0,12
2011,9,36,Thomas Hodgkinson,1,15,0,5
2011,9,36,Martin Rayson,1,0,0,12
2011,9,36,Steven Poole,1,0,0,9
2011,9,36,David Walker,1,0,0,7
2011,9,36,Paul Doyle at Vicarage Road,1,14,0,21
2011,9,36,Giles Richards,2,183,1,89
2011,9,36,Brian Dillon,1,84,0,62
2011,9,36,Martin Rowson,2,39,0,51
2011,9,36,Peter Holbrook,1,3,0,25
2011,9,36,Interview by Rosie Niven,1,2,0,5
2011,9,36,Peter Davis,1,225,0,105
2011,9,36,Brian Massumi,1,242,2,14
2011,9,36,Richard Vize,1,1,0,4
2011,9,36,Libby Brooks,1,148,1,32
2011,9,36,Rayhan Haque,1,1,0,2
2011,9,36,Huw Nesbitt,1,11,2,20
2011,9,36,Jane Perrone,1,20,0,22
2011,9,36,Anne Sebba,1,55,0,50
2011,9,36,Sam Jordison,1,34,0,17
2011,9,36,Martin Belam,1,0,1,0
2011,9,36,Roger Howard,1,21,0,40
2011,9,36,Roger Harding,1,74,0,7
2011,9,36,Jack Arnott,1,237,2,120
2011,9,36,James Dart,1,0,0,3
2011,9,36,Wendy Berliner,1,10,0,9
2011,9,36,Chris Moran,1,502,0,52
2011,9,36,Danny Leigh,1,77,0,22
2011,9,36,Louise Millar,1,20,0,2
2011,9,36,Richard Rae,1,1,0,4
2011,9,36,Flavia Dzodan,1,231,9,67
2011,9,36,Julia,1,51,0,28
2011,9,36,Anthony Thistleton-Smith,1,51,0,28
2011,9,36,Jaz Cummins,1,33,0,33
2011,9,36,Presented by Jason Solomons,1,8,0,2
2011,9,36,produced by Jason Phipps,1,8,0,2
2011,9,36,with Xan Brooks,1,8,0,2
2011,9,36,Jason Deans,3,10,0,71
2011,9,36,Alex Preston,1,26,0,22
2011,9,36,Julian Rothenstein,1,29,0,29
2011,9,36,Stuart O'Connor,1,1,0,15
2011,9,36,Karen Robinson,1,104,0,25
2011,9,36,Dale Berning,1,104,0,25
2011,9,36,Imad Mansour for <a href="http://www.opendemocracy.net/" title="Open Democracy website">Open Democracy</a>,1,22,0,7
2011,9,36,part of the <a href="http://www.guardian.co.uk/commentisfree/series/guardian-comment-network" title="Guardian Comment Network website">Guardian Comment Network</a>,1,22,0,7
2011,9,36,Eugene Spiers,1,3,1,18
2011,9,36,Nick Cowen,1,22,0,142
2011,9,36,Suzanne Goldenberg,2,163,0,74
2011,9,36,Oliver Thring,1,71,0,17
2011,9,36,Jo Confino for <a href="http://www.guardian.co.uk/guardian-professional" title="">Guardian Professional Networks</a>,1,9,0,20
2011,9,36,Press Assoociation,1,2,0,3
2011,9,36,Fiona Sibley,1,0,0,14
2011,9,36,Farah Abushwesha,1,595,1,124
2011,9,36,William Fowler,1,27,0,24
2011,9,36,Toby Manhire,1,140,1,19
2011,9,36,Martyn Williams,1,6,0,32
2011,9,36,Mary Hamilton,1,3,0,39
2011,9,36,James Walsh &amp; Jack Arnott,1,3,0,39
2011,9,36,Tamson Pietsch,1,4,0,15
2011,9,36,Miguel-Anxo Murado,1,51,0,26
2011,9,36,Duncan Campbell,1,125,0,8
2011,9,36,Steven Hill,1,28,0,31
2011,9,36,Ross Domoney,1,880,2,68
2011,9,36,Diane Taylor,2,1214,6,175
2011,9,36,Michael Tait,1,880,2,68
2011,9,36,Christian Bennett,1,880,2,68
2011,9,36,MediaGuardian,1,1,0,5
2011,9,36,Tom Gross,1,493,7,42
2011,9,36,Ukraine,1,493,7,42
2011,9,36,Presented by Alexis Petridis,1,90,1,19
2011,9,36,produced by Matt Hill,1,90,1,19
2011,9,36,Lauren Niland,1,8,0,15
2011,9,36,Lee Friedlander,1,177,0,56
2011,9,36,By Med Abderrahmane of <a href="http://ipsnews.net/" title="">IPS</a>,1,3,1,4
2011,9,36,Chudi Onwuazor,1,62,1,37
2011,9,36,Paddy Allen,2,21,0,15
2011,9,36,Rachel Dixon,2,80,1,19
2011,9,36,Jonny Weeks,1,18,0,12
2011,9,36,George Bouras,1,18,0,12
2011,9,36,David Lacey,1,41,0,52
2011,9,36,Priscilla Kwateng,1,0,0,16
2011,9,36,Alistair Smith,1,10,0,17
2011,9,36,Alex Needham,1,94,0,29
2011,9,36,Nesrine Malik,1,24,0,19
2011,9,36,Presented by Claire Armitstead,1,2,0,4
2011,9,36,Produced by Iain Chambers,1,2,0,4
2011,9,36,Alice Bain,1,0,1,3
2011,9,36,Nigel Fountain,1,12,0,34
2011,9,36,Jamjam66,1,17,0,4
2011,9,36,Elizabeth Mason-Whitehead,1,23,0,13
2011,9,36,<a href="http://www.e360.yale.edu" title="Yale Environment 360">Yale Environment 360</a>,1,91,0,67
2011,9,36,Mark Ellen,1,398,4,339
2011,9,36,Ally Fogg,1,31,1,22
2011,9,36,Vic Marks,3,11,1,22
2011,9,36,Unni Karunakara,1,142,6,56
2011,9,36,Martin Pengelly,1,3,1,6
2011,9,36,Hunan,1,616,10,143
2011,9,36,Maddy Costa,1,15,0,7
2011,9,36,Daniel Wellbelove,1,16,0,3
2011,9,36,Andrew Finkel,1,51,0,11
2011,9,36,Charles Simic for the <a href="http://www.nybooks.com/blogs/nyrblog/" title="New York Review of Book blog">New York Review of Books blog</a>,1,33,0,41
2011,9,36,part of the <a href="http://www.guardian.co.uk/commentisfree/series/guardian-comment-network" title="">Guardian Comment Network</a>,1,33,0,41
2011,9,36,Diane Roberts,1,70,0,14
2011,9,36,Ian Gittins,1,0,0,14
2011,9,36,Constanze Letsch,1,1331,1,86
2011,9,36,Danielle Elizabeth Tumminio,1,14,0,23
2011,9,36,Sara Perria,1,543,3,29
2011,9,36,Amelia Hill,2,1771,3,204
2011,9,36,Foreign staff,1,543,1,42
2011,9,36,Richard Rae at Northampton,1,0,0,5
2011,9,36,Andy Nicolson,1,1,2,6
2011,9,36,Shanice McConnachie,1,520,0,23
2011,9,36,Oliver Laughland,2,40,0,107
2011,9,36,Suzanne Moore,1,1683,8,691
2011,9,36,Peter White,1,16,0,30
2011,9,36,Ben Goldacre,1,318,5,155
2011,9,36,Paul Wilson at the Vasil Levski Stadium,1,10,0,8
2011,9,36,Simon Hoggart,1,5,0,29
2011,9,36,Anthony Seldon,2,71,0,81
2011,9,36,Jess Cartner-Morley,2,22,0,22
2011,9,36,Mona Mahmood,1,22,0,13
2011,9,36,Sofie Gråbøl,1,56,0,22
2011,9,36,Olaf Furniss,1,112,1,15
2011,9,36,Rhiannon Batten,1,162,1,30
2011,9,36,Merope Mills,1,80,1,31
2011,9,36,Tim Bryan,1,232,1,9
2011,9,36,Tim Ecott,1,13,0,24
2011,9,36,Annie Caulfield,1,343,1,22
2011,9,36,Todd McEwen,1,3,0,8
2011,9,36,Dominic Fifield at Vasil Levski Stadium,3,116,0,58
2011,9,36,Lavinia Greenlaw,1,19,0,14
2011,9,36,Linda Colley,1,13,0,20
2011,9,36,Rana Mitter,1,82,3,28
2011,9,36,Paul Laity,1,30,0,19
2011,9,36,John Burnside,1,12,0,10
2011,9,36,Kapka Kassabova,1,3,0,2
2011,9,36,John Self,1,9,1,4
2011,9,36,Kathryn Hughes,1,1,0,21
2011,9,36,Eric Brown,1,66,2,35
2011,9,36,Alfred Hickling,1,29,0,9
2011,9,36,Tony Bradman,1,8,0,2
2011,9,36,Fran Brearton,1,36,0,15
2011,9,36,Sue Arnold,1,10,0,2
2011,9,36,Neil Gaiman,1,67,6,101
2011,9,36,AS Byatt,1,174,0,42
2011,9,36,Linda Chase,1,17,0,3
2011,9,36,John Mullan,1,8,0,7
2011,9,36,Pankaj Mishra,2,789,6,79
2011,9,36,Daljit Nagra,1,38,0,8
2011,9,36,Leonard Barden,1,0,0,1
2011,9,36,Charlotte Abrahams,1,13,1,4
2011,9,36,Alys Fowler,2,3,0,0
2011,9,36,Sali Hughes,1,41,0,46
2011,9,36,John Lanchester,1,6,0,2
2011,9,36,<a href="http://www.rivercottage.net/" title="">Hugh Fearnley-Whittingstall</a>,1,334,0,33
2011,9,36,Yotam Ottolenghi,1,35,0,31
2011,9,36,Dan Lepard,1,56,0,14
2011,9,36,Fiona Beckett,1,0,0,10
2011,9,36,Lia Leendertz,1,1,0,0
2011,9,36,John&nbsp;Santos,1,6,0,8
2011,9,36,Matthew Fort,1,2,0,6
2011,9,36,Thomas Eaton,1,1,0,0
2011,9,36,Lorraine Pascale,1,10,0,8
2011,9,36,Tom Dyckhoff,1,63,0,12
2011,9,36,Interview by Becky Barnicoat. Photograph by <a href="http://www.emilystein.co.uk/" title="">Emily Stein</a>,1,184,0,7
2011,9,36,Ambra Edwards,1,20,0,5
2011,9,36,Oliver Burkeman,2,102,2,46
2011,9,36,Rosanna Greenstreet,1,324,0,24
2011,9,36,Tim Dowling,1,11,0,8
2011,9,36,Graham Snowdon,3,188,2,105
2011,9,36,Justin Webb,1,41,0,18
2011,9,36,Jason Burke,1,41,0,18
2011,9,36,Andrea Wren,1,153,3,113
2011,9,36,Simon Hattenstone,1,58,0,34
2011,9,36,Miles Brignall,6,11,0,23
2011,9,36,Anna Tims,1,6,0,14
2011,9,36,Jeremy Bullmore,1,0,0,0
2011,9,36,Patrick Collinson,2,81,1,18
2011,9,36,Linda Harrison,1,161,2,41
2011,9,36,Geoffrey Wadhurst,1,3,0,12
2011,9,36,The Secret Footballer,1,38,0,27
2011,9,36,Graham Long,1,1,0,26
2011,9,36,Tim Radford,1,0,0,2
2011,9,36,Damon Wise,1,265,8,45
2011,9,36,Ian Sansom,1,58,0,22
2011,9,36,Sylvia Patterson,1,164,2,101
2011,9,36,Steven Appleby,1,10,0,1
2011,9,36,Sarah Dempster,1,2,0,10
2011,9,36,Robert Clark,1,2,0,23
2011,9,36,Ben Beaumont-Thomas,1,132,1,17
2011,9,36,Nick McGrath,1,5,0,0
2011,9,36,Annalisa Barbieri,1,0,0,1
2011,9,36,Mike Power,1,46,0,11
2011,9,36,Grace Dent,1,22,0,74
2011,9,36,Rhiannon Howells,1,59,0,32
2011,9,36,Eva Wiseman,5,496,0,119
2011,9,36,The Guide,2,0,0,2
2011,9,36,John Fordham &amp; John Robinson,1,0,1,1
2011,9,36,Sam Wolfson,1,24,0,4
2011,9,36,James Kettle,1,1,0,3
2011,9,36,Nick Gillett,1,4,0,72
2011,9,36,Patric Baird,1,43,0,4
2011,9,36,John Mitchell,1,43,0,4
2011,9,36,Sam Richards &amp; Marc Rowlands,1,43,0,4
2011,9,36,Michael Holden,1,1,0,1
2011,9,36,Mark Cook,1,2,0,1
2011,9,36,Lyn Gardner &amp; Judith Mackrell,1,2,0,1
2011,9,36,Robert Clark &amp; Skye Sherwin,1,39,0,39
2011,9,36,Iain Aitch,1,3,0,6
2011,9,36,Colette Bernhardt &amp; Katrina Dixon,1,3,0,6
2011,9,36,Bidisha,1,0,0,27
2011,9,36,Interview by Alexandra Topping,1,6,0,11
2011,9,36,Stuart Jeffries,1,127,0,57
2011,9,36,Nicola Jennings,1,0,0,7
2011,9,36,Richard Williams at Vasil Levski Stadium,1,42,0,10
2011,9,36,Kevin McCarra at the Vasil Levski Stadium,1,27,0,21
2011,9,36,Andy Wilson at Headingley Carnegie,1,0,0,6
2011,9,36,Paul Doyle at Cardiff City Stadium,1,17,0,10
2011,9,36,Andy Hunter at Windsor Park,1,3,0,7
2011,9,36,David Hytner at the Aviva Stadium,1,8,1,7
2011,9,36,Joe Berger,1,24,0,5
2011,9,36,Pascal Wyse,1,24,0,5
2011,9,36,Susie Orbach,1,88,0,97
2011,9,36,Dan Logen,1,101,0,30
2011,9,36,Kayte Lawton,1,59,0,39
2011,9,36,Jason Solomons,3,90,1,43
2011,9,36,Mark Weisbrot,1,1115,13,161
2011,9,36,Joshua Craze,1,12,1,15
2011,9,36,Nicky Woolf,1,12,1,15
2011,9,36,Clyde Sanger,1,0,0,2
2011,9,36,Mark Townsend,3,1426,4,247
2011,9,36,Tom Kington,1,115,3,64
2011,9,36,Ewan Murray at Hampden Park,1,22,0,9
2011,9,36,Richard Rae at The County Ground,1,9,0,6
2011,9,36,Michael Aylwin at Twickenham,2,6,0,11
2011,9,36,Daniel Topolski,1,1,0,3
2011,9,36,Slovenia,1,1,0,3
2011,9,36,Toby Helm,6,1823,6,698
2011,9,36,Andy Wilson at Chester-le-Street,1,6,0,13
2011,9,36,Kim Willsher,1,27,1,37
2011,9,36,Tracy McVeigh,2,3018,46,459
2011,9,36,Eleanor Busby,1,81,0,37
2011,9,36,John Stern,1,0,0,6
2011,9,36,Robin McKie,3,765,5,372
2011,9,36,Eddie Butler,3,29,0,26
2011,9,36,Dalya Alberge,1,531,0,164
2011,9,36,David Hills,1,13,0,8
2011,9,36,Tim Lewis,1,7,0,13
2011,9,36,Brendan Fanning,1,2,1,10
2011,9,36,Cherry Wilson,1,764,8,80
2011,9,36,Peter Preston,4,66,1,140
2011,9,36,Margaret Dibben,3,0,0,1
2011,9,36,Yvonne Roberts,2,65,1,53
2011,9,36,Rowan Moore,3,105,0,47
2011,9,36,Gareth Grundy,3,842,4,160
2011,9,36,Ed Balls,1,64,4,34
2011,9,36,Kitty Empire,3,225,2,33
2011,9,36,Luke Bainbridge,1,221,2,27
2011,9,36,Hermione Hoby,2,224,2,32
2011,9,36,Dave Gelly,1,0,0,0
2011,9,36,William Skidelsky,1,116,4,25
2011,9,36,Margie Orford,1,75,1,15
2011,9,36,Sean O'Hagan,1,72,0,22
2011,9,36,Kate Kellaway,1,16,0,4
2011,9,36,Chris Riddell,1,59,0,7
2011,9,36,Martin Love,1,9,0,13
2011,9,36,Will Freeman,1,0,0,8
2011,9,36,Jay Rayner,1,14,0,21
2011,9,36,Nigel Slater,2,88,1,25
2011,9,36,Fiona Maddocks,2,9,0,16
2011,9,36,Ally Carnwath,1,0,0,2
2011,9,36,Philip French,10,54,0,30
2011,9,36,Elizabeth Day,2,331,1,56
2011,9,36,Euan Ferguson,3,1022,7,263
2011,9,36,Felix Atkin,1,1,0,15
2011,9,36,Jack Harrington,1,0,0,5
2011,9,36,Bulent Yusuf,1,4,1,11
2011,9,36,Georgina Terry,1,1,0,2
2011,9,36,Dr Gerry Mander,1,1,0,3
2011,9,36,Joanna Kavenna,1,5,0,13
2011,9,36,Mariella Frostrup,1,6,0,5
2011,9,36,Rachel Cooke,3,159,0,68
2011,9,36,Andrew Anthony,2,796,7,105
2011,9,36,Peter Conrad,1,28,2,39
2011,9,36,Lettie Ransley,1,2,0,1
2011,9,36,Lucy Wadham,1,5,1,7
2011,9,36,Thomas Jones,1,11,3,60
2011,9,36,Sophia Martelli,1,2,0,1
2011,9,36,Phil Mongredien,1,0,0,3
2011,9,36,Katharine Whitehorn,1,2,0,0
2011,9,36,Jo Jones,2,43,0,35
2011,9,36,Helen Seamons,2,43,0,35
2011,9,36,Aleks Krotoski,1,28,5,125
2011,9,36,David Williams,1,3,0,2
2011,9,36,Luke Jennings,1,30,0,2
2011,9,36,Dan Pearson,1,53,1,7
2011,9,36,Neil Spencer,1,5,0,2
2011,9,36,The Observer,1,21,0,18
2011,9,36,Tom Lamont,1,56,0,8
2011,9,36,Emma John,1,532,11,108
2011,9,36,Lucy Siegle,1,51,2,50
2011,9,36,Shahesta Shaitly,1,1,0,1
2011,9,36,Mark Kermode,1,0,0,4
2011,9,36,Phil Hogan,1,5,0,5
2011,9,36,Paul Krugman,1,680,5,246
2011,9,36,Clare Brennan,1,20,1,0
2011,9,36,Miranda Sawyer,1,0,0,8
2011,9,36,AL Kennedy,1,33,0,22
2011,9,36,Stephen Pritchard,1,27,0,5
2011,9,36,John Naughton,1,104,25,528
2011,9,36,Ed Helmore,1,52,0,18
2011,9,36,Barbara Ellen,2,36,0,38
2011,9,36,Oliver James,1,12,0,12
2011,9,36,Vanessa Thorpe,1,1143,3,93
2011,9,36,Viv Groskop,2,130,1,51
2011,9,36,Kevin McKenna,1,27,0,14
2011,9,36,Shirley Williams,1,381,3,73
2011,9,36,Gaby Hinsliff,1,123,2,61
2011,9,36,Andrew Rawnsley,1,25,0,29
2011,9,36,Texas,1,1510,8,93
2011,9,36,<strong>Mark Brown,1,15,0,21
2011,9,36,Jason Solomons</strong>,1,15,0,21
2011,9,36,Greg Wood at Leopardstown,1,0,0,4
