year,month,week,name,articles,facebook,googleplus,twitter
2011,10,43,Richard Williams,6,200,0,113
2011,10,43,Jill Treanor,13,281,7,283
2011,10,43,Mona Mahmood,8,347,1,80
2011,10,43,Chris Golding,2,27,0,14
2011,10,43,Jane Loveday,1,7,0,16
2011,10,43,Lawrence Haddad,1,76,0,32
2011,10,43,Richard Wachman,5,286,2,140
2011,10,43,Katie Allen,11,427,4,332
2011,10,43,Charles Arthur,17,1326,105,1832
2011,10,43,agencies,32,6390,90,1938
2011,10,43,Sarah Hartley,1,3,0,23
2011,10,43,Keith Stuart,15,208,6,587
2011,10,43,Jon Henley,12,3079,13,284
2011,10,43,Jared Schiller,1,273,1,30
2011,10,43,Claire Horton,1,212,0,27
2011,10,43,GrrlScientist,13,581,21,161
2011,10,43,Mark Say,5,48,6,94
2011,10,43,Evan Fanning,3,53,0,52
2011,10,43,Ian McCourt,3,30,0,75
2011,10,43,Gregg Roughley,1,23,0,31
2011,10,43,Clare Horton,10,165,1,25
2011,10,43,Reuters,49,1562,14,942
2011,10,43,Kate Murray,1,0,0,6
2011,10,43,Roy Greenslade,26,303,5,650
2011,10,43,Duncan Jefferies,1,7,0,49
2011,10,43,David Lengel,2,25,0,7
2011,10,43,Barry Glendenning,6,34,0,148
2011,10,43,Dick Vinegar,2,5,0,20
2011,10,43,Gemma Kappala-Ramsamy,3,131,3,47
2011,10,43,David Shariatmadari,1,144,0,26
2011,10,43,Christian Bennett,2,240,0,40
2011,10,43,Gill Hitchcock,10,49,0,85
2011,10,43,Eddie Butler,6,73,0,32
2011,10,43,Alexandra Topping,6,6926,16,406
2011,10,43,Mark Sweney,15,252,7,433
2011,10,43,Dan Milmo,7,186,2,155
2011,10,43,Nick Fletcher,22,24,0,113
2011,10,43,Mark Tran,4,233,1,81
2011,10,43,Mike Gershon,1,9,0,6
2011,10,43,Rachel Cusk,1,36,0,11
2011,10,43,Stuart Dredge,8,131,6,670
2011,10,43,Dai Powell,1,27,0,37
2011,10,43,Martin Wainwright,13,405,7,410
2011,10,43,Bella Mackie,4,18,0,24
2011,10,43,James Kirkbride,1,41,0,9
2011,10,43,Gavan Titley,1,127,0,42
2011,10,43,David Marsh,1,102,2,190
2011,10,43,Jean-Louis Gassée,1,0,0,110
2011,10,43,Sandra Haurant,1,72,0,21
2011,10,43,Daniel Taylor,14,23008,10,1850
2011,10,43,Chris Platts for DHL Envirosolutions,1,1,0,7
2011,10,43,Hélène Mulholl,4,138,2,168
2011,10,43,,5,314,3,231
2011,10,43,Nicholas Watt,14,1014,5,614
2011,10,43,Craig Dearden-Philips,1,1,0,6
2011,10,43,Gines Haro Pastor,8,140,0,228
2011,10,43,Ariel Leve,1,808,2,42
2011,10,43,Richard Wilson,1,0,0,23
2011,10,43,Polly Curtis,3,58,1,114
2011,10,43,Kate Hodge,9,19,0,103
2011,10,43,Michael Cox,1,3,0,15
2011,10,43,Sean Michaels,10,5296,18,444
2011,10,43,Nils Pratley,9,31,2,58
2011,10,43,Shiv Malik,5,392,0,136
2011,10,43,Peter Walker,10,2022,11,645
2011,10,43,Dan Roberts,1,30,2,99
2011,10,43,Giles Richards,4,136,1,52
2011,10,43,Liz Williams,1,288,0,15
2011,10,43,Cory Doctorow,1,190,20,240
2011,10,43,Patrick Wintour,11,888,2,462
2011,10,43,Hilary Osborne,6,139,3,278
2011,10,43,Alan Connor,2,22,0,34
2011,10,43,Paul Rees,16,111,0,59
2011,10,43,Monkey,16,625,4,605
2011,10,43,Michael White,7,173,1,141
2011,10,43,Ben Whitelaw,1,37,1,62
2011,10,43,Occupy London,1,431,3,234
2011,10,43,Daniel C Jones,1,5,1,23
2011,10,43,Simon Rogers,5,6150,47,1517
2011,10,43,Sade Laja,5,2,0,45
2011,10,43,Press Association,118,2161,37,2204
2011,10,43,Paolo Bandini,4,27,0,45
2011,10,43,Guardian Government Computing,4,9,0,13
2011,10,43,Melanie Henwood,1,49,0,26
2011,10,43,David Cox,1,5,0,25
2011,10,43,Tom Finn,3,140,1,49
2011,10,43,Kim Willsher,9,587,10,168
2011,10,43,John Plunkett,12,247,4,283
2011,10,43,Felicity Lawrence,1,81,1,51
2011,10,43,John Harris,1,882,5,82
2011,10,43,Lucy Greenwell,2,920,5,147
2011,10,43,Andy Gallagher,4,1138,7,131
2011,10,43,Mary Douglas-Home,2,900,5,95
2011,10,43,Presented by John Harris,1,28,0,12
2011,10,43,produced by Lucy Greenwell,1,28,0,12
2011,10,43,Bob Ward,2,317,1,121
2011,10,43,Steve Boxer,1,7,1,46
2011,10,43,Judy Friedberg,4,16,0,59
2011,10,43,Carol Rumens,1,61,0,23
2011,10,43,Ben Child,10,1090,16,305
2011,10,43,Alan Sykes,2,37,0,68
2011,10,43,Tom Service,2,184,4,28
2011,10,43,Anna Perman,2,85,6,102
2011,10,43,Chris Cook,5,12,0,25
2011,10,43,Giles Fraser,1,19,0,7
2011,10,43,Corrections,5,1,0,7
2011,10,43,Alison Flood,10,998,13,419
2011,10,43,Stuart Heritage,6,885,10,313
2011,10,43,Josh Halliday,20,2000,17,1453
2011,10,43,Tania Branigan,6,1802,25,466
2011,10,43,Tim Jonze,5,1340,1,104
2011,10,43,Phillip Inman,5,103,0,120
2011,10,43,Sid Lowe,1,455,0,70
2011,10,43,Mark Fisher,3,146,0,23
2011,10,43,Sanjoy Roy,4,81,0,17
2011,10,43,John Self,1,53,2,28
2011,10,43,Helena Kennedy,1,30,0,11
2011,10,43,Open thread,5,459,3,112
2011,10,43,Tom Phillips,3,582,1,138
2011,10,43,John Robb from Rock's Backpages,1,615,0,26
2011,10,43,Frédéric Filloux,1,17,0,67
2011,10,43,Groovy Dhruv,1,4,0,0
2011,10,43,Paul Simpson for the <a href="http://www.guardian.co.uk/guardian-professional?INTCMP=SRCH" title="">Guardian Professional Network</a>,1,0,0,16
2011,10,43,Sven Kaestner,1,704,5,109
2011,10,43,Tom Jenkins,2,2,0,10
2011,10,43,Matt Trueman,10,510,12,142
2011,10,43,Michael Cragg,5,937,0,82
2011,10,43,Associated Press,57,3871,79,1284
2011,10,43,Louis Emanuel,1,22,2,21
2011,10,43,Steven Morris,13,914,4,214
2011,10,43,Michael Chessum,1,109,0,51
2011,10,43,David Smith,4,1102,11,296
2011,10,43,Tony Paley,2,7,0,38
2011,10,43,Hannah Freeman,2,14,1,24
2011,10,43,Jeremy Kay,1,19,1,29
2011,10,43,Dave Hill,7,90,0,162
2011,10,43,Eric Lowitt  for the <a href="http://www.guardian.co.uk/guardian-professional?INTCMP=SRCH" title="">Guardian Professional Network</a>,1,43,1,30
2011,10,43,Dominic Rushe,10,567,7,466
2011,10,43,Robert Kitson,6,61,0,19
2011,10,43,Matthew Baxter-Reynolds,2,35,8,132
2011,10,43,Nick Cowen,3,90,2,210
2011,10,43,Brian Whitaker,1,86,1,20
2011,10,43,Javiera Atenas,1,14,0,20
2011,10,43,Claire Provost,1,28,0,5
2011,10,43,Jaz Cummins,1,28,0,5
2011,10,43,Alex Hawkes,7,212,1,175
2011,10,43,Hugh Tomlinson QC for the <a href="http://ukscblog.com/">UK Supreme Court blog</a>,1,5,0,11
2011,10,43,part of the <a href="http://www.guardian.co.uk/legalnetwork">Guardian Legal Network</a>,1,5,0,11
2011,10,43,Kevan Jones,1,16,2,10
2011,10,43,Alan Henry,1,58,0,22
2011,10,43,Maggie Brown,4,23,1,107
2011,10,43,Richard Norton-Taylor,8,213,1,128
2011,10,43,Raphael Honigstein,1,21,0,15
2011,10,43,Amy Fleming,1,21,0,19
2011,10,43,Simon Tisdall,4,276,1,67
2011,10,43,John Ashdown,3,45,1,52
2011,10,43,Michael Billington,6,232,0,75
2011,10,43,Andrew Sparrow,5,34,0,391
2011,10,43,Andy Wilson,7,12,1,32
2011,10,43,Richard Cornes,1,13,0,10
2011,10,43,Agencies,11,1034,3,288
2011,10,43,Christina Larson for <a href="http://www.e360.yale.edu" title="Yale Environment 360">Yale Environment 360</a>,1,133,13,115
2011,10,43,part of the <a href="http://www.guardian.co.uk/environment/network" title="Guardian Environment Network">Guardian Environment Network</a>,3,253,15,178
2011,10,43,Paul Owen,5,6484,57,4119
2011,10,43,Jeevan Vasagar,6,422,0,364
2011,10,43,Peter Robinson,1,173,1,77
2011,10,43,Ed Douglas,2,360,2,48
2011,10,43,Chris Arnot,2,247,2,42
2011,10,43,Hermione Hoby,3,112,0,31
2011,10,43,Rob Bagchi (first innings),1,40,1,26
2011,10,43,Andy Bull (second innings),1,40,1,26
2011,10,43,Adam Boult,8,182,2,197
2011,10,43,Julia Eccleshare,8,64,2,108
2011,10,43,Presented by James Richardson,2,45,0,19
2011,10,43,produced by Phil Maynard,3,69,0,39
2011,10,43,Leo Benedictus,2,29,0,28
2011,10,43,Matthew Good for <a href="http://www.matthewgood.org/" title="Matthew Good">matthewgood.org</a>,1,418,1,29
2011,10,43,part of the <a href="http://www.guardian.co.uk/commentisfree/series/guardian-comment-network" title="Guardian Comment Network">Guardian Comment Network</a>,1,418,1,29
2011,10,43,Jonathan Jones,8,4702,12,482
2011,10,43,Paul Lester,5,100,2,100
2011,10,43,Méabh Ritchie,1,878,1,214
2011,10,43,Mike Selvey,6,48,1,32
2011,10,43,George Lavender,1,87,1,16
2011,10,43,Helen Carter,5,164,0,101
2011,10,43,Allan Jenkins,1,5,0,17
2011,10,43,Sarah Crown,3,157,2,115
2011,10,43,David Gow,9,950,6,660
2011,10,43,Joppe Cramwinckel for the <a href="http://www.guardian.co.uk/guardian-professional" title="">Guardian Professional Network</a>,1,51,0,14
2011,10,43,Amelia Hill,2,224,4,92
2011,10,43,Norah Clewes,1,20,0,4
2011,10,43,Brendan Carroll,1,20,0,4
2011,10,43,Peter Ullathorne,1,0,0,1
2011,10,43,Luke Harding,5,2105,5,387
2011,10,43,Gus John,1,6,0,13
2011,10,43,Tom Kington,2,8,0,22
2011,10,43,Giles Tremlett,6,1643,7,175
2011,10,43,Vernon Ellis,1,88,1,16
2011,10,43,Lyn Gardner,6,169,0,57
2011,10,43,Rian Evans,1,7,0,7
2011,10,43,Julia Kollewe,5,185,3,192
2011,10,43,Eric Shorter,1,8,0,7
2011,10,43,Hadley Freeman,2,162,1,76
2011,10,43,Peter Brook,1,2,0,5
2011,10,43,Tim Dowling,3,5425,13,660
2011,10,43,Simon Hoggart,5,254,0,136
2011,10,43,Xan Rice,4,220,1,75
2011,10,43,Alfred Hickling,2,27,0,7
2011,10,43,Mark Brown,5,2612,15,333
2011,10,43,Louise Tickle,3,62,1,130
2011,10,43,Ann John,1,4,0,18
2011,10,43,Caroline Davies,4,3147,27,225
2011,10,43,Harinder Bahra,1,22,0,27
2011,10,43,David Conn,6,4042,5,518
2011,10,43,Harriet Swain,1,48,0,60
2011,10,43,Martin Chulov,3,345,2,132
2011,10,43,Barney Ronay,5,321,0,117
2011,10,43,Richard Sprenger,2,252,0,76
2011,10,43,Alice Salfield,5,521,0,75
2011,10,43,Ana Marie Cox,9,149,3,141
2011,10,43,Mike Baker,1,20,0,46
2011,10,43,Greg Wood,11,30,0,33
2011,10,43,Chris McGreal,3,186,0,29
2011,10,43,Vicky Frost,4,187,0,98
2011,10,43,Toby Manhire,2,609,5,121
2011,10,43,Tuvalu,1,543,5,110
2011,10,43,Emine Saner,3,474,4,187
2011,10,43,Miriam Elder,3,466,4,135
2011,10,43,Adam Nicolson,1,16,1,22
2011,10,43,Ros Asquith,1,12,0,8
2011,10,43,Juliette Garside,6,610,19,725
2011,10,43,Sam Jones,3,1241,15,552
2011,10,43,Emily Drabble,1,19,1,66
2011,10,43,Amelia Gentleman,2,253,0,154
2011,10,43,George Monbiot,1,757,3,323
2011,10,43,Ian Black,12,2392,10,523
2011,10,43,Homa Khaleeli,4,125,0,79
2011,10,43,Allegra Stratton,3,95,0,108
2011,10,43,Elisabeth Mahoney,4,7,0,45
2011,10,43,Rupert Neate,5,506,1,329
2011,10,43,Declan Walsh,3,331,3,177
2011,10,43,Jon Boone,2,185,1,56
2011,10,43,Andy Hunter,6,678,1,235
2011,10,43,Dominic Fifield,6,153,0,190
2011,10,43,Stuart James,5,105,0,131
2011,10,43,Denis Campbell,7,1771,6,537
2011,10,43,James Meikle,6,2931,7,463
2011,10,43,Polly Toynbee,3,1395,6,252
2011,10,43,Dr Luisa Dillner,1,34,0,11
2011,10,43,John Vallins,1,7,0,25
2011,10,43,Constanze Letsch,1,30,0,8
2011,10,43,Lucy Mangan,5,123,0,97
2011,10,43,Gabriel Weston,1,78,0,23
2011,10,43,Editorial,18,384,2,407
2011,10,43,Graeme Wearden,5,358,4,291
2011,10,43,Curt Goering,1,222,1,40
2011,10,43,Matt Scott,4,21,0,57
2011,10,43,Owen Gibson,12,109,0,211
2011,10,43,Ronan Bennett,1,3,1,1
2011,10,43,Daniel King,1,3,1,1
2011,10,43,Rachid Ghannouchi,1,386,0,30
2011,10,43,Charlotte Higgins,4,404,1,128
2011,10,43,Steve Bell,7,148,1,100
2011,10,43,John Crace,2,69,2,37
2011,10,43,Saeed Kamali Dehghan,3,183,2,78
2011,10,43,Randeep Ramesh,8,1842,3,663
2011,10,43,Interview by Laura Barnett,2,55,0,18
2011,10,43,Neal Lawson,1,29,0,53
2011,10,43,Ken Spours,1,29,0,53
2011,10,43,Andrew Mueller,2,0,0,23
2011,10,43,Gwilym Mumford,3,0,0,28
2011,10,43,Martin Skegg,3,0,0,27
2011,10,43,Nosheen Iqbal,2,2310,20,146
2011,10,43,Ali Catterall,2,0,0,20
2011,10,43,John Robinson,3,0,0,24
2011,10,43,Andy Bull,2,5,0,7
2011,10,43,Karen McVeigh,4,1013,38,334
2011,10,43,Sam Wollaston,4,80,1,77
2011,10,43,Richard Adams,3,38,0,59
2011,10,43,Ben Quinn,4,593,1,297
2011,10,43,Hugh Muir,5,39,0,49
2011,10,43,Kevin McCarra,1,0,0,10
2011,10,43,Donald McRae,2,90,0,25
2011,10,43,Paul Wilson,6,33,0,139
2011,10,43,Aisling Creevey (MeteoGroup),1,19,0,12
2011,10,43,Adam Gabbatt,5,2318,10,533
2011,10,43,Ian Sample,6,5193,90,1050
2011,10,43,Alan Travis,4,231,2,174
2011,10,43,Esther Addley,5,1914,7,539
2011,10,43,Karen Kay,2,42,1,56
2011,10,43,Rebecca Smithers,3,490,0,220
2011,10,43,Tom Levitt,1,1,0,5
2011,10,43,Danny Dorling,1,11,0,44
2011,10,43,Jonathan Glennie,3,548,3,113
2011,10,43,Jo Adetunji,3,1495,7,217
2011,10,43,Nic Fleming,3,2877,24,558
2011,10,43,Owen Bowcott,4,194,0,105
2011,10,43,Jonathan Bland,1,18,0,15
2011,10,43,Michelle Pauli,2,46,0,32
2011,10,43,Joe McDonald,1,83,0,17
2011,10,43,Beijing,1,83,0,17
2011,10,43,Andrew Gravells,1,0,0,1
2011,10,43,Mick Kent,1,16,0,9
2011,10,43,Harriet Sherwood,4,132,0,60
2011,10,43,Mark King,12,270,2,246
2011,10,43,Adam Vaughan,3,151,6,241
2011,10,43,Nicholas Lezard,2,1346,10,442
2011,10,43,Sally Whittle,1,23,0,30
2011,10,43,Steve Busfield,1,1,0,8
2011,10,43,Steven Lang,1,0,0,0
2011,10,43,Ben Warren,1,0,0,12
2011,10,43,Butterfly Rainbow,2,3,0,11
2011,10,43,Will Nichols,1,6,0,5
2011,10,43,Meg Rosoff,1,92,1,65
2011,10,43,Fiona Harvey,5,322,10,390
2011,10,43,Jessica Shankleman,1,6,0,3
2011,10,43,Neasa MacErlean,5,59,0,21
2011,10,43,Jacques Delors,1,12,0,10
2011,10,43,Pervenche Berès,1,12,0,10
2011,10,43,Yves Bertoncini,1,12,0,10
2011,10,43,Daniel Cohen,1,12,0,10
2011,10,43,William Dar,1,62,0,59
2011,10,43,Nicola Brady,1,90,1,41
2011,10,43,AP,1,149,1,19
2011,10,43,Peter Beresford,1,485,3,57
2011,10,43,Presented,1,56,1,13
2011,10,43,played by Paul Lewis,1,56,1,13
2011,10,43,produced by Hannah Rosenfelder,1,56,1,13
2011,10,43,Sue Littlemore,1,0,0,2
2011,10,43,Colin Cram,1,1,0,14
2011,10,43,Hari,2,9,0,79
2011,10,43,Jake,2,9,0,79
2011,10,43,Tara Conlan,3,75,1,76
2011,10,43,Huw Gott,2,23,11,49
2011,10,43,Will Beckett,2,23,11,49
2011,10,43,Richard Turner,2,23,11,49
2011,10,43,Simon Burnton,4,198,2,307
2011,10,43,Kate McCann,7,37,0,85
2011,10,43,Meir Javedanfar,1,61,0,18
2011,10,43,Professor Bob Burgess,1,3,2,14
2011,10,43,Word of Mouth,1,87,0,29
2011,10,43,Zygmunt Bauman for <a href="http://www.social-europe.eu/2011/10/on-the-nature-of-capitalism/" title="">Social Europe</a>,1,185,3,73
2011,10,43,part of the <a href="http://www.guardian.co.uk/commentisfree/series/guardian-comment-network" title="">Guardian Comment Network</a>,1,185,3,73
2011,10,43,Sara Sinaguglia,1,2507,8,336
2011,10,43,Vic Marks,1,13,0,5
2011,10,43,Catherine Shoard,2,328,1,33
2011,10,43,Phil Hoad,1,560,5,93
2011,10,43,Larry Elliott,4,187,1,105
2011,10,43,Daud Abdullah,1,34,0,14
2011,10,43,Katy Stoddard,1,10,0,14
2011,10,43,Charles Gant,1,19,0,24
2011,10,43,Chris Fenn,1,377,1,86
2011,10,43,Garry Blight,1,377,1,86
2011,10,43,Bill Bailey,1,359,2,57
2011,10,43,Douglas Haddow,1,388,1,32
2011,10,43,Henry Barnes,6,348,2,71
2011,10,43,Nicholas Wroe,1,1,0,17
2011,10,43,Marc Abrahams,1,760,19,121
2011,10,43,Jay Rayner,2,117,1,65
2011,10,43,<a href="http://www.businessgreen.com">BusinessGreen</a>,1,3,0,27
2011,10,43,Guardian Healthcare,2,0,0,17
2011,10,43,Vice,1,2991,0,39
2011,10,43,Dieter Helm,1,120,2,116
2011,10,43,Mark Johnson,1,198,0,33
2011,10,43,Suzanne Goldenberg,3,781,9,267
2011,10,43,Sam Jordison,4,176,0,94
2011,10,43,Paul MacInnes,3,108,0,63
2011,10,43,Antoine Buyse for the <a href="http://echrblog.blogspot.com">ECHR blog</a>,1,20,0,13
2011,10,43,part of the <a href="http://www.guardian.co.uk/law/series/guardian-legal-network" title="">Guardian Legal Network</a>,1,20,0,13
2011,10,43,Dustin Benton,1,31,0,63
2011,10,43,Steven Poole,1,362,8,66
2011,10,43,Bruno Philip,1,46,1,26
2011,10,43,Travis Clark,1,18,0,6
2011,10,43,Henry McDonald,4,101,1,51
2011,10,43,David Malcolm,1,2,0,3
2011,10,43,Leo Hickman,4,396,6,320
2011,10,43,Philippe Dagen,2,58,0,20
2011,10,43,Ewan Murray,6,157,0,84
2011,10,43,Jerusalem,1,36,0,6
2011,10,43,Isabel Choat,3,1216,7,236
2011,10,43,David Brindle,3,94,2,74
2011,10,43,John Vidal,10,8624,21,914
2011,10,43,Jo Hill,5,7,0,36
2011,10,43,Elliot Smith,1,171,0,8
2011,10,43,Anna Chesters,1,12,0,20
2011,10,43,Joss Winn,1,21,0,72
2011,10,43,Mike Neary,1,21,0,72
2011,10,43,William Fotheringham,8,21,1,57
2011,10,43,Jamie Jackson,12,523,1,275
2011,10,43,Jane Dudman,2,1,0,8
2011,10,43,Jim Falzarano,1,0,0,7
2011,10,43,Jason Burke,1,88,2,28
2011,10,43,Michael Hann,5,625,0,154
2011,10,43,Patrick Butler,4,367,1,111
2011,10,43,Adrian Searle,2,211,0,61
2011,10,43,Paul Doyle,7,35,1,120
2011,10,43,Hanna Gersmann,3,545,2,272
2011,10,43,Tamasin Ford,1,20,0,4
2011,10,43,Julian Borger,5,97,1,57
2011,10,43,Emily Rogers,1,131,0,38
2011,10,43,Joshua Rozenberg,1,16,0,19
2011,10,43,Jon Savage,1,111,2,23
2011,10,43,Alison Garnham,1,750,1,69
2011,10,43,Lauren Niland,2,0,0,21
2011,10,43,Andrew Brown,1,5,2,15
2011,10,43,Eliza Anyangwe,2,21,0,32
2011,10,43,Miranda Sawyer,2,217,0,23
2011,10,43,Caspar Llewellyn Smith,1,217,0,15
2011,10,43,Dave Simpson,5,1032,1,90
2011,10,43,Shola Adenekan,1,15,0,21
2011,10,43,Robin,1,0,0,26
2011,10,43,Laurence,1,0,0,26
2011,10,43,Graham Alfred,1,0,0,26
2011,10,43,Kate Clark,1,23,0,10
2011,10,43,Marlowe Russell,1,42,0,35
2011,10,43,Irel,1,0,0,6
2011,10,43,James Robinson,3,91,2,241
2011,10,43,Sam Arie,1,19,0,79
2011,10,43,Jeanette Winterson,1,353,4,117
2011,10,43,Nick Hopkins,10,380,7,353
2011,10,43,Alexis Petridis,4,563,6,102
2011,10,43,Carlo Rossetti,1,6,0,17
2011,10,43,Maddy Costa,3,49,1,22
2011,10,43,Robin Denselow,4,174,1,24
2011,10,43,Zoe Wood,5,124,4,116
2011,10,43,Ewen MacAskill,7,4187,13,516
2011,10,43,Jack Shenker,1,377,2,104
2011,10,43,Sophie Petit-Zeman,1,24,2,12
2011,10,43,Sarah Boseley,6,2086,16,518
2011,10,43,Helena Smith,2,919,2,101
2011,10,43,Greg Wood at Lingfield,1,222,0,60
2011,10,43,Jess Cartner-Morley,3,195,0,75
2011,10,43,Simon Bowers,4,54,0,62
2011,10,43,Lee Glendinning,1,341,0,165
2011,10,43,Warren Murray,1,341,0,165
2011,10,43,Matthew Weaver,5,6818,57,4218
2011,10,43,Haroon Siddique,4,6714,56,4208
2011,10,43,Dan Sabbagh,9,513,17,522
2011,10,43,Stephen Moss,1,21,1,5
2011,10,43,Benedict Hayes,1,24,0,3
2011,10,43,Interviews by Sarah Phillips,1,81,1,39
2011,10,43,Patrick Kingsley,4,635,5,126
2011,10,43,Harry Venning,1,5,0,5
2011,10,43,Paul Evans,1,7,0,8
2011,10,43,Phelim O'Neill,4,585,0,51
2011,10,43,Julia Raeside,2,0,0,12
2011,10,43,Simon Jenkins,2,518,7,135
2011,10,43,Ilyse Hogue  for <a href="http://www.thenation.com/article/164029/alabamas-hb56-and-dark-side-fake-economic-fixes" title="">The Nation</a>,1,119,0,25
2011,10,43,Robert Booth,2,234,0,120
2011,10,43,Kira Cochrane,1,24,0,30
2011,10,43,Victoria Coren,2,49,0,35
2011,10,43,Nancy Banks-Smith,1,40,0,12
2011,10,43,Jonathan Freedland,1,439,1,124
2011,10,43,Presented by Claire Armitstead,2,98,0,54
2011,10,43,produced by Tim Maby,3,156,0,69
2011,10,43,Claire Armitstead,2,127,2,40
2011,10,43,Ewan Murray at Ibrox,1,29,0,26
2011,10,43,Daniel Taylor at Etihad Stadium,2,9,0,15
2011,10,43,Stephen Twigg,1,25,0,95
2011,10,43,Andy Hunter at Stadionul National,1,11,0,47
2011,10,43,Bucharest,1,11,0,47
2011,10,43,Jon Butterworth,1,9,0,6
2011,10,43,John Kampfner,1,5,0,16
2011,10,43,Frank Keating,1,4,1,5
2011,10,43,David Hytner,4,61,1,115
2011,10,43,Alan Pickup,1,3,0,12
2011,10,43,John Hooper,1,438,1,49
2011,10,43,Paul Hayward at Etihad Stadium,1,2,0,10
2011,10,43,Heather Stewart,4,181,6,66
2011,10,43,Rajeev Syal,3,550,1,266
2011,10,43,Kevin McCarra at Etihad Stadium,1,9,0,24
2011,10,43,Dominic Fifield at St Mary's,1,14,0,15
2011,10,43,Maev Kennedy,3,1925,10,141
2011,10,43,Steven Bloor,2,5,0,42
2011,10,43,Matt Wells,3,3348,44,807
2011,10,43,Rachel Williams,1,21,0,24
2011,10,43,Janet Snell,1,22,0,23
2011,10,43,Linda Jackson,1,14,0,9
2011,10,43,Alex Fox,1,5,0,15
2011,10,43,Virginia Wallis,2,0,2,20
2011,10,43,Debbie Andalo,1,14,0,11
2011,10,43,Anna Tims,3,21,0,76
2011,10,43,Hélène Mulholland,6,197,0,149
2011,10,43,Tony Dean,1,11,0,1
2011,10,43,Presented by Aleks Krotoski,1,2,1,59
2011,10,43,produced by Scott Cawley,2,39,2,69
2011,10,43,Alison Benjamin,1,22,0,20
2011,10,43,Dermot Egan,1,90,2,12
2011,10,43,Clare Gilbert,1,97,0,52
2011,10,43,Presented by Michelle Pauli,1,58,0,15
2011,10,43,Sam Wolfson,1,257,1,67
2011,10,43,Michael Edwards,1,29,1,20
2011,10,43,Rosie Niven,1,33,0,3
2011,10,43,missylybmouse,1,0,0,5
2011,10,43,Martin Narey,1,21,0,17
2011,10,43,DBC Pierre,1,37,1,16
2011,10,43,Christian Wolmar,1,20,0,37
2011,10,43,Jenny Edwards,1,5,0,6
2011,10,43,William Boyd,1,25,1,17
2011,10,43,Jo Rourke,1,19,0,1
2011,10,43,Claudia Wood,1,14,0,16
2011,10,43,James Ball,1,315,1,59
2011,10,43,Jonathan Wilson,1,481,4,83
2011,10,43,Patrick Collinson,3,141,2,133
2011,10,43,Rhik Samadder,1,79,0,39
2011,10,43,As told to Vicky Frost,1,186,2,27
2011,10,43,Oliver Thring,1,273,6,108
2011,10,43,Cat Hobbs,1,180,0,35
2011,10,43,Jill Robinson,1,62,1,31
2011,10,43,Mohanad Hage Ali,1,110,1,21
2011,10,43,Kristin Palitza,1,24,1,8
2011,10,43,Jane Perrone,2,74,0,39
2011,10,43,Hayward gallery,1,167,0,28
2011,10,43,Brett Scott,1,131,6,31
2011,10,43,Leon Kaye for the <a href="http://www.guardian.co.uk/guardian-professional" title="Guardian Professional Network">Guardian Professional Network</a>,1,25,0,17
2011,10,43,Sandra Laville,1,0,0,7
2011,10,43,Staff,8,1544,13,447
2011,10,43,Felicity Cloake,2,416,5,86
2011,10,43,Angelique Chrisafis,12,981,7,369
2011,10,43,Yajun Zhang,1,407,5,53
2011,10,43,Jonathan Glancey,1,1011,3,91
2011,10,43,Laurence Topham,1,1011,3,91
2011,10,43,Alexis Soloski,1,23,0,10
2011,10,43,Sean O'Hagan,1,140,3,64
2011,10,43,Peter Lewis,1,1,0,4
2011,10,43,Todd Cort for the <a href="http://www.guardian.co.uk/guardian-professional" title="Guardian Professional Network">Guardian Professional Network</a>,1,19,1,36
2011,10,43,Caption Writing Person,1,36,0,85
2011,10,43,Robin McKie,4,130,5,104
2011,10,43,French Guiana,4,130,5,104
2011,10,43,guardian.co.uk,1,2,0,6
2011,10,43,Jason N Parkinson / reportdigital.co.uk,1,94,0,17
2011,10,43,Katharine Viner,5,145,1,51
2011,10,43,Johnny Howorth,1,197,0,11
2011,10,43,Paddy Allen,3,47,0,23
2011,10,43,political reporter,2,118,0,29
2011,10,43,Lizzy Davies,15,158,0,104
2011,10,43,Michael Clemens,1,37,1,26
2011,10,43,Gabriel Demombynes,1,37,1,26
2011,10,43,Dale Farm Solidarity,1,321,1,49
2011,10,43,Les Roopanarine,1,1,0,7
2011,10,43,Liz Ford,2,46,3,24
2011,10,43,Rob Webster,1,20,0,23
2011,10,43,Hanoi,1,26,0,16
2011,10,43,Aleks Krotoski,1,2,1,52
2011,10,43,Helen Seamons,1,6,0,22
2011,10,43,Adam Thorpe,2,184,1,89
2011,10,43,Sambarose,1,13,0,2
2011,10,43,Mark Vernon,1,114,2,45
2011,10,43,Karen Whitby,1,31,0,33
2011,10,43,Alexandra Topping at Dale Farm,2,326,3,83
2011,10,43,John Elkington for the <a href="http://www.guardian.co.uk/guardian-professional" title="Guardian Professional Network">Guardian Professional Network</a>,1,6,1,10
2011,10,43,Presented by Tom Clark,2,40,0,28
2011,10,43,Shehani Fernando,6,631,2,89
2011,10,43,Chris Salmon,1,20,0,42
2011,10,43,Amanda Marcotte,1,187,0,19
2011,10,43,Nicola Clark,1,1094,2,169
2011,10,43,Charlotte Frost,1,26,0,20
2011,10,43,John Ezard,1,0,0,9
2011,10,43,W L Webb,1,0,0,9
2011,10,43,Tom Lutz,2,22,0,50
2011,10,43,Angela Hartnett,1,59,2,28
2011,10,43,Neil Rose,2,7,0,25
2011,10,43,Rosie Swash,1,152,1,35
2011,10,43,Imogen Fox,3,275,2,87
2011,10,43,Joris Luyendijk,2,33,0,47
2011,10,43,Will Hayler,5,13,0,25
2011,10,43,Naomi Wolf,1,25103,808,1883
2011,10,43,Ken Macfarlane,2,370,1,54
2011,10,43,Rob Evans,6,1523,22,606
2011,10,43,Paul Lewis,6,1523,22,606
2011,10,43,Oliver Pfeiffer,1,59,0,17
2011,10,43,Geoffrey Macnab,1,52,3,13
2011,10,43,James Grieve,1,40,1,32
2011,10,43,George Perrin,1,40,1,32
2011,10,43,Jeannette Kupferman,1,0,0,0
2011,10,43,David Cairns,1,5,0,10
2011,10,43,Askar Sheibani for the <a href="http://www.guardian.co.uk/guardian-professional" title="Guardian Professional Network">Guardian Professional Network</a>,1,3,0,6
2011,10,43,Dan Gillmor,1,7,5,23
2011,10,43,Judith Mackrell,2,50,0,9
2011,10,43,Ronald Bergan,2,134,1,56
2011,10,43,Dibyesh Anand,1,255,0,26
2011,10,43,Carrie Gibson,1,6,0,5
2011,10,43,Roxy Freeman,1,277,0,49
2011,10,43,Jessica Shepherd,3,112,0,161
2011,10,43,Stewart Baseley,1,4,0,24
2011,10,43,Tim Ashley,2,10,0,13
2011,10,43,Ed Yong,3,753,26,269
2011,10,43,Rupert Jones,5,75,0,83
2011,10,43,Andrew Clements,8,28,0,48
2011,10,43,Vikram Dodd,1,30,0,17
2011,10,43,Simon Goodley,2,159,2,83
2011,10,43,Brian Logan,1,0,0,2
2011,10,43,John Fordham,6,36,0,48
2011,10,43,Deborah Orr,3,343,2,73
2011,10,43,Zia Mahmood,1,1,0,1
2011,10,43,Decca Aitkenhead,2,101,0,44
2011,10,43,Moncef Marzouki,1,145,0,18
2011,10,43,As seen by Catherine Bennett,1,4,0,10
2011,10,43,Laura Barnett,1,25,1,26
2011,10,43,Richard Vine,1,0,0,5
2011,10,43,Jonathan Wright,1,0,0,5
2011,10,43,Richard Gott,1,2975,21,221
2011,10,43,Ed Pilkington,6,1756,5,278
2011,10,43,Timothy Garton Ash,1,295,0,52
2011,10,43,Stephen Bates,4,263,1,112
2011,10,43,Ray Collier,1,0,0,23
2011,10,43,Zoe Williams,2,139,1,60
2011,10,43,David McKie,1,12,1,89
2011,10,43,Mark Lawson,2,1875,3,144
2011,10,43,Dominic Fifield at Stamford Bridge,2,100,0,107
2011,10,43,Richard Rae at King Power Stadium,1,2,0,7
2011,10,43,Interviews by Emine Saner,1,28,0,17
2011,10,43,David Hytner at Stade Vélodrome,2,42,0,76
2011,10,43,Paul Weaver,2,22,0,20
2011,10,43,Seumas Milne,1,573,8,119
2011,10,43,Marina Hyde,5,240,2,278
2011,10,43,Kate Ravilious,2,31,0,22
2011,10,43,David Batty,6,1369,16,632
2011,10,43,Sibylla Brodzinsky,1,3650,47,346
2011,10,43,Jonny Weeks,1,2,0,59
2011,10,43,Riazat Butt,5,1192,8,279
2011,10,43,Michael Solomon,1,11,0,21
2011,10,43,Jim Hardcastle,1,43,0,30
2011,10,43,James Derounian,1,43,0,30
2011,10,43,Dea Birkett,2,40,0,35
2011,10,43,Tulsi Behl,1,10,0,3
2011,10,43,Timbo Cole,1,10,0,3
2011,10,43,Halima Akinlade,1,10,0,3
2011,10,43,Ruchi Shah,1,10,0,3
2011,10,43,Shreen Bali,1,10,0,3
2011,10,43,Aaron Porter,1,7,1,10
2011,10,43,Fern Elsdon-Baker,1,95,1,61
2011,10,43,Lisa Fidler,1,9,2,11
2011,10,43,Tim Etchells,1,26,1,11
2011,10,43,Alex Healey,1,43,0,19
2011,10,43,Professor Terence Stephenson,1,2,0,6
2011,10,43,Royal College of Paediatrics,1,2,0,6
2011,10,43,Child Health,1,2,0,6
2011,10,43,Yoshi,1,0,0,4
2011,10,43,Lisa Evans,1,77,1,162
2011,10,43,Jon Ronson,1,38,0,65
2011,10,43,Remy Lamont,1,38,0,65
2011,10,43,Adam Foulds,1,27,0,49
2011,10,43,Alex von Tunzelmann,1,73,2,24
2011,10,43,Caroline Hawkings,1,0,0,1
2011,10,43,David Walker for the <a href="http://www.guardian.co.uk/guardian-professional" title="Guardian Professional Network">Guardian Professional Network</a>,1,0,0,2
2011,10,43,Jules Pipe,1,1,0,0
2011,10,43,Andrew Pulver,1,40,0,15
2011,10,43,Sam Leith,2,104,1,172
2011,10,43,Richard Dawkins,1,3202,33,288
2011,10,43,منصف المرزوقي ( كاتب ، طبيب، سياسي تونسي ورئيس حزب المؤتمر من أجل الجمهورية ),1,10,0,7
2011,10,43,أنجليكا كريسافيس,1,4,0,0
2011,10,43,سيدي بوزيد,1,4,0,0
2011,10,43,Oliver Laughland,1,0,0,1
2011,10,43,Paul Jarvis,1,0,0,3
2011,10,43,Khaled Diab,1,28,0,18
2011,10,43,Esther Walker,1,16,0,31
2011,10,43,Bharat Mehta,1,77,0,23
2011,10,43,Ben Kape,1,236,0,19
2011,10,43,Lindsay Poulton,1,236,0,19
2011,10,43,Clare Gerada,1,87,2,125
2011,10,43,Robert McCrum,3,68,0,73
2011,10,43,Carbon Trust,12,0,0,3
2011,10,43,Peter Bradshaw,8,717,5,143
2011,10,43,Louise Taylor,2,54,0,39
2011,10,43,Latoya Peterson,1,211,0,34
2011,10,43,Tom McPhail,1,26,0,18
2011,10,43,Katherine Oxenham,1,26,0,18
2011,10,43,Chris Gilchrist,1,26,0,18
2011,10,43,Tom Whitehouse for the <a href="http://www.guardian.co.uk/guardian-professional" title="">Guardian Professional Network</a>,1,6,0,6
2011,10,43,Hywel Williams,1,6,0,12
2011,10,43,Invisible woman,1,9,0,18
2011,10,43,Lisa Stokes,1,1,0,17
2011,10,43,Andrew Laird,1,0,0,8
2011,10,43,Alex Slater,1,21,0,19
2011,10,43,Sarah Jackson,1,221,0,73
2011,10,43,Jill Mead,1,65,0,23
2011,10,43,Marissa Keating,1,65,0,23
2011,10,43,Luke Jennings,2,148,0,13
2011,10,43,Chris Littlecott,1,28,0,42
2011,10,43,Jon Dennis,2,5,0,18
2011,10,43,Gregor Gall,1,61,0,16
2011,10,43,Interviewed by Jason Solomons,1,1,0,3
2011,10,43,produced by Jason Phipps,3,12,0,16
2011,10,43,Interview by Jason Solomons,1,0,0,3
2011,10,43,Presented by Jason Solomons,1,11,0,10
2011,10,43,Kourou,2,34,1,26
2011,10,43,Jack Schofield,1,6,1,107
2011,10,43,Garth Cartwright,1,49,0,8
2011,10,43,Peter Holbrook,1,0,0,6
2011,10,43,Martin Robbins,1,117,3,79
2011,10,43,Allison Ogden-Newton,1,6,0,12
2011,10,43,Dan Martin,1,59,0,24
2011,10,43,Joanne O'Connor,2,116,1,65
2011,10,43,Symon Hill,1,568,1,59
2011,10,43,Jo Jones,1,22,0,33
2011,10,43,Duncan Graham-Rowe,1,18,1,10
2011,10,43,Andrew Purcell,1,101,4,74
2011,10,43,Matt Scott at Southwark crown court,1,13,0,10
2011,10,43,Christopher Bray,1,110,1,31
2011,10,43,Helienne Lindvall,1,43,0,21
2011,10,43,Lara Pawson,1,66,0,18
2011,10,43,Miles Brignall,3,61,0,147
2011,10,43,David Hirst,1,188,2,79
2011,10,43,Jason Deans,4,360,4,200
2011,10,43,Paul Hayward,3,43,0,81
2011,10,43,Amy Lawrence,2,153,0,32
2011,10,43,Amy Goodman,1,80,1,14
2011,10,43,David Mills,2,6,0,79
2011,10,43,Keith Kloor for <a href="http://www.e360.yale.edu" title="Yale Environment 360">Yale Environment 360</a>,1,117,2,36
2011,10,43,Alaa al-Ameri,1,105,0,21
2011,10,43,Skye Sherwin,2,47,0,48
2011,10,43,Uki Goni,1,53,0,29
2011,10,43,Shaun Edwards,1,60,1,15
2011,10,43,Eric Metcalfe,1,37,1,23
2011,10,43,Jenny Purt for the <a href="http://www.guardian.co.uk/guardian-professional" title="Guardian Professional Network">Guardian Professional Network</a>,1,19,2,31
2011,10,43,Andy Bull (first session),1,33,0,27
2011,10,43,Rob Bagchi (second session),1,33,0,27
2011,10,43,Michael Pollitt,1,14,0,45
2011,10,43,Martin Belam &amp; Jonathan Richards,2,18,7,161
2011,10,43,Peter Beaumont,4,1252,7,169
2011,10,43,Ian Gittins,1,1,0,12
2011,10,43,Paul Tyler,1,208,0,84
2011,10,43,Interview by Paolo Bandini,1,12,0,7
2011,10,43,Stephen Khan,1,45,0,21
2011,10,43,<strong>David Gow </strong>in Brussels,1,16,0,15
2011,10,43,<strong>Jill Treanor</strong>,1,16,0,15
2011,10,43,Mustafa Khalili,2,409,0,81
2011,10,43,Alexander Chancellor,1,51,0,9
2011,10,43,Robert Lambert,1,24,0,31
2011,10,43,Matthew Harwood,1,137,3,13
2011,10,43,Michele Hanson,1,135,0,12
2011,10,43,Abdel Bari Atwan,1,67,0,26
2011,10,43,Lynsey Hanley,1,95,1,49
2011,10,43,Helen Pidd,1,2869,78,854
2011,10,43,Pamela Stephenson Connolly,1,25,1,27
2011,10,43,Christine Smith,1,11,0,30
2011,10,43,Edward Helmore,1,1593,0,50
2011,10,43,Tom Meltzer,1,2,0,0
2011,10,43,<strong>Helena Smith </strong>in Athens,1,79,1,23
2011,10,43,Alex Macpherson,1,82,0,19
2011,10,43,Costas Douzinas,1,569,1,38
2011,10,43,John Patterson,2,142,1,23
2011,10,43,Christian Curnyn,1,76,1,9
2011,10,43,Dom Lawson,1,21,0,24
2011,10,43,Martin Kettle,1,36,1,22
2011,10,43,David Stubbs,2,1,0,9
2011,10,43,As overheard by John Crace,1,5,0,16
2011,10,43,Michael,1,0,0,9
2011,10,43,Kate Molleson,1,74,0,7
2011,10,43,Tom Davies,1,0,0,9
2011,10,43,David Thomson,1,484,3,174
2011,10,43,Xan Brooks,2,69,2,31
2011,10,43,Tom Ewing,1,60,2,111
2011,10,43,Harry Pearson,1,12,0,6
2011,10,43,Joe Queenan,1,187,4,46
2011,10,43,Caroline Sullivan,1,53,0,10
2011,10,43,chief arts writer,1,18,0,28
2011,10,43,Jamie Jackson at White Hart Lane,1,6,0,18
2011,10,43,Stuart James at the Britannia Stadium,1,4,0,13
2011,10,43,Jessie Hewitson,1,337,15,225
2011,10,43,James Richardson,1,18,1,13
2011,10,43,Matt Hall,2,20,2,30
2011,10,43,Laura Barton,1,11,0,65
2011,10,43,Sean Ingle,1,3,0,5
2011,10,43,Barry Neild,3,1577,22,296
2011,10,43,John Brunsdon,1,26,0,29
2011,10,43,Andrew Dickson,2,60,1,44
2011,10,43,Chris O'Regan,1,324,3,19
2011,10,43,Sarah Ventress,1,21,0,4
2011,10,43,Hannah Fearn,1,0,0,3
2011,10,43,David Alcock,1,0,0,0
2011,10,43,Gareth Bacon,1,2,0,1
2011,10,43,Richard Vize,1,0,0,2
2011,10,43,Scott Murray,5,28,0,113
2011,10,43,Will Self,1,1096,18,371
2011,10,43,The Safety Valve,1,5,0,11
2011,10,43,Kate Mosse,1,15,1,36
2011,10,43,Kertan!,1,0,0,2
2011,10,43,John Mullan,1,27,0,30
2011,10,43,Richard Sugg,1,67,0,12
2011,10,43,James Dart,1,0,0,12
2011,10,43,Dean Royles,1,9,0,20
2011,10,43,director,1,9,0,20
2011,10,43,NHS Employers,1,9,0,20
2011,10,43,Alex Aldridge,1,17,0,13
2011,10,43,Alice Maynard,1,152,0,66
2011,10,43,Sali Hughes,2,65,1,26
2011,10,43,Nat Saunders,1,39,1,19
2011,10,43,Marc Lockley,1,10,0,29
2011,10,43,in Tokyo,1,6,0,7
2011,10,43,Ed Jacobs,1,10,0,31
2011,10,43,Chris Harding,1,82,1,65
2011,10,43,AS Byatt,1,112,1,40
2011,10,43,Julian Baggini,2,277,5,61
2011,10,43,Presented by Hugh Muir,1,131,1,27
2011,10,43,produced by Peter Sale,1,131,1,27
2011,10,43,Richard Williams at Eden Park,2,22,0,10
2011,10,43,Todd Cort,1,7,0,22
2011,10,43,Duncan Clark,1,150,2,111
2011,10,43,Andrew Anthony,1,38,0,10
2011,10,43,Graham Joyce,1,254,1,32
2011,10,43,Tamson Pietsch,1,18,0,30
2011,10,43,Guardian Fashion,2,30,0,31
2011,10,43,Damian Carrington,1,9,1,49
2011,10,43,Presented by John Plunkett,1,0,0,13
2011,10,43,produced by Ben Green,1,0,0,13
2011,10,43,Jason Phipps,1,0,0,13
2011,10,43,Moez Zeiton,1,72,0,3
2011,10,43,John Baron,1,10,0,15
2011,10,43,Alison Cole,1,41,0,19
2011,10,43,Sara Ilyas,1,93,1,21
2011,10,43,Beatrice Washburn,1,0,0,19
2011,10,43,Jack Arnott,1,339,1,126
2011,10,43,كلمة العدد,2,14,0,10
2011,10,43,Liz Goodwin for the <a href="http://www.guardian.co.uk/guardian-professional" title="Guardian Professional Network">Guardian Professional Network</a>,1,30,0,23
2011,10,43,Tola Onanuga,1,180,1,56
2011,10,43,Guardian music,1,110,0,23
2011,10,43,Sarah Churchwell,1,17,0,6
2011,10,43,Frederika Whitehead,1,0,0,15
2011,10,43,Graham Hayday,1,21,2,55
2011,10,43,Laura Oliver,1,1,0,6
2011,10,43,James Walsh,1,1,0,6
2011,10,43,David Lacey,1,24,0,45
2011,10,43,Lemn Sissay,1,29,0,2
2011,10,43,Fuel,1,29,0,2
2011,10,43,Roundhouse Radio,1,29,0,2
2011,10,43,Josh Strauss,1,298,0,70
2011,10,43,Raj Tulsiani,1,0,0,2
2011,10,43,Patrick,1,0,1,3
2011,10,43,Tim Bale,1,7,0,10
2011,10,43,Jason Farago,1,27,2,18
2011,10,43,Justin McCurry,1,1192,8,76
2011,10,43,Chudi Onwuazor,1,35,0,5
2011,10,43,Peter Lacy,1,19,0,17
2011,10,43,Malcolm Jack,1,1,0,8
2011,10,43,Chris Husbands,1,0,0,3
2011,10,43,Frances Ryan,1,212,0,63
2011,10,43,Isabella Massa,1,39,0,16
2011,10,43,Created by Robbie Clutton,1,0,0,1
2011,10,43,Created by Dan Catt,1,1,1,0
2011,10,43,John Bolton,1,141,1,56
2011,10,43,Steve Rose,3,39,2,23
2011,10,43,Sean Clarke,1,30,0,7
2011,10,43,Stuart Jeffries,1,179,1,56
2011,10,43,Linda Nylind,1,65,0,9
2011,10,43,Becky Barnicoat,1,65,0,9
2011,10,43,Jim Powell,1,65,0,9
2011,10,43,Presented by Alexis Petridis,1,37,1,10
2011,10,43,Mary Fitzgerald,1,113,2,11
2011,10,43,Benjamin Barber,1,50,0,13
2011,10,43,Adam Werbach,1,74,0,62
2011,10,43,Dalya Alberge,2,95,0,40
2011,10,43,Alistair Smith,1,4,0,5
2011,10,43,Paul Rees at Eden Park,1,9,1,2
2011,10,43,John Jackson,1,54,1,36
2011,10,43,Alastair McIntosh,1,40,0,18
2011,10,43,Paddy Ashdown,1,42,0,22
2011,10,43,Annie Machon,1,92,0,57
2011,10,43,Michael Williams,1,80,0,29
2011,10,43,Interview by Emine Saner,1,55,1,50
2011,10,43,Susanna Rustin,1,2172,32,231
2011,10,43,Paul Harris,4,6882,56,686
2011,10,43,David Leigh,1,6,1,48
2011,10,43,Ben Goldacre,1,479,20,660
2011,10,43,Derek Niemann,1,1,0,15
2011,10,43,Sadhbh Walshe,1,22,3,18
2011,10,43,Ian Jack,1,9,1,13
2011,10,43,Adam Mansbach,1,13,1,35
2011,10,43,Thitinan Pongsudhirak,1,694,1,53
2011,10,43,Lionel Shriver,1,161,1,26
2011,10,43,Tanya Gold,1,2744,52,379
2011,10,43,Mattia Cabitza,1,547,1,102
2011,10,43,Susan Greenwood,3,185,0,94
2011,10,43,Rupert Mellor,1,59,1,20
2011,10,43,Alf Alderson,1,50,0,31
2011,10,43,Gemma Bowes,1,70,1,16
2011,10,43,Catherine Nelson,1,27,0,42
2011,10,43,Emma Kennedy,1,210,1,78
2011,10,43,Frances Leviston,1,13,0,2
2011,10,43,Tony Bradman,1,0,0,0
2011,10,43,Susan Hill,1,15,0,14
2011,10,43,AD Miller,1,86,1,23
2011,10,43,John Banville,1,21,0,16
2011,10,43,Alberto Manguel,1,8,0,1
2011,10,43,Jane Smiley,1,9,0,1
2011,10,43,Sue Arnold,1,0,0,8
2011,10,43,Laura Wilson,1,12,0,24
2011,10,43,Tessa Hadley,1,31,2,11
2011,10,43,Patrick Barkham,1,16,1,13
2011,10,43,John Heilpern,1,5,0,4
2011,10,43,Frances Stonor Saunders,1,99,5,24
2011,10,43,Leonard Barden,1,7,0,2
2011,10,43,Stephen Collins,1,21,0,7
2011,10,43,Lia Leendertz,2,10,0,21
2011,10,43,Words: <strong>Jess Cartner-Morley</strong>. Interactive: Paddy Allen,1,79,2,35
2011,10,43,Giulio Frigieri,1,79,2,35
2011,10,43,Trish Lorenz,1,55,0,10
2011,10,43,Thomas Eaton,1,0,0,0
2011,10,43,Barbara Tyreman,1,23,0,3
2011,10,43,Tom Dyckhoff,1,173,1,13
2011,10,43,Yotam Ottolenghi,1,99,1,48
2011,10,43,John Lanchester,1,23,0,3
2011,10,43,Dan Lepard,1,52,0,19
2011,10,43,Matthew Fort,1,2,0,6
2011,10,43,Fiona Beckett,1,16,0,22
2011,10,43,Rosanna Greenstreet,1,28,0,6
2011,10,43,Anonymous,2,72,0,46
2011,10,43,Jane Fallon,1,12,0,6
2011,10,43,Alys Fowler,2,20,0,9
2011,10,43,Oliver Burkeman,1,21,0,38
2011,10,43,Interview: <a href="http://www.guprod.gnl/profile/becky-barnicoat" title="">Becky Barnicoat</a>. Photograph: <a href="http://www.emilystein.co.uk/" title="">Emily Stein</a>,1,0,0,4
2011,10,43,Hugh Fearnley-Whittingstall,1,159,2,38
2011,10,43,Jeremy Bullmore,1,2,0,4
2011,10,43,As told to Graham Snowdon,1,2,0,6
2011,10,43,Andrea Wren,1,8,0,39
2011,10,43,Emma Brockes,1,380,2,44
2011,10,43,Edmund Tirbutt,1,4,0,19
2011,10,43,The Secret Footballer,1,33,0,19
2011,10,43,Tim Radford,1,7,0,12
2011,10,43,Gloria Hunniford,3,57,0,5
2011,10,43,Interview by Oliver Laughland,1,18,0,7
2011,10,43,Joanna Moorhead,1,18,0,0
2011,10,43,Charlie Condou,1,46,1,59
2011,10,43,Clio Whittaker,1,9,0,5
2011,10,43,Harriet Gibsone,1,69,2,0
2011,10,43,Stuart Goodwin,1,0,0,1
2011,10,43,Steven Appleby,1,13,0,1
2011,10,43,Andrew Collins,1,2,1,17
2011,10,43,Johnny Dee,1,8,0,0
2011,10,43,Robert Clark,1,13,0,27
2011,10,43,Jon &amp; Mick/moderntoss.com,1,28,0,2
2011,10,43,Peter Carty,1,40,1,9
2011,10,43,Michelle Hodgson,1,11,0,5
2011,10,43,Kate Walker,1,21,0,20
2011,10,43,Annalisa Barbieri,1,2,0,6
2011,10,43,The Guide,1,0,0,0
2011,10,43,Grace Dent,1,41,0,8
2011,10,43,Robert Clark &amp; Skye Sherwin,1,0,0,14
2011,10,43,John Fordham &amp; John Robinson,1,1,0,0
2011,10,43,Nick Gillett,1,0,0,28
2011,10,43,James Kettle,1,33,0,10
2011,10,43,Patric Baird,1,40,0,3
2011,10,43,John Mitchell,1,40,0,3
2011,10,43,Sam Richards &amp; Marc Rowlands,1,40,0,3
2011,10,43,Sam Richards,1,48,0,7
2011,10,43,Mark Cook,1,6,0,2
2011,10,43,Lyn Gardner &amp; Judith Mackrell,1,6,0,2
2011,10,43,Iain Aitch,1,0,0,0
2011,10,43,Clare Considine &amp; Katrina Dixon,1,0,0,0
2011,10,43,Rebecca Nicholson &amp; Richard Vine,1,37,0,11
2011,10,43,Marion Dakers,1,1,0,24
2011,10,43,Dorian Lynskey,1,245,0,39
2011,10,43,William Cook,1,6,0,11
2011,10,43,Rebecca Nicholson,1,136,1,12
2011,10,43,Matt Hill,1,1644,16,141
2011,10,43,Issy Sampson,1,24,0,12
2011,10,43,Julia Donaldson,1,113,1,40
2011,10,43,Dale Berning,2,13,1,43
2011,10,43,Nicola Jennings,1,5,0,25
2011,10,43,Martin Rowson,1,92,0,24
2011,10,43,Joe Berger,1,8,0,9
2011,10,43,Pascal Wyse,1,8,0,9
2011,10,43,Andrei Netto,1,1950,5,333
2011,10,43,pollster,1,2,2,7
2011,10,43,Mark Billingham,1,38,1,26
2011,10,43,Jan-Werner Mueller,1,48,0,28
2011,10,43,Bidisha,1,8,0,12
2011,10,43,Amal El Mekki,1,77,0,12
2011,10,43,أنجيلك كريسافيس,1,2,0,1
2011,10,43,مدينة القيروان .,1,2,0,1
2011,10,43,Trim Lamba,1,15,0,16
2011,10,43,Sam Blackledge,1,10,0,29
2011,10,43,أمل المكي,1,15,0,9
2011,10,43,Vanessa Thorpe,3,556,3,251
2011,10,43,arts,3,556,3,251
2011,10,43,Jessica Mack,1,129,3,44
2011,10,43,Nouri Gana,1,27,0,8
2011,10,43,Jonny Weeks at London Road,1,10,0,28
2011,10,43,Daniel Came,1,1241,13,136
2011,10,43,fluffyni,1,0,0,8
2011,10,43,Paul Doyle at Molineux,1,0,0,13
2011,10,43,Mark Townsend,4,1285,4,194
2011,10,43,Ewan Murray at Fir Park,1,0,0,3
2011,10,43,Jacob Steinberg,1,3,0,33
2011,10,43,Trewin Restorick for the <a href="http://www.guardian.co.uk/guardian-professional" title="Guardian Professional Network">Guardian Professional Network</a>,1,9,0,14
2011,10,43,Becky Gardiner,2,111,1,40
2011,10,43,Sue Steward,1,94,1,30
2011,10,43,Jamie Jackson at the Reebok Stadium,1,2,0,17
2011,10,43,Stuart James at Villa Park,1,7,0,14
2011,10,43,Louise Taylor at St James' Park,1,10,0,21
2011,10,43,Tom Bryant,1,0,0,3
2011,10,43,Lina Ben Mhenni,1,52,0,21
2011,10,43,Will Hayler at Doncaster,1,0,0,2
2011,10,43,Nial Briggs,1,0,0,4
2011,10,43,Paul Wilson at Anfield,1,46,0,32
2011,10,43,Daniel Boffey,4,830,5,214
2011,10,43,Rod McGuirk,1,189,2,81
2011,10,43,Dean Ryan,1,4,0,2
2011,10,43,Toby Helm,1,132,3,109
2011,10,43,Rob Bagchi,1,10,0,1
2011,10,43,Tracy McVeigh,4,1185,3,280
2011,10,43,Lijia Zhang,1,6497,37,305
2011,10,43,Ed Vulliamy,1,480,0,138
2011,10,43,David James,1,21,1,15
2011,10,43,Sachin Nakrani,1,1,0,2
2011,10,43,Eddie Butler on his travels,1,0,0,1
2011,10,43,Margaret Dibben,3,1,0,20
2011,10,43,Joanne O'Connell,1,149,2,82
2011,10,43,David Hills,1,4,0,19
2011,10,43,Rachel Ellis,1,402,2,73
2011,10,43,Rowenna Davis,1,124,1,54
2011,10,43,Interview by Ian Tucker,1,117,1,31
2011,10,43,Tim Adams,2,4637,31,289
2011,10,43,Charlie Higson,1,3,0,8
2011,10,43,Julie Myerson,1,11,0,2
2011,10,43,Geoff Dyer,1,68,1,25
2011,10,43,Shahesta Shaitly,1,6,0,2
2011,10,43,Nicholas Kenyon,1,0,0,1
2011,10,43,Fiona Maddocks,2,21,0,12
2011,10,43,Stephen Pritchard,2,43,0,13
2011,10,43,Philip French,10,203,2,71
2011,10,43,Luke Bainbridge,1,173,0,17
2011,10,43,Dan Pearson,1,9,0,19
2011,10,43,Observer,1,3,0,3
2011,10,43,Rachel Cooke,2,727,6,220
2011,10,43,Rowan Moore,2,54,0,10
2011,10,43,Chris Riddell,1,25,0,4
2011,10,43,Kitty Empire,2,93,3,16
2011,10,43,David Williams,1,0,0,2
2011,10,43,Ben East,1,28,0,4
2011,10,43,Sophia Martelli,1,2,0,0
2011,10,43,Nigel Slater,2,91,2,45
2011,10,43,Kwasi Kwarteng,1,11,1,3
2011,10,43,Dave Gelly,1,0,0,1
2011,10,43,Carole Cadwalladr,1,4,0,5
2011,10,43,Katharine Whitehorn,1,5,0,1
2011,10,43,Alex Clark,1,0,0,4
2011,10,43,Morwenna Ferrier,1,38,0,14
2011,10,43,Martin Love,1,0,0,9
2011,10,43,Eva Wiseman,2,21,0,16
2011,10,43,Tom Lamont,1,23,0,6
2011,10,43,Lucy Siegle,1,14,0,18
2011,10,43,Viv Groskop,2,90,1,27
2011,10,43,Simon Lucas,1,1,0,5
2011,10,43,Will Freeman,1,0,0,3
2011,10,43,Rob&nbsp;Gallagher,1,2,0,5
2011,10,43,Toby Moses,1,0,0,17
2011,10,43,Neil Spencer,1,1,0,5
2011,10,43,Phil Mongredien,1,0,0,10
2011,10,43,Chris Stephen,1,333,2,36
2011,10,43,Phil Hogan,1,1,0,33
2011,10,43,Brian Cox,1,981,22,92
2011,10,43,Jeff Forshaw,1,981,22,92
2011,10,43,Interview by Mina Holland,1,5,0,5
2011,10,43,Clare Brennan,1,0,0,1
2011,10,43,John Naughton,1,39,4,162
2011,10,43,Elizabeth Day,2,26,1,19
2011,10,43,Mark Kermode,1,7,0,8
2011,10,43,Susannah Clapp,1,4,0,1
2011,10,43,Peter Preston,4,114,1,45
2011,10,43,David Mitchell,1,180,3,25
2011,10,43,Yvonne Roberts,2,19,0,31
2011,10,43,William Keegan,1,11,0,9
2011,10,43,Jason Solomons,1,6,0,11
2011,10,43,David Derbyshire,1,110,0,30
2011,10,43,Moira Young,1,113,4,154
2011,10,43,Henry Porter,1,102,0,28
2011,10,43,Nick Cohen,2,880,9,105
2011,10,43,Will Hutton,1,33,1,31
2011,10,43,Andrew Rawnsley,1,21,0,15
2011,10,43,Maggie Stiefvater,1,70,0,23
2011,10,43,Frieda Hughes,1,414,2,150
2011,10,43,Ally Carnwath,1,8,2,16
2011,10,43,Mariella Frostrup,1,2,0,1
2011,10,43,Ian Birrell,1,860,7,233
2011,10,43,Alice Fisher,1,9,0,2
2011,10,43,Quentin Wheeler,1,126,4,46
2011,10,43,Catherine Bennett,1,105,1,66
2011,10,43,Kevin McKenna,1,750,4,54
2011,10,43,Pete Boyle,1,49,0,44
2011,10,43,Lloyd Scragg,1,49,0,44
2011,10,43,Observer staff,1,5,0,4
2011,10,43,Mark Weisbrot,1,940,11,101
