year,month,week,name,articles,facebook,googleplus,twitter
2012,6,25,Giles Richards,2,8,1,26
2012,6,25,Associated Press,55,3494,207,2387
2012,6,25,Hunter Felt,4,52,3,38
2012,6,25,Ruth Spencer,7,274,0,177
2012,6,25,David Cote,2,44,0,137
2012,6,25,Matt Wells,2,44,0,137
2012,6,25,David Lengel,2,8,0,8
2012,6,25,Charlotte Beckett,1,8,2,173
2012,6,25,Peter Holbrook,1,0,0,0
2012,6,25,Reuters,3,25,0,32
2012,6,25,Cathy Watson,1,124,5,94
2012,6,25,Penny Chorlton,1,0,0,7
2012,6,25,Ratna Lachman,1,41,0,36
2012,6,25,Damian Carrington,5,380,22,548
2012,6,25,Public Leaders Network,3,1,0,21
2012,6,25,Press Association,127,2021,78,2821
2012,6,25,David Walker,2,11,1,43
2012,6,25,Roy Greenslade,24,124,14,666
2012,6,25,Arun Marsh,1,11,0,29
2012,6,25,Hannah Fearn,4,15,0,96
2012,6,25,Lloyds TSB,9,15,2,30
2012,6,25,Anita Pati,4,53,92,236
2012,6,25,Gwyn Topham,6,62,4,192
2012,6,25,in Beijing,2,21,0,51
2012,6,25,Natasha Curry,1,28,3,50
2012,6,25,Roz Kaveney,1,13,0,18
2012,6,25,Clive Lewis,1,0,0,6
2012,6,25,Claire Collins,1,21,4,23
2012,6,25,Mac Attram,1,13,0,3
2012,6,25,Adrian Kinnersley,1,3,0,10
2012,6,25,Simon Duffy,1,0,0,8
2012,6,25,Mark Prisk,1,9,2,3
2012,6,25,Irna Qureshi,1,34,0,68
2012,6,25,Alex Bath,1,0,0,13
2012,6,25,Lucy Whittington,1,53,14,38
2012,6,25,Harriet Minter,1,7,4,36
2012,6,25,Ben White,1,498,4,175
2012,6,25,tintin,1,1,0,16
2012,6,25,David Moses,1,2,0,16
2012,6,25,John Ashdown,1,10,3,25
2012,6,25,Charles Arthur,14,298,62,1629
2012,6,25,Michael Dix,1,2,2,33
2012,6,25,Keith Stuart,11,211,15,582
2012,6,25,Josh Halliday,20,612,71,1608
2012,6,25,David Bicknell,4,3,0,23
2012,6,25,Abdel Bari Atwan,1,22,0,31
2012,6,25,Nick Appleyard,1,0,0,15
2012,6,25,Dan Milmo,19,1277,24,746
2012,6,25,Nick Fletcher,29,194,24,627
2012,6,25,Dick Vinegar,1,6,0,16
2012,6,25,Haroon Siddique,7,3456,39,1322
2012,6,25,Kate Hodge,9,14,7,94
2012,6,25,Tania Branigan,11,1545,80,822
2012,6,25,Andrew Sparrow,10,358,24,703
2012,6,25,Sue Quinn,1,75,2,37
2012,6,25,Katarina Johansson Mekoulou for UNICEF,1,14,0,2
2012,6,25,Imogen Fox,5,282,7,198
2012,6,25,Jonathan Jones,5,330,6,146
2012,6,25,Accenture,3,5,0,8
2012,6,25,Joe Jervis,10,0,0,0
2012,6,25,Michael White,7,195,0,216
2012,6,25,Alan Connor,2,8,3,22
2012,6,25,Sarah Hartley,2,12,0,14
2012,6,25,Ian Gittins,2,285,3,42
2012,6,25,Naila Missous,1,352,2,91
2012,6,25,Jo Caird,2,59,2,105
2012,6,25,Andrew Brown,1,153,4,76
2012,6,25,Bella Mackie,4,2,0,4
2012,6,25,Jason Deans,3,16,1,78
2012,6,25,Dan Martin,10,669,14,277
2012,6,25,Sibylla Brodzinsky,1,435,6,51
2012,6,25,Nicholas Lezard,2,172,1,61
2012,6,25,Ajaz Ahmed,1,26,9,61
2012,6,25,Martin Wainwright,9,226,10,403
2012,6,25,Duncan Clark,1,19,7,77
2012,6,25,Michael Cragg,6,249,4,192
2012,6,25,Joanna Ruck,2,13,0,29
2012,6,25,Lisa O'Carroll,20,713,59,886
2012,6,25,Helena Smith,14,3226,100,1509
2012,6,25,James Smythe,1,207,4,67
2012,6,25,Greg Wood,5,12,0,35
2012,6,25,Chris Cook,5,70,2,47
2012,6,25,Jo Confino for the <a href="http://www.guardian.co.uk/guardian-professional" title="Guardian Professional Network">Guardian Professional Network</a>,2,64,1,61
2012,6,25,Suzanne Goldenberg,3,78,7,265
2012,6,25,Simon Cambers,2,7,2,29
2012,6,25,agencies,16,4356,75,1831
2012,6,25,Guardian staff,1,0,0,7
2012,6,25,Nicola Adams,1,28,0,21
2012,6,25,Genevieve White,1,2,1,20
2012,6,25,Alexis Soloski,1,5,1,16
2012,6,25,Clare Horton,5,50,0,22
2012,6,25,Anna Szoboszlay,1,23,0,35
2012,6,25,Sid Lowe,15,455,25,490
2012,6,25,Guardian fashion,5,108,4,175
2012,6,25,Lanre Bakare,2,40,3,32
2012,6,25,Celeste Hicks,1,46,2,43
2012,6,25,Mark Sweney,17,446,23,544
2012,6,25,Scott Rosenberg,1,27,4,73
2012,6,25,Chip Giller for <a href="http://grist.org/">Grist</a>,1,27,4,73
2012,6,25,part of the <a href="http://www.guardian.co.uk/environment/network" title="Guardian Environment Network">Guardian Environment Network</a>,2,31,5,132
2012,6,25,Igor Boyko,1,10,0,11
2012,6,25,Aleksey Ivanov,1,10,0,11
2012,6,25,<a href="http://football.ua/" title="">football.ua</a>,1,10,0,11
2012,6,25,Football Style magazine,1,10,0,11
2012,6,25,Phil Maynard,2,97,0,39
2012,6,25,Kim Willsher,1,18,4,12
2012,6,25,Paul Flynn MP,1,183,0,91
2012,6,25,Kevin Mitchell,4,260,8,56
2012,6,25,Tony Stoller,1,3,0,32
2012,6,25,Jacob Steinberg,3,110,19,174
2012,6,25,Henry McDonald,9,491,10,227
2012,6,25,Irel,7,440,9,169
2012,6,25,FPA,1,30,0,3
2012,6,25,Andrew Khan,1,980,11,158
2012,6,25,Jeevan Vasagar,6,1786,44,1161
2012,6,25,The people's panel,1,9,0,55
2012,6,25,Ben Child,12,1220,52,624
2012,6,25,Nils Pratley,7,171,1,364
2012,6,25,Steven Morris,15,636,32,812
2012,6,25,Dr Dave Hone,1,117,5,50
2012,6,25,Barney Ronay,9,114,8,153
2012,6,25,Tom Grinsted,2,2,2,96
2012,6,25,David Wearing,1,12,0,29
2012,6,25,John Vidal,4,96,5,143
2012,6,25,Natalie Haynes,1,7,0,24
2012,6,25,Anna Minton,1,89,4,60
2012,6,25,Lyn Gardner,9,227,4,183
2012,6,25,Alison Flood,8,997,39,529
2012,6,25,Hermione Hoby,4,106,7,65
2012,6,25,Guardian Government Computing,7,34,7,62
2012,6,25,Julian Borger,4,100,6,92
2012,6,25,Andrew Clements,8,32,8,109
2012,6,25,Helen Nugent,2,203,3,145
2012,6,25,Carel IJsselmuiden,1,27,2,62
2012,6,25,Simon Parkin,2,23,3,65
2012,6,25,Stuart Dredge,9,146,26,678
2012,6,25,Julia Eccleshare,1,6,0,21
2012,6,25,Steven Vaughan,1,57,8,86
2012,6,25,Marcus Christenson,14,1070,11,369
2012,6,25,Peter Walker,11,5769,118,1441
2012,6,25,Ed Manley,1,33,2,103
2012,6,25,Michael Donald,1,45,0,26
2012,6,25,Georgina Ryall,1,19,0,21
2012,6,25,Peter Insole,1,10,0,10
2012,6,25,World Business Council for Sustainable Development,1,1,0,1
2012,6,25,Kevin McCarra,5,35,1,59
2012,6,25,Amir Nizar Zuabi,1,113,6,56
2012,6,25,Amelia Hill,2,798,7,138
2012,6,25,Rob Smyth,6,202,5,165
2012,6,25,Steven Pinker,1,278,5,22
2012,6,25,Michael Billington,4,120,2,69
2012,6,25,Adam Boult,2,4,0,35
2012,6,25,Dan Sabbagh,12,237,12,522
2012,6,25,John Plunkett,17,780,59,837
2012,6,25,Anne Perkins,1,26,0,12
2012,6,25,Ben Kape,3,332,1,72
2012,6,25,Andy Gallagher,8,458,8,169
2012,6,25,Andy Hunter,7,112,4,193
2012,6,25,Adam Vaughan,3,106,4,164
2012,6,25,Val Wilmer,1,30,1,38
2012,6,25,Rosie Miles,1,130,55,862
2012,6,25,Martin Wright for the <a href="http://www.guardian.co.uk/guardian-professional" title="Guardian Professional Network">Guardian Professional Network</a>,1,5,2,28
2012,6,25,Howard Amos,6,427,35,456
2012,6,25,Robert Kitson,5,7,0,19
2012,6,25,John Ashdown (morning),1,16,7,36
2012,6,25,Simon Burnton (afternoon),1,16,7,36
2012,6,25,Fiona Harvey,9,881,27,926
2012,6,25,John Burn-Murdoch,4,76,11,287
2012,6,25,Andy Wilson,9,38,0,57
2012,6,25,Liam Kelly,5,17,6,156
2012,6,25,Agnès Poirier,1,19,3,42
2012,6,25,Simon Burnton,6,50,7,103
2012,6,25,Paul Doyle,13,113,13,747
2012,6,25,Allan Jenkins,1,4,0,22
2012,6,25,Tom Kington,1,341,16,126
2012,6,25,Marc Abrahams,1,16,4,25
2012,6,25,Paul Lester,5,269,2,135
2012,6,25,Matthew Weaver,5,550,20,815
2012,6,25,Peter Madden for the <a href="http://www.guardian.co.uk/guardian-professional" title="Guardian Professional Network">Guardian Professional Network</a>,1,5,3,23
2012,6,25,Dave Hill,9,189,5,328
2012,6,25,Steven Bloor,6,138,0,126
2012,6,25,Jon Henley,13,3846,181,1107
2012,6,25,Finbarr Sheehy,1,2,0,4
2012,6,25,David Smith,3,157,7,155
2012,6,25,Libreville,1,24,1,24
2012,6,25,Gabon,1,24,1,24
2012,6,25,Corrections,5,0,0,7
2012,6,25,Natasha Trethewey,1,9,3,38
2012,6,25,Zoe Wood,2,37,4,145
2012,6,25,Jill Treanor,14,564,33,680
2012,6,25,Maev Kennedy,5,154,9,130
2012,6,25,Roger Cowe for the <a href="http://www.guardian.co.uk/guardian-professional" title="Guardian Professional Network">Guardian Professional Network</a>,1,7,2,14
2012,6,25,Guardian healthcare network,5,7,0,73
2012,6,25,Julia Kollewe,8,861,56,1167
2012,6,25,Michael Boyle,1,483,24,99
2012,6,25,Dominic Rushe,6,220,7,188
2012,6,25,Fazel Hawramy,1,217,2,53
2012,6,25,Joris Luyendijk,2,543,15,140
2012,6,25,Carol Rumens,1,32,2,20
2012,6,25,Staff,1,10,0,43
2012,6,25,Chris McGreal,8,688,22,570
2012,6,25,George Hall,3,14,4,47
2012,6,25,Francis Wade,1,143,4,22
2012,6,25,Rajeev Syal,2,60,3,156
2012,6,25,Tom Meltzer,1,73,1,31
2012,6,25,Karen McVeigh,3,330,13,110
2012,6,25,Tim Ashley,2,6,2,37
2012,6,25,Dugald Baird,4,294,21,552
2012,6,25,Sam Jones,3,2519,50,669
2012,6,25,Sarah Boseley,7,456,15,315
2012,6,25,Florida,4,148,12,124
2012,6,25,Valerie Hannah,1,23,3,65
2012,6,25,Bob,1,109,2,34
2012,6,25,Roberta Smith,1,109,2,34
2012,6,25,Shazia Mirza,1,358,6,73
2012,6,25,Charlotte Higgins,5,319,5,237
2012,6,25,Jonathan Bernstein,1,15,0,6
2012,6,25,Nick Szczepanik,1,13,0,23
2012,6,25,Interviews by Kate Abbott,1,62,2,29
2012,6,25,Kevin Powell,1,136,9,35
2012,6,25,Scott Murray,7,271,26,498
2012,6,25,Adrian Searle,2,639,6,95
2012,6,25,Roger Brown,1,3,0,20
2012,6,25,Press Assocation,2,11,0,25
2012,6,25,Daniel Taylor at Donbass Arena,1,123,1,38
2012,6,25,Tim Dowling,3,425,28,291
2012,6,25,Sue Littlemore,1,93,6,74
2012,6,25,Ed Pilkington,7,1355,33,473
2012,6,25,Helen Carter,3,111,3,66
2012,6,25,Dominic Fifield at Donbass Arena,1,7,2,14
2012,6,25,Donetsk,2,10,4,46
2012,6,25,Harriet Swain,1,215,7,88
2012,6,25,Ben Quinn,4,1987,26,645
2012,6,25,Fiona Millar,1,28,3,37
2012,6,25,Jo Tuckman,2,12447,147,2896
2012,6,25,Editorial,17,271,22,512
2012,6,25,Nicholas Watt,8,1194,50,1040
2012,6,25,,7,675,22,454
2012,6,25,Martin Chulov,3,160,7,209
2012,6,25,Patrick Wintour,18,783,46,1408
2012,6,25,Jacques Peretti,1,20456,498,2738
2012,6,25,Dorothy Lepkowska,1,294,4,121
2012,6,25,Hannah Verdier,3,54,0,32
2012,6,25,Nosheen Iqbal,1,0,0,17
2012,6,25,Gwilym Mumford,2,0,0,21
2012,6,25,Martin Skegg,3,17,0,44
2012,6,25,Rebecca Nicholson,5,5,0,54
2012,6,25,Julia Raeside,4,15,0,69
2012,6,25,Peter Paphides,1,79,2,33
2012,6,25,Aditya Chakrabortty,1,88,7,77
2012,6,25,Mike Selvey at Edgbaston,1,1,0,4
2012,6,25,Severin Carrell,9,764,4,230
2012,6,25,Scotl,7,701,4,188
2012,6,25,Alexis Petridis,3,132,6,106
2012,6,25,Hadley Freeman,6,338,9,184
2012,6,25,George Monbiot,2,244,18,380
2012,6,25,John Vallins,1,7,1,47
2012,6,25,Sarah Hughes,1,35,0,30
2012,6,25,Carlene Thomas-Bailey,1,168,5,39
2012,6,25,Michele Hanson,1,29,0,27
2012,6,25,Polly Toynbee,2,2107,28,593
2012,6,25,Simon Hoggart,5,15,2,180
2012,6,25,Naomi Wolf,3,385,14,139
2012,6,25,Lawrence Donegan,4,57,2,72
2012,6,25,Owen Gibson,12,2525,52,1062
2012,6,25,Giles Tremlett,2,236,18,142
2012,6,25,Michael Cox,2,23,1,30
2012,6,25,Randeep Ramesh,8,1561,23,1132
2012,6,25,Steve Bell,7,191,8,199
2012,6,25,Diane Ravitch for <a href="http://www.nybooks.com/blogs/nyrblog/">NYR blog</a>,1,1177,11,71
2012,6,25,part of the <a href="http://www.guardian.co.uk/commentisfree/series/guardian-comment-network">Guardian Comment Network</a>,1,1177,11,71
2012,6,25,Mark Mazower,1,149,3,32
2012,6,25,Dominic Fifield,17,325,18,336
2012,6,25,Stuart James at Olympic Stadium,1,76,2,46
2012,6,25,Kiev,1,76,2,46
2012,6,25,Richard Williams at Donbass Arena,1,3,2,32
2012,6,25,Ryan Devereaux,3,103,5,72
2012,6,25,Lucy Mangan,2,75,2,34
2012,6,25,Richard Adams,5,307,6,262
2012,6,25,Tom McCarthy,7,2649,29,540
2012,6,25,Ana Marie Cox,1,17,3,28
2012,6,25,Daniel Taylor,7,229,8,148
2012,6,25,Hugh Muir,4,2,0,59
2012,6,25,Simon Neville,3,78,1,169
2012,6,25,Paul Wilson,10,248,13,114
2012,6,25,David Hytner,11,822,25,497
2012,6,25,Matt Williams,4,64,6,109
2012,6,25,Presented by James Richardson,6,79,3,122
2012,6,25,produced by Ben Green,4,54,2,89
2012,6,25,Alok Jha,3,1156,54,281
2012,6,25,Denis Campbell,3,187,2,152
2012,6,25,Phillip Inman,10,662,43,499
2012,6,25,Simon Goodley,4,32,2,79
2012,6,25,Patrick Collinson,5,441,11,226
2012,6,25,Vikram Dodd,3,394,15,374
2012,6,25,Virginia Lopez,1,92,3,53
2012,6,25,Jonathan Watts,8,1024,52,779
2012,6,25,Agencies,3,20,3,74
2012,6,25,Alison Rourke,1,787,11,161
2012,6,25,Colin Horgan,2,63,2,22
2012,6,25,Ivan Cornford,1,8,0,25
2012,6,25,Jo Manuel,1,0,0,0
2012,6,25,Alison Maclennan,1,1,0,26
2012,6,25,Jonny Weeks,7,139,8,124
2012,6,25,Steve Busfield,4,35,2,24
2012,6,25,Charlotte Proudman,1,56,2,44
2012,6,25,Michelle Brooks,1,56,2,44
2012,6,25,Mark Tran,6,456,11,310
2012,6,25,Paddy Allen,2,152,3,54
2012,6,25,Jenny Ridley,1,10,3,20
2012,6,25,Paul Scruton,1,10,3,20
2012,6,25,Neil Forsyth,1,26,3,47
2012,6,25,Edzard Ernst,1,63,2,48
2012,6,25,Lizzy Davies,6,1307,30,447
2012,6,25,David Torrance,1,6,0,5
2012,6,25,Pete Ashby,1,3,2,23
2012,6,25,Peter Saunders,1,34,0,39
2012,6,25,Geoff Watts,1,34,0,39
2012,6,25,Tracey Caldwell,1,1,0,9
2012,6,25,Burma,1,86,0,27
2012,6,25,Rol,2,63,2,47
2012,6,25,Simmons,1,11,0,14
2012,6,25,Sade Laja,2,27,1,16
2012,6,25,Valentine,2,6,0,28
2012,6,25,Alan Cleaver,1,34,3,71
2012,6,25,Matthew Taylor,1,1,2,27
2012,6,25,Richard Jeffery,1,3,1,25
2012,6,25,Nooruddean Choudry,1,529,10,207
2012,6,25,Tom Service,2,134,2,52
2012,6,25,Oliver Thring,1,48,11,78
2012,6,25,Jill Insley,7,99,7,369
2012,6,25,Louise Foxcroft,1,36,0,37
2012,6,25,Jared Brown,1,2,0,24
2012,6,25,Jonathan Wilson,2,458,15,126
2012,6,25,Last.fm,1,0,2,1
2012,6,25,Guardian Teacher Network,1,57,1,32
2012,6,25,Jeremy Kay,1,1,1,16
2012,6,25,Media Monkey,1,3,0,68
2012,6,25,Liam Burns,1,23,2,51
2012,6,25,Carmel Giblin for the <a href="http://www.guardian.co.uk/guardian-professional" title="Guardian Professional Network">Guardian Professional Network</a>,1,66,3,35
2012,6,25,Mary Douglas-Home,2,8,0,45
2012,6,25,DBC Pierre,1,96,0,25
2012,6,25,David Levene,2,105,0,36
2012,6,25,Ken Macfarlane,1,96,0,25
2012,6,25,Monique Roffey,1,5,0,23
2012,6,25,Paul Weaver,1,8,0,13
2012,6,25,Nancy Groves,1,1,0,6
2012,6,25,Ida Hyllested for UNICEF,1,19,0,12
2012,6,25,Open thread,2,88,1,34
2012,6,25,Alan Travis,6,918,62,1198
2012,6,25,Emily Brinnand,5,371,1,131
2012,6,25,Frédéric Filloux,1,6,4,71
2012,6,25,Giles Fraser,3,2928,41,391
2012,6,25,David Burwell,1,94,18,108
2012,6,25,Helen,1,1,0,5
2012,6,25,Megan aged 5,1,1,0,5
2012,6,25,Emily aged 3.,1,1,0,5
2012,6,25,Jean-Louis Gassée,1,18,1,148
2012,6,25,James Riach,2,179,3,59
2012,6,25,Benjamin Robbins,1,5,0,108
2012,6,25,Barry Eichengreen,1,24,3,17
2012,6,25,Massachusetts,1,129,5,44
2012,6,25,Helen Oyeyemi,1,22,1,18
2012,6,25,Nick Hopkins,2,23,2,41
2012,6,25,Veronica Horwell,1,3,0,31
2012,6,25,Ami Sedghi,3,1471,47,334
2012,6,25,Hari,2,2,0,70
2012,6,25,Jake,2,2,0,70
2012,6,25,David Hearst,5,574,20,213
2012,6,25,Public leaders network,1,0,0,13
2012,6,25,Mark Lawson,3,268,12,127
2012,6,25,David Conn,4,107,8,346
2012,6,25,Craig Dearden-Phillips,1,23,0,29
2012,6,25,Nadim Shehadi,1,20,0,13
2012,6,25,David Barnett,1,10,3,42
2012,6,25,Kate McCann,4,22,0,118
2012,6,25,Vikram Venkatraman,1,25,1,44
2012,6,25,Larry Elliott,10,1023,67,1036
2012,6,25,Peter Dawson,1,29,0,23
2012,6,25,Carole Jahme,1,467,12,44
2012,6,25,Jon Butterworth,1,24,8,45
2012,6,25,Cory Doctorow,1,83,67,208
2012,6,25,Bernard Hare,1,9,2,24
2012,6,25,Owen Bowcott,6,253,14,391
2012,6,25,Anita Ruddell,1,7,0,8
2012,6,25,Thomas Sotinel,1,2,0,13
2012,6,25,Graham Snowdon,1,3,0,5
2012,6,25,Juliette Garside,5,90,21,375
2012,6,25,Mike Brewer,1,59,1,28
2012,6,25,James Wakefield,1,39,4,27
2012,6,25,Lynsey Hanley,1,63,1,83
2012,6,25,Graeme Russell,1,1,5,20
2012,6,25,Anna Ashmole,1,10,0,6
2012,6,25,Isabelle Mandraud,1,16,2,23
2012,6,25,Tom Hall,1,4,0,18
2012,6,25,Giles Peaker for the <a href="http://nearlylegal.co.uk/blog/">Nearly Legal blog</a>,1,14,2,52
2012,6,25,part of the <a href-"http://www.guardian.co.uk/law/series/guardian-legal-network">Guardian Legal Network</a>,1,14,2,52
2012,6,25,Neil Kinnock,1,0,0,9
2012,6,25,Sandra Laville,5,329,21,267
2012,6,25,David Brindle,1,6,0,23
2012,6,25,New Jersey,1,1,0,2
2012,6,25,Colin Stanbridge,1,0,0,10
2012,6,25,Andy Wightman,1,38,0,39
2012,6,25,Gordon Pearson for the <a href="http://www.guardian.co.uk/guardian-professional" title="Guardian Professional Network">Guardian Professional Network</a>,1,5,4,6
2012,6,25,Saeed Kamali Dehghan,5,384,13,156
2012,6,25,Ellis Butcher,1,28,0,31
2012,6,25,Mary O'Hara,1,60,2,43
2012,6,25,Harry J Enten,3,212,5,87
2012,6,25,Matt Trueman,4,133,0,117
2012,6,25,Cicero Lucena,1,26,7,76
2012,6,25,John Gummer,1,26,7,76
2012,6,25,Abby Deveney,1,1,0,0
2012,6,25,Vitor Alvarenga,1,15,0,11
2012,6,25,<a href="http://www.maisfutebol.iol.pt/" title="">Maisfutebol</a>,1,15,0,11
2012,6,25,Luis Hernández Navarro,1,5973,55,942
2012,6,25,Priya Elan,1,2,0,6
2012,6,25,Michael Carlson,2,201,2,65
2012,6,25,Adam Wagner on the <a href="http://ukhumanrightsblog.com" title="">UK Human Rights blog</a>,1,71,2,38
2012,6,25,part of the <a href="http://www.guardian.co.uk/law/series/guardian-legal-network" title="">Guardian Legal Network</a>,2,78,4,63
2012,6,25,Hannah Freeman,2,8,0,53
2012,6,25,agency,1,171,7,132
2012,6,25,Stuart James,12,466,14,261
2012,6,25,John Sutherland,1,44,0,32
2012,6,25,James Richardson,1,71,3,21
2012,6,25,Richard Sprenger,5,283,8,119
2012,6,25,chief arts writer,3,290,5,154
2012,6,25,Will Hayler,10,16,0,59
2012,6,25,Jessica Fuhl,1,9,0,59
2012,6,25,Charlie Swinbourne,1,171,1,201
2012,6,25,Rose Nyawira Njoroge for <a href="http://allafrica.com/" title="">allAfrica.com</a>,1,30,6,26
2012,6,25,part of the Guardian development network,1,30,6,26
2012,6,25,Sander Kerkhof,1,446,2,45
2012,6,25,Zoe Williams,3,540,51,566
2012,6,25,Holly Butwright,1,134,3,21
2012,6,25,Graeme Virtue,1,2,0,17
2012,6,25,Rebekah Higgitt,1,72,10,65
2012,6,25,Ronald Bergan,1,24,0,24
2012,6,25,Miguel-Anxo Murado,1,38,4,17
2012,6,25,Charles Shaar Murray,1,88,0,41
2012,6,25,Ana Bee,1,348,1,122
2012,6,25,Steve Keenan,1,348,1,122
2012,6,25,Sabbiyah Pervez,1,19,0,25
2012,6,25,Judith Cameron,1,99,7,83
2012,6,25,Matthew Caines,1,4,0,13
2012,6,25,Lucy Pepper,1,81,9,120
2012,6,25,Alfred Hickling,1,45,2,33
2012,6,25,Brian Whitaker,4,520,20,736
2012,6,25,Neville Isdell,1,10,0,23
2012,6,25,Clare Melford for the <a href="http://www.guardian.co.uk/guardian-professional" title="Guardian Professional Network">Guardian Professional Network</a>,1,10,0,23
2012,6,25,Patrick Galey,1,41,2,18
2012,6,25,Ewan Murray,1,6,0,11
2012,6,25,Paul Harris,10,756,12,248
2012,6,25,Josephine Moulds,4,49,5,113
2012,6,25,Howard Brenton,1,309,0,28
2012,6,25,Tim Anderson,1,4,1,6
2012,6,25,James Ball,3,511,29,450
2012,6,25,Malcolm Brown,1,400,3,13
2012,6,25,Graeme Le Saux,1,8,0,7
2012,6,25,Dorian Lynskey,1,7,0,12
2012,6,25,Dave Simpson,1,1,0,10
2012,6,25,Brian Logan,1,0,0,7
2012,6,25,Rian Evans,1,2,0,19
2012,6,25,Uki Goni,1,21,0,37
2012,6,25,Richard Luscombe,3,79,9,56
2012,6,25,Richard Nelsson,1,2,0,3
2012,6,25,Mark Fisher,1,10,0,6
2012,6,25,John Crace,3,225,4,148
2012,6,25,Shiv Malik,6,2957,45,1038
2012,6,25,Julia Langdon,2,74,0,21
2012,6,25,Barry Glendenning,4,150,6,72
2012,6,25,Angelique Chrisafis,3,196,11,95
2012,6,25,Dr Will Westlake,2,0,2,3
2012,6,25,Harry Venning,1,6,0,3
2012,6,25,Interview by Laura Barnett,1,10,2,21
2012,6,25,Sarfraz Manzoor,2,162,9,105
2012,6,25,Cameron Robertson,3,95,8,52
2012,6,25,Jon Boone,1,104,0,38
2012,6,25,Sid Lowe at Municipal Stadium,1,8,0,12
2012,6,25,Fiona Shields,2,18,0,21
2012,6,25,Asssociated Press,1,5,2,3
2012,6,25,Simon Armitage,1,428,7,92
2012,6,25,Jonathan Franklin,1,140,2,123
2012,6,25,Amy Lawrence,5,144,7,102
2012,6,25,Alexandra Topping,3,214,6,187
2012,6,25,Peter Robinson,3,125,4,29
2012,6,25,As seen by Catherine Bennett,1,4,0,6
2012,6,25,Leo Benedictus,2,16,0,30
2012,6,25,Simon Cambers at Queen's Club,2,41,1,35
2012,6,25,Ian Black,6,699,20,515
2012,6,25,Jonathan Wright,1,15,0,11
2012,6,25,Ali Catterall,2,17,0,27
2012,6,25,David Stubbs,2,16,0,24
2012,6,25,Simon Jenkins,2,689,24,225
2012,6,25,Juliette Jowit,6,1405,24,363
2012,6,25,Caroline Davies,5,256,13,230
2012,6,25,Simon Chilvers,3,121,2,91
2012,6,25,Paul Evans,1,5,0,38
2012,6,25,Seumas Milne,1,92,3,117
2012,6,25,Andy Wilson at Grace Road,1,1,0,4
2012,6,25,Paul MacInnes,1,44,1,23
2012,6,25,Paul Wilson at National Stadium,1,105,2,13
2012,6,25,Warsaw,1,105,2,13
2012,6,25,Richard Williams,8,451,12,238
2012,6,25,William Fotheringham,5,126,2,118
2012,6,25,Dan Gillmor,1,22,34,153
2012,6,25,Sam Wollaston,4,42,1,98
2012,6,25,Nicola Barker,1,30,0,28
2012,6,25,Graham Parker,3,23,1,40
2012,6,25,Rachel Obordo,1,91,1,34
2012,6,25,Daniel Heery,1,0,0,0
2012,6,25,Rosie Niven,1,5,0,41
2012,6,25,Edward Shepherd,1,103,5,140
2012,6,25,Alan Sykes,2,32,0,67
2012,6,25,Philip Landau,1,0,0,20
2012,6,25,Simon Rogers,2,148,8,237
2012,6,25,James Lasdun,1,19,4,24
2012,6,25,Jon Harvey,1,2,0,36
2012,6,25,Alex Brummer,1,11,0,21
2012,6,25,Debbie Andalo,1,20,0,41
2012,6,25,Carolyn Gullery,1,0,0,7
2012,6,25,Dr Lorna A. Collins,1,1,0,2
2012,6,25,Joe Waddle,1,34,1,39
2012,6,25,David Peck,1,34,1,39
2012,6,25,Dr Mary Bousted,1,34,1,39
2012,6,25,Gill Robins,1,34,1,39
2012,6,25,Chris Keates,1,34,1,39
2012,6,25,Russell Hobby,1,34,1,39
2012,6,25,Jessica Abrahams,1,103,4,62
2012,6,25,David Freud,1,0,0,25
2012,6,25,part of the <a href="http://www.guardian.co.uk/travel/series/guardian-travel-network" title="">Guardian Travel Network</a>,1,39,3,27
2012,6,25,Simon Walker,1,5,1,12
2012,6,25,Stuart Heritage,4,2249,28,353
2012,6,25,Adrienne Burgess,1,31,0,40
2012,6,25,James Dart,1,64,2,31
2012,6,25,Kirsty Scott,1,76,2,46
2012,6,25,Tony Naylor,2,51,0,38
2012,6,25,James Derounian,1,2,0,6
2012,6,25,Ayan Panja,1,27,2,47
2012,6,25,Charles Gant,1,10,0,21
2012,6,25,Louise Tickle,2,947,9,196
2012,6,25,John Hooper,1,14,1,28
2012,6,25,The Register,1,2,0,3
2012,6,25,Helen Seamons,3,114,1,87
2012,6,25,Monkey,5,48,3,108
2012,6,25,Anna Tims,3,57,0,63
2012,6,25,<a href="https://twitter.com/#!/ThomasLund71" title="">Thomas Lund Hansen</a>,1,9,0,9
2012,6,25,Jyllands-Posten,1,9,0,9
2012,6,25,Guardian music,3,398,6,87
2012,6,25,Presented by Aleks Krotoski,1,8,1,20
2012,6,25,produced by Simon Barnard,2,11,1,23
2012,6,25,with Keith Stuart,1,8,1,20
2012,6,25,Tim Maby,1,1,0,25
2012,6,25,Ben Dowell,4,49,1,73
2012,6,25,Virginia Wallis,2,1,2,50
2012,6,25,Jessica Shankleman for <a href="http://www.businessgreen.com">BusinessGreen</a>,1,4,1,59
2012,6,25,Gavin Short,1,73,2,25
2012,6,25,Harriet Sherwood,1,184,4,48
2012,6,25,Damyanti,1,3,0,5
2012,6,25,Bryn,1,3,0,5
2012,6,25,aged 4,1,3,0,5
2012,6,25,Kate Connolly,2,1883,21,247
2012,6,25,Claire Armitstead,1,340,13,104
2012,6,25,Richard Seymour,1,1219,9,120
2012,6,25,Leo Hickman,4,749,37,341
2012,6,25,Tony Paley,4,7,0,29
2012,6,25,Mark King,3,43,2,88
2012,6,25,Douglas Haddow,1,859,9,95
2012,6,25,Boo Chapple,1,33,5,35
2012,6,25,Gill Wyness,1,12,1,60
2012,6,25,Laura Powell,1,23,1,21
2012,6,25,Paul Brown,2,9,4,58
2012,6,25,Jane Dudman,1,0,0,4
2012,6,25,Judith Mackrell,1,84,1,14
2012,6,25,Rebecca Smithers,2,11,1,44
2012,6,25,Pete Baxter for the <a href="http://www.guardian.co.uk/guardian-professional" title="Guardian Professional Network">Guardian Professional Network</a>,1,70,6,19
2012,6,25,Sam Jordison,2,1274,55,270
2012,6,25,Sam Richards,2,1356,7,126
2012,6,25,Arwa Mahdawi,1,73,12,109
2012,6,25,Jemma Gray,1,18,0,33
2012,6,25,Veronica Fazzolari,1,42,0,26
2012,6,25,James Meikle,1,7,1,23
2012,6,25,Rob Evans,3,179,4,94
2012,6,25,Paul Lewis,3,179,4,94
2012,6,25,Robert Booth,2,36,0,28
2012,6,25,Nick Malkoutzis,1,34,9,41
2012,6,25,Mary Hamilton,1,440,31,203
2012,6,25,Richard Schiffman,1,2660,58,404
2012,6,25,Andy Steele,1,4,0,43
2012,6,25,Stephen Hale,1,42,1,55
2012,6,25,Joshua Rozenberg,1,2,0,36
2012,6,25,Jaz Cummins,3,406,10,148
2012,6,25,Peggy Liu for the <a href="http://www.guardian.co.uk/guardian-professional" title="Guardian Professional Network">Guardian Professional Network</a>,1,60,16,40
2012,6,25,Rhiannon Lucy Cosslett,1,111,1,31
2012,6,25,Steve Boxer,2,14,6,82
2012,6,25,AggieDoodle,1,3,0,11
2012,6,25,Chris Fenn,1,29,0,18
2012,6,25,Simon Jeffery,1,29,0,18
2012,6,25,Danny Bradbury,1,5,2,10
2012,6,25,David Mills,1,6,0,34
2012,6,25,Lisa Evans,4,27,3,76
2012,6,25,Angela Hartnett,1,4,0,16
2012,6,25,Interview by Sarah Phillips,1,93,1,56
2012,6,25,Kathryn Dobinson,1,1,0,3
2012,6,25,Simon Baron-Cohen,1,129,6,91
2012,6,25,Invisible Woman,1,3,0,26
2012,6,25,Guy Grandjean,3,123,1,82
2012,6,25,Gill Hitchcock,2,0,1,14
2012,6,25,Imogen Russell Williams,1,20,3,102
2012,6,25,Reginald Massey,1,46,0,16
2012,6,25,Hans-Werner Sinn,1,2,0,4
2012,6,25,Tom Davies,1,5,0,23
2012,6,25,Katie Rogers,3,37,8,60
2012,6,25,Rupert Jones,5,29,6,199
2012,6,25,Posted by Janni Aragon for <a href="http://uvenus.org/" title="">University of Venus</a>,1,21,3,41
2012,6,25,Ellie Mae O'Hagan,1,12,2,56
2012,6,25,Pablo Barros,1,134,2,32
2012,6,25,Alice do Valle for the <a href="http://www.guardian.co.uk/guardian-professional" title="Guardian Professional Network">Guardian Professional Network</a>,1,134,2,32
2012,6,25,Annie Lennox,1,394,5,79
2012,6,25,Terry Macalister,2,77,4,104
2012,6,25,Peter Bradshaw,9,181,3,161
2012,6,25,Caroline Sullivan,2,2,0,34
2012,6,25,Jess Cartner-Morley,4,92,2,143
2012,6,25,John Fordham,5,58,2,92
2012,6,25,Costas Lapavitsas,1,213,8,34
2012,6,25,Phil Hoad,2,23,2,51
2012,6,25,Luke Harding,4,1151,10,220
2012,6,25,Emma Graham-Harrison,2,50,1,26
2012,6,25,Jack O'Sullivan,1,183,5,39
2012,6,25,Robert Kitson at GWK Park,1,2,0,4
2012,6,25,Kimberley,1,2,0,4
2012,6,25,Stuart Jeffries,2,215,15,125
2012,6,25,Mark McCormick,1,5,2,17
2012,6,25,Claudia Cahalane,1,0,0,0
2012,6,25,Simon Cambers at Queen's,2,10,0,24
2012,6,25,Margaret Wertheim,1,63,3,51
2012,6,25,Fuchsia Dunlop,4,87,3,51
2012,6,25,Brian Braiker,4,203,11,79
2012,6,25,Julie Bindel,1,78,2,25
2012,6,25,Fiona Bawdon,1,30,0,28
2012,6,25,Eliza Anyangwe,1,104,4,120
2012,6,25,Steve Rose,4,331,10,171
2012,6,25,Daniel Cole,1,100,3,43
2012,6,25,Kiran Rana,1,10,0,6
2012,6,25,Kamil Tchorek,1,30,3,25
2012,6,25,Tim Flannery,1,57,4,51
2012,6,25,Patrick Kingsley,2,235,5,30
2012,6,25,Mustafa Khalili,1,18,1,16
2012,6,25,Serge Brammertz,1,38,2,26
2012,6,25,Laura Barton,1,593,10,63
2012,6,25,Suzanne Moore,1,68,5,39
2012,6,25,Ben Arnold,1,2,0,16
2012,6,25,Laurence Topham,1,101,0,23
2012,6,25,Maura Kelly,1,443,9,81
2012,6,25,Ray Collier,1,2,0,38
2012,6,25,Martin Kettle,1,3,0,36
2012,6,25,Brian Beutler for<a href="http://tpmdc.talkingpointsmemo.com/2012/06/jamie-dimon-senate-banking-committee-volcker-jpmorgan.php"> Talking Points Memo</a>,1,27,1,12
2012,6,25,Rupert Neate,3,12,0,124
2012,6,25,Timothy Garton Ash,1,83,2,108
2012,6,25,Eileen Byrne,1,18,0,14
2012,6,25,Heidi Moore,1,7,0,45
2012,6,25,New York bureau chief of <a href="http://marketplace.org">Marketplace</a>,1,7,0,45
2012,6,25,Paul Weaver at Lord's,1,1,0,5
2012,6,25,Faiza Patel,1,13,0,32
2012,6,25,Hilary Osborne,1,10,2,40
2012,6,25,Alexander McCall Smith,1,14,0,20
2012,6,25,Felicity Cloake,1,133,5,50
2012,6,25,Produced by Iain Chambers,1,12,0,16
2012,6,25,Matt Seaton,1,16,1,79
2012,6,25,Barry Neild,2,113,0,73
2012,6,25,Sachin Nakrani,3,66,1,75
2012,6,25,Jason Burke,4,628,25,188
2012,6,25,John Brunton,1,341,11,69
2012,6,25,Berlin,1,8,3,49
2012,6,25,Jonathan Glennie,1,31,0,35
2012,6,25,M John Harrison,1,14,2,23
2012,6,25,Ranj Alaaldin,1,199,2,37
2012,6,25,Matthew Bebbington,1,80,19,100
2012,6,25,Justin McCurry,4,2407,34,550
2012,6,25,Michael Frayn,2,2,0,16
2012,6,25,John Mullan,4,4,0,20
2012,6,25,Elliot Smith,2,14,1,34
2012,6,25,Josh Strauss,3,151,4,75
2012,6,25,Stanley Reynolds,1,0,0,8
2012,6,25,Richard Vize,1,10,0,27
2012,6,25,Andrew Banks,1,2,0,11
2012,6,25,Michael Hann,3,195,5,64
2012,6,25,produced by Phil Maynard,1,1,0,9
2012,6,25,DragoneseJonny,1,1,0,13
2012,6,25,Joanne Mudhar,1,6,0,22
2012,6,25,Yvo de Boer for the <a href="http://www.guardian.co.uk/guardian-professional" title="Guardian Professional Network">Guardian Professional Network</a>,1,57,2,46
2012,6,25,Alan Fairnie,1,2,2,21
2012,6,25,Louise Krug,1,68,0,24
2012,6,25,Alison Giles,1,2,1,25
2012,6,25,Jonathan Freedland,3,553,22,294
2012,6,25,Tom Riddington,1,129,2,104
2012,6,25,Jo Adetunji,9,1198,56,605
2012,6,25,Jon Dennis,2,211,5,24
2012,6,25,Lucy,1,148,4,47
2012,6,25,Jorge Orta,1,148,4,47
2012,6,25,Fritz Haeg,1,148,4,47
2012,6,25,Marjetica Potrč,1,148,4,47
2012,6,25,Tomás Saraceno,1,148,4,47
2012,6,25,Anna McGrail,1,50,1,33
2012,6,25,Hélène Mulholl,2,92,6,105
2012,6,25,Dan Carson,1,134,4,96
2012,6,25,Neil Merrick,1,3,0,27
2012,6,25,Elif Shafak,1,292,8,154
2012,6,25,<a href="http://thecreativeboom.com/" title="">Creative Boom</a><em> </em>,1,11,3,24
2012,6,25,Katy Cowan,1,11,3,24
2012,6,25,part of the Guardian Culture Professionals Network,1,11,3,24
2012,6,25,Guardian social care network,1,114,0,75
2012,6,25,Louise van Rhyn,1,0,0,0
2012,6,25,Anna Chesters,1,6,0,28
2012,6,25,Bernard Comment,1,1,0,20
2012,6,25,Word of Mouth,1,10,0,25
2012,6,25,Dan Glazebrook,1,569,12,93
2012,6,25,Nick Mead,2,122,2,61
2012,6,25,Juliet Davenport for the <a href="http://www.guardian.co.uk/guardian-professional" title="Guardian Professional Network">Guardian Professional Network</a>,1,6,0,13
2012,6,25,Martin Kelner,1,11,2,34
2012,6,25,Thodoris Georgakopoulos,1,253,12,37
2012,6,25,Peter Beaumont,5,3073,60,305
2012,6,25,Joe Saxton,1,3,0,21
2012,6,25,Tom Hayden,1,136,2,31
2012,6,25,economics corresspondent,1,63,8,74
2012,6,25,William Boyd,3,1560,8,105
2012,6,25,Sophie Tergeist,1,133,12,209
2012,6,25,Mike Selvey,1,16,0,9
2012,6,25,Patrick Ness,3,331,14,124
2012,6,25,Jim Kay,1,47,5,13
2012,6,25,Emma G Keller,1,62,1,27
2012,6,25,Ole Alsaker,1,319,1,51
2012,6,25,Ali Sethi,1,113,0,38
2012,6,25,Sarah Hymas,1,0,0,3
2012,6,25,Garth Cartwright,1,57,0,17
2012,6,25,Presented by Tom Clark,1,3,0,3
2012,6,25,Christian Guy,1,10,2,18
2012,6,25,Alex von Tunzelmann,2,64,0,119
2012,6,25,David Mitchell,2,773,14,159
2012,6,25,Jack Schofield,1,16,4,77
2012,6,25,Simon Danczuk,1,15,0,32
2012,6,25,Rick Gekoski,1,236,9,179
2012,6,25,Sam Murphy,1,100,3,46
2012,6,25,Jim Witkin for the <a href="http://www.guardian.co.uk/guardian-professional" title="Guardian Professional Network">Guardian Professional Network</a>,1,75,1,21
2012,6,25,Greg Barker,1,4,2,80
2012,6,25,Rosalind English for the <a href="http://ukhumanrightsblog.com/" title="">UK Human Rights Blog</a>,1,7,2,25
2012,6,25,Jan Rocha,1,6,0,22
2012,6,25,Alex Healey,1,205,4,31
2012,6,25,Iain Chambers,1,205,4,31
2012,6,25,Lindsay Poulton,1,205,4,31
2012,6,25,Michael Tait,1,205,4,31
2012,6,25,Lita Doolan,1,10,0,6
2012,6,25,Richard Lea,1,25,3,27
2012,6,25,Judith Robertson,1,29,0,15
2012,6,25,Jill Filipovic,1,103,7,63
2012,6,25,World Business Council of Sustainable Development,1,1,0,16
2012,6,25,Ion Trewin,1,5,0,18
2012,6,25,Greg Wood at Newmarket,1,7,0,6
2012,6,25,Phelim O'Neill,3,21,0,46
2012,6,25,Isabel Choat,1,149,12,68
2012,6,25,Jack Klaff,1,49,0,37
2012,6,25,Afua Hirsch,2,160,4,149
2012,6,25,Jude Habib,1,19,0,40
2012,6,25,Johnny Sharp,1,7,0,23
2012,6,25,Tom Bryant,1,4,0,9
2012,6,25,Faye Lipson,3,118,9,73
2012,6,25,Brooks Jackson,1,23,0,23
2012,6,25,Joe Queenan,1,111,1,25
2012,6,25,Nada Dhaif,1,11,2,203
2012,6,25,Ruth Meinzen-Dick,1,78,6,55
2012,6,25,Gary Younge,1,2,0,35
2012,6,25,Maddy Costa,2,7,2,18
2012,6,25,Oliver Milman,1,47,2,94
2012,6,25,Diane Roberts,1,22,0,15
2012,6,25,Rachel Weber,1,151,14,157
2012,6,25,Amanda Michel,1,72,4,117
2012,6,25,Ian Traynor,2,332,20,307
2012,6,25,Michael Wolff,1,27,4,47
2012,6,25,Oliver Balch for the <a href="http://www.guardian.co.uk/guardian-professional" title="Guardian Professional Network">Guardian Professional Network</a>,1,0,0,12
2012,6,25,Andrew Gimson,1,14,0,50
2012,6,25,Andrew Mueller,1,1,0,13
2012,6,25,Clare Considine,1,1,0,13
2012,6,25,Clemency Burton-Hill,1,243,11,49
2012,6,25,Nicolas Winding Refn,1,245,3,31
2012,6,25,Guardian music staff,1,1513,16,206
2012,6,25,Catherine Shoard,1,122,2,78
2012,6,25,DD Guttenplan,1,17,0,35
2012,6,25,Abdel-Rahman Hussein,2,467,12,181
2012,6,25,Mohamed Morsi,1,89,5,138
2012,6,25,Christine Smith,1,3,0,60
2012,6,25,Elisabeth Mahoney,2,98,4,51
2012,6,25,Henry Barnes,3,159,6,147
2012,6,25,John Harris,1,435,5,120
2012,6,25,Mike McCahill,3,1,0,30
2012,6,25,Tim Jonze,1,2,2,7
2012,6,25,Lawrence Donegan at Olympic Club,2,5,0,13
2012,6,25,Robin Denselow,2,175,2,41
2012,6,25,produced by Iain Chambers,1,13,1,17
2012,6,25,Tom Widger,1,39,1,23
2012,6,25,WN Herbert,2,29,5,58
2012,6,25,Simon Birch,1,0,0,0
2012,6,25,Andrew Crumey,1,9,0,11
2012,6,25,Ed Jacobs,2,23,0,43
2012,6,25,Adam Smith,1,39,0,32
2012,6,25,Clar Ni Chonghaile,1,22,2,70
2012,6,25,Somalia,1,22,2,70
2012,6,25,Kate Hodal,1,124,4,14
2012,6,25,Nancy Kelley,1,0,2,33
2012,6,25,Janette Owen,1,12,0,83
2012,6,25,Paul Hughes,1,2,1,9
2012,6,25,Daniel Blazer,1,31,2,26
2012,6,25,ilovepercyjacksonbooks,1,1,0,9
2012,6,25,Guardian readers,5,52,0,62
2012,6,25,Greg Freeman,1,24,4,37
2012,6,25,Sarah Ditum,1,75,2,35
2012,6,25,BT MyDonate,1,0,0,0
2012,6,25,Elli Narewska,1,2,0,2
2012,6,25,Jules Birch,1,1,0,31
2012,6,25,Ross Morrison McGill,1,70,2,98
2012,6,25,Olivia Packham,1,7,0,20
2012,6,25,Norman Williams,1,18,0,17
2012,6,25,Andy Cawthray,1,9,0,25
2012,6,25,Michael Chessum,1,218,4,41
2012,6,25,Vijay Patel,1,13,0,26
2012,6,25,Hossein Mousavian,1,25,2,26
2012,6,25,Mohammad Ali Shabani,1,25,2,26
2012,6,25,Xan Brooks,1,13,1,27
2012,6,25,Garry Blight,1,321,10,102
2012,6,25,Hannah Waldram,2,57,3,82
2012,6,25,Deborah Levy,1,34,2,33
2012,6,25,David Harewood,1,12,1,34
2012,6,25,Katie Forster,1,90,0,70
2012,6,25,David McGillivray,1,1,3,42
2012,6,25,Rob Bagchi,2,57,0,19
2012,6,25,Anthony Bateman,1,2,2,20
2012,6,25,Sebastian Dullien for <a href="http://www.social-europe.eu/" title="">Social Europe Journal</a>,1,34,6,26
2012,6,25,part of the <a href="http://www.guardian.co.uk/commentisfree/series/guardian-comment-network" title="">Guardian Comment Network</a>,1,34,6,26
2012,6,25,Theo WolfTiger,1,0,0,11
2012,6,25,Jo Confino,2,106,6,140
2012,6,25,Roger Tooth,1,2,0,4
2012,6,25,Andrew Pulver,1,161,7,70
2012,6,25,Mona Mahmood,1,57,0,42
2012,6,25,Susie Steiner,1,20,1,23
2012,6,25,Rhik Samadder,1,0,0,6
2012,6,25,Presented by John Plunkett,1,1,0,26
2012,6,25,produced by Matt Hill,1,1,0,26
2012,6,25,Chris French,1,115,3,43
2012,6,25,Caspar Llewellyn Smith,1,281,2,36
2012,6,25,Joe Moran,1,12,0,21
2012,6,25,Anthony Doesburg,1,478,44,366
2012,6,25,Donald McRae,1,2,2,5
2012,6,25,Stephen Abbott,1,1,0,1
2012,6,25,Dan Catt,1,1,0,1
2012,6,25,Tom Shone,1,59,1,14
2012,6,25,Jon Robins,1,32,7,47
2012,6,25,Suzanne Goldenberg at the UN,1,180,8,116
2012,6,25,Jeffrey Frankel,1,9,4,12
2012,6,25,Jane Martinson,1,1,2,48
2012,6,25,Kate Molleson,1,2,2,13
2012,6,25,Gregg Bakowski,1,112,5,19
2012,6,25,Sarah Gilbert,1,162,1,38
2012,6,25,Naomi McAuliffe,1,2674,38,405
2012,6,25,Leonard Barden,1,0,0,11
2012,6,25,Billy Mills,1,9,3,22
2012,6,25,Rupert Sawyer,1,2,0,14
2012,6,25,Alistair Smith,1,22,0,12
2012,6,25,SuperBen,1,1,0,12
2012,6,25,SuperEva,2,8,0,25
2012,6,25,Rachel Williams,1,45,2,41
2012,6,25,Dean Macey,1,0,0,8
2012,6,25,Duncan Green,1,38,8,35
2012,6,25,Presented by Alexis Petridis,1,39,0,33
2012,6,25,Kieran Yates,1,39,0,33
2012,6,25,produced by Pascal Wyse,1,39,0,33
2012,6,25,Gustav Temple,1,64,0,11
2012,6,25,Sali Hughes,2,13,1,35
2012,6,25,Nat Saunders,1,6,1,18
2012,6,25,Paschos Mandravelis,1,142,2,13
2012,6,25,Presented by Gilles Peterson,1,92,0,38
2012,6,25,produced by Peter Sale,1,92,0,38
2012,6,25,Pascal Wyse,2,105,2,45
2012,6,25,Tom Lutz,2,15,2,31
2012,6,25,Photographs by Paul Gore. Styling,1,82,2,59
2012,6,25,words by Simon Chilvers,1,82,2,59
2012,6,25,Photographer: David Newby. Stylist: Priscilla Kwateng,1,1,2,10
2012,6,25,Interview by Kate Mikhail. Photographs by Lee Garland,1,9,4,33
2012,6,25,Mee-Lai Stone,1,10,2,14
2012,6,25,Nic Marks for the <a href="http://www.guardian.co.uk/guardian-professional" title="Guardian Professional Network">Guardian Professional Network</a>,1,12,0,15
2012,6,25,Lauren Niland,1,40,4,11
2012,6,25,Sarah Crown,1,1,0,14
2012,6,25,Graham Hayday,1,1,0,26
2012,6,25,Andrew Ryvkin,1,36,0,17
2012,6,25,Aris Chatzistefanou,2,2971,30,275
2012,6,25,Patrick Butler,1,10,0,17
2012,6,25,Martin Cross,1,1,0,12
2012,6,25,Tim Rollins,1,3,0,5
2012,6,25,Blake Morrison,1,145,12,77
2012,6,25,Photographs: Irina Popova,1,115,2,50
2012,6,25,Paige McClanahan,1,88,0,36
2012,6,25,Skye Sherwin,3,13,0,41
2012,6,25,Presented by Sarah Crown,1,112,9,74
2012,6,25,produced by Tim Maby,1,112,9,74
2012,6,25,Maritza Ascencios for UNICEF,1,1,2,41
2012,6,25,Tom Dyckhoff,1,40,0,17
2012,6,25,Maggie Brown,2,155,3,122
2012,6,25,Lisa Marks,1,22,0,25
2012,6,25,Anu Bhagwati,1,52,2,25
2012,6,25,Rowenna Davis,1,300,15,198
2012,6,25,guardian.co.uk,1,2,1,17
2012,6,25,Khalid Abdalla,1,217,0,18
2012,6,25,Andrew Collins,1,11,2,29
2012,6,25,Thalif Deen for <a href="http://www.ipsnews.net/" title="">Inter Press Service</a>,1,36,0,56
2012,6,25,part of the <a href="http://www.guardian.co.uk/environment/network" title="">Guardian Environment Network</a>,1,36,0,56
2012,6,25,Felicity Carus for the <a href="http://www.guardian.co.uk/guardian-professional" title="Guardian Professional Network">Guardian Professional Network</a>,1,14,2,18
2012,6,25,Vic Marks at the Rose Bowl,2,10,0,12
2012,6,25,John Shirley,1,9,0,20
2012,6,25,Jude Rogers,1,194,2,60
2012,6,25,Anna Kessel,1,199,4,15
2012,6,25,Simon Bowers,1,14,2,41
2012,6,25,Jim Powell,2,30,6,37
2012,6,25,Alastair Campbell,1,11,0,14
2012,6,25,Sue Baker,1,28,2,48
2012,6,25,Jack Shenker,2,877,27,209
2012,6,25,Evan Fanning,3,145,15,87
2012,6,25,Interview by Susanna Rustin,1,43,0,74
2012,6,25,John McFall,1,0,0,28
2012,6,25,Lisa Brown,1,951,29,464
2012,6,25,Interview by Bella Mackie,1,1,2,18
2012,6,25,Derek Niemann,1,5,0,22
2012,6,25,Deborah Orr,3,287,4,137
2012,6,25,Tanya Gold,1,53,2,85
2012,6,25,Sol Campbell,1,1,0,7
2012,6,25,Sarahi Uribe,1,111,0,15
2012,6,25,Alan Pickup,1,1,5,37
2012,6,25,Rachel Dixon,2,33,3,55
2012,6,25,Gemma Bowes,1,118,3,42
2012,6,25,Emma Kennedy,1,8,0,26
2012,6,25,Kevin Rushby,1,31,2,17
2012,6,25,Susan Greenwood,1,84,4,51
2012,6,25,Martin Rowson,1,1,0,32
2012,6,25,Robert Macfarlane,1,72,5,19
2012,6,25,Sue Arnold,1,3,0,2
2012,6,25,Samanth Subramanian,1,42,0,6
2012,6,25,Alberto Manguel,1,23,0,3
2012,6,25,Bee Wilson,1,180,16,82
2012,6,25,Colm Tóibín,1,677,30,244
2012,6,25,Tessa Hadley,1,25,2,25
2012,6,25,Steven Poole,1,5,0,42
2012,6,25,Andrew Motion,1,3,0,3
2012,6,25,Kamila Shamsie,1,0,0,3
2012,6,25,Carol Birch,1,1,0,2
2012,6,25,Laura Wilson,1,19,2,14
2012,6,25,David Wheatley,1,33,1,14
2012,6,25,Sukhdev Sandhu,1,14,0,24
2012,6,25,Adam Thirlwell,1,0,0,15
2012,6,25,David Harsent,1,91,2,19
2012,6,25,John Walker,1,14,1,30
2012,6,25,Interview: <strong>Becky Barnicoat</strong>. Portrait: <a href="http://emilystein.co.uk/" title=""><strong>Emily Stein</strong></a>,1,41,0,9
2012,6,25,Alys Fowler,2,10,0,8
2012,6,25,John Lanchester,1,31,0,12
2012,6,25,Yotam Ottolenghi,1,29,1,4
2012,6,25,Thomas Eaton,1,0,0,1
2012,6,25,Fiona Beckett,1,6,0,3
2012,6,25,Rosanna Greenstreet,2,90,3,64
2012,6,25,Mike Scriven,1,550,5,119
2012,6,25,Jane Perrone,1,3,0,3
2012,6,25,Hugh Fearnley-Whittingstall,1,81,2,28
2012,6,25,Dan Lepard,1,61,5,21
2012,6,25,Oliver Burkeman,1,4378,136,899
2012,6,25,Words: Imogen Fox,1,17,4,52
2012,6,25,Ken Segall,1,32,29,157
2012,6,25,Matt Cornell,1,304,4,47
2012,6,25,Miles Brignall,4,40,0,52
2012,6,25,Jeremy Bullmore,1,0,0,1
2012,6,25,Stephen Collins,1,21,0,5
2012,6,25,As told to Jim Griffin,1,1,0,13
2012,6,25,Jill Papworth,1,22,1,23
2012,6,25,John Patterson,3,74,9,134
2012,6,25,Jay Rayner,4,89,11,137
2012,6,25,Charlie Lyne,1,199,7,77
2012,6,25,Harriet Gibsone,1,134,0,11
2012,6,25,Lisa Bachelor,1,8,0,29
2012,6,25,Claire Donnelly,1,39,0,10
2012,6,25,Roz Lewis,1,108,1,25
2012,6,25,Louis Pattison,1,6,0,15
2012,6,25,Johnny Dee,2,4,0,14
2012,6,25,Michael Hogan,2,62,0,10
2012,6,25,Robert Clark,2,6,0,26
2012,6,25,Steven Appleby,2,2,0,0
2012,6,25,Florence Williams,2,8174,94,656
2012,6,25,Jon &amp; Mick/moderntoss.com,1,25,2,4
2012,6,25,Nick Gillett,1,2,0,57
2012,6,25,Charlie Condou,1,2,0,4
2012,6,25,Patrick Barkham,1,60,5,16
2012,6,25,Tim Lott,1,2,0,9
2012,6,25,Annalisa Barbieri,1,7,1,9
2012,6,25,The Guide,1,0,0,1
2012,6,25,Elaine Lipworth,1,47,0,23
2012,6,25,John Fordham &amp; John Robinson,1,0,0,4
2012,6,25,Katrina Dixon,1,0,0,4
2012,6,25,James Kettle,1,30,0,5
2012,6,25,Patric Baird,1,13,0,5
2012,6,25,John Mitchell,1,13,0,5
2012,6,25,Sam Richards &amp; Marc Rowlands,1,13,0,5
2012,6,25,Robert Clark &amp; Skye Sherwin,1,42,0,34
2012,6,25,Mark Cook,1,42,0,5
2012,6,25,Lyn Gardner &amp; Judith Mackrell,1,42,0,5
2012,6,25,Iain Aitch,1,23,1,37
2012,6,25,Colette Bernhardt &amp; Renata Blower,1,23,1,37
2012,6,25,Nicola Jennings,1,0,0,13
2012,6,25,Joe Berger,1,13,2,7
2012,6,25,Chris Mullin,1,5,0,24
2012,6,25,Sandra Haurant,1,77,3,65
2012,6,25,The Secret Teacher,1,353,2,83
2012,6,25,Lawrence Donegan at the Olympic Club,1,4,1,10
2012,6,25,San Francisco,1,4,1,10
2012,6,25,Paul Johnston,1,64,3,22
2012,6,25,Clive Baldwin,1,10,0,30
2012,6,25,Darragh McManus,1,25,3,33
2012,6,25,Kate Raworth,1,24,2,79
2012,6,25,Conal Urquhart,1,46,3,171
2012,6,25,Corinne,1,1,0,8
2012,6,25,Millie (5),1,1,0,8
2012,6,25,Anna Bird,1,25,1,70
2012,6,25,Paul Harris New York,1,536,8,66
2012,6,25,Michael Aylwin,1,6,0,4
2012,6,25,Vanessa Thorpe,2,184,8,147
2012,6,25,Colin Freeze,1,48,5,24
2012,6,25,Ontario,1,48,5,24
2012,6,25,Paul Weaver at Le Mans,1,0,0,6
2012,6,25,Aleksandar Holiga,1,25,0,20
2012,6,25,Diego Aguilar with Jessica Weisberg,1,28,0,18
2012,6,25,Tom Bryant (earlier),1,6,0,20
2012,6,25,Ian McCourt (then),1,6,0,20
2012,6,25,Jacob Steinberg (now),1,6,0,20
2012,6,25,Andy Hall,1,224,6,91
2012,6,25,Daniel Topolski,1,28,0,20
2012,6,25,arts,1,165,8,94
2012,6,25,Andy Wilson at the Racecourse Ground,1,1,0,6
2012,6,25,Simon Burnton (first innings),1,4,0,53
2012,6,25,Tom Lutz (second innings),1,4,0,53
2012,6,25,Eddie Butler,1,1,1,2
2012,6,25,Robert Kitson at Ellis Park,1,1,0,18
2012,6,25,Daniel Boffey,7,847,26,674
2012,6,25,Toby Helm,3,194,11,247
2012,6,25,Julian Coman,2,180,10,222
2012,6,25,Tracy McVeigh,3,1905,10,331
2012,6,25,Cass Jones,2,44,4,91
2012,6,25,Nikos Konstandaras,1,58,8,60
2012,6,25,Jamie Doward,4,166,2,301
2012,6,25,Tegan Rogers,3,159,2,296
2012,6,25,David Hills,1,34,0,23
2012,6,25,Megan Conner,1,129,1,44
2012,6,25,Andy Wilson at Langtree Park,1,0,0,6
2012,6,25,Philip Cornwall,1,3,0,8
2012,6,25,Yamilé Aldama,1,1,0,7
2012,6,25,David James,1,3,2,16
2012,6,25,Observer Sport staff,1,3,0,7
2012,6,25,Robin McKie,2,1292,59,255
2012,6,25,Jonathan Lee,1,16,1,20
2012,6,25,Fiona Maddocks,2,5,0,23
2012,6,25,AL Kennedy,1,34,3,49
2012,6,25,Philip Hensher,1,3,0,8
2012,6,25,Ben Shephard,1,7,2,6
2012,6,25,Alexander Larman,1,38,0,14
2012,6,25,Nicholas Kenyon,1,0,0,1
2012,6,25,Jonathan Coe,1,10,0,6
2012,6,25,Frank Cottrell Boyce,1,18,0,7
2012,6,25,Joe Dunthorne,1,8,3,14
2012,6,25,Bidisha,1,35,0,11
2012,6,25,Geoff Dyer,1,45,0,24
2012,6,25,Philip French,13,87,3,116
2012,6,25,Tom Lamont,1,57,0,19
2012,6,25,Tom Morris artistic director,1,89,4,60
2012,6,25,Bristol Old Vic,1,89,4,60
2012,6,25,Danny Kelly,1,15,5,34
2012,6,25,Toby Moses,1,15,0,32
2012,6,25,Andrew Anthony,1,10,2,4
2012,6,25,Paul Mardles,1,0,0,2
2012,6,25,David Williams,2,17,0,9
2012,6,25,Tom Adams,1,1,1,8
2012,6,25,Killian Fox,2,2,0,12
2012,6,25,Linda Grant,1,34,2,4
2012,6,25,Chris Riddell,1,124,0,25
2012,6,25,John Hind,2,4,0,29
2012,6,25,Rachel Cooke,1,15,0,18
2012,6,25,Katharine Whitehorn,1,2,0,0
2012,6,25,Rafael Garcia-Navarro,1,69,0,21
2012,6,25,Jeff Forshaw,1,112,16,38
2012,6,25,Laura Cumming,1,91,3,16
2012,6,25,Chris Cox,1,66,0,4
2012,6,25,Victoria Coren,1,165,8,385
2012,6,25,Catherine Bennett,1,35,1,18
2012,6,25,Clare Brennan,1,15,0,8
2012,6,25,Barbara Ellen,1,29,0,14
2012,6,25,Iain Morris,1,16,0,13
2012,6,25,Jo Jones,1,4,1,13
2012,6,25,Layne Mosler,1,383,15,82
2012,6,25,Observer,1,3,0,4
2012,6,25,Alexander Linklater,1,30,2,14
2012,6,25,Tim Adams,1,129,4,107
2012,6,25,Laura Barnett,1,68,3,27
2012,6,25,Russell Norman,1,12,2,19
2012,6,25,John Critchley,1,17,0,11
2012,6,25,Nigel Slater,3,41,5,19
2012,6,25,Adam Perry Lang,1,10,5,13
2012,6,25,Elliott Brown,1,52,2,33
2012,6,25,Alice Fisher,1,0,0,3
2012,6,25,Phil Mongredien,1,0,0,3
2012,6,25,Neil Spencer,1,98,0,10
2012,6,25,Eva Wiseman,2,309,6,67
2012,6,25,Tim Lewis,1,32,0,36
2012,6,25,Dave Gelly,1,0,0,5
2012,6,25,Martin Love,1,3,1,14
2012,6,25,Dan Pearson,1,11,2,13
2012,6,25,Gay Dad,1,0,0,0
2012,6,25,Andy Pietrasik,1,0,0,13
2012,6,25,Shahesta Shaitly,1,5,0,5
2012,6,25,Edmund Gordon,1,350,3,12
2012,6,25,Will Freeman,1,1,0,9
2012,6,25,Matt Kamen,1,1,1,18
2012,6,25,James Bridle,1,2,0,37
2012,6,25,Phil Hogan,1,13,2,6
2012,6,25,Mark Kermode,1,1,0,7
2012,6,25,Luke Jennings,1,1,0,3
2012,6,25,Natalie Woolman,1,1,0,7
2012,6,25,Rowan Moore,1,3,0,20
2012,6,25,Miranda Sawyer,1,4,0,25
2012,6,25,John Naughton,1,136,30,183
2012,6,25,William Keegan,1,49,1,53
2012,6,25,Interview by Gemma Kappala-Ramsamy,1,4,0,5
2012,6,25,Kate Kellaway,1,392,5,83
2012,6,25,Christopher Stevens,1,53,0,17
2012,6,25,Nick Cohen,1,585,14,220
2012,6,25,Peter Preston,1,8,0,11
2012,6,25,Susannah Clapp,1,47,0,13
2012,6,25,Sir Michael Darrington,1,3,0,19
2012,6,25,Elizabeth Day,1,44,0,19
2012,6,25,Kevin McKenna,1,16,2,34
2012,6,25,Dalya Alberge,1,29,1,44
2012,6,25,Mark Townsend,1,41,1,62
2012,6,25,Beijing,1,122,12,66
2012,6,25,Will Hutton,1,13,4,85
2012,6,25,Yvonne Roberts,1,86,11,45
2012,6,25,Mark Bailey,1,144,15,80
2012,6,25,Mariella Frostrup,1,8,0,12
2012,6,25,Lauren Laverne,1,13,0,26
2012,6,25,Stephen Pritchard,1,9,2,17
2012,6,25,Lucy Siegle,1,106,2,100
2012,6,25,Andrew Rawnsley,1,154,7,78
2012,6,25,Athene Donald,1,86,19,199
2012,6,25,Henry Porter,1,173,7,384
