year,month,week,name,articles,facebook,googleplus,twitter
2011,8,33,Reuters,18,1290,25,686
2011,8,33,Paul Lewis,14,12979,100,2791
2011,8,33,Matthew Taylor,9,4993,45,924
2011,8,33,Ben Quinn,10,7786,66,3827
2011,8,33,Sandra Laville,22,11538,60,2248
2011,8,33,Vikram Dodd,13,8995,57,1827
2011,8,33,Caroline Davies,7,7248,64,1353
2011,8,33,Heather Stewart,9,1112,15,576
2011,8,33,Dominic Rushe,9,3275,35,826
2011,8,33,Jill Treanor,5,130,1,208
2011,8,33,Tania Branigan,9,1241,21,559
2011,8,33,Rebecca Smithers,1,76,2,93
2011,8,33,Mark King,11,201,3,416
2011,8,33,Rupert Scofield,1,22,0,87
2011,8,33,Graeme Wearden,5,439,5,545
2011,8,33,George Monbiot,2,325,1,232
2011,8,33,Chris Goodall,1,116,0,129
2011,8,33,Duncan Green,1,295,6,205
2011,8,33,Carole Jahme,1,30,1,41
2011,8,33,Keith Stuart,10,91,8,564
2011,8,33,Sarah Hartley,4,49,3,31
2011,8,33,Gill Hitchcock,6,43,3,115
2011,8,33,Louise Taylor,7,196,4,357
2011,8,33,Roy Greenslade,29,624,12,729
2011,8,33,Paul Doyle,10,38,0,202
2011,8,33,Amy Lawrence,10,43,0,216
2011,8,33,Christian Bennett,7,3506,7,217
2011,8,33,Andy Gallagher,10,297,1,161
2011,8,33,Mary Douglas-Home,8,17,0,111
2011,8,33,Jon Butterworth,3,139,11,81
2011,8,33,David Walker,1,1,0,9
2011,8,33,Hannah Fearn,2,46,4,64
2011,8,33,Josh Halliday,24,7674,245,7295
2011,8,33,AP,2,246,2,98
2011,8,33,Peter Walker,5,1997,8,394
2011,8,33,Paul Owen,5,4260,51,4140
2011,8,33,Sam Jones,6,6064,76,5138
2011,8,33,Tanya Gold,1,24,0,42
2011,8,33,Barry Glendenning,8,65,1,247
2011,8,33,Jemima Kiss,13,434,42,1248
2011,8,33,Kable Healthcare,6,2,0,24
2011,8,33,Dick Vinegar,1,2,0,9
2011,8,33,Press Association,91,3247,35,3804
2011,8,33,Sarah Phillips,1,13,0,14
2011,8,33,Stuart Dredge,9,374,29,1177
2011,8,33,David Marsh,1,254,4,119
2011,8,33,Rebecca Lovell,1,47,0,4
2011,8,33,Mona Mahmood,3,605,2,38
2011,8,33,Sonya Kidney,1,10,0,11
2011,8,33,Richard Johnson,1,164,3,62
2011,8,33,Ben Lyttleton,1,16,0,18
2011,8,33,Martin Rayson,1,0,0,6
2011,8,33,Professor John Mohan,1,5,0,29
2011,8,33,Richard M Kavuma,5,56,0,79
2011,8,33,Tom Bawden,7,188,4,216
2011,8,33,Monkey,5,71,1,172
2011,8,33,Peter Bradshaw,9,603,7,167
2011,8,33,Jill Insley,2,134,0,94
2011,8,33,Tim Ashley,7,139,0,55
2011,8,33,Carol Rumens,1,203,0,39
2011,8,33,Eva Wiseman,3,45,1,25
2011,8,33,Jessica Reed,4,0,0,3
2011,8,33,John Hooper,7,1766,22,531
2011,8,33,Sean Michaels,9,1093,7,479
2011,8,33,Martin Wainwright,15,5372,25,1013
2011,8,33,Katy Stoddard,2,43,0,65
2011,8,33,Jessica Shankleman for <a href="http://www.businessgreen.com">BusinessGreen</a>,1,50,0,75
2011,8,33,part of the <a href="http://www.guardian.co.uk/environment/network" title="Guardian Environment Network">Guardian Environment Network</a>,5,1933,8,659
2011,8,33,Alex Hawkes,6,1947,5,672
2011,8,33,Kate Carter,3,2376,7,499
2011,8,33,Flic Everett,2,298,3,42
2011,8,33,Agencies,9,1525,15,931
2011,8,33,Maxton Walker,1,250,0,85
2011,8,33,Martin Dusinberre,1,115,0,53
2011,8,33,Michael Cragg,4,227,1,132
2011,8,33,Ben Child,13,3123,52,1301
2011,8,33,Lyn Gardner,15,645,2,207
2011,8,33,Raphael Honigstein,1,25,2,10
2011,8,33,Sarah Crown,3,421,5,103
2011,8,33,Michael White,7,775,3,190
2011,8,33,Judy Friedberg,4,29,0,60
2011,8,33,Kirsten Hansen,1,44,1,30
2011,8,33,Clare Horton,5,44,0,30
2011,8,33,Andrew Sparrow,8,1735,18,1069
2011,8,33,Will Hayler,8,2,0,50
2011,8,33,Alison Flood,9,2148,46,1102
2011,8,33,Rachel Williams,2,720,3,170
2011,8,33,Brian Daniels,1,20,0,28
2011,8,33,Associated Press,27,5072,35,1507
2011,8,33,Tom Bryant,1,78,5,93
2011,8,33,agencies,16,1566,16,968
2011,8,33,Kamilla Baiden,3,36,1,107
2011,8,33,Emmanuel Jal,1,139,0,51
2011,8,33,John Harris,3,333,2,50
2011,8,33,Dave Hill,9,2049,7,600
2011,8,33,Sade Laja,5,11,0,59
2011,8,33,Richard Scott,1,0,0,7
2011,8,33,Washington,1,0,0,7
2011,8,33,Jonathan Jones,7,703,16,296
2011,8,33,David Cox,3,229,2,160
2011,8,33,Jonathan Watts,4,3528,3,351
2011,8,33,Alok Jha,6,9607,166,1311
2011,8,33,Richard Sprenger,5,823,3,108
2011,8,33,Mary Douglas Home,1,2,0,11
2011,8,33,James Ball,8,3437,24,1096
2011,8,33,Larry Elliott,11,355,4,310
2011,8,33,Jamie Jackson,14,1018,3,1146
2011,8,33,Craig Haslop,1,16,1,26
2011,8,33,Chris Kempshall,1,16,1,26
2011,8,33,Jill Kirby,1,16,1,26
2011,8,33,Mark Sweney,17,788,8,1062
2011,8,33,Adam Wagner on the <a href="http://ukhumanrightsblog.com/" title="">UK Human Rights Blog</a>,1,49,0,44
2011,8,33,part of the <a href="http://www.guardian.co.uk/law/series/guardian-legal-network" title="">Guardian Legal Network</a>,2,127,2,91
2011,8,33,James Robinson,10,630,4,519
2011,8,33,Benji Lanyado,2,546,11,115
2011,8,33,Andy Bull,2,0,0,34
2011,8,33,Slavoj Žižek,1,1768,21,224
2011,8,33,Lucy Inglis,1,157,6,129
2011,8,33,Judith Townend,1,4,0,30
2011,8,33,Severin Carrell,9,2086,13,829
2011,8,33,Scotl,4,772,6,231
2011,8,33,Akin Ojumu,2,2,0,18
2011,8,33,Harriet Sherwood,2,537,4,153
2011,8,33,Matthew Caines,3,33,0,165
2011,8,33,Martin Robbins,2,184,16,135
2011,8,33,Open thread,2,26,0,62
2011,8,33,David Hytner,8,1142,14,765
2011,8,33,Stephanie Merritt,8,159,5,153
2011,8,33,Lisa O'Carroll,10,1616,63,1269
2011,8,33,Jude Rogers,1,265,4,41
2011,8,33,Johnny Dee,3,1391,10,114
2011,8,33,Guardian Government Computing,4,3,2,31
2011,8,33,Lawrence Donegan,5,34,0,75
2011,8,33,Sam Jordison,3,537,6,223
2011,8,33,Elliot Smith,5,2586,11,222
2011,8,33,Nick Compton,1,11,0,19
2011,8,33,Corrections,5,1,0,16
2011,8,33,Eric Lowitt for the <a href="http://www.guardian.co.uk/guardian-professional" title="Guardian Professional Network">Guardian Professional Network</a>,1,16,0,20
2011,8,33,Sarfraz Manzoor,1,87,1,23
2011,8,33,David Lawrence,1,308,1,40
2011,8,33,Jasmine Coleman,7,3597,21,432
2011,8,33,Allister McGregor,1,104,1,39
2011,8,33,Harriet Baber,1,150,5,104
2011,8,33,guardian.co.uk/music,1,749,11,178
2011,8,33,Imogen Tilden,2,43,0,44
2011,8,33,Ian Black,6,1720,6,584
2011,8,33,Jeremy Kay,1,38,1,26
2011,8,33,Henry McDonald,2,92,2,56
2011,8,33,<a href="http://www.theecologist.org/">Ecologist</a>,1,21,0,34
2011,8,33,Andy Wilson,2,5,1,24
2011,8,33,Martin Belam,1,0,1,1
2011,8,33,Reni Eddo-Lodge,1,64,0,127
2011,8,33,Marc Abrahams,1,97,4,64
2011,8,33,Allan Jenkins,2,7,0,23
2011,8,33,Brian Whitaker,1,344,1,104
2011,8,33,Esther Addley,4,2540,20,454
2011,8,33,Paul Lester,6,429,3,131
2011,8,33,Martin Shuttleworth,2,4084,94,1643
2011,8,33,Alex Graul,2,4084,94,1643
2011,8,33,Jonathan Richards,2,4084,94,1643
2011,8,33,Mariana Santos,1,1281,27,854
2011,8,33,Ranjit Dhaliwal,2,4084,94,1643
2011,8,33,Nina Power,1,42428,152,2530
2011,8,33,Tom Worden,1,44,2,31
2011,8,33,in Gaza City,1,389,2,87
2011,8,33,Mark Tran,5,302,3,237
2011,8,33,Debbie Andalo,1,31,1,12
2011,8,33,Hannah Freeman,3,53,4,76
2011,8,33,George Carey,1,27,0,20
2011,8,33,Rosie Bristow for the <a href="http://www.guardian.co.uk/guardian-professional" title="Guardian Professional Network">Guardian Professional Network</a>,1,27,1,49
2011,8,33,Simon Tisdall,1,75,0,38
2011,8,33,Matt Wells,7,5428,61,5521
2011,8,33,Ha-Joon Chang,1,450,4,104
2011,8,33,,2,589,5,288
2011,8,33,Xan Rice at Dadaab refugee camp,1,435,1,220
2011,8,33,Sanjoy Roy,2,44,0,20
2011,8,33,Sharon Persaud,1,11,0,9
2011,8,33,David Smail,1,3,0,26
2011,8,33,Michael Carlson,1,16,0,18
2011,8,33,Simon Rogers,5,8414,180,2350
2011,8,33,David Stafford,1,1154,15,91
2011,8,33,John O'Connor,1,162,1,27
2011,8,33,Brian Logan,14,324,3,174
2011,8,33,Rob Hughes,1,46,0,21
2011,8,33,Simon Bowers,6,144,2,187
2011,8,33,Adam Gabbatt,1,8080,143,1848
2011,8,33,Richard Adams,7,9045,149,2536
2011,8,33,Alicia Canter,2,50,0,17
2011,8,33,Michael Billington,5,309,1,59
2011,8,33,Paul Rees,5,8,0,78
2011,8,33,Adam Vaughan,3,326,1,187
2011,8,33,Jeevan Vasagar,10,4771,25,892
2011,8,33,Catherine Mack,1,365,3,88
2011,8,33,Joanna Moorhead,2,78,0,47
2011,8,33,Amelia Hill,1,35,0,60
2011,8,33,Melissa Benn,1,59,2,55
2011,8,33,Iain Aitch,2,107,3,42
2011,8,33,Stewart J Lawrence,2,142,0,54
2011,8,33,Jon Boone,2,177,7,65
2011,8,33,Kevin McCarra,4,34,0,52
2011,8,33,Patrick Barkham,3,1648,7,371
2011,8,33,Jon Henley,2,1339,9,439
2011,8,33,Alexandra Topping,9,9625,40,1361
2011,8,33,Chris Askew,1,32,0,67
2011,8,33,Xan Rice,4,1416,6,539
2011,8,33,Aditya Chakrabortty,2,1949,53,791
2011,8,33,John Crace,3,57,2,52
2011,8,33,Jessica Shepherd,8,1486,8,571
2011,8,33,Elisabeth Mahoney,6,14,0,69
2011,8,33,Charlie Swinburne,1,340,0,31
2011,8,33,Mark Brown,5,873,3,304
2011,8,33,Kate Abbott,1,4,0,15
2011,8,33,Nosheen Iqbal,1,4,0,15
2011,8,33,Daniel Martin,1,4,0,15
2011,8,33,Richard Vine,1,4,0,15
2011,8,33,Dan Smith for <a href="http://www.leftfootforward.org/" title="Left Foot Forward">Left Foot Forward</a>,1,111,1,24
2011,8,33,part of the Guardian Comment Network,2,1509,47,698
2011,8,33,David Hopps,5,271,2,280
2011,8,33,Nils Pratley,11,174,3,133
2011,8,33,Juliette Garside,7,1786,21,1061
2011,8,33,Bim Adewunmi,1,244,1,53
2011,8,33,Luisa Dillner,1,20,0,58
2011,8,33,Gabriel Weston,1,10,0,6
2011,8,33,As told to Leo Hickman,1,2,0,21
2011,8,33,Dominic Fifield,9,472,3,339
2011,8,33,Andy Hunter,9,1046,13,587
2011,8,33,Kim Wilsher,1,33,0,16
2011,8,33,John Domokos,5,28809,35,1403
2011,8,33,Robert Kitson,8,24,0,59
2011,8,33,Ronan Bennett,1,0,0,12
2011,8,33,Daniel King,1,0,0,12
2011,8,33,Nicholas Watt,12,2066,26,771
2011,8,33,Ewen MacAskill,4,569,1,202
2011,8,33,in Washington,1,407,0,64
2011,8,33,Isy Suttie,4,15,0,17
2011,8,33,Rupert Neate,8,707,7,500
2011,8,33,Kim Willsher,7,4954,28,533
2011,8,33,Stafford Scott,1,7264,19,572
2011,8,33,Tom Lamont,4,124,2,128
2011,8,33,Sam Wollaston,4,46,0,76
2011,8,33,Maev Kennedy,2,416,1,88
2011,8,33,Editorial,16,2092,10,658
2011,8,33,Daniel Riemer,1,238,1,46
2011,8,33,Interview by Laura Barnett,1,3,0,10
2011,8,33,Chris Cook,7,39,1,66
2011,8,33,Daniel Taylor,5,1163,16,741
2011,8,33,Donald McRae,1,0,0,6
2011,8,33,Martin Rowson,5,535,6,129
2011,8,33,John Robinson,2,0,0,21
2011,8,33,Andrew Mueller,2,0,0,42
2011,8,33,Rebecca Nicholson,3,56,0,37
2011,8,33,Ali Catterall,1,0,0,11
2011,8,33,Hannah Verdier,2,0,0,21
2011,8,33,Gwilym Mumford,2,0,0,21
2011,8,33,Richard Williams,5,112,0,290
2011,8,33,Lydia Hislop,1,0,0,8
2011,8,33,Billy Payne (MeteoGroup),1,3,0,2
2011,8,33,John Vallins,1,3,0,28
2011,8,33,Barney Ronay at Hove,1,0,0,5
2011,8,33,Laura Flanders,1,55,0,25
2011,8,33,James Adams-Pace,1,7,0,11
2011,8,33,Guardian staff,3,140,1,123
2011,8,33,Mustafa Khalili,4,3076,13,393
2011,8,33,Rajeev Syal,5,1096,11,273
2011,8,33,Dermot Egan,1,774,13,435
2011,8,33,Charity Celebrity,1,5,0,19
2011,8,33,Randeep Ramesh,4,326,4,238
2011,8,33,Alex Wheatle,1,266,11,45
2011,8,33,Jonathan Glennie,2,136,1,72
2011,8,33,Julia Kollewe,11,1521,11,1161
2011,8,33,Bridget Fleetwood,1,1,0,7
2011,8,33,Ed Halliwell,1,84,8,125
2011,8,33,Wayne Clark,1,0,0,27
2011,8,33,James Murray,1,2,0,6
2011,8,33,Ann Griffiths,1,12,0,44
2011,8,33,Michael Cross,1,3,0,27
2011,8,33,Jessica Aldred,1,61,0,36
2011,8,33,Emily Peacock,1,61,0,36
2011,8,33,Sean O'Hagan,1,131,7,123
2011,8,33,Sara Nason,1,31,0,9
2011,8,33,David Shariatmadari,1,87,1,27
2011,8,33,Alex Duval Smith,3,281,3,120
2011,8,33,Nick Fletcher,24,34,0,211
2011,8,33,John Gillespie,1,5,0,5
2011,8,33,Kate McCann,4,746,8,285
2011,8,33,Oliver Thring,1,122,1,33
2011,8,33,David Levene,2,145,0,62
2011,8,33,Cory Doctorow,1,270,166,546
2011,8,33,Nick Spencer,1,80,0,42
2011,8,33,James Beal,4,949,6,181
2011,8,33,John Vidal,3,2369,13,344
2011,8,33,Jane Madembo,1,637,6,216
2011,8,33,Andrew Clements,4,90,0,34
2011,8,33,SE Smith,1,51,5,49
2011,8,33,John Elkington for the <a href="http://www.guardian.co.uk/guardian-professional" title="Guardian Professional Network">Guardian Professional Network</a>,2,176,5,145
2011,8,33,Stuart Heritage,3,207,2,109
2011,8,33,Lisa Hallgarten,1,137,0,68
2011,8,33,Hilary Osborne,4,86,1,175
2011,8,33,Tom Phillips,1,935,9,302
2011,8,33,Clare Allan,1,51,0,15
2011,8,33,Tom Cox,1,102,0,66
2011,8,33,<a href="http://www.businessgreen.com">BusinessGreen</a>,2,270,0,203
2011,8,33,Gavin Knight,1,408,5,70
2011,8,33,Ken Macfarlane,2,42,0,15
2011,8,33,Jo Bell,1,335,1,103
2011,8,33,Lara Oyedele,1,653,7,123
2011,8,33,Franklyn Addo,1,308,1,90
2011,8,33,Charlotte Higgins,7,189,0,145
2011,8,33,Charles Gant,1,11,0,62
2011,8,33,Lizzy Davies,7,1676,9,224
2011,8,33,Caspar Llewellyn Smith,1,5202,77,1833
2011,8,33,Tim Jonze,4,5765,83,2095
2011,8,33,Helienne Lindvall,2,5370,81,1939
2011,8,33,Helen Clifton,8,1319,6,322
2011,8,33,James Meikle,12,1678,24,713
2011,8,33,Tim Brain,1,2,0,8
2011,8,33,Kevin Harris,1,41,2,209
2011,8,33,Hugh Flouch,1,41,2,209
2011,8,33,Katy Murrells,1,6,0,10
2011,8,33,Barney Ronay,4,115,0,171
2011,8,33,David Cameron,1,32,0,15
2011,8,33,Roger Browning,1,9,1,18
2011,8,33,Alexandre Billette,1,90,2,128
2011,8,33,Philippe Dagen,1,4,0,15
2011,8,33,Henry Green,2,66,1,44
2011,8,33,Jean-Philippe Rémy,1,34,2,27
2011,8,33,Nazry Bahrawi,1,103,0,24
2011,8,33,Henry Barnes,6,1400,21,461
2011,8,33,Andrew Pulver,2,1046,11,369
2011,8,33,Harry Patrinos,1,26,0,89
2011,8,33,Suzi Boyle,1,62,0,54
2011,8,33,Jules Carey,1,396,1,52
2011,8,33,Sarah Hughes,1,493,2,44
2011,8,33,Kim Catcheside,1,0,0,5
2011,8,33,Stephen Davies,1,4,0,3
2011,8,33,Haroon Siddique,7,1309,13,991
2011,8,33,Alex,1,2,0,15
2011,8,33,Stephen Burgen,3,1469,15,263
2011,8,33,Fiona Harvey,4,276,2,509
2011,8,33,Daniel Denvir,1,32,1,26
2011,8,33,Andrew Raingold for the <a href="http://www.guardian.co.uk/guardian-professional" title="Guardian Professional Network">Guardian Professional Network</a>,1,2,0,23
2011,8,33,Liz Ford,2,58,0,51
2011,8,33,<a href="www.irinnews.org/" title="">IRIN</a> part of the <a href="http://www.guardian.co.uk/global-development/series/guardian-development-network" title="">Guardian development network</a>,1,1,0,29
2011,8,33,Guardian Healthcare,4,13,0,44
2011,8,33,Garry Blight,1,135,3,222
2011,8,33,Laura Oliver,2,138,3,245
2011,8,33,guardian.co.uk users,1,135,3,222
2011,8,33,Tom Levitt,1,9,0,35
2011,8,33,Jack Shenker,2,1828,6,251
2011,8,33,Tom Service,2,125,2,67
2011,8,33,Jim Falzarano,1,3,0,5
2011,8,33,Stephen Bates,6,423,1,140
2011,8,33,David Hopps at Edgbaston,8,103,5,97
2011,8,33,Duncan Campbell,2,257,0,25
2011,8,33,Chris McGreal,1,402,9,129
2011,8,33,Saeed Kamali Dehghan,2,6332,57,529
2011,8,33,Allison Ogden-Newton,1,44,5,52
2011,8,33,David Banks,2,66,0,67
2011,8,33,GrrlScientist,6,99,0,83
2011,8,33,Lisa Evans,3,7259,115,1303
2011,8,33,Dorian Lynskey,2,851,11,196
2011,8,33,Lydia Prieg,1,90,1,40
2011,8,33,chief arts writer,1,23,0,19
2011,8,33,Dan Thompson,1,2013,3,48
2011,8,33,Presented by Aleks Krotoski,1,3,1,78
2011,8,33,produced by Scott Cawley,2,126,2,118
2011,8,33,Tony Mulhall for the <a href="http://www.guardian.co.uk/guardian-professional" title="Guardian Professional Network">Guardian Professional Network</a>,1,18,0,40
2011,8,33,Dan Hancox,2,1718,15,461
2011,8,33,Richard Lawson,1,28,0,14
2011,8,33,Mike Averis,1,37,0,15
2011,8,33,Ruby Russell,1,162,0,81
2011,8,33,Kariuki Mugo for the <a href="http://www.guardian.co.uk/guardian-professional" title="Guardian Professional Network">Guardian Professional Network</a>,1,1,0,19
2011,8,33,Rupert Myers,1,164,1,90
2011,8,33,Scilla Elworthy,1,234,0,27
2011,8,33,David Brewerton,1,0,0,9
2011,8,33,Barbara Sullivan,1,12,0,6
2011,8,33,Hadley Freeman,2,306,4,90
2011,8,33,Michael Randle,1,22,0,12
2011,8,33,Bob Overy,1,22,0,12
2011,8,33,Bryan Lask,1,33,0,34
2011,8,33,Nour Ali,2,262,3,143
2011,8,33,Peter Evans,1,5,0,15
2011,8,33,Rian Evans,1,3,0,11
2011,8,33,Audrey Gillan,1,121,1,50
2011,8,33,Simon Jenkins,1,462,4,92
2011,8,33,Ian Sample,3,3423,69,419
2011,8,33,Patrick Kingsley,2,1234,6,94
2011,8,33,Homa Khaleeli,1,542,3,317
2011,8,33,Cameron Robertson,2,403,2,47
2011,8,33,Joan Juliet Buck,1,280,0,119
2011,8,33,Tom Jenkins,2,15,0,11
2011,8,33,Chris Stephen,1,112,0,43
2011,8,33,Zoe Williams,4,20619,149,2248
2011,8,33,Simon Chilvers,1,90,3,76
2011,8,33,Kevin Braddock,1,600,13,112
2011,8,33,Sachin Nakrani,3,158,1,291
2011,8,33,Victoria Coren,2,9,0,15
2011,8,33,Harry Venning,1,5,0,3
2011,8,33,Hermione Hoby,2,70,0,14
2011,8,33,Carne Ross,1,27,0,25
2011,8,33,Vic Marks at Edgbaston,6,96,6,68
2011,8,33,Phelim O'Neill,6,112,0,84
2011,8,33,Anna Kessel,3,152,1,43
2011,8,33,Andrew Dickson,2,28,0,11
2011,8,33,Ed Pilkington,1,326,5,100
2011,8,33,Jay Richardson,1,17,0,10
2011,8,33,Jonathan Freedland,1,947,12,261
2011,8,33,Tim Dowling,3,63,1,45
2011,8,33,Mike Selvey at Edgbaston,5,73,2,50
2011,8,33,Ben Arnold,3,7,0,64
2011,8,33,Julia Raeside,1,0,0,9
2011,8,33,Gary Fuller,1,1,0,16
2011,8,33,Virginia Spiers,1,0,0,29
2011,8,33,Sarah Boseley,2,84,2,84
2011,8,33,Rana Kabbani,1,268,0,36
2011,8,33,Ian McCourt,3,35,0,28
2011,8,33,Rob Bagchi,2,19,2,66
2011,8,33,Jacob Steinberg,4,82,2,215
2011,8,33,James Harkin,1,3920,33,1010
2011,8,33,Peter Beaumont,3,2563,6,234
2011,8,33,Stephanie Denamps,1,15,0,22
2011,8,33,John Tizard,1,5,0,30
2011,8,33,Victor Adebowale,1,5,0,30
2011,8,33,Virginia Wallis,2,0,0,37
2011,8,33,Simon Morris,1,137,1,20
2011,8,33,Paul Swinney,1,1,0,5
2011,8,33,Jenny Dunn,1,0,0,7
2011,8,33,David Torrance,1,15,0,17
2011,8,33,Kieran Connell,1,156,0,32
2011,8,33,Rob Smyth,2,876,2,294
2011,8,33,Catherine Shoard,1,84,0,45
2011,8,33,Tim Rushby-Smith,1,44,0,53
2011,8,33,Alice Vincent,1,54,2,48
2011,8,33,Andy Bull (morning,3,82,1,146
2011,8,33,evening session),3,82,1,146
2011,8,33,Rob Smyth (afternoon session),1,52,1,42
2011,8,33,Tom Stevenson,1,5,0,24
2011,8,33,Stephen Lewis,1,5,0,24
2011,8,33,Jane Lewis,1,34,1,10
2011,8,33,Richard Rae,3,1,0,42
2011,8,33,Richard Gibson,3,1,0,42
2011,8,33,Presented by Aditya Chakrabortty,1,25,1,14
2011,8,33,produced by Phil Maynard,1,25,1,14
2011,8,33,Noah Payne-Frank,1,7,1,8
2011,8,33,Natalie Bennett,1,2,0,2
2011,8,33,Susanna Rustin,1,80,1,37
2011,8,33,Peter Duggan,1,58,0,15
2011,8,33,Jeremy Hunter,1,1072,7,179
2011,8,33,Matina Stevis,1,799,4,89
2011,8,33,Tony Paley,3,0,0,16
2011,8,33,Terry Coleman,1,1,0,15
2011,8,33,Mina Holland,2,136,1,68
2011,8,33,Alex Healey,1,55,0,22
2011,8,33,Camila Ruz,3,301,1,177
2011,8,33,Kevin Crompton,1,2,1,19
2011,8,33,Jon Wardle,1,2,0,37
2011,8,33,Arthur Ituassu,1,149,1,31
2011,8,33,Presented by Jon Dennis,1,51,0,7
2011,8,33,produced by Jason Phipps,2,103,0,17
2011,8,33,Phil Maynard,1,51,0,7
2011,8,33,Paddy Allen,1,18,0,19
2011,8,33,Tara Conlan,2,727,11,266
2011,8,33,Barbara Ehrenreich for <a href="http://www.tomdispatch.com/" title="TomDispatch">TomDispatch</a>,1,6105,99,377
2011,8,33,part of the <a href="http://www.guardian.co.uk/commentisfree/series/guardian-comment-network">Guardian Comment Network</a>,1,6105,99,377
2011,8,33,David Mills,2,2,0,39
2011,8,33,Alan Travis,1,13,0,11
2011,8,33,Nick Cowen,1,2,0,41
2011,8,33,Fernando Duarte,1,4,2,15
2011,8,33,Steven Morris,1,306,0,58
2011,8,33,Kevin Sampson,1,401,6,124
2011,8,33,Amy Goodman,1,235,3,79
2011,8,33,Riazat Butt,6,2543,15,476
2011,8,33,Xan Brooks,5,2177,17,295
2011,8,33,Ben Marshall,1,13,0,27
2011,8,33,James Meadway,1,270,2,78
2011,8,33,Simon Rogersa,1,538,5,92
2011,8,33,Ami Sedghi,3,7644,120,1311
2011,8,33,Huma Qureshi,1,300,0,95
2011,8,33,Chris Fenn,2,209,11,138
2011,8,33,Guardian Research Department,1,170,10,99
2011,8,33,Jason Deans,1,56,2,45
2011,8,33,Pamela Hutchinson,1,94,0,86
2011,8,33,Jason Burke,3,614,7,245
2011,8,33,Dalya Alberge,2,776,5,133
2011,8,33,Rhik Samadder,1,43,0,57
2011,8,33,Michael Coveney,1,67,3,49
2011,8,33,Jacques Peretti,1,353,8,94
2011,8,33,Scott Murray,5,24,0,108
2011,8,33,Steve Cole,1,140,4,41
2011,8,33,Mark Say,3,1,1,32
2011,8,33,Michael Hann,3,272,0,46
2011,8,33,Hayley Matthews,1,496,0,47
2011,8,33,Salil Tripathi,1,55,0,23
2011,8,33,Julie Bindel,1,72,5,30
2011,8,33,Guy Dammann,1,9,0,15
2011,8,33,Craig Sams,1,42,0,22
2011,8,33,Presented by James Richardson,1,256,5,186
2011,8,33,produced by Matt Hill,1,256,5,186
2011,8,33,Staff,2,202,0,79
2011,8,33,Rachel Tonkin,1,230,3,75
2011,8,33,Ghaith Abdul-Ahad,1,84,0,59
2011,8,33,Angela Hartnett,1,42,0,16
2011,8,33,Michael Paarlberg,1,31,0,15
2011,8,33,Mary Hamilton,1,316,27,825
2011,8,33,Matt Scott,4,489,3,223
2011,8,33,Helen Pidd,4,8099,76,1224
2011,8,33,Berlin,1,7726,73,1142
2011,8,33,David Batty,7,1058,14,994
2011,8,33,Judith Mackrell,2,6,0,12
2011,8,33,Lyn Gardiner,1,2,0,5
2011,8,33,Erwin James,1,139,1,34
2011,8,33,Fadwa al-Hatem,1,48,2,31
2011,8,33,Thomas Prosser,1,338,2,60
2011,8,33,Chris Cook at Salisbury,1,0,0,4
2011,8,33,Dan Milmo,2,8,0,63
2011,8,33,Rob Smith,1,0,0,3
2011,8,33,Phil Smith,1,0,0,3
2011,8,33,Ernie Hendricks,1,0,0,3
2011,8,33,Dave Smith,1,0,0,3
2011,8,33,Peter Vacher,1,12,0,14
2011,8,33,Bob Bushaway,1,8,0,19
2011,8,33,Bryan Luffman,1,8,0,19
2011,8,33,Adrian Vinson,1,8,0,19
2011,8,33,Megan Carpentier,1,77,2,25
2011,8,33,Shaun Bailey,1,867,4,107
2011,8,33,Deborah Orr,4,694,1,184
2011,8,33,James Donaghy,3,21,0,49
2011,8,33,Amelia Gentleman,3,1573,12,357
2011,8,33,Guardian reporters,1,36,1,21
2011,8,33,Felicity Cloake,2,1101,11,186
2011,8,33,Hugh Orde,1,231,0,44
2011,8,33,Tom Brake,1,7,0,28
2011,8,33,Reina Yaidoo,1,106,2,23
2011,8,33,Joe Muggs,1,84,2,86
2011,8,33,Mark Lawson,1,1,0,69
2011,8,33,Richard Gibson at Chester-le-Street,2,0,0,4
2011,8,33,Stuart James,8,88,0,207
2011,8,33,Richard Rae at Horsham,3,0,0,11
2011,8,33,Seumas Milne,1,8970,44,651
2011,8,33,Ewan Murray,5,51,2,153
2011,8,33,Stuart James at Cardiff City Stadium,1,6,0,9
2011,8,33,Jeremy Plester,1,2,0,42
2011,8,33,Andy Martin,1,73,2,50
2011,8,33,Ewan Murray at Hampden Park,1,5,0,11
2011,8,33,Zia Mahmood,1,2,0,2
2011,8,33,Emma John,1,12,1,29
2011,8,33,Patrick Wintour,10,2653,16,877
2011,8,33,Polly Gowers,1,2,0,31
2011,8,33,Mark Fuller,1,1,0,14
2011,8,33,Vinod Thomas,1,119,0,99
2011,8,33,Aaron Porter,1,8,0,11
2011,8,33,New York,1,22,0,58
2011,8,33,Anna Soper,1,401,12,314
2011,8,33,Terry Edis,1,12,0,17
2011,8,33,Simon McDougall,1,0,0,7
2011,8,33,Rob Dyke,1,16,5,40
2011,8,33,director,1,16,5,40
2011,8,33,Tactix4,1,16,5,40
2011,8,33,Tim Knight,1,16,5,40
2011,8,33,Department for Work,1,16,5,40
2011,8,33,Pensions,1,16,5,40
2011,8,33,Julia Kaminski,1,1100,0,147
2011,8,33,Rachel Linn,1,93,2,47
2011,8,33,Sam Peach,1,117,1,65
2011,8,33,Tora Davidson,1,117,1,65
2011,8,33,Aleks Krotoski,1,2,1,79
2011,8,33,Phil Hoad,1,23,0,58
2011,8,33,The Guardian,1,208,1,34
2011,8,33,Jonathan Wilson,1,28,1,24
2011,8,33,Colombia,1,28,1,24
2011,8,33,Graeme Robertson,1,82,0,97
2011,8,33,Ray Collier,1,1,0,21
2011,8,33,Asheem Singh,1,11,0,20
2011,8,33,Rob Smyth (afternoon),2,30,0,104
2011,8,33,Patrick,1,2,0,20
2011,8,33,Jenna Woginrich,1,285,4,162
2011,8,33,George Hall,2,21,0,30
2011,8,33,Richard Lea,1,21,1,18
2011,8,33,Philippe Martin for the <a href="http://www.guardian.co.uk/guardian-professional" title="Guardian Professional Network">Guardian Professional Network</a>,1,4,0,22
2011,8,33,Ben Kape,1,278,1,39
2011,8,33,Tim Adams,3,538,3,81
2011,8,33,Tracy Smith,1,25,0,29
2011,8,33,David Stuart,1,56,0,132
2011,8,33,Bystander,1,89,2,23
2011,8,33,Presented by Jason Solomons,1,13,0,34
2011,8,33,produced by Jason Phipps with Xan Brooks,1,13,0,34
2011,8,33,Damien G Walter,1,50,3,74
2011,8,33,Paul Buchanan for the <a href="http://www.guardian.co.uk/guardian-professional" title="Guardian Professional Network">Guardian Professional Network</a>,1,14,0,32
2011,8,33,Sarah Posner,1,62,1,60
2011,8,33,Neil Rose,1,108,0,80
2011,8,33,Faisal Hanif,1,982,3,54
2011,8,33,Melanie Henwood,1,60,1,30
2011,8,33,Mo Costandi,3,611,27,308
2011,8,33,David Mitchell,2,270,4,185
2011,8,33,Alex Aldridge,1,31,1,22
2011,8,33,Sadhbh Walshe,1,274,4,71
2011,8,33,Duncan Graham-Rowe for the <a href="http://www.guardian.co.uk/guardian-professional" title="Guardian Professional Network">Guardian Professional Network</a>,1,50,1,88
2011,8,33,Matthew Flinn for the <a href="http://ukhumanrightsblog.com" title="">UK Human Rights blog</a>,1,78,2,47
2011,8,33,James Lasdun,1,22,0,21
2011,8,33,Nicholas Lezard,2,8,0,16
2011,8,33,Jack Schofield,1,4,2,68
2011,8,33,Jeff Jarvis for <a href="http://www.buzzmachine.com/" title="Buzz Machine">BuzzMachine</a>,1,1398,46,674
2011,8,33,Anna Smith,1,58,0,33
2011,8,33,Jaz Cummins,1,58,0,33
2011,8,33,Paul Hayward,3,95,0,183
2011,8,33,Alexis Petridis,6,327,2,118
2011,8,33,Jon Dennis,2,53,0,35
2011,8,33,Richard Luscombe,1,48,0,17
2011,8,33,Simon Burnton,1,6,0,10
2011,8,33,John Brunton,1,20,1,42
2011,8,33,Toby Manhire,1,70,3,76
2011,8,33,Julian Glover,2,333,2,161
2011,8,33,Allegra Stratton,1,29,0,31
2011,8,33,Rob Evans,1,38,0,24
2011,8,33,Skye Sherwin,2,150,0,59
2011,8,33,Steve Clifford,1,314,0,40
2011,8,33,Chris Wilkinson,1,1,0,9
2011,8,33,Elizabeth Prochaska,1,357,1,48
2011,8,33,Iowa,3,162,1,138
2011,8,33,Bassem al-Dimashki,1,373,12,127
2011,8,33,Amanda Marcotte,1,197,0,61
2011,8,33,Brian Baxter,1,0,0,8
2011,8,33,Christine Oliver with portraits by Sven Torfinn,1,532,1,179
2011,8,33,Margaret Lipsey,1,1,0,11
2011,8,33,John,1,0,0,2
2011,8,33,Anne Ronan,1,0,0,2
2011,8,33,Lynsey Hanley,1,51,0,26
2011,8,33,Mark Cornwall,1,5,0,6
2011,8,33,Ronald Bergan,1,35,0,26
2011,8,33,Zoe Wood,4,363,5,190
2011,8,33,Bernd Wagner,1,184,1,26
2011,8,33,Deep Sagar,1,5,0,14
2011,8,33,Captions by Simon Chilvers,1,170,0,75
2011,8,33,Rory Carroll,1,125,1,51
2011,8,33,Russell Brand,1,37965,338,3957
2011,8,33,Joseph Harker,1,494,4,73
2011,8,33,Pamela Stephenson Connolly,1,16,0,22
2011,8,33,Clive Stafford Smith,1,655,3,80
2011,8,33,Motown,1,29,0,15
2011,8,33,Tom Melzer,1,7,0,16
2011,8,33,Michele Hanson,1,0,0,5
2011,8,33,Bill Buzenberg,1,256,0,48
2011,8,33,Martin Kettle,2,340,0,58
2011,8,33,As overheard by John Crace,1,65,0,10
2011,8,33,Caroline Sullivan,1,0,0,15
2011,8,33,Chris Salmon,1,5,0,41
2011,8,33,Joe Queenan,1,71,6,36
2011,8,33,John Fordham,4,54,0,33
2011,8,33,Andrew Gumbel,1,106,1,27
2011,8,33,Tom Ewing,1,26,0,19
2011,8,33,John Patterson,2,46,2,32
2011,8,33,Dave Simpson,3,77,2,45
2011,8,33,Alexander Chancellor,1,18,0,35
2011,8,33,Andrew Roberts,1,7,0,22
2011,8,33,Maddy Costa,1,10,0,8
2011,8,33,Jamie Thomson,1,120,0,3
2011,8,33,Robin Denselow,2,129,1,27
2011,8,33,Melissa Bradshaw,1,198,2,105
2011,8,33,Angus Batey,1,204,1,26
2011,8,33,Tom Hughes,1,0,0,10
2011,8,33,Simon Hoggart,2,111,2,75
2011,8,33,Jonathan Wright,1,0,0,31
2011,8,33,David Thomson,1,38,0,22
2011,8,33,Harry Pearson,1,5,1,9
2011,8,33,Interviews by Louise Taylor,1,3,0,55
2011,8,33,Christine Smith,1,0,0,28
2011,8,33,Stephen Moss,1,0,0,5
2011,8,33,Lawrence Donegan at the Atlanta Athletic Club,2,6,1,29
2011,8,33,Rosie Niven,1,34,0,9
2011,8,33,Christina McAnea,1,26,0,44
2011,8,33,John Suart,1,17,4,36
2011,8,33,Jen McPherson,1,12,2,43
2011,8,33,Laura Laker,1,133,0,126
2011,8,33,Andrew Brown,1,97,1,18
2011,8,33,Simon Jeffery,1,154,2,268
2011,8,33,Michelle Pauli,1,4,0,26
2011,8,33,Paul Wilson,3,111,1,185
2011,8,33,David McNair,1,105,1,51
2011,8,33,David Cowans,1,0,0,6
2011,8,33,Richard Vize,1,0,0,11
2011,8,33,ChristopherW,1,0,0,9
2011,8,33,Evan Fanning,1,53,1,43
2011,8,33,Diane Abbott,1,40,0,7
2011,8,33,Anita Pati,1,33,0,33
2011,8,33,Anissa Helou,4,238,11,144
2011,8,33,Tony Naylor,1,34,0,13
2011,8,33,Benjamin Markovits,1,40,3,18
2011,8,33,Ian Rankin,1,9,0,37
2011,8,33,James Dart,1,0,0,10
2011,8,33,Dave Haslam,1,145,1,47
2011,8,33,Ed Jacobs,1,9,0,34
2011,8,33,Billy Mills,1,40,2,39
2011,8,33,Jason Clay for the <a href="http://www.guardian.co.uk/guardian-professional" title="Guardian Professional Network">Guardian Professional Network</a>,1,27,0,24
2011,8,33,John Stern,1,0,0,12
2011,8,33,Khaled Diab,1,75,1,32
2011,8,33,Kate Hodge,1,0,0,16
2011,8,33,David Smith,2,1083,7,264
2011,8,33,Danny Leigh,1,9,0,31
2011,8,33,SA Mathieson,1,23,0,50
2011,8,33,Erica Jeal,1,2,0,12
2011,8,33,Mark McCormick,1,39,1,39
2011,8,33,Alex Macpherson,1,213,2,32
2011,8,33,Sarah Boden,1,260,2,107
2011,8,33,Nikesh Shukla,1,610,3,248
2011,8,33,Rachel Cooke,2,16,1,24
2011,8,33,Emma Jones,1,290,6,174
2011,8,33,Presented by Sarah Crown,1,9,0,22
2011,8,33,produced by Iain Chambers,1,9,0,22
2011,8,33,Mona Eltahawy,1,436,5,74
2011,8,33,Alistair Smith,1,4,0,9
2011,8,33,Janet Beer,1,0,0,5
2011,8,33,Jim Powell,1,423,9,115
2011,8,33,Frederika Whitehead,1,3,0,26
2011,8,33,Theo Gavrielides,1,26,0,5
2011,8,33,Philip Oltermann,1,0,0,2
2011,8,33,Halima Ali,1,11,1,63
2011,8,33,David Pleat,1,60,0,64
2011,8,33,Jo Confino,1,30,0,56
2011,8,33,Ozoda Muminova for the <a href="http://www.guardian.co.uk/guardian-professional" title="Guardian Professional Network">Guardian Professional Network</a>,1,30,0,56
2011,8,33,James Walsh,2,3,0,58
2011,8,33,Mark McCormick &amp; Adam Boult,1,0,0,35
2011,8,33,Sarah Dempster,2,197,3,64
2011,8,33,Presented by Tom Service,1,52,0,10
2011,8,33,Dan Gillmor,1,136,19,321
2011,8,33,Richard Benyon,1,548,0,108
2011,8,33,Rachel Stevenson,2,1766,18,292
2011,8,33,southern Lebanon,1,1224,16,263
2011,8,33,Tim Montgomerie for <a href="http://conservativehome.blogs.com/" title="">ConservativeHome</a>,1,8,0,11
2011,8,33,part of the <a href="http://www.guardian.co.uk/commentisfree/series/guardian-comment-network" title="">Guardian Comment Network</a>,1,8,0,11
2011,8,33,Joel McIver,1,80,0,30
2011,8,33,Alison Jarvis,1,93,1,8
2011,8,33,Antonia Windsor,1,69,0,20
2011,8,33,Matthew Burton,1,24,0,17
2011,8,33,Robert Hull,1,3,0,17
2011,8,33,Borithy Lun,1,50,0,31
2011,8,33,Deanne Engl,1,29,1,7
2011,8,33,for <a href="http://uvenus.org/" title="">University of Venus</a>,1,29,1,7
2011,8,33,Ellis Woodman,1,42,1,20
2011,8,33,David Lacey,1,2,0,76
2011,8,33,Ben Dowell,1,2,0,16
2011,8,33,Ros Taylor,1,1,0,3
2011,8,33,Lisa Hymas for <a href="http://grist.org/">Grist</a>,1,1592,8,347
2011,8,33,Claire Provost,1,96,1,112
2011,8,33,John Baron,1,6,0,40
2011,8,33,Hannah Waldram,1,3,0,23
2011,8,33,Ernesto Priego,1,119,4,19
2011,8,33,Hari Kunzru,1,1334,13,184
2011,8,33,Ari Paul,1,137,1,50
2011,8,33,Julian Spalding,1,32,0,41
2011,8,33,Ian Vince,1,41,1,23
2011,8,33,Presented by Alexis Petridis,1,123,1,40
2011,8,33,Martin Saunders,1,317,0,35
2011,8,33,Maria McGeoghan,1,2,0,37
2011,8,33,Martin Chulov,1,107,1,93
2011,8,33,Mehdi Hasan,1,223,1,70
2011,8,33,Tom Parfitt,1,1127,17,224
2011,8,33,Ben Goldacre,1,209,7,198
2011,8,33,John Stern at Lord's,1,0,0,4
2011,8,33,Polly Toynbee,1,695,1,82
2011,8,33,Lars Eriksen,1,2115,15,248
2011,8,33,Jeff Winkler,1,32,0,42
2011,8,33,Guardian writers,1,46,0,184
2011,8,33,John Dean,1,292,3,110
2011,8,33,Shiv Malik,2,269,0,146
2011,8,33,Norman Bettison,1,11,0,14
2011,8,33,Sam Hinkley,1,294,2,82
2011,8,33,David Conn,1,7,0,17
2011,8,33,Suzanne Moore,1,770,0,104
2011,8,33,Interview by Oliver Laughland,1,35,0,23
2011,8,33,Peter White,1,16,0,10
2011,8,33,Sali Hughes,2,55,2,57
2011,8,33,Simon Webb,1,347,2,22
2011,8,33,Dixe Wills,3,141,2,36
2011,8,33,Joanne O'Connor,1,50,0,14
2011,8,33,Gemma Bowes,3,40,1,37
2011,8,33,Georgia Brown,1,373,0,14
2011,8,33,Oliver Laughland,1,25,0,9
2011,8,33,Aaron Miller,1,25,0,9
2011,8,33,Sally Coffey,1,25,0,9
2011,8,33,Stephanie Theobald,1,89,0,29
2011,8,33,Abigail Cattell,1,4,0,1
2011,8,33,Mat Osman,1,15,0,9
2011,8,33,Kevin Rushby,1,10,1,7
2011,8,33,Ben Le Vay,1,11,1,15
2011,8,33,Sukhdev Sandhu,1,12,0,4
2011,8,33,Anthony McGowan,1,28,0,6
2011,8,33,Ursula K Le Guin,1,24,0,2
2011,8,33,Nicholas Wroe,2,186,1,87
2011,8,33,Steven Poole,1,28,0,7
2011,8,33,Sarah Churchwell,1,22,0,16
2011,8,33,Ian Jack,1,25,2,17
2011,8,33,Carol Birch,1,9,0,15
2011,8,33,John O'Connell,1,2,0,7
2011,8,33,John Mullan,1,0,0,5
2011,8,33,Nick Barley,1,0,0,4
2011,8,33,Alasdair Gray,1,76,0,3
2011,8,33,Hanan Al-Shaykh,1,26,0,5
2011,8,33,Andy Wilson at Stobart Stadium,1,2,0,3
2011,8,33,Rosanna Greenstreet,1,17,0,10
2011,8,33,Hannah Booth,1,4,0,6
2011,8,33,Yotam Ottolenghi,1,134,2,44
2011,8,33,Tom Dyckhoff,1,205,0,23
2011,8,33,Platon for Human Rights Watch,1,102,2,53
2011,8,33,Joe Berger,1,2,0,0
2011,8,33,Pascal Wyse,1,2,0,0
2011,8,33,Interview: Becky Barnicoat. Photograph: <a href="http://www.emilystein.co.uk/" title="">Emily Stein</a>,1,18,0,5
2011,8,33,Lia Leendertz,1,5,0,8
2011,8,33,Fiona Beckett,1,8,0,6
2011,8,33,Dan Lepard,1,60,1,20
2011,8,33,Matthew Fort,1,0,0,11
2011,8,33,Kristin Hersh,1,41,0,7
2011,8,33,Thomas Eaton,1,1,0,18
2011,8,33,Rob Davies,1,58,0,12
2011,8,33,Oliver Burkeman,1,57,5,21
2011,8,33,Alys Fowler,1,4,0,2
2011,8,33,Dominic Murphy,1,7,0,8
2011,8,33,Matthew Partridge,1,128,2,63
2011,8,33,Lucy Tobin,1,18,0,39
2011,8,33,Patrick Collinson,2,107,0,92
2011,8,33,Natasha Wynarczyk,1,81,0,45
2011,8,33,Thanassis Cambanis,1,272,1,50
2011,8,33,Jeremy Bullmore,1,1,0,1
2011,8,33,Jill Papworth,1,11,0,43
2011,8,33,Claudia Cahalane,1,66,0,16
2011,8,33,Simon Hattenstone,1,1253,22,311
2011,8,33,Afua Hirsch,1,1253,22,311
2011,8,33,Tony Levene,1,26,0,47
2011,8,33,Leonard Barden,1,1,0,3
2011,8,33,The Secret Footballer,1,25,0,120
2011,8,33,Derek Niemann,1,0,0,29
2011,8,33,Tim Radford,1,0,0,7
2011,8,33,Carol Ann Duffy,1,1338,5,145
2011,8,33,Gerard Coleman,1,0,0,0
2011,8,33,Andrew Collins,1,3,0,9
2011,8,33,Imogen Fox,1,16,0,5
2011,8,33,Clare Considine,1,2,0,19
2011,8,33,Interview by Paula Cerutti,1,41,0,7
2011,8,33,Robert Clark,1,51,0,14
2011,8,33,Annalisa Barbieri,1,2,0,1
2011,8,33,Interview by Sarah Ewing,1,3,0,19
2011,8,33,Liam Drew,1,130,0,19
2011,8,33,Kate Hilpern,1,204,3,49
2011,8,33,Ian Sansom,1,14,0,2
2011,8,33,Melanie McFadyean,1,61,0,16
2011,8,33,Damon Wise,2,0,0,4
2011,8,33,Lauren Cochrane,1,8,0,45
2011,8,33,The Guide,2,0,0,4
2011,8,33,John Fordham &amp; John Robinson,1,83,0,3
2011,8,33,Andy Capper,1,7,0,5
2011,8,33,Nick Gillett,1,40,0,40
2011,8,33,Patric Baird,1,43,0,18
2011,8,33,John Mitchell,1,43,0,18
2011,8,33,Sam Richards &amp; Marc Rowlands,1,43,0,18
2011,8,33,Michael Holden,1,2,0,0
2011,8,33,Mark Cook &amp; Lyn Gardner,1,4,0,0
2011,8,33,Robert Clark &amp; Skye Sherwin,1,16,0,19
2011,8,33,James Kettle,1,0,0,0
2011,8,33,Clare Considine &amp; Skye Sherwin,1,43,0,0
2011,8,33,Paula Cerutti,1,3,0,91
2011,8,33,Grace Dent,1,15,0,6
2011,8,33,Sam Richards,1,275,3,44
2011,8,33,Hervé,1,86,1,30
2011,8,33,Nicola Jennings,1,0,0,18
2011,8,33,Lawrence Donegan at Atlanta Athletic Club,2,17,1,42
2011,8,33,Dan Martin,1,19,0,13
2011,8,33,Rosie Laufer,1,120,0,34
2011,8,33,missylybmouse,1,2,0,10
2011,8,33,Bidisha,1,1,0,1
2011,8,33,Michael MacLeod,2,21,0,36
2011,8,33,Rob Smyth (morning session),1,28,0,34
2011,8,33,Alan Gardner (afternoon),1,28,0,34
2011,8,33,Eoin Butler,1,190,2,78
2011,8,33,Priya Virmani,1,12,1,35
2011,8,33,Steven Hill,1,625,2,106
2011,8,33,Toby Helm,3,1877,12,464
2011,8,33,Philip Purser,1,51,1,36
2011,8,33,Meir Javedanfar,1,438,0,172
2011,8,33,Patrick Strudwick,1,76,2,44
2011,8,33,Rupa Huq,1,25,0,17
2011,8,33,Jacob Steinberg (1-4pm),1,6,0,12
2011,8,33,Evan Fanning (4-5.30pm),1,6,0,12
2011,8,33,Ewan Murray at Caledonian Stadium,1,5,0,6
2011,8,33,Paul Rees at the Millennium Stadium,2,45,0,20
2011,8,33,Phil Medlicott,1,1,0,14
2011,8,33,Mark Vlasic,1,38,0,22
2011,8,33,Joe Lovejoy at Anfield,1,24,0,16
2011,8,33,David Hytner at Loftus Road,1,139,0,50
2011,8,33,Chris Brereton at Ewood Park,1,7,0,50
2011,8,33,Richard Rae at St Andrew's,1,1,0,15
2011,8,33,Jonny Weeks at Craven Cottage,1,3,0,56
2011,8,33,Richard Jolly at the DW Stadium,1,4,0,59
2011,8,33,Viv Groskop,1,80,2,30
2011,8,33,Georgina Turner at the King Power Stadium,1,1,0,6
2011,8,33,Chris Cook at Sheriff Hutton,1,6,0,10
2011,8,33,Alan Gardner,1,0,0,7
2011,8,33,Richard Williams at the Millennium Stadium,1,4,0,7
2011,8,33,Vanessa Thorpe,3,1194,21,345
2011,8,33,arts,3,1194,21,345
2011,8,33,Paul Weaver at Edgbaston,1,27,1,13
2011,8,33,Paul Wilson at St James' Park,2,67,0,151
2011,8,33,Paul Hayward at Anfield,1,108,0,32
2011,8,33,Simon Hughes,1,391,0,78
2011,8,33,Euan Ferguson,2,571,4,163
2011,8,33,Nial Briggs,1,1,0,8
2011,8,33,Tracy McVeigh,2,1716,6,319
2011,8,33,Mike Averis at the Stade Chaban-Delmas,1,5,0,12
2011,8,33,David James,1,41,0,27
2011,8,33,Giles Richards,1,0,0,15
2011,8,33,Jamie Doward,2,1223,22,243
2011,8,33,Margaret Dibben,2,2,0,18
2011,8,33,Barry Neild,1,51,2,72
2011,8,33,Daniel Boffey,1,2436,6,380
2011,8,33,Ally Carnwath,1,31,0,11
2011,8,33,Kevin McKenna,1,1,0,1
2011,8,33,Murdo MacLeod,1,5,0,17
2011,8,33,Guy Watson &amp; Jane Baxter,1,6,0,26
2011,8,33,Quentin Wheeler,1,152,1,20
2011,8,33,Jacob Kenedy,1,19,2,20
2011,8,33,Jay Rayner,3,189,0,171
2011,8,33,David Williams,1,11,0,23
2011,8,33,David Tanis,1,7,10,37
2011,8,33,Tim Lewis,3,347,3,97
2011,8,33,Peter Conrad,1,37,1,61
2011,8,33,Mark Kermode,1,0,0,26
2011,8,33,Dan Pearson,1,0,0,2
2011,8,33,Phil Hogan,1,26,1,5
2011,8,33,Stephen Pritchard,2,2,0,21
2011,8,33,Susannah Clapp,1,13,0,3
2011,8,33,Charles Shaar Murray,1,11,0,29
2011,8,33,Catherine Bennett,1,168,0,23
2011,8,33,Chris Riddell,1,50,1,12
2011,8,33,Mark Cousins,1,115,0,50
2011,8,33,Kitty Empire,3,73,1,65
2011,8,33,Kate Kellaway,2,320,4,101
2011,8,33,James Purdon,1,27,0,17
2011,8,33,Katharine Whitehorn,1,6,0,3
2011,8,33,Amy Raphael,1,193,1,18
2011,8,33,Killian Fox,1,13,1,6
2011,8,33,Alexander Linklater,1,131,1,22
2011,8,33,Kamila Shamsie,1,57,0,17
2011,8,33,Tristram Hunt,1,29,0,22
2011,8,33,Dave Gelly,1,18,0,0
2011,8,33,Dipal Acharaya,1,5,0,12
2011,8,33,Interview by Killian Fox,1,15,0,10
2011,8,33,Bulent Yusuf,1,2,2,6
2011,8,33,Will Freeman,2,6,0,17
2011,8,33,Mariella Frostrup,1,5,0,31
2011,8,33,Lucy Siegle,1,48,0,40
2011,8,33,Neil Spencer,1,39,0,13
2011,8,33,Laura Cumming,1,77,1,33
2011,8,33,Helen Zaltzman,1,19,0,8
2011,8,33,Chris Schilling,1,46,0,29
2011,8,33,Philip French,8,67,0,29
2011,8,33,Interview by Jessica Hopkins,1,0,0,9
2011,8,33,Nicholas Kenyon,1,0,0,2
2011,8,33,Miranda Sawyer,2,1465,10,399
2011,8,33,Fiona Maddocks,1,1,0,9
2011,8,33,John Naughton,1,520,14,383
2011,8,33,The Observer,1,2,0,7
2011,8,33,Peter Preston,3,9,0,29
2011,8,33,René Redzepi,1,519,8,68
2011,8,33,Tom Kington,1,32,0,46
2011,8,33,Gerard Lyons,1,7,0,13
2011,8,33,Bradley Wilkinson,1,1119,21,216
2011,8,33,Rowenna Davis,1,41,0,40
2011,8,33,Jason Solomons,1,1,0,9
2011,8,33,Tamsin Omond,1,58,0,20
2011,8,33,Lucy Cavendish,1,58,0,20
2011,8,33,Nick Cohen,1,48,1,27
2011,8,33,Paul Harris,1,1117,26,175
2011,8,33,Gaby Hinsliff,1,24,0,53
2011,8,33,Robert Levine,1,899,28,677
2011,8,33,Henry Porter,2,676,4,115
2011,8,33,Carole Cadwalladr,2,311,1,80
2011,8,33,Tio Hardiman,1,38,0,24
2011,8,33,Mark Townsend,1,114,2,89
2011,8,33,Ariel Leve,1,88,2,49
2011,8,33,John Hind,2,11,0,30
2011,8,33,Gareth Grundy,2,109,1,93
2011,8,33,Greg Neale,1,658,2,225
2011,8,33,James Burton,1,658,2,225
2011,8,33,Will Hutton,1,553,3,92
