@date, @total, @female, @female_subject_male, @female_subject_female, @female_subject_middle, @female_subject_male_percent, @female_subject_female_percent, @female_subject_middle_percent, @male, @male_subject_male, @male_subject_female, @male_subject_middle, @male_subject_male_percent, @male_subject_female_percent, @male_subject_middle_percent, @unknown, @unknown_subject_male, @unknown_subject_female, @unknown_subject_middle, @unknown_subject_male_percent, @unknown_subect_female_percent, @unknown_subject_middle_percent, @unlabeled, @unlabeled_subject_male, @unlabeled_subject_female, @unlabeled_subject_middle, @unlabeled_subject_male_percent, @unlabeled_subject_female_percent, @unlabeled_subject_middle_percent
01/1/1987,8841,743,473,111,91,0.7008,0.1645,0.1349,2973,2213,177,192,0.8571,0.0686,0.0744,207,164,7,16,0.8771,0.0375,0.0856,4918,1486,190,180,0.8007,0.1024,0.0970
01/2/1987,8350,665,428,85,81,0.7206,0.1431,0.1364,2746,2007,216,184,0.8339,0.0898,0.0765,215,165,17,14,0.8419,0.0868,0.0715,4724,1261,200,177,0.7699,0.1222,0.1081
01/3/1987,8542,786,472,99,126,0.6772,0.1421,0.1808,3108,2361,214,198,0.8515,0.0772,0.0715,246,184,29,15,0.8071,0.1272,0.0658,4402,1507,218,224,0.7733,0.1119,0.1150
01/4/1987,9300,776,459,120,99,0.6770,0.1770,0.1461,2900,2197,182,188,0.8559,0.0709,0.0733,229,154,22,22,0.7778,0.1112,0.1112,5395,1368,204,190,0.7764,0.1158,0.1079
01/5/1987,9603,845,494,141,113,0.6605,0.1886,0.1511,2902,2207,191,202,0.8489,0.0735,0.0777,275,204,21,24,0.8193,0.0844,0.0964,5581,1544,253,281,0.7431,0.1218,0.1353
01/6/1987,7770,733,434,123,97,0.6637,0.1881,0.1484,2649,2056,152,177,0.8621,0.0638,0.0743,234,168,19,20,0.8116,0.0918,0.0967,4154,1523,217,244,0.7677,0.1094,0.1230
01/7/1987,8295,740,452,102,101,0.6901,0.1558,0.1542,2532,1934,154,149,0.8646,0.0689,0.0667,212,150,16,16,0.8242,0.0880,0.0880,4811,1592,216,197,0.7941,0.1078,0.0983
01/8/1987,8765,784,423,132,91,0.6548,0.2044,0.1409,2652,2014,178,163,0.8553,0.0756,0.0693,195,147,16,19,0.8077,0.0880,0.1044,5134,1512,255,261,0.7456,0.1258,0.1287
01/9/1987,8077,701,445,97,84,0.7109,0.1550,0.1342,2736,2090,185,170,0.8549,0.0757,0.0696,217,164,14,18,0.8368,0.0715,0.0919,4423,1521,206,227,0.7785,0.1055,0.1162
01/10/1987,9153,811,516,119,94,0.7079,0.1633,0.1290,3081,2312,206,220,0.8445,0.0753,0.0804,251,188,17,20,0.8356,0.0756,0.0889,5010,1542,231,231,0.7695,0.1153,0.1153
01/11/1987,9509,823,481,143,127,0.6405,0.1905,0.1692,2921,2194,207,217,0.8381,0.0791,0.0829,272,190,30,18,0.7984,0.1261,0.0757,5493,1531,256,256,0.7494,0.1254,0.1254
01/12/1987,8015,722,468,97,98,0.7059,0.1464,0.1479,2831,2114,180,209,0.8446,0.0720,0.0835,291,205,24,33,0.7825,0.0917,0.1260,4171,1619,226,223,0.7829,0.1093,0.1079
01/1/1988,8521,760,469,128,98,0.6749,0.1842,0.1411,2747,2059,167,217,0.8429,0.0684,0.0889,271,178,33,29,0.7417,0.1375,0.1209,4743,1539,219,216,0.7797,0.1110,0.1095
01/2/1988,8468,809,507,111,92,0.7141,0.1564,0.1296,2634,2020,191,186,0.8428,0.0797,0.0776,250,181,23,28,0.7802,0.0992,0.1207,4775,1396,205,200,0.7752,0.1139,0.1111
01/3/1988,8567,826,509,128,107,0.6842,0.1721,0.1439,2828,2164,187,173,0.8574,0.0741,0.0686,274,194,36,23,0.7668,0.1423,0.0910,4639,1464,251,197,0.7657,0.1313,0.1031
01/4/1988,8163,813,542,111,84,0.7355,0.1507,0.1140,2787,2075,188,197,0.8435,0.0765,0.0801,220,162,8,28,0.8182,0.0405,0.1415,4343,1409,222,195,0.7717,0.1216,0.1068
01/5/1988,9317,854,528,128,120,0.6805,0.1650,0.1547,2900,2138,210,197,0.8401,0.0826,0.0775,246,175,16,21,0.8255,0.0755,0.0991,5317,1456,234,264,0.7452,0.1198,0.1352
01/6/1988,7655,773,518,98,78,0.7464,0.1413,0.1124,2801,2053,200,207,0.8346,0.0814,0.0842,251,175,20,24,0.7991,0.0914,0.1096,3830,1357,208,248,0.7485,0.1148,0.1368
01/7/1988,8543,827,529,100,98,0.7277,0.1376,0.1349,2679,2035,154,177,0.8602,0.0651,0.0749,279,202,15,21,0.8488,0.0631,0.0883,4758,1338,217,213,0.7568,0.1228,0.1205
01/8/1988,8800,803,529,99,82,0.7451,0.1395,0.1155,2571,1939,143,183,0.8561,0.0632,0.0808,223,174,21,12,0.8406,0.1015,0.0580,5203,1421,197,224,0.7715,0.1070,0.1217
01/9/1988,8052,783,523,94,97,0.7325,0.1317,0.1359,2918,2214,174,185,0.8605,0.0677,0.0720,208,145,18,24,0.7755,0.0963,0.1284,4143,1422,202,234,0.7654,0.1088,0.1260
01/10/1988,9228,976,585,136,124,0.6924,0.1610,0.1468,3044,2247,208,226,0.8382,0.0776,0.0843,246,188,22,17,0.8282,0.0970,0.0749,4962,1431,259,263,0.7328,0.1327,0.1347
01/11/1988,9217,836,517,121,114,0.6875,0.1610,0.1516,2797,2097,195,203,0.8405,0.0782,0.0814,267,193,21,23,0.8144,0.0887,0.0971,5317,1455,202,190,0.7878,0.1094,0.1029
01/12/1988,7640,817,502,127,100,0.6887,0.1743,0.1372,2664,2005,172,177,0.8518,0.0731,0.0752,255,169,32,26,0.7445,0.1410,0.1146,3904,1458,205,217,0.7756,0.1091,0.1155
01/1/1989,8397,848,515,102,119,0.6998,0.1386,0.1617,2739,2016,168,204,0.8443,0.0704,0.0855,302,196,30,40,0.7369,0.1128,0.1504,4508,1411,201,198,0.7796,0.1111,0.1094
01/2/1989,7984,786,514,107,94,0.7189,0.1497,0.1315,2426,1804,179,157,0.8430,0.0837,0.0734,269,189,27,28,0.7746,0.1107,0.1148,4503,1279,182,160,0.7891,0.1123,0.0988
01/3/1989,8651,815,509,117,106,0.6954,0.1599,0.1449,2889,2182,170,172,0.8646,0.0674,0.0682,258,189,18,22,0.8254,0.0787,0.0961,4689,1459,203,155,0.8030,0.1118,0.0854
01/4/1989,9256,817,486,140,101,0.6686,0.1926,0.1390,2753,2090,187,176,0.8521,0.0763,0.0718,258,186,24,21,0.8052,0.1039,0.0910,5428,1402,263,247,0.7333,0.1376,0.1292
01/5/1989,8977,827,484,126,124,0.6595,0.1717,0.1690,2710,2014,211,188,0.8347,0.0875,0.0780,237,182,11,21,0.8505,0.0515,0.0982,5203,1443,248,237,0.7485,0.1287,0.1230
01/6/1989,7496,745,437,119,107,0.6592,0.1795,0.1614,2624,1948,172,184,0.8455,0.0747,0.0799,234,179,19,16,0.8365,0.0888,0.0748,3893,1268,281,239,0.7092,0.1572,0.1337
01/7/1989,8219,787,470,136,101,0.6648,0.1924,0.1429,2470,1834,168,162,0.8476,0.0777,0.0749,241,173,17,26,0.8010,0.0788,0.1204,4721,1291,239,236,0.7311,0.1354,0.1337
01/8/1989,8451,658,400,92,92,0.6850,0.1576,0.1576,2460,1804,157,169,0.8470,0.0738,0.0794,220,150,23,19,0.7813,0.1198,0.0990,5113,1390,248,218,0.7490,0.1337,0.1175
01/9/1989,7236,697,415,110,103,0.6609,0.1752,0.1641,2535,1934,153,171,0.8566,0.0678,0.0758,245,176,25,17,0.8074,0.1147,0.0780,3759,1370,222,223,0.7549,0.1224,0.1229
01/10/1989,9022,848,510,124,124,0.6729,0.1636,0.1636,2766,2098,178,184,0.8529,0.0724,0.0748,248,174,20,21,0.8094,0.0931,0.0977,5160,1381,277,255,0.7220,0.1448,0.1333
01/11/1989,8819,830,508,135,108,0.6765,0.1798,0.1439,2649,1983,162,206,0.8435,0.0690,0.0877,256,194,20,22,0.8221,0.0848,0.0933,5084,1390,250,211,0.7510,0.1351,0.1140
01/12/1989,7798,866,503,126,132,0.6610,0.1656,0.1735,2622,1981,176,186,0.8455,0.0752,0.0794,256,175,26,25,0.7744,0.1151,0.1107,4054,1533,268,255,0.7457,0.1304,0.1241
01/1/1990,8569,783,493,107,108,0.6964,0.1512,0.1526,2577,1972,169,170,0.8534,0.0732,0.0736,278,212,24,21,0.8250,0.0934,0.0818,4931,1394,245,233,0.7447,0.1309,0.1245
01/2/1990,8125,743,460,118,90,0.6887,0.1767,0.1348,2423,1833,152,172,0.8498,0.0705,0.0798,265,195,18,29,0.8058,0.0744,0.1199,4694,1279,190,218,0.7582,0.1127,0.1293
01/3/1990,8521,804,489,124,100,0.6859,0.1740,0.1403,2746,2087,180,186,0.8508,0.0734,0.0759,266,190,33,21,0.7787,0.1353,0.0861,4705,1369,213,226,0.7572,0.1179,0.1250
01/4/1990,9277,812,463,140,122,0.6387,0.1932,0.1683,2641,1963,179,198,0.8389,0.0765,0.0847,254,179,25,26,0.7783,0.1087,0.1131,5570,1272,228,242,0.7302,0.1309,0.1390
01/5/1990,8614,794,509,104,99,0.7149,0.1461,0.1391,2578,1915,171,195,0.8396,0.0750,0.0855,220,170,24,12,0.8253,0.1166,0.0583,5022,1400,248,250,0.7377,0.1307,0.1318
01/6/1990,6731,828,470,130,110,0.6620,0.1831,0.1550,2484,1861,171,180,0.8414,0.0774,0.0814,239,167,19,24,0.7953,0.0905,0.1143,3180,1276,243,309,0.6981,0.1330,0.1691
01/7/1990,7794,870,490,137,107,0.6676,0.1867,0.1458,2272,1743,155,165,0.8449,0.0752,0.0800,267,176,36,27,0.7365,0.1507,0.1130,4385,1322,231,288,0.7181,0.1255,0.1565
01/8/1990,7576,794,455,115,99,0.6802,0.1719,0.1480,2275,1755,138,174,0.8491,0.0668,0.0842,232,165,19,25,0.7895,0.0910,0.1197,4275,1401,240,289,0.7260,0.1244,0.1498
01/9/1990,6935,864,513,114,108,0.6980,0.1552,0.1470,2539,1939,148,175,0.8573,0.0655,0.0774,228,145,19,27,0.7592,0.0995,0.1414,3304,1348,246,324,0.7029,0.1283,0.1690
01/10/1990,8195,896,508,138,111,0.6711,0.1823,0.1467,2687,2056,170,182,0.8539,0.0706,0.0756,231,167,15,25,0.8068,0.0725,0.1208,4381,1289,191,257,0.7421,0.1100,0.1480
01/11/1990,7696,888,511,138,95,0.6869,0.1855,0.1277,2465,1866,173,205,0.8316,0.0771,0.0914,205,145,28,18,0.7592,0.1466,0.0943,4138,1352,198,277,0.7401,0.1084,0.1517
01/12/1990,6792,860,499,102,112,0.6999,0.1431,0.1571,2457,1927,158,180,0.8508,0.0698,0.0795,234,171,25,17,0.8029,0.1174,0.0799,3241,1383,227,289,0.7283,0.1196,0.1522
01/1/1991,6804,828,475,110,114,0.6796,0.1574,0.1631,2584,2027,147,179,0.8615,0.0625,0.0761,233,175,15,18,0.8414,0.0722,0.0866,3159,1304,212,250,0.7384,0.1201,0.1416
01/2/1991,7261,758,433,91,104,0.6895,0.1450,0.1657,2318,1755,172,178,0.8338,0.0818,0.0846,229,179,9,17,0.8732,0.0440,0.0830,3956,1225,208,227,0.7380,0.1254,0.1368
01/3/1991,7049,911,502,137,111,0.6694,0.1827,0.1480,2583,2005,164,190,0.8500,0.0696,0.0806,275,208,24,17,0.8354,0.0964,0.0683,3280,1314,234,303,0.7099,0.1265,0.1637
01/4/1991,7591,837,463,131,88,0.6789,0.1921,0.1291,2470,1858,182,172,0.8400,0.0823,0.0778,247,153,24,26,0.7537,0.1183,0.1281,4037,1205,208,258,0.7212,0.1245,0.1544
01/5/1991,6844,804,485,135,101,0.6727,0.1873,0.1401,2562,1906,180,203,0.8327,0.0787,0.0887,258,163,18,17,0.8233,0.0910,0.0859,3220,1275,229,316,0.7006,0.1259,0.1737
01/6/1991,6978,837,497,124,103,0.6865,0.1713,0.1423,2415,1771,174,199,0.8261,0.0812,0.0929,253,165,19,13,0.8376,0.0965,0.0660,3473,1271,222,355,0.6878,0.1202,0.1921
01/7/1991,7149,768,488,114,97,0.6982,0.1631,0.1388,2360,1754,160,174,0.8401,0.0767,0.0834,281,153,27,17,0.7767,0.1371,0.0863,3740,1238,208,285,0.7152,0.1202,0.1647
01/8/1991,5980,689,449,89,77,0.7301,0.1448,0.1253,2370,1791,150,178,0.8453,0.0708,0.0841,250,149,23,14,0.8011,0.1237,0.0753,2671,1126,168,341,0.6887,0.1028,0.2086
01/9/1991,6771,736,460,106,94,0.6970,0.1607,0.1425,2488,1886,171,164,0.8492,0.0770,0.0739,231,148,14,15,0.8362,0.0791,0.0848,3316,920,179,363,0.6293,0.1225,0.2483
01/10/1991,6122,833,509,124,106,0.6888,0.1678,0.1435,2617,1976,188,213,0.8313,0.0791,0.0897,216,159,17,9,0.8595,0.0919,0.0487,2456,875,172,258,0.6705,0.1319,0.1978
01/11/1991,6304,811,496,125,102,0.6861,0.1729,0.1411,2535,1940,177,176,0.8461,0.0772,0.0768,250,169,18,17,0.8285,0.0883,0.0834,2708,960,113,232,0.7357,0.0866,0.1778
01/12/1991,6433,781,480,112,95,0.6987,0.1631,0.1383,2494,1890,180,181,0.8397,0.0800,0.0805,297,205,38,18,0.7855,0.1456,0.0690,2861,958,176,277,0.6790,0.1248,0.1964
01/1/1992,7064,787,503,98,95,0.7228,0.1409,0.1365,2402,1819,171,182,0.8375,0.0788,0.0838,270,190,33,20,0.7819,0.1359,0.0824,3605,926,143,241,0.7069,0.1092,0.1840
01/2/1992,5475,755,475,100,88,0.7165,0.1509,0.1328,2446,1815,217,190,0.8169,0.0977,0.0856,257,180,28,26,0.7693,0.1197,0.1112,2017,808,143,256,0.6695,0.1185,0.2121
01/3/1992,7050,823,529,109,106,0.7111,0.1466,0.1425,2769,2143,147,205,0.8590,0.0590,0.0822,247,182,25,22,0.7948,0.1092,0.0961,3211,892,159,273,0.6738,0.1201,0.2062
01/4/1992,6607,828,525,111,108,0.7057,0.1492,0.1452,2539,1930,181,177,0.8436,0.0792,0.0774,232,176,15,20,0.8342,0.0711,0.0948,3008,835,148,233,0.6867,0.1218,0.1917
01/5/1992,7415,868,500,134,145,0.6419,0.1721,0.1862,2592,1921,170,209,0.8353,0.0740,0.0909,235,156,36,18,0.7429,0.1715,0.0858,3720,784,137,317,0.6333,0.1107,0.2561
01/6/1992,6518,775,462,121,113,0.6638,0.1739,0.1624,2467,1888,198,156,0.8422,0.0884,0.0696,254,179,21,20,0.8137,0.0955,0.0910,3022,851,178,324,0.6290,0.1316,0.2395
01/7/1992,6633,743,425,139,100,0.6401,0.2094,0.1507,2526,1877,172,226,0.8251,0.0757,0.0994,236,152,48,16,0.7038,0.2223,0.0741,3128,839,148,246,0.6805,0.1201,0.1996
01/8/1992,6656,769,454,122,109,0.6628,0.1782,0.1592,2430,1809,202,199,0.8186,0.0915,0.0901,229,166,21,17,0.8138,0.1030,0.0834,3228,728,191,345,0.5760,0.1512,0.2730
01/9/1992,5924,712,446,117,83,0.6905,0.1812,0.1285,2391,1788,167,203,0.8286,0.0774,0.0941,242,171,24,18,0.8029,0.1127,0.0846,2579,787,147,277,0.6499,0.1214,0.2288
01/10/1992,6620,851,528,123,118,0.6867,0.1600,0.1535,2589,1968,191,197,0.8354,0.0811,0.0837,263,200,29,15,0.8197,0.1189,0.0615,2917,812,122,229,0.6982,0.1050,0.1970
01/11/1992,6515,804,478,130,121,0.6557,0.1784,0.1660,2483,1902,184,175,0.8413,0.0814,0.0774,244,173,25,23,0.7829,0.1132,0.1041,2984,879,163,232,0.6900,0.1280,0.1822
01/12/1992,5991,799,462,136,110,0.6526,0.1921,0.1554,2435,1807,195,174,0.8305,0.0897,0.0800,241,163,25,20,0.7837,0.1202,0.0962,2516,805,161,179,0.7031,0.1407,0.1564
01/1/1993,6611,803,482,124,129,0.6558,0.1688,0.1756,2488,1884,185,193,0.8329,0.0818,0.0854,268,200,28,17,0.8164,0.1143,0.0694,3052,799,167,254,0.6550,0.1369,0.2082
01/2/1993,5982,716,446,106,87,0.6980,0.1659,0.1362,2220,1630,192,203,0.8050,0.0949,0.1003,210,145,33,12,0.7632,0.1737,0.0632,2836,756,150,199,0.6842,0.1358,0.1801
01/3/1993,5440,830,506,124,115,0.6792,0.1665,0.1544,2485,1880,177,179,0.8408,0.0792,0.0801,221,157,28,13,0.7930,0.1415,0.0657,1904,750,141,193,0.6919,0.1301,0.1781
01/4/1993,6133,763,451,124,110,0.6584,0.1811,0.1606,2437,1817,196,189,0.8252,0.0891,0.0859,195,144,26,11,0.7956,0.1437,0.0608,2738,705,134,168,0.7001,0.1331,0.1669
01/5/1993,6457,857,501,127,133,0.6584,0.1669,0.1748,2393,1760,180,192,0.8256,0.0845,0.0901,200,138,27,17,0.7583,0.1484,0.0935,3007,797,173,348,0.6048,0.1313,0.2641
01/6/1993,5946,775,456,124,120,0.6515,0.1772,0.1715,2374,1752,202,190,0.8172,0.0943,0.0887,222,173,18,15,0.8399,0.0874,0.0729,2575,788,177,294,0.6259,0.1406,0.2336
01/7/1993,6165,761,470,121,92,0.6882,0.1772,0.1347,2311,1711,158,210,0.8230,0.0760,0.1011,204,146,27,20,0.7565,0.1399,0.1037,2889,799,157,227,0.6755,0.1328,0.1919
01/8/1993,6398,699,413,108,92,0.6738,0.1762,0.1501,2319,1721,176,197,0.8219,0.0841,0.0941,178,127,22,13,0.7840,0.1359,0.0803,3202,804,206,311,0.6087,0.1560,0.2355
01/9/1993,5395,840,500,130,113,0.6730,0.1750,0.1521,2295,1706,201,160,0.8254,0.0973,0.0775,167,111,23,11,0.7656,0.1587,0.0759,2093,757,193,244,0.6341,0.1617,0.2044
01/10/1993,7351,926,587,150,114,0.6898,0.1763,0.1340,2698,2028,222,223,0.8201,0.0898,0.0902,221,139,34,20,0.7203,0.1762,0.1037,3506,878,206,309,0.6303,0.1479,0.2219
01/11/1993,6527,790,424,147,120,0.6137,0.2128,0.1737,2471,1848,189,186,0.8314,0.0851,0.0837,184,121,31,15,0.7246,0.1857,0.0899,3082,824,154,230,0.6822,0.1275,0.1904
01/12/1993,5756,776,442,126,126,0.6369,0.1816,0.1816,2387,1749,206,201,0.8113,0.0956,0.0933,162,117,15,14,0.8014,0.1028,0.0959,2431,817,140,168,0.7263,0.1245,0.1494
01/1/1994,6218,841,514,123,124,0.6755,0.1617,0.1630,2565,1879,243,217,0.8034,0.1039,0.0928,187,130,18,19,0.7785,0.1078,0.1138,2625,843,135,165,0.7376,0.1182,0.1444
01/2/1994,5382,723,434,122,102,0.6596,0.1855,0.1551,2332,1683,274,204,0.7789,0.1268,0.0945,139,91,23,5,0.7648,0.1933,0.0421,2188,758,151,110,0.7439,0.1482,0.1080
01/3/1994,5890,825,514,131,104,0.6863,0.1749,0.1389,2489,1860,206,205,0.8191,0.0908,0.0903,180,124,17,20,0.7702,0.1056,0.1243,2396,794,142,149,0.7318,0.1309,0.1374
01/4/1994,5993,797,481,126,114,0.6672,0.1748,0.1582,2289,1729,188,178,0.8253,0.0898,0.0850,197,128,27,15,0.7530,0.1589,0.0883,2710,815,132,140,0.7498,0.1215,0.1288
01/5/1994,6429,883,514,164,118,0.6458,0.2061,0.1483,2479,1846,204,203,0.8194,0.0906,0.0902,165,102,17,26,0.7035,0.1173,0.1794,2902,783,188,289,0.6215,0.1493,0.2294
01/6/1994,5532,798,480,135,99,0.6723,0.1891,0.1387,2355,1763,163,189,0.8336,0.0771,0.0894,206,143,21,19,0.7815,0.1148,0.1039,2173,725,172,272,0.6202,0.1472,0.2327
01/7/1994,6174,856,539,124,113,0.6946,0.1598,0.1457,2248,1657,179,194,0.8163,0.0882,0.0956,247,151,25,21,0.7665,0.1270,0.1066,2823,871,170,229,0.6859,0.1339,0.1804
01/8/1994,5904,777,449,116,112,0.6633,0.1714,0.1655,2170,1657,154,186,0.8298,0.0772,0.0932,164,123,16,11,0.8200,0.1067,0.0734,2793,758,132,218,0.6842,0.1192,0.1968
01/9/1994,5456,750,431,129,111,0.6424,0.1923,0.1655,2345,1753,197,201,0.8150,0.0916,0.0935,168,105,20,17,0.7395,0.1409,0.1198,2193,774,164,236,0.6593,0.1397,0.2011
01/10/1994,6534,855,472,150,141,0.6187,0.1966,0.1848,2541,1925,182,192,0.8374,0.0792,0.0836,209,122,28,26,0.6932,0.1591,0.1478,2929,796,148,277,0.6520,0.1213,0.2269
01/11/1994,6133,809,451,146,120,0.6291,0.2037,0.1674,2430,1820,186,182,0.8319,0.0851,0.0832,176,117,27,15,0.7359,0.1699,0.0944,2718,784,120,165,0.7334,0.1123,0.1544
01/12/1994,5378,758,434,133,103,0.6478,0.1986,0.1538,2426,1788,189,189,0.8255,0.0873,0.0873,181,126,27,17,0.7412,0.1589,0.1000,2013,719,126,119,0.7459,0.1308,0.1235
01/1/1995,6133,833,509,127,107,0.6851,0.1710,0.1441,2435,1828,164,204,0.8325,0.0747,0.0929,203,116,44,17,0.6554,0.2486,0.0961,2662,754,136,139,0.7328,0.1322,0.1351
01/2/1995,4967,716,413,112,109,0.6515,0.1767,0.1720,2313,1726,202,160,0.8267,0.0968,0.0767,185,128,23,12,0.7853,0.1412,0.0737,1753,651,112,93,0.7606,0.1309,0.1087
01/3/1995,5908,819,492,125,115,0.6722,0.1708,0.1572,2650,1957,222,201,0.8223,0.0933,0.0845,197,144,21,14,0.8045,0.1174,0.0783,2242,702,123,107,0.7533,0.1320,0.1149
01/4/1995,6652,913,525,157,115,0.6588,0.1970,0.1443,2630,1894,227,245,0.8006,0.0960,0.1036,224,145,33,18,0.7398,0.1684,0.0919,2885,764,148,163,0.7107,0.1377,0.1517
01/5/1995,6326,906,507,152,116,0.6542,0.1962,0.1497,2567,1865,199,205,0.8220,0.0878,0.0904,194,133,26,17,0.7557,0.1478,0.0966,2659,712,130,203,0.6814,0.1245,0.1943
01/6/1995,5889,857,496,152,86,0.6758,0.2071,0.1172,2535,1845,191,199,0.8256,0.0855,0.0891,235,151,20,18,0.7990,0.1059,0.0953,2262,772,134,243,0.6719,0.1167,0.2115
01/7/1995,6778,822,468,140,126,0.6377,0.1908,0.1717,2583,1811,263,219,0.7898,0.1147,0.0956,172,102,30,17,0.6846,0.2014,0.1141,3201,690,141,239,0.6449,0.1318,0.2234
01/8/1995,6245,770,437,128,99,0.6582,0.1928,0.1491,2460,1744,210,222,0.8015,0.0966,0.1021,185,132,24,10,0.7952,0.1446,0.0603,2830,795,153,216,0.6830,0.1315,0.1856
01/9/1995,5640,761,461,109,107,0.6810,0.1611,0.1581,2579,1793,227,230,0.7969,0.1009,0.1023,177,126,19,14,0.7925,0.1195,0.0881,2123,697,126,242,0.6545,0.1184,0.2273
01/10/1995,8992,1186,693,212,151,0.6563,0.2008,0.1430,3582,2594,288,268,0.8235,0.0915,0.0851,546,284,34,18,0.8453,0.1012,0.0536,3678,1051,158,266,0.7126,0.1072,0.1804
01/11/1995,6494,967,512,181,122,0.6283,0.2221,0.1497,2593,1874,235,171,0.8220,0.1031,0.0750,491,247,19,30,0.8345,0.0642,0.1014,2443,913,172,182,0.7206,0.1358,0.1437
01/12/1995,6589,816,443,155,132,0.6069,0.2124,0.1809,2747,1866,219,227,0.8071,0.0948,0.0982,486,244,29,29,0.8080,0.0961,0.0961,2540,1033,187,139,0.7602,0.1377,0.1023
01/1/1996,6561,992,524,186,141,0.6158,0.2186,0.1657,2767,1951,228,224,0.8120,0.0949,0.0933,487,241,37,32,0.7775,0.1194,0.1033,2315,906,166,95,0.7764,0.1423,0.0815
01/2/1996,6364,974,542,181,128,0.6369,0.2127,0.1505,2635,1897,213,197,0.8223,0.0924,0.0854,475,246,37,25,0.7988,0.1202,0.0812,2280,912,139,88,0.8008,0.1221,0.0773
01/3/1996,6882,1036,587,190,159,0.6272,0.2030,0.1699,2978,2055,256,226,0.8101,0.1010,0.0891,534,265,43,29,0.7864,0.1276,0.0861,2334,883,151,133,0.7567,0.1294,0.1140
01/4/1996,6418,915,538,153,119,0.6642,0.1889,0.1470,2654,1811,234,208,0.8039,0.1039,0.0924,552,257,38,24,0.8057,0.1192,0.0753,2297,896,147,123,0.7685,0.1261,0.1055
01/5/1996,6653,1005,599,175,133,0.6605,0.1930,0.1467,2666,1833,230,225,0.8012,0.1006,0.0984,531,256,35,32,0.7926,0.1084,0.0991,2451,905,166,214,0.7043,0.1292,0.1666
01/6/1996,6720,1112,636,214,141,0.6418,0.2160,0.1423,2684,1829,259,225,0.7908,0.1120,0.0973,498,245,37,29,0.7878,0.1190,0.0933,2426,847,159,323,0.6374,0.1197,0.2431
01/7/1996,6711,923,559,135,141,0.6695,0.1617,0.1689,2786,1867,263,242,0.7871,0.1109,0.1021,572,226,47,34,0.7362,0.1531,0.1108,2430,886,158,162,0.7347,0.1311,0.1344
01/8/1996,5463,864,508,153,125,0.6464,0.1947,0.1591,2480,1787,202,221,0.8086,0.0915,0.1000,188,127,26,20,0.7342,0.1503,0.1157,1931,704,147,185,0.6796,0.1419,0.1786
01/9/1996,5785,1016,612,166,138,0.6682,0.1813,0.1507,2664,1929,217,227,0.8129,0.0915,0.0957,212,136,25,24,0.7352,0.1352,0.1298,1893,702,120,228,0.6686,0.1143,0.2172
01/10/1996,5972,1058,639,157,137,0.6849,0.1683,0.1469,2758,2010,224,215,0.8208,0.0915,0.0878,221,152,24,16,0.7917,0.1250,0.0834,1935,769,131,172,0.7174,0.1223,0.1605
01/11/1996,5556,987,576,182,127,0.6509,0.2057,0.1436,2579,1818,264,226,0.7877,0.1144,0.0980,220,157,26,15,0.7930,0.1314,0.0758,1770,666,117,134,0.7263,0.1276,0.1462
01/12/1996,5683,1009,559,172,157,0.6296,0.1937,0.1769,2686,1880,245,205,0.8069,0.1052,0.0880,180,126,18,19,0.7731,0.1105,0.1166,1808,685,132,141,0.7151,0.1378,0.1472
01/1/1997,6673,979,572,157,138,0.6598,0.1811,0.1592,2634,1919,219,198,0.8215,0.0938,0.0848,230,153,30,19,0.7575,0.1486,0.0941,2830,972,332,99,0.6929,0.2367,0.0706
01/2/1997,6314,893,505,156,127,0.6409,0.1980,0.1612,2410,1705,234,208,0.7942,0.1090,0.0969,212,139,24,24,0.7434,0.1284,0.1284,2799,984,346,86,0.6950,0.2444,0.0608
01/3/1997,6988,1033,573,181,165,0.6236,0.1970,0.1796,2811,2006,266,231,0.8015,0.1063,0.0923,226,155,26,20,0.7712,0.1294,0.0996,2918,959,340,130,0.6711,0.2380,0.0910
01/4/1997,6755,993,563,175,122,0.6547,0.2035,0.1419,2571,1807,250,224,0.7922,0.1097,0.0983,225,141,33,21,0.7231,0.1693,0.1077,2966,972,312,190,0.6595,0.2117,0.1290
01/5/1997,6757,965,561,188,125,0.6419,0.2152,0.1431,2661,1861,242,231,0.7974,0.1037,0.0990,194,114,29,25,0.6786,0.1727,0.1489,2937,933,367,221,0.6135,0.2413,0.1453
01/6/1997,6823,1085,597,206,164,0.6174,0.2131,0.1696,2574,1782,239,245,0.7865,0.1055,0.1082,197,123,32,20,0.7029,0.1829,0.1143,2967,942,362,281,0.5944,0.2284,0.1773
01/7/1997,6508,949,523,171,135,0.6309,0.2063,0.1629,2500,1720,244,216,0.7890,0.1120,0.0991,210,134,25,17,0.7614,0.1421,0.0966,2849,942,397,170,0.6243,0.2631,0.1127
01/8/1997,6555,961,525,175,147,0.6199,0.2067,0.1736,2507,1724,238,268,0.7731,0.1068,0.1202,199,104,37,24,0.6304,0.2243,0.1455,2888,895,347,215,0.6143,0.2382,0.1476
01/9/1997,6878,990,533,213,128,0.6099,0.2438,0.1465,2667,1864,257,236,0.7909,0.1091,0.1002,198,113,30,29,0.6570,0.1745,0.1687,3023,950,383,257,0.5975,0.2409,0.1617
01/10/1997,7467,1160,644,199,183,0.6277,0.1940,0.1784,2987,2092,290,262,0.7913,0.1097,0.0991,221,144,33,22,0.7237,0.1659,0.1106,3099,1042,376,224,0.6346,0.2290,0.1365
01/11/1997,7155,1272,733,226,180,0.6436,0.1985,0.1581,2678,1924,254,256,0.7905,0.1044,0.1052,205,131,34,15,0.7278,0.1889,0.0834,3000,953,326,202,0.6435,0.2202,0.1364
01/12/1997,7018,1061,619,167,144,0.6656,0.1796,0.1549,2696,1866,269,278,0.7734,0.1115,0.1153,199,132,30,12,0.7587,0.1725,0.0690,3062,985,380,139,0.6550,0.2527,0.0925
01/1/1998,7196,1076,633,181,144,0.6608,0.1890,0.1504,2813,2023,277,281,0.7839,0.1074,0.1089,215,139,31,24,0.7165,0.1598,0.1238,3092,1015,409,142,0.6482,0.2612,0.0907
01/2/1998,6578,1031,600,180,149,0.6459,0.1938,0.1604,2602,1827,304,251,0.7671,0.1277,0.1054,205,141,21,22,0.7664,0.1142,0.1196,2740,942,338,110,0.6777,0.2432,0.0792
01/3/1998,7451,1260,733,206,186,0.6516,0.1832,0.1654,2825,2057,276,278,0.7879,0.1058,0.1065,262,165,28,32,0.7334,0.1245,0.1423,3104,1001,434,158,0.6284,0.2725,0.0992
01/4/1998,6888,1194,681,210,157,0.6499,0.2004,0.1499,2620,1844,252,235,0.7911,0.1082,0.1009,243,150,35,24,0.7178,0.1675,0.1149,2831,895,330,128,0.6615,0.2440,0.0947
01/5/1998,7235,1329,758,215,176,0.6598,0.1872,0.1532,2711,1925,246,295,0.7807,0.0998,0.1197,214,139,25,21,0.7514,0.1352,0.1136,2981,960,308,243,0.6354,0.2039,0.1609
01/6/1998,6853,1223,696,198,160,0.6604,0.1879,0.1519,2645,1881,240,245,0.7951,0.1015,0.1036,216,138,25,19,0.7583,0.1374,0.1044,2769,862,377,241,0.5825,0.2548,0.1629
01/7/1998,6739,1159,662,185,159,0.6581,0.1839,0.1581,2605,1831,282,243,0.7772,0.1197,0.1032,207,151,17,12,0.8389,0.0945,0.0667,2768,920,312,203,0.6412,0.2175,0.1415
01/8/1998,6953,1194,677,176,178,0.6567,0.1708,0.1727,2660,1878,254,268,0.7825,0.1059,0.1117,210,123,26,27,0.6989,0.1478,0.1535,2889,967,336,244,0.6251,0.2172,0.1578
01/9/1998,7030,1204,695,180,161,0.6709,0.1738,0.1555,2743,2017,255,234,0.8049,0.1018,0.0934,206,127,32,18,0.7176,0.1808,0.1017,2877,961,336,281,0.6090,0.2130,0.1781
01/10/1998,7382,1243,738,188,162,0.6784,0.1728,0.1489,2947,2190,238,244,0.8197,0.0891,0.0914,247,176,20,21,0.8111,0.0922,0.0968,2945,992,394,227,0.6151,0.2443,0.1408
01/11/1998,7464,1345,766,220,177,0.6587,0.1892,0.1522,2986,2158,276,250,0.8041,0.1029,0.0932,266,176,22,33,0.7620,0.0953,0.1429,2867,1044,391,178,0.6473,0.2425,0.1104
01/12/1998,7050,1158,655,183,150,0.6630,0.1853,0.1519,2800,2029,243,250,0.8046,0.0964,0.0992,236,160,21,21,0.7921,0.1040,0.1040,2856,1044,380,125,0.6740,0.2454,0.0807
01/1/1999,7663,1320,765,234,165,0.6573,0.2011,0.1418,2900,2101,249,257,0.8060,0.0956,0.0986,236,147,26,27,0.7350,0.1300,0.1350,3207,1120,438,142,0.6589,0.2577,0.0836
01/2/1999,6618,1165,670,180,159,0.6641,0.1784,0.1576,2599,1899,245,228,0.8006,0.1033,0.0962,206,134,29,18,0.7404,0.1603,0.0995,2648,923,330,114,0.6753,0.2415,0.0834
01/3/1999,7418,1293,727,230,164,0.6486,0.2052,0.1463,2917,2102,253,278,0.7984,0.0961,0.1056,199,136,21,14,0.7954,0.1229,0.0819,3009,1089,378,128,0.6828,0.2370,0.0803
01/4/1999,6784,1243,697,214,152,0.6557,0.2014,0.1430,2860,2077,249,267,0.8011,0.0961,0.1030,248,165,23,23,0.7820,0.1091,0.1091,2433,843,252,145,0.6799,0.2033,0.1170
01/5/1999,7250,1358,779,232,180,0.6541,0.1948,0.1512,2919,2105,272,250,0.8013,0.1036,0.0952,242,169,19,20,0.8125,0.0914,0.0962,2731,871,330,240,0.6045,0.2291,0.1666
01/6/1999,7693,1293,770,197,157,0.6851,0.1753,0.1397,2752,1965,248,233,0.8034,0.1014,0.0953,257,174,24,23,0.7874,0.1086,0.1041,3391,1065,459,238,0.6045,0.2605,0.1351
01/7/1999,6938,1162,657,193,145,0.6604,0.1940,0.1458,2655,1861,237,234,0.7981,0.1017,0.1004,217,143,21,17,0.7901,0.1161,0.0940,2904,955,385,161,0.6363,0.2565,0.1073
01/8/1999,6866,1250,685,203,170,0.6475,0.1919,0.1607,2681,1877,249,232,0.7961,0.1056,0.0984,213,138,24,24,0.7420,0.1291,0.1291,2722,855,379,238,0.5809,0.2575,0.1617
01/9/1999,6706,1190,712,181,157,0.6781,0.1724,0.1496,2775,1948,258,229,0.8000,0.1060,0.0941,208,120,26,28,0.6897,0.1495,0.1610,2533,815,347,213,0.5928,0.2524,0.1550
01/10/1999,7663,1351,817,222,148,0.6883,0.1871,0.1247,3210,2361,241,238,0.8314,0.0849,0.0839,222,142,27,28,0.7209,0.1371,0.1422,2880,938,374,229,0.6087,0.2427,0.1487
01/11/1999,7072,1281,728,213,174,0.6530,0.1911,0.1561,2865,2019,259,249,0.7990,0.1025,0.0986,242,142,31,27,0.7100,0.1550,0.1350,2684,909,325,148,0.6578,0.2352,0.1071
01/12/1999,7200,1293,739,185,165,0.6787,0.1699,0.1516,2878,2040,219,226,0.8210,0.0882,0.0910,204,130,21,25,0.7387,0.1194,0.1421,2825,933,390,121,0.6462,0.2701,0.0838
01/1/2000,7605,1356,817,196,176,0.6872,0.1649,0.1481,3122,2233,246,244,0.8201,0.0904,0.0897,227,149,24,27,0.7450,0.1200,0.1350,2900,1026,361,121,0.6804,0.2394,0.0803
01/2/2000,7028,1279,763,203,154,0.6813,0.1813,0.1375,2856,2040,264,229,0.8054,0.1043,0.0905,214,140,28,21,0.7408,0.1482,0.1112,2679,859,340,133,0.6449,0.2553,0.0999
01/3/2000,7452,1400,845,220,159,0.6904,0.1798,0.1300,3027,2228,222,245,0.8268,0.0824,0.0910,234,143,36,29,0.6875,0.1731,0.1395,2791,955,360,112,0.6693,0.2523,0.0785
01/4/2000,7300,1383,798,210,184,0.6695,0.1762,0.1544,2929,2077,232,279,0.8026,0.0897,0.1079,250,152,45,30,0.6697,0.1983,0.1322,2738,906,363,164,0.6323,0.2534,0.1145
01/5/2000,7365,1378,802,226,152,0.6797,0.1916,0.1289,2963,2123,235,231,0.8201,0.0908,0.0893,262,165,39,28,0.7113,0.1682,0.1207,2762,895,357,184,0.6233,0.2487,0.1282
01/6/2000,7284,1314,730,217,165,0.6565,0.1952,0.1484,2926,2084,251,229,0.8128,0.0979,0.0894,334,199,41,40,0.7108,0.1465,0.1429,2710,854,339,205,0.6109,0.2425,0.1467
01/7/2000,7214,1369,733,221,189,0.6413,0.1934,0.1654,2870,2035,230,235,0.8140,0.0920,0.0940,330,178,42,41,0.6820,0.1610,0.1571,2645,847,335,189,0.6178,0.2444,0.1379
01/8/2000,7074,1267,679,217,151,0.6486,0.2073,0.1443,2822,1954,230,253,0.8019,0.0944,0.1039,353,205,42,43,0.7069,0.1449,0.1483,2632,870,336,190,0.6233,0.2407,0.1362
01/9/2000,7656,1368,755,205,174,0.6658,0.1808,0.1535,3107,2067,297,301,0.7757,0.1115,0.1130,337,213,39,38,0.7345,0.1345,0.1311,2844,940,362,216,0.6193,0.2385,0.1423
01/10/2000,8187,1561,856,213,199,0.6751,0.1680,0.1570,3424,2443,252,266,0.8251,0.0852,0.0899,354,226,31,40,0.7610,0.1044,0.1347,2848,935,394,229,0.6002,0.2529,0.1470
01/11/2000,7443,1507,816,221,198,0.6608,0.1790,0.1604,3002,2094,243,289,0.7975,0.0926,0.1101,325,198,41,39,0.7123,0.1475,0.1403,2609,875,330,176,0.6336,0.2390,0.1275
01/12/2000,7482,1535,867,210,170,0.6953,0.1685,0.1364,2958,2042,239,270,0.8005,0.0937,0.1059,283,182,39,25,0.7399,0.1586,0.1017,2706,910,359,144,0.6441,0.2541,0.1020
01/1/2001,7306,1359,770,212,177,0.6644,0.1830,0.1528,2913,2071,247,225,0.8144,0.0972,0.0885,307,187,45,28,0.7193,0.1731,0.1077,2727,989,358,95,0.6859,0.2483,0.0659
01/2/2001,6643,1280,719,204,143,0.6745,0.1914,0.1342,2654,1860,241,190,0.8119,0.1052,0.0830,297,190,29,35,0.7481,0.1142,0.1378,2412,776,345,107,0.6320,0.2810,0.0872
01/3/2001,7110,1340,761,217,142,0.6795,0.1938,0.1268,2968,2070,236,246,0.8112,0.0925,0.0964,295,186,28,35,0.7470,0.1125,0.1406,2507,882,307,130,0.6687,0.2328,0.0986
01/4/2001,7074,1338,760,229,145,0.6702,0.2020,0.1279,2956,2042,253,239,0.8059,0.0999,0.0944,283,171,34,27,0.7371,0.1466,0.1164,2497,876,348,116,0.6538,0.2598,0.0866
01/5/2001,7813,1537,798,227,191,0.6563,0.1867,0.1571,3346,2212,265,246,0.8124,0.0974,0.0904,298,158,31,29,0.7248,0.1423,0.1331,2632,839,355,186,0.6080,0.2573,0.1348
01/6/2001,7443,1570,849,204,175,0.6914,0.1662,0.1426,3065,2091,219,225,0.8249,0.0864,0.0888,333,170,42,29,0.7054,0.1743,0.1204,2475,776,351,198,0.5857,0.2650,0.1495
01/7/2001,7425,1401,702,204,192,0.6394,0.1858,0.1749,3095,2076,250,232,0.8116,0.0978,0.0907,368,210,45,25,0.7500,0.1608,0.0893,2561,785,356,197,0.5867,0.2661,0.1473
01/8/2001,7326,1458,746,248,157,0.6482,0.2155,0.1365,3016,2003,256,234,0.8035,0.1027,0.0939,342,184,42,31,0.7160,0.1635,0.1207,2510,796,332,179,0.6091,0.2541,0.1370
01/9/2001,7837,1455,816,230,157,0.6784,0.1912,0.1306,3197,2192,226,259,0.8189,0.0845,0.0968,345,191,41,49,0.6798,0.1460,0.1744,2840,1002,353,210,0.6403,0.2256,0.1342
01/10/2001,8453,1685,939,214,189,0.6998,0.1595,0.1409,3657,2588,236,262,0.8387,0.0765,0.0849,389,233,28,51,0.7468,0.0898,0.1635,2722,890,374,197,0.6092,0.2560,0.1349
01/11/2001,8059,1539,845,217,182,0.6793,0.1745,0.1464,3456,2340,297,247,0.8114,0.1030,0.0857,405,240,44,48,0.7229,0.1326,0.1446,2659,885,361,129,0.6437,0.2626,0.0939
01/12/2001,7986,1590,902,207,187,0.6960,0.1598,0.1443,3384,2354,247,239,0.8289,0.0870,0.0842,377,228,33,43,0.7500,0.1086,0.1415,2635,892,303,123,0.6768,0.2299,0.0934
01/1/2002,7679,1508,898,184,148,0.7301,0.1496,0.1204,3224,2251,250,218,0.8279,0.0920,0.0802,310,175,36,32,0.7202,0.1482,0.1317,2637,896,361,106,0.6574,0.2649,0.0778
01/2/2002,7162,1470,798,231,186,0.6568,0.1902,0.1531,3109,2144,279,262,0.7986,0.1040,0.0976,306,176,30,32,0.7395,0.1261,0.1345,2277,746,335,96,0.6339,0.2847,0.0816
01/3/2002,8200,1603,871,238,179,0.6763,0.1848,0.1390,3536,2452,285,262,0.8177,0.0951,0.0874,382,229,32,39,0.7634,0.1067,0.1300,2679,902,381,108,0.6485,0.2740,0.0777
01/4/2002,7616,1548,858,198,177,0.6959,0.1606,0.1436,3261,2306,246,231,0.8287,0.0884,0.0831,364,218,26,42,0.7623,0.0910,0.1469,2443,821,340,129,0.6365,0.2636,0.1000
01/5/2002,7797,1623,836,241,184,0.6630,0.1912,0.1460,3366,2307,262,231,0.8240,0.0936,0.0825,351,217,37,25,0.7778,0.1327,0.0897,2457,822,318,172,0.6266,0.2424,0.1311
01/6/2002,7696,1586,831,277,191,0.6398,0.2133,0.1471,3294,2320,271,248,0.8172,0.0955,0.0874,350,183,47,30,0.7039,0.1808,0.1154,2466,777,303,233,0.5918,0.2308,0.1775
01/7/2002,7118,1443,740,230,183,0.6419,0.1995,0.1588,3102,2157,231,244,0.8196,0.0878,0.0928,299,178,23,21,0.8019,0.1037,0.0946,2274,754,263,159,0.6412,0.2237,0.1353
01/8/2002,7002,1440,744,229,180,0.6453,0.1987,0.1562,2960,2004,235,234,0.8104,0.0951,0.0947,326,199,30,31,0.7654,0.1154,0.1193,2276,702,314,182,0.5860,0.2622,0.1520
01/9/2002,7626,1504,861,221,180,0.6823,0.1752,0.1427,3319,2269,265,266,0.8104,0.0947,0.0950,352,219,34,34,0.7631,0.1185,0.1185,2451,785,285,221,0.6081,0.2208,0.1712
01/10/2002,8083,1581,888,234,191,0.6764,0.1783,0.1455,3609,2576,231,290,0.8318,0.0746,0.0937,366,217,46,26,0.7509,0.1592,0.0900,2527,891,309,186,0.6429,0.2230,0.1342
01/11/2002,7668,1662,967,225,207,0.6913,0.1609,0.1480,3275,2334,263,243,0.8219,0.0927,0.0856,343,188,42,31,0.7204,0.1610,0.1188,2388,826,311,169,0.6325,0.2382,0.1295
01/12/2002,7695,1484,825,240,183,0.6611,0.1924,0.1467,3389,2397,247,240,0.8312,0.0857,0.0833,381,215,42,28,0.7544,0.1474,0.0983,2441,809,346,130,0.6296,0.2693,0.1012
01/1/2003,7599,1537,887,208,181,0.6952,0.1631,0.1419,3246,2258,251,247,0.8194,0.0911,0.0897,336,179,34,35,0.7218,0.1371,0.1412,2480,853,346,118,0.6477,0.2628,0.0896
01/2/2003,7065,1375,795,193,175,0.6836,0.1660,0.1505,3123,2176,240,245,0.8178,0.0902,0.0921,360,207,27,40,0.7555,0.0986,0.1460,2207,740,309,95,0.6469,0.2702,0.0831
01/3/2003,7915,1513,866,229,210,0.6637,0.1755,0.1610,3644,2614,252,260,0.8363,0.0807,0.0832,403,245,37,29,0.7878,0.1190,0.0933,2355,787,282,116,0.6642,0.2380,0.0979
01/4/2003,7599,1425,843,209,159,0.6962,0.1726,0.1313,3355,2383,256,256,0.8232,0.0885,0.0885,388,233,33,29,0.7899,0.1119,0.0984,2431,772,302,124,0.6445,0.2521,0.1036
01/5/2003,7384,1507,858,229,189,0.6725,0.1795,0.1482,3213,2265,257,261,0.8139,0.0924,0.0938,348,184,51,42,0.6643,0.1842,0.1517,2316,698,343,165,0.5788,0.2845,0.1369
01/6/2003,7416,1455,786,248,206,0.6339,0.2000,0.1662,3235,2201,294,272,0.7955,0.1063,0.0984,331,188,34,42,0.7122,0.1288,0.1591,2395,771,314,244,0.5802,0.2363,0.1836
01/7/2003,6932,1299,770,158,150,0.7143,0.1466,0.1392,2943,2035,245,231,0.8105,0.0976,0.0920,352,213,38,32,0.7527,0.1343,0.1131,2338,736,306,158,0.6134,0.2550,0.1317
01/8/2003,7036,1387,748,218,182,0.6516,0.1899,0.1586,2978,2074,248,243,0.8086,0.0967,0.0948,385,223,50,36,0.7217,0.1619,0.1166,2286,733,272,214,0.6014,0.2232,0.1756
01/9/2003,6960,1342,777,208,154,0.6822,0.1827,0.1353,2989,2073,242,260,0.8051,0.0940,0.1010,337,198,33,39,0.7334,0.1223,0.1445,2292,758,302,186,0.6084,0.2424,0.1493
01/10/2003,7267,1437,845,214,165,0.6904,0.1749,0.1349,3245,2261,264,265,0.8104,0.0947,0.0950,369,219,44,44,0.7134,0.1434,0.1434,2216,734,265,172,0.6269,0.2264,0.1469
01/11/2003,7308,1456,852,223,191,0.6730,0.1762,0.1509,3198,2184,256,275,0.8045,0.0943,0.1013,379,226,40,45,0.7267,0.1287,0.1447,2275,724,336,173,0.5872,0.2726,0.1404
01/12/2003,7024,1383,800,217,156,0.6821,0.1850,0.1330,3046,2124,212,247,0.8223,0.0821,0.0957,367,235,39,30,0.7731,0.1283,0.0987,2228,744,274,107,0.6614,0.2436,0.0952
01/1/2004,7191,1407,875,186,167,0.7126,0.1515,0.1360,3033,2171,216,221,0.8325,0.0829,0.0848,366,234,36,38,0.7598,0.1169,0.1234,2385,785,366,106,0.6246,0.2912,0.0844
01/2/2004,7070,1440,865,226,167,0.6876,0.1797,0.1328,2978,2139,239,222,0.8227,0.0920,0.0854,345,207,49,36,0.7090,0.1679,0.1233,2307,779,300,103,0.6591,0.2539,0.0872
01/3/2004,7244,1389,802,214,168,0.6774,0.1808,0.1419,3123,2187,262,264,0.8062,0.0966,0.0974,380,235,47,32,0.7485,0.1497,0.1020,2352,795,373,109,0.6226,0.2921,0.0854
01/4/2004,6836,1369,745,236,176,0.6440,0.2040,0.1522,2984,2098,236,246,0.8132,0.0915,0.0954,341,209,36,31,0.7573,0.1305,0.1124,2142,712,296,102,0.6415,0.2667,0.0919
01/5/2004,7182,1442,809,219,203,0.6572,0.1780,0.1650,3078,2148,285,263,0.7968,0.1058,0.0976,373,226,49,44,0.7085,0.1537,0.1380,2289,755,305,199,0.5997,0.2423,0.1581
01/6/2004,6793,1285,703,236,172,0.6328,0.2125,0.1549,3031,2113,249,263,0.8050,0.0949,0.1002,331,202,42,34,0.7267,0.1511,0.1224,2146,711,302,177,0.5975,0.2538,0.1488
01/7/2004,6664,1357,735,207,189,0.6499,0.1831,0.1672,2900,2045,251,223,0.8119,0.0997,0.0886,363,215,30,36,0.7652,0.1068,0.1282,2044,703,237,172,0.6322,0.2132,0.1547
01/8/2004,6895,1333,773,217,183,0.6590,0.1850,0.1561,2985,2024,289,262,0.7861,0.1123,0.1018,375,224,46,46,0.7089,0.1456,0.1456,2202,685,282,194,0.5901,0.2429,0.1671
01/9/2004,6699,1255,703,182,185,0.6571,0.1701,0.1729,2934,2046,240,251,0.8065,0.0946,0.0990,400,256,36,36,0.7805,0.1098,0.1098,2110,669,296,169,0.5900,0.2611,0.1491
01/10/2004,7678,1514,825,258,208,0.6391,0.1999,0.1612,3406,2418,285,220,0.8273,0.0976,0.0753,499,296,60,55,0.7202,0.1460,0.1339,2259,739,291,203,0.5994,0.2361,0.1647
01/11/2004,6818,1457,820,239,181,0.6613,0.1928,0.1460,2956,2045,223,241,0.8151,0.0889,0.0961,434,273,54,46,0.7320,0.1448,0.1234,1971,671,276,123,0.6272,0.2580,0.1150
01/12/2004,6899,1446,839,211,187,0.6783,0.1706,0.1512,3005,2038,248,249,0.8040,0.0979,0.0983,430,275,43,40,0.7682,0.1202,0.1118,2018,624,271,107,0.6228,0.2705,0.1068
01/1/2005,7101,1403,754,234,222,0.6232,0.1934,0.1835,3021,2125,261,237,0.8102,0.0996,0.0904,406,244,44,47,0.7284,0.1314,0.1403,2271,801,361,89,0.6403,0.2886,0.0712
01/2/2005,6469,1362,771,225,180,0.6557,0.1914,0.1531,2737,1922,249,230,0.8005,0.1038,0.0958,387,241,39,45,0.7416,0.1200,0.1385,1983,667,304,84,0.6323,0.2882,0.0797
01/3/2005,7138,1434,775,239,199,0.6390,0.1971,0.1641,3105,2149,289,266,0.7948,0.1069,0.0984,477,277,60,62,0.6943,0.1504,0.1554,2122,709,326,98,0.6258,0.2878,0.0865
01/4/2005,6891,1445,811,219,203,0.6578,0.1777,0.1647,2974,2147,242,213,0.8252,0.0931,0.0819,442,265,51,45,0.7341,0.1413,0.1247,2030,700,287,105,0.6411,0.2629,0.0962
01/5/2005,7236,1478,820,245,219,0.6387,0.1909,0.1706,3106,2170,273,281,0.7967,0.1003,0.1032,463,308,45,50,0.7643,0.1117,0.1241,2189,730,320,177,0.5950,0.2608,0.1443
01/6/2005,6679,1391,741,227,196,0.6366,0.1951,0.1684,2875,2031,267,251,0.7968,0.1048,0.0985,468,282,61,54,0.7104,0.1537,0.1361,1945,637,293,165,0.5818,0.2676,0.1507
01/7/2005,6854,1303,732,208,174,0.6571,0.1868,0.1562,2982,2158,261,244,0.8104,0.0981,0.0917,511,336,45,58,0.7654,0.1026,0.1322,2058,708,271,203,0.5990,0.2293,0.1718
01/8/2005,6440,1339,736,229,206,0.6286,0.1956,0.1760,2681,1906,213,230,0.8115,0.0907,0.0980,485,286,66,51,0.7097,0.1638,0.1266,1935,670,273,147,0.6147,0.2505,0.1349
01/9/2005,6808,1404,776,248,196,0.6361,0.2033,0.1607,2901,2020,268,276,0.7879,0.1046,0.1077,495,294,64,71,0.6854,0.1492,0.1656,2008,657,278,185,0.5867,0.2483,0.1652
01/10/2005,7121,1424,782,239,226,0.6272,0.1917,0.1813,3029,2114,293,267,0.7906,0.1096,0.0999,541,353,48,67,0.7543,0.1026,0.1432,2127,703,307,190,0.5859,0.2559,0.1584
01/11/2005,6787,1374,758,240,184,0.6413,0.2031,0.1557,2829,1981,279,249,0.7896,0.1112,0.0993,520,333,58,53,0.7500,0.1307,0.1194,2064,710,297,97,0.6432,0.2691,0.0879
01/12/2005,6651,1386,766,236,190,0.6427,0.1980,0.1594,2844,1956,273,242,0.7916,0.1105,0.0980,475,309,46,52,0.7593,0.1131,0.1278,1946,680,249,100,0.6609,0.2420,0.0972
01/1/2006,6922,1408,756,251,225,0.6137,0.2038,0.1827,2924,2096,253,254,0.8053,0.0972,0.0976,494,324,52,48,0.7642,0.1227,0.1133,2096,758,329,85,0.6468,0.2808,0.0726
01/2/2006,6430,1436,821,276,179,0.6435,0.2164,0.1403,2648,1906,230,248,0.7995,0.0965,0.1041,431,275,43,51,0.7453,0.1166,0.1383,1915,661,300,74,0.6387,0.2899,0.0715
01/3/2006,7035,1411,794,234,189,0.6525,0.1923,0.1553,2982,2160,270,230,0.8121,0.1016,0.0865,582,374,66,59,0.7495,0.1323,0.1183,2060,749,322,92,0.6441,0.2769,0.0792
01/4/2006,6748,1343,711,256,189,0.6151,0.2215,0.1635,2831,2023,275,236,0.7984,0.1086,0.0932,534,328,67,61,0.7193,0.1470,0.1338,2040,683,304,125,0.6143,0.2734,0.1125
01/5/2006,6656,1387,755,250,190,0.6318,0.2093,0.1590,2787,2013,233,248,0.8072,0.0935,0.0995,521,327,57,58,0.7399,0.1290,0.1313,1961,652,277,158,0.5999,0.2549,0.1454
01/6/2006,6560,1304,715,213,177,0.6471,0.1928,0.1602,2735,1952,231,221,0.8120,0.0961,0.0920,519,317,60,69,0.7108,0.1346,0.1548,2002,709,256,161,0.6297,0.2274,0.1430
01/7/2006,6571,1228,689,190,184,0.6482,0.1788,0.1731,2712,1912,246,230,0.8007,0.1031,0.0964,505,329,48,53,0.7652,0.1117,0.1233,2126,756,280,180,0.6218,0.2303,0.1481
01/8/2006,6345,1260,714,215,177,0.6456,0.1944,0.1601,2563,1817,219,212,0.8083,0.0975,0.0944,506,325,73,45,0.7337,0.1648,0.1016,2016,690,274,181,0.6027,0.2394,0.1581
01/9/2006,6604,1314,743,228,175,0.6484,0.1990,0.1528,2804,1983,262,225,0.8029,0.1061,0.0911,517,315,64,59,0.7192,0.1462,0.1348,1969,683,243,184,0.6154,0.2190,0.1658
01/10/2006,7057,1360,771,247,179,0.6442,0.2064,0.1496,3015,2190,267,250,0.8091,0.0987,0.0924,550,337,61,64,0.7295,0.1321,0.1386,2132,744,304,199,0.5967,0.2438,0.1596
01/11/2006,6652,1385,744,242,211,0.6216,0.2022,0.1763,2787,1971,244,230,0.8062,0.0998,0.0941,524,347,54,57,0.7577,0.1180,0.1245,1956,692,267,128,0.6367,0.2457,0.1178
01/12/2006,6831,1332,740,211,186,0.6509,0.1856,0.1636,2948,2086,248,243,0.8095,0.0963,0.0943,569,365,66,57,0.7480,0.1353,0.1169,1982,707,260,109,0.6571,0.2417,0.1014
01/1/2007,6665,1320,764,202,191,0.6604,0.1746,0.1651,2749,1931,250,254,0.7931,0.1027,0.1044,533,310,59,85,0.6829,0.1300,0.1873,2063,753,343,87,0.6366,0.2900,0.0736
01/2/2007,6282,1241,672,224,188,0.6200,0.2067,0.1735,2571,1802,232,240,0.7925,0.1021,0.1056,518,332,59,57,0.7411,0.1317,0.1273,1952,741,317,77,0.6529,0.2793,0.0679
01/3/2007,6943,1361,757,245,195,0.6325,0.2047,0.1630,2997,2125,251,251,0.8090,0.0956,0.0956,609,358,98,57,0.6979,0.1911,0.1112,1976,703,296,103,0.6380,0.2687,0.0935
01/4/2007,6718,1378,800,201,191,0.6712,0.1687,0.1603,2749,1957,254,224,0.8037,0.1044,0.0920,559,340,80,64,0.7025,0.1653,0.1323,2032,760,251,177,0.6398,0.2113,0.1490
01/5/2007,6594,1306,721,229,173,0.6421,0.2040,0.1541,2752,1928,240,223,0.8064,0.1004,0.0933,564,330,78,83,0.6721,0.1589,0.1691,1972,645,307,155,0.5827,0.2774,0.1401
01/6/2007,4252,851,481,166,117,0.6296,0.2173,0.1532,1756,1242,134,160,0.8086,0.0873,0.1042,353,224,42,40,0.7321,0.1373,0.1308,1292,433,174,128,0.5892,0.2368,0.1742
