year,month,week,name,articles,facebook,googleplus,twitter
2011,8,32,daily mail reporter,368,55706,239,4929
2011,8,32,james chapman,6,1338,3,223
2011,8,32,dan hyde,11,38,0,5
2011,8,32,jason groves,1,0,0,8
2011,8,32,anna hodgekiss,2,2562,7,147
2011,8,32,sportsmail reporter,152,3851,4,444
2011,8,32,this is money reporters,25,12,0,3
2011,8,32,michael seamark,1,47,1,15
2011,8,32,harry glass,8,0,0,1
2011,8,32,jaya narain,4,114,1,22
2011,8,32,daniel martin,7,363,0,94
2011,8,32,frank barrett,2,11,0,16
2011,8,32,paul newman,9,34,0,15
2011,8,32,deborah arthurs,4,160,0,21
2011,8,32,derek lawrenson,2,11,0,11
2011,8,32,chris parsons,1,169,1,27
2011,8,32,john mcentee,1,0,2,0
2011,8,32,georgina littlejohn,7,492,2,22
2011,8,32,daily mail reporters,1,0,0,0
2011,8,32,tara evans,4,7,0,1
2011,8,32,nick pisa,5,1830,5,100
2011,8,32,paul bentley,6,2084,8,238
2011,8,32,lily la,2,22,0,14
2011,8,32,john stevens,4,369,3,43
2011,8,32,jody thompson,10,213,0,42
2011,8,32,alex kay,1,336,0,23
2011,8,32,aiden corkery,1,33,0,18
2011,8,32,daily mail,1,82,1,6
2011,8,32,quentin letts,1,22,0,6
2011,8,32,rachel quigley,9,807,9,45
2011,8,32,daisy dumas,7,687,2,146
2011,8,32,anna edwards,2,3262,9,260
2011,8,32,dominic sandbrook,1,657,5,31
2011,8,32,david lloyd,1,1,0,3
2011,8,32,sophie borland,3,284,1,79
2011,8,32,mark anstead,1,0,0,0
2011,8,32,nadia mendoza,1,17,0,5
2011,8,32,christopher davies,3,255,0,33
2011,8,32,gerrard couzens,1,109,1,6
2011,8,32,andrew levy,6,436,1,84
2011,8,32,chris johnson,5,415,2,63
2011,8,32,fiona roberts,3,283,2,13
2011,8,32,tamara abraham,4,381,0,51
2011,8,32,paul revoir,1,1,0,6
2011,8,32,mike larkin,4,119,0,60
2011,8,32,colin fernandez,2,461,0,53
2011,8,32,jack doyle,1,43,0,8
2011,8,32,alex brummer,5,15,0,2
2011,8,32,sarah bull,10,2260,4,197
2011,8,32,ben west,1,13,0,5
2011,8,32,ian ladyman,5,378,1,98
2011,8,32,alanah eriksen,2,23,0,15
2011,8,32,sarah fitzmaurice,14,715,1,85
2011,8,32,lawrence booth,2,2,0,5
2011,8,32,dan ripley,11,428,1,34
2011,8,32,dr martin scurr,1,2,0,8
2011,8,32,matt lawton,2,241,0,18
2011,8,32,sean poulter,6,193,1,116
2011,8,32,david gardner,4,3702,28,417
2011,8,32,angela brooks,1,1,0,2
2011,8,32,chris foy,6,53,0,17
2011,8,32,travelmail reporter,2,125,0,48
2011,8,32,hugo duncan,6,43,0,4
2011,8,32,eliza scarborough,1,15,0,4
2011,8,32,harry phibbs,2,5,0,5
2011,8,32,richard kay,3,5,0,7
2011,8,32,ian lyall,1,2,0,0
2011,8,32,proactive investors,2,2,0,0
2011,8,32,anne shooter,1,119,0,17
2011,8,32,sara nathan,3,342,0,89
2011,8,32,fiona macrae,4,293,4,99
2011,8,32,neil wilson,3,10,0,22
2011,8,32,eleanor harding,4,142,0,20
2011,8,32,janine self,2,59,0,19
2011,8,32,richard littlejohn,2,118,1,14
2011,8,32,dominic king,6,1447,1,96
2011,8,32,daniel bates,13,3784,148,595
2011,8,32,mac,2,42,0,2
2011,8,32,rosana spero,2,5,0,1
2011,8,32,roger dobson,1,89,0,11
2011,8,32,inderdeep bains,1,15,0,2
2011,8,32,tamara cohen,5,271,1,45
2011,8,32,matt barlow,3,97,0,32
2011,8,32,sanjay jha,1,0,0,0
2011,8,32,colin young,4,619,2,108
2011,8,32,roger baird,2,0,0,1
2011,8,32,allan hall,3,502,12,55
2011,8,32,emily allen,2,453,0,29
2011,8,32,jane gordon,1,45,0,23
2011,8,32,ruth lythe,1,2,0,3
2011,8,32,vanessa allen,2,303,0,41
2011,8,32,peter campbell,4,19,0,23
2011,8,32,marcus barnes,4,217,0,45
2011,8,32,clare nolan,1,0,0,0
2011,8,32,rebecca camber,3,115,0,6
2011,8,32,samantha brick,1,23,1,15
2011,8,32,catherine ostler,1,11,0,83
2011,8,32,mike brown,1,6,0,0
2011,8,32,chris greenwood,3,646,2,48
2011,8,32,andrea magrath,2,74,0,21
2011,8,32,andrew oxlade,2,6,0,0
2011,8,32,lina das,1,53,0,25
2011,8,32,james coney,1,0,0,1
2011,8,32,sally ryder brady,1,20,0,5
2011,8,32,jane fonda,1,1,0,0
2011,8,32,sadie whitelocks,2,140,1,46
2011,8,32,jennifer madison,2,61,1,24
2011,8,32,james coney & sylvia morris,1,3,0,0
2011,8,32,ted thornhill,3,814,5,184
2011,8,32,simon jones - the insider,2,22,0,5
2011,8,32,ed monk,1,2,0,0
2011,8,32,mark duell,12,451,7,44
2011,8,32,carl worswick,2,1,0,5
2011,8,32,simon duke,4,6,0,0
2011,8,32,ray massey,3,34,1,18
2011,8,32,jeremy taylor,1,70,2,22
2011,8,32,david williams,1,59,0,3
2011,8,32,margaret stone,1,0,0,0
2011,8,32,david wilkes,1,33,0,29
2011,8,32,money mail,2,0,0,0
2011,8,32,emily sheridan,1,131,0,35
2011,8,32,simon neville,3,961,8,164
2011,8,32,tom leonard,1,0,0,0
2011,8,32,martin keown,1,0,0,0
2011,8,32,simon jones,1,44,0,1
2011,8,32,geoff foster,2,0,0,0
2011,8,32,luke salkeld,1,43,0,6
2011,8,32,ben todd,1,0,0,0
2011,8,32,india sturgis,1,7,0,0
2011,8,32,laura williamson,5,20,0,15
2011,8,32,simon reeve,1,193,0,19
2011,8,32,sara nelson,1,6,0,4
2011,8,32,urs bhler,1,153,0,5
2011,8,32,carol sarler,1,75,0,11
2011,8,32,jaya narin,1,37,0,4
2011,8,32,martyn palmer,1,1,0,1
2011,8,32,tim shipman,4,85,2,47
2011,8,32,lydia slater,1,10,0,1
2011,8,32,cole moreton,1,300,11,77
2011,8,32,shaun derry,1,6,0,3
2011,8,32,simon cable,2,620,1,367
2011,8,32,this is money,1,1,0,0
2011,8,32,pat harris,1,57,1,11
2011,8,32,craig brown,1,18,0,2
2011,8,32,laura schreffler,4,78,1,22
2011,8,32,beth hale,1,22,0,5
2011,8,32,mike pattenden,1,3,0,1
2011,8,32,tamsin brown,2,1,0,0
2011,8,32,stephen glover,1,80,0,16
2011,8,32,neil moxley,3,16,0,5
2011,8,32,chris wheeler,3,227,0,24
2011,8,32,lorraine candy,1,4,0,5
2011,8,32,gerard hunt,1,71,1,11
2011,8,32,sir george young,1,13,1,11
2011,8,32,paul thompson,3,75,0,7
2011,8,32,louise eccles,2,61,0,1
2011,8,32,ephraim hardcastle,2,46,0,6
2011,8,32,bel mooney,1,11,0,7
2011,8,32,peter allen,1,15,0,4
2011,8,32,sam turner,2,0,0,5
2011,8,32,zelda west-meads,1,0,0,7
2011,8,32,liz thomas,6,1000,3,239
2011,8,32,claire ellicott,1,177,0,11
2011,8,32,mike o'brien,1,42,0,13
2011,8,32,john greechan,1,0,0,0
2011,8,32,sophie forbes,1,131,0,17
2011,8,32,liz jones diary,1,0,0,0
2011,8,32,angela hartnett,3,36,0,3
2011,8,32,william jaffray,1,281,2,2
2011,8,32,jamie beatson,1,55,0,8
2011,8,32,andrew malone,1,181,0,20
2011,8,32,brian carroll,1,90,0,11
2011,8,32,laurie whitwell,3,122,1,13
2011,8,32,gavin newsham,1,8,0,1
2011,8,32,ned denny,1,0,0,0
2011,8,32,john koski,1,6,0,3
2011,8,32,oliver pickup,1,0,0,0
2011,8,32,adrian lowery,1,0,0,0
2011,8,32,hugo daniel,1,17,0,2
2011,8,32,katherine whitbourn,1,1,0,19
2011,8,32,amber pearson,1,0,0,0
2011,8,32,lucy waterlow,1,6,0,7
2011,8,32,sally brompton,1,0,0,0
2011,8,32,fred mawer,1,9,0,0
2011,8,32,damien gayle,1,95,0,15
2011,8,32,sarah stacey,2,4,0,5
2011,8,32,tom kelly,2,95,0,8
2011,8,32,sami mokbel,1,67,0,41
2011,8,32,val hennessy,1,7,0,0
2011,8,32,live reporter,1,20,0,11
2011,8,32,sarah harris,1,22,0,5
2011,8,32,jan moir,1,5,0,6
2011,8,32,annie bell,4,3,1,0
2011,8,32,debbie emery,2,117,0,12
2011,8,32,jo fairley,1,0,0,0
2011,8,32,yvonne swann,1,7,0,1
2011,8,32,andy townsend,1,14,0,0
2011,8,32,michael burleigh,1,402,0,26
2011,8,32,amanda platell,1,245,1,33
2011,8,32,nicole lampert,1,19,0,7
2011,8,32,rebecca hardy,2,22,0,6
2011,8,32,pat hagan,1,87,0,34
2011,8,32,jamie ashcroft,1,0,0,0
2011,8,32,jacqui goddard,1,67,1,6
2011,8,32,marianne power,1,31,0,27
2011,8,32,andy dolan,1,23,0,7
2011,8,32,constance craig smith,1,0,0,0
2011,8,32,geoffrey levy,1,8,0,6
2011,8,32,tim chalmers,1,3,0,1
2011,8,32,ruth sunderland,1,2,0,0
2011,8,32,rebecca english,1,9,0,5
2011,8,32,luke benedict,1,0,0,0
2011,8,32,gerald seymour,1,134,0,6
2011,8,32,simon lambert,1,0,0,1
2011,8,32,michael hanlon,1,38,1,29
2011,8,32,richard shears,1,3,0,0
2011,8,32,luke roberts,1,0,0,1
2011,8,32,amanda cable,1,10,1,1
2011,8,32,peter jardine,2,203,0,16
2011,8,32,paula kerr,1,1,0,9
2011,8,32,ian drury,1,46,0,1
2011,8,32,kirsty walker,1,15,0,1
2011,8,32,jane fryer,1,137,1,27
2011,8,32,stephen womack,3,1,0,2
2011,8,32,neil craven,1,5,0,3
2011,8,32,dan atkinson,1,7,0,1
2011,8,32,roz lewis,1,10,0,2
2011,8,32,tony hetherington,1,0,0,0
2011,8,32,brendan carlin,2,144,0,17
2011,8,32,lawrie holmes,1,0,0,0
2011,8,32,melissa kite,1,3,0,4
2011,8,32,dan keel,1,0,0,1
2011,8,32,simon watkins,1,11,0,4
2011,8,32,bob cass,1,8,0,6
2011,8,32,derek hunter,1,76,1,3
2011,8,32,malcolm brown,1,61,0,1
2011,8,32,ian gallagher,2,2629,17,426
2011,8,32,jon rees,1,0,0,0
2011,8,32,joe bernstein,4,239,0,33
2011,8,32,jo thornhill,2,11,0,4
2011,8,32,ian stafford,3,50,0,11
2011,8,32,mark ryan,1,33,0,3
2011,8,32,katie nicholl,2,48,0,13
2011,8,32,marc horne,1,24,0,2
2011,8,32,j j anisiobi,1,4,0,0
2011,8,32,anne sebba,1,138,4,25
2011,8,32,nick metcalfe,1,2,0,0
2011,8,32,richard bott,2,2,0,0
2011,8,32,joanne hart,1,0,0,0
2011,8,32,peter higgs,1,0,0,5
2011,8,32,vicki owen,1,19,0,2
2011,8,32,peter day,1,1,0,0
2011,8,32,andrew roberts,1,6,0,3
2011,8,32,rob draper,1,5,0,8
2011,8,32,heather brooke,1,110,7,91
2011,8,32,jeff prestridge,1,0,0,0
2011,8,32,dr ellie cannon,1,6,0,3
2011,8,32,rachel johnson,1,6,1,11
2011,8,32,ben lyttleton,1,16,0,14
2011,8,32,by daily mail reporter,2,490,0,26
2011,8,32,paul bracchi,1,20,0,6
2011,8,32,piers hernu,1,91,0,20
2011,8,32,chris hastings,1,199,1,7
2011,8,32,glen owen,2,406,0,16
2011,8,32,black dog,1,0,0,0
2011,8,32,siobhan mcfadyen,1,12,0,3
2011,8,32,jim brookes,1,1,0,8
2011,8,32,jessica satherley,1,5,0,6
2011,8,32,james millbank,1,141,0,5
2011,8,32,peter hayter,1,0,0,0
2011,8,32,iain martin,1,1,0,6
2011,8,32,terry smith,1,0,0,0
2011,8,32,nick harris,1,59,0,13
2011,8,32,christopher leake,1,0,0,0
