year,month,week,name,articles,facebook,googleplus,twitter
2011,10,43,sportsmail reporter,182,3848,3,584
2011,10,43,this is money reporter,11,5,0,5
2011,10,43,nigel mansell,1,0,0,2
2011,10,43,rob cooper,19,1775,8,232
2011,10,43,wil longbottom,5,44,5,8
2011,10,43,emily allen,9,274,2,84
2011,10,43,lauren paxman,6,833,3,139
2011,10,43,jade watkins,6,379,1,47
2011,10,43,derek lawrenson,2,5,0,3
2011,10,43,simon cass,3,12,0,7
2011,10,43,claudia connell,1,2,0,0
2011,10,43,daily mail reporter,114,14631,102,1484
2011,10,43,sophie borland,4,231,1,48
2011,10,43,georgina littlejohn,9,507,6,77
2011,10,43,deborah arthurs,9,2290,12,312
2011,10,43,mark duell,13,1207,15,100
2011,10,43,anthony bond,4,792,5,67
2011,10,43,adam crafton,1,46,0,11
2011,10,43,sarah bull,24,3169,15,311
2011,10,43,edited by stephen womack,1,0,0,0
2011,10,43,martin domin,1,103,0,5
2011,10,43,york membery,1,1,0,2
2011,10,43,sarah fitzmaurice,11,265,10,45
2011,10,43,jan moir,3,219,1,20
2011,10,43,pugh,1,1,0,0
2011,10,43,gavin allen,3,1027,1,33
2011,10,43,dan ripley,2,14,0,3
2011,10,43,paul connolly,1,36,0,8
2011,10,43,geoff foster,2,0,0,1
2011,10,43,sam turner,3,0,0,2
2011,10,43,rob waugh,9,2036,39,282
2011,10,43,maysa rawi,5,1849,6,243
2011,10,43,nadia gilani,9,775,30,187
2011,10,43,ian ladyman,4,122,0,36
2011,10,43,jonathan mcevoy,2,65,0,9
2011,10,43,this is money reporters,4,5,0,0
2011,10,43,kirsty mccormack,9,265,4,71
2011,10,43,louise boyle,10,13522,10,475
2011,10,43,sadie whitelocks,11,363,3,118
2011,10,43,chris greenwood,3,64,0,19
2011,10,43,india sturgis,2,96,1,15
2011,10,43,mark webster,1,1,0,6
2011,10,43,ross clark,1,1,0,1
2011,10,43,philip duncan,1,29,0,11
2011,10,43,lawrence booth,3,53,1,15
2011,10,43,ian lyall,1,0,0,0
2011,10,43,proactive investors,1,0,0,0
2011,10,43,rebecca camber,2,105,0,9
2011,10,43,charles sale,2,0,0,1
2011,10,43,david gerges,2,35,20,7
2011,10,43,oliver pickup,3,82,0,20
2011,10,43,daisy dumas,11,4563,21,545
2011,10,43,fiona macrae,2,307,1,42
2011,10,43,peter campbell,2,7,0,3
2011,10,43,marcus barnes,1,9,1,2
2011,10,43,john greechan,2,40,0,5
2011,10,43,rick dewsbury,2,655,3,85
2011,10,43,graham smith,9,1563,2,130
2011,10,43,david gardner,2,133,2,13
2011,10,43,jessica satherley,6,1504,3,118
2011,10,43,chris wheeler,3,109,0,19
2011,10,43,hugo duncan,4,23,0,7
2011,10,43,matt barlow,3,167,0,25
2011,10,43,becky barrow,6,95,0,41
2011,10,43,stephen mcgowan,3,20,0,2
2011,10,43,ian drury,3,139,1,23
2011,10,43,lee boyce,5,14,0,23
2011,10,43,ted thornhill,3,60,0,6
2011,10,43,emily sheridan,9,611,6,110
2011,10,43,harry phibbs,2,32,0,2
2011,10,43,sophie forbes,11,181,4,27
2011,10,43,lucy waterlow,1,12,1,2
2011,10,43,daniel bates,7,2531,15,218
2011,10,43,valentina jovanovski,1,0,0,0
2011,10,43,anna hodgekiss,1,51,0,12
2011,10,43,laura schreffler,14,251,8,92
2011,10,43,james chapman,7,318,0,66
2011,10,43,richard littlejohn,2,91,1,21
2011,10,43,dominic king,4,212,0,35
2011,10,43,mac,4,67,0,6
2011,10,43,karl-ulrich khler,1,0,0,2
2011,10,43,nadia mendoza,7,160,3,30
2011,10,43,daily mail comment,2,22,0,4
2011,10,43,associated press,13,1616,19,162
2011,10,43,sara nelson,5,5437,29,385
2011,10,43,chloe lambert,1,113,0,16
2011,10,43,harry glass,7,10,0,4
2011,10,43,hannah roberts,5,239,3,36
2011,10,43,lisa buckingham,1,0,0,0
2011,10,43,claire bates,5,552,18,81
2011,10,43,dr robert lefever,3,1,1,2
2011,10,43,kirsty walker,3,48,0,8
2011,10,43,roy hattersley,1,33,0,2
2011,10,43,daniel miller,5,156,4,28
2011,10,43,brian darling,1,31,0,7
2011,10,43,daily mail reporters,1,15,0,2
2011,10,43,ben todd,4,787,5,48
2011,10,43,thomas fleming,1,10,1,1
2011,10,43,benji wilson,1,14,0,0
2011,10,43,emma reynolds,4,779,3,110
2011,10,43,angela dowden,1,19,1,17
2011,10,43,jack doyle,2,93,0,10
2011,10,43,abhijit pandya,2,12,0,1
2011,10,43,hugo gye,4,79,0,32
2011,10,43,mimi spencer,1,2,0,0
2011,10,43,john edwards,5,375,0,76
2011,10,43,travelmail reporter,3,43,0,29
2011,10,43,holly thomas,11,700,4,117
2011,10,43,jo craven,1,38,0,13
2011,10,43,neil sears,2,9,0,2
2011,10,43,rachel quigley,3,685,4,67
2011,10,43,adrian lowery,3,21,0,8
2011,10,43,alex singleton,1,3,2,4
2011,10,43,luke salkeld,4,18,0,1
2011,10,43,martin samuel,2,80,0,82
2011,10,43,tim shipman,1,3,0,0
2011,10,43,alanah eriksen,11,765,7,100
2011,10,43,keith gladdis,1,36,0,26
2011,10,43,andrea magrath,3,38,0,11
2011,10,43,john stevens,3,915,6,36
2011,10,43,laurie whitwell,6,657,2,91
2011,10,43,daniel martin,5,221,0,56
2011,10,43,stuart husband,1,44,0,40
2011,10,43,kerry mcqueeney,10,1069,3,176
2011,10,43,lauren thompson,1,0,0,0
2011,10,43,graham otway,1,43,0,0
2011,10,43,craig brown,2,43,1,3
2011,10,43,rory knight bruce,1,133,0,6
2011,10,43,richard kay,2,71,0,15
2011,10,43,matt fortune,1,0,0,4
2011,10,43,inderdeep bains,1,0,0,0
2011,10,43,dan hyde,5,13,0,5
2011,10,43,ruth lythe,1,8,0,1
2011,10,43,dominic lawson,1,0,0,0
2011,10,43,mike larkin,9,202,4,34
2011,10,43,ephraim hardcastle,4,0,0,2
2011,10,43,max hastings,1,11,0,8
2011,10,43,neil moxley,3,33,0,16
2011,10,43,jason groves,3,129,1,52
2011,10,43,eleanor harding,1,0,0,0
2011,10,43,sam dunn,1,1,0,0
2011,10,43,jeff powell,1,11,0,4
2011,10,43,rupert steiner,2,1,0,0
2011,10,43,alex brummer,3,8,0,23
2011,10,43,colin fernandez,1,57,0,2
2011,10,43,peter jardine,3,27,0,10
2011,10,43,charlie wolf,1,6,0,2
2011,10,43,chris johnson,8,158,2,35
2011,10,43,jim hooley,1,52,0,1
2011,10,43,lindsay johns,1,13,0,0
2011,10,43,jenny coad,1,15,0,21
2011,10,43,james white,2,47,1,3
2011,10,43,rebecca english,3,124,0,17
2011,10,43,matt lawton,2,66,0,7
2011,10,43,melanie phillips,1,238,1,18
2011,10,43,richard shears,2,48,0,5
2011,10,43,sean poulter,5,1128,5,114
2011,10,43,chris foy,4,54,1,6
2011,10,43,jane wallace,1,4,0,1
2011,10,43,damien gayle,3,778,4,91
2011,10,43,leah hardy,1,510,5,38
2011,10,43,money mail,3,0,0,0
2011,10,43,michael walker,1,21,0,5
2011,10,43,travelmail,1,13,1,21
2011,10,43,tamara abraham,3,298,2,60
2011,10,43,janine self,1,0,0,1
2011,10,43,leon watson,4,220,2,15
2011,10,43,richard pendlebury,2,60,0,7
2011,10,43,joe ridge,2,46,0,26
2011,10,43,tamara cohen,3,207,2,58
2011,10,43,dominique jackson,1,1,0,2
2011,10,43,marianne power,1,70,2,10
2011,10,43,alex kay,2,403,1,33
2011,10,43,liz hull,2,9,5,0
2011,10,43,simon lambert,1,41,0,7
2011,10,43,rob davies,1,0,0,0
2011,10,43,lucy buckland,11,3651,13,241
2011,10,43,tara evans,2,2,0,4
2011,10,43,isla whitcroft,1,11,0,8
2011,10,43,linda blair,1,20,0,8
2011,10,43,laura stott,1,25,0,24
2011,10,43,claire ellicott,2,47,0,13
2011,10,43,andrew oxlade,1,18,0,0
2011,10,43,quentin letts,4,12,0,3
2011,10,43,meghan keneally,7,2462,4,142
2011,10,43,virginia ironside,1,37,0,10
2011,10,43,peter allen,3,91,1,13
2011,10,43,jenny hope,3,199,1,54
2011,10,43,liz jones,2,7,0,17
2011,10,43,elsa mcalonan,1,3,0,12
2011,10,43,christine smith,1,0,0,0
2011,10,43,stephen doughty,2,61,0,14
2011,10,43,leo spall,1,6,0,15
2011,10,43,amanda platell,1,35,0,8
2011,10,43,paul revoir,2,45,0,6
2011,10,43,laura williamson,5,137,0,24
2011,10,43,nicole lampert,1,92,0,55
2011,10,43,diana appleyard,1,24,0,5
2011,10,43,marcus townend,3,4,0,0
2011,10,43,nigel jones,1,3,0,0
2011,10,43,mail foreign service,1,57,1,32
2011,10,43,david leafe,1,35,0,4
2011,10,43,lorna brash,2,12,0,0
2011,10,43,richard waghorne,1,0,0,1
2011,10,43,niamh lyons,1,28,0,6
2011,10,43,katherine whitbourn,1,0,0,0
2011,10,43,ned denny,1,8,0,0
2011,10,43,richard hartley-parkinson,3,4402,4,244
2011,10,43,live reporter,2,391,0,74
2011,10,43,neil ashton,1,312,0,219
2011,10,43,eleanor gower,4,235,1,25
2011,10,43,simon duke,3,20,0,9
2011,10,43,liz jones diary,1,3,0,1
2011,10,43,emma cox,2,34,0,1
2011,10,43,sarah gordon,1,24,0,17
2011,10,43,lorraine candy,1,6,0,5
2011,10,43,chris tookey,5,57,1,19
2011,10,43,adrian thrills,1,10,0,2
2011,10,43,paul thompson,1,1,0,1
2011,10,43,this is money,3,1,0,0
2011,10,43,judi james,1,2,0,0
2011,10,43,zelda west-meads,1,0,0,0
2011,10,43,sonia poulton,2,34,0,3
2011,10,43,melissa kite,1,20,0,1
2011,10,43,jaci stephen,1,0,0,0
2011,10,43,martin robinson,3,593,5,22
2011,10,43,allan hall,1,196,1,24
2011,10,43,sarah stacey,2,0,0,5
2011,10,43,dan davies,1,28,0,6
2011,10,43,john preston,1,1,0,0
2011,10,43,tim oglethorpe,1,19,0,4
2011,10,43,matt lawless,1,3520,5,478
2011,10,43,wendy holden,1,7,0,2
2011,10,43,tom utley,1,1,0,0
2011,10,43,gino d'acampo,1,0,0,0
2011,10,43,kate loveys,2,23,0,5
2011,10,43,ian birrell,1,28,0,7
2011,10,43,ian ridley,1,14,0,20
2011,10,43,nick pisa,1,1,0,3
2011,10,43,amelia proud,2,7,1,5
2011,10,43,tom kelly,1,76,0,16
2011,10,43,steve doughty,1,0,0,0
2011,10,43,emma love,1,1,0,0
2011,10,43,des kelly,1,10,0,5
2011,10,43,andy townsend,1,26,0,9
2011,10,43,sarah hajibagheri,1,33,0,10
2011,10,43,sara nathan,1,52,0,21
2011,10,43,christopher wilson,1,75,1,7
2011,10,43,daily mail,2,0,0,1
2011,10,43,jo fairley,1,0,0,0
2011,10,43,laura latham,1,19,0,5
2011,10,43,ask the experts,1,0,0,0
2011,10,43,kathryn knight,1,196,1,13
2011,10,43,anna pursglove,1,58,0,9
2011,10,43,nick metcalfe,1,6,0,2
2011,10,43,yvonne swann,1,13,0,3
2011,10,43,tony hazell,1,0,0,0
2011,10,43,michael hanlon,1,11,0,4
2011,10,43,donna mcconnell,1,124,1,18
2011,10,43,steve skerry,1,0,0,1
2011,10,43,erik bielderman,1,9,0,6
2011,10,43,mike o'brien,1,12,0,1
2011,10,43,brenda almond,1,10,0,3
2011,10,43,rob wildman,1,1,0,0
2011,10,43,simon heffer,1,195,3,29
2011,10,43,ruth sunderland,1,0,0,0
2011,10,43,david williams,2,180,0,6
2011,10,43,chief reporter,1,8,0,0
2011,10,43,steve bird,1,152,0,29
2011,10,43,mark hughes-morgan,1,2,0,1
2011,10,43,andrew pierce,1,106,0,27
2011,10,43,ed monk,1,0,0,0
2011,10,43,tom bellwood,1,0,0,0
2011,10,43,chris parsons,1,118,1,12
2011,10,43,chris moncrieff,1,16,0,0
2011,10,43,m e synon,1,0,0,0
2011,10,43,sami mokbel,1,54,0,13
2011,10,43,angela jameson,1,0,0,0
2011,10,43,val hennessy,1,48,0,2
2011,10,43,mick collins,1,0,0,0
2011,10,43,dr ellie cannon,1,83,0,12
2011,10,43,vicki owen,1,0,0,4
2011,10,43,richard bott,1,0,0,0
2011,10,43,simon watkins,1,0,0,0
2011,10,43,cara sloman,1,7,0,0
2011,10,43,derek hunter,1,1,0,2
2011,10,43,richard dyson,1,2,0,0
2011,10,43,patrick collins,2,62,0,8
2011,10,43,stephanie beacham,1,11,0,6
2011,10,43,jo thornhill,1,5,0,7
2011,10,43,simon walters,1,17,0,16
2011,10,43,neil craven,1,0,0,0
2011,10,43,mail on sunday reporter,1,17,0,3
2011,10,43,ann pride,3,55,2,12
2011,10,43,nick harris,4,85,0,27
2011,10,43,sophie goodchild,1,185,2,11
2011,10,43,jon rees,1,0,0,0
2011,10,43,simon mann,1,5,0,2
2011,10,43,joanne hart,1,0,0,0
2011,10,43,gary neville,1,82,0,4
2011,10,43,rob draper,3,147,0,17
2011,10,43,steve martyn,1,2,0,1
2011,10,43,tom mcghie,1,0,0,1
2011,10,43,joe bernstein,3,4,0,4
2011,10,43,jill foster,1,62,0,8
2011,10,43,dan atkinson,1,0,0,0
2011,10,43,lydia warren,1,44,0,10
2011,10,43,amanda perthen,1,28,0,2
2011,10,43,sarah harris,1,14,0,4
2011,10,43,craig mackenzie,1,33,0,7
2011,10,43,tom worden,1,204,0,10
2011,10,43,katie nicholl,1,24,1,3
2011,10,43,charlotte griffiths,1,24,1,3
2011,10,43,peter higgs,1,100,0,4
2011,10,43,caroline graham,1,70,1,8
2011,10,43,barbara jones,1,179,1,19
2011,10,43,jeff prestridge,2,0,0,2
2011,10,43,stephen womack,1,47,0,5
2011,10,43,sue reid,1,81,0,1
2011,10,43,glen owen,1,13,1,5
2011,10,43,robert verkaik,1,42,2,18
2011,10,43,lawrie holmes,1,0,0,0
2011,10,43,ian stafford,1,0,0,0
