year,month,week,name,articles,facebook,googleplus,twitter
2011,8,31,sarah fitzmaurice,14,590,4,93
2011,8,31,chris brooke,1,109,0,12
2011,8,31,laura williamson,3,9,0,12
2011,8,31,simon cass,3,283,4,36
2011,8,31,sarah bull,6,333,0,78
2011,8,31,linda kelsey,1,62,0,14
2011,8,31,daily mail reporter,327,31069,250,3377
2011,8,31,ross clark,2,27,0,13
2011,8,31,mike larkin,7,192,2,34
2011,8,31,simon duke,7,19,0,28
2011,8,31,duncan farmer,2,8,0,5
2011,8,31,sportsmail reporter,164,3438,6,544
2011,8,31,nigel colborn,1,0,0,0
2011,8,31,louise eccles,2,24,0,6
2011,8,31,dan hyde,6,10,0,5
2011,8,31,rebecca camber,3,108,0,14
2011,8,31,john naish,1,148,2,45
2011,8,31,alison boshoff,1,138,0,1
2011,8,31,this is money reporters,23,42,0,6
2011,8,31,anita bennett,1,254,2,36
2011,8,31,dr martin scurr,1,0,0,12
2011,8,31,jason groves,2,1,1,0
2011,8,31,nick pisa,4,94,0,29
2011,8,31,daisy dumas,5,304,3,74
2011,8,31,roger baird,3,2,0,0
2011,8,31,melanie phillips,1,168,1,36
2011,8,31,andrea magrath,9,474,2,70
2011,8,31,georgina littlejohn,5,260,2,49
2011,8,31,jeff powell,3,39,0,5
2011,8,31,fiona macrae,3,98,1,27
2011,8,31,rob cooper,5,130,1,31
2011,8,31,alanah eriksen,8,531,2,108
2011,8,31,angela epstein,2,77,0,23
2011,8,31,lawrence booth,6,28,0,11
2011,8,31,chris wheeler,4,442,1,34
2011,8,31,rachel quigley,17,678,1,117
2011,8,31,steve turner,1,12,0,6
2011,8,31,deborah arthurs,5,498,1,97
2011,8,31,this is money,3,3,0,1
2011,8,31,kirsty walker,3,185,0,43
2011,8,31,craig brown,2,16,0,9
2011,8,31,holly thomas,15,1563,2,128
2011,8,31,daily mail reporters,3,3,0,1
2011,8,31,nick fagge,3,42,0,10
2011,8,31,helen loveless,1,0,0,0
2011,8,31,louise ellis,1,36,0,29
2011,8,31,etain lavelle,1,0,0,0
2011,8,31,tamara cohen,3,313,4,66
2011,8,31,peta bee,1,7,0,5
2011,8,31,andrew levy,2,2138,26,133
2011,8,31,daniel bates,3,119,2,17
2011,8,31,paul bentley,7,1429,17,155
2011,8,31,carol davis,1,8,0,1
2011,8,31,ray massey,3,73,0,16
2011,8,31,peter allen,2,431,2,37
2011,8,31,ian ladyman,2,9,0,4
2011,8,31,john stevens,5,620,2,42
2011,8,31,nadia mendoza,1,14,0,3
2011,8,31,nasser hussain,1,10,0,1
2011,8,31,allan hall,1,573,4,41
2011,8,31,fiona roberts,12,4406,26,325
2011,8,31,travelmail reporter,1,22,0,19
2011,8,31,gerri peev,3,150,0,20
2011,8,31,eleanor harding,3,286,1,43
2011,8,31,sarah gordon,1,2,0,1
2011,8,31,jaya narain,2,99,0,8
2011,8,31,geoff foster,3,0,0,0
2011,8,31,katy b. olson,6,746,1,24
2011,8,31,mark duell,7,2264,6,87
2011,8,31,rebecca english,2,32,0,9
2011,8,31,andrew alexander,1,50,1,6
2011,8,31,michael arditti,3,8,0,5
2011,8,31,sam turner,4,0,0,1
2011,8,31,max hastings,1,9,0,1
2011,8,31,rob davies,2,0,0,0
2011,8,31,neil wilson,4,13,0,8
2011,8,31,melanie mulhern,1,3,0,0
2011,8,31,sami mokbel,4,423,0,67
2011,8,31,neil barraclough,2,16,0,1
2011,8,31,sylvia morris,1,2,0,0
2011,8,31,jonathan mcevoy,3,62,1,10
2011,8,31,luke salkeld,2,161,0,15
2011,8,31,james chapman,5,265,2,105
2011,8,31,christian gysin,1,55,1,10
2011,8,31,harry glass,6,0,0,1
2011,8,31,david wilkes,4,1129,3,80
2011,8,31,tom worden,2,26,0,13
2011,8,31,yvonne swann,1,0,0,0
2011,8,31,lee moran,7,19900,159,1263
2011,8,31,manfreda cavazza,1,0,0,0
2011,8,31,ian drury,4,332,0,33
2011,8,31,lauren thompson,3,16,0,4
2011,8,31,margaret stone,1,0,0,0
2011,8,31,neil moxley,3,213,0,28
2011,8,31,peter jardine,3,176,0,9
2011,8,31,jenna good,1,0,0,0
2011,8,31,ruth sunderland,3,1,0,1
2011,8,31,hugo duncan,4,109,0,25
2011,8,31,steve bird,1,52,0,4
2011,8,31,steve doughty,2,1148,3,91
2011,8,31,jenny hope,4,180,2,129
2011,8,31,tamsin brown,1,3,0,0
2011,8,31,matt barlow,5,214,0,17
2011,8,31,dominic king,2,221,0,66
2011,8,31,sandra parsons,1,15,0,6
2011,8,31,liz thomas,1,0,0,1
2011,8,31,j j anisiobi,1,80,0,11
2011,8,31,jill foster,1,144,1,15
2011,8,31,tamara abraham,5,179,0,50
2011,8,31,paul newman,4,26,0,11
2011,8,31,james coney,1,1,0,1
2011,8,31,stuart husband,2,22,0,3
2011,8,31,paul thompson,4,324,1,28
2011,8,31,vincent graff,1,25,0,6
2011,8,31,sean poulter,2,4455,13,737
2011,8,31,ingrid seward,1,50,1,17
2011,8,31,dan ripley,1,9,0,1
2011,8,31,sadie whitelocks,4,3624,7,314
2011,8,31,mimi spencer,1,1,0,20
2011,8,31,jack doyle,3,279,0,39
2011,8,31,peter campbell,1,0,0,0
2011,8,31,claire ellicott,1,1270,14,219
2011,8,31,nick metcalfe,2,199,0,15
2011,8,31,ephraim hardcastle,3,5,0,2
2011,8,31,david lloyd,1,0,0,2
2011,8,31,damien gayle,2,263,2,9
2011,8,31,inderdeep bains,3,232,4,74
2011,8,31,wil longbottom,2,31,1,4
2011,8,31,elsa mcalonan,1,47,0,1
2011,8,31,catherine eade,2,193,1,45
2011,8,31,david derbyshire,3,386,0,46
2011,8,31,sanjay jha,1,16,0,6
2011,8,31,money mail,1,18,0,8
2011,8,31,stephen glover,1,18,0,3
2011,8,31,mike dickson,1,23,0,9
2011,8,31,mark piggott,1,13,0,3
2011,8,31,samantha brick,1,158,0,39
2011,8,31,stephen wright,1,4,0,6
2011,8,31,ian birrell,1,282,2,37
2011,8,31,nikki kenward,1,0,0,0
2011,8,31,pete jenson,1,6,0,8
2011,8,31,emily white,1,543,1,55
2011,8,31,brian marjoribanks,1,23,0,1
2011,8,31,bridget harrison,1,24,0,1
2011,8,31,daily mail,1,6,0,5
2011,8,31,charlotte kemp,1,10,0,28
2011,8,31,daily mail comment,2,21,0,18
2011,8,31,adrian deevoy,1,73,1,16
2011,8,31,liz jones,1,9,1,3
2011,8,31,chris johnson,1,62,0,23
2011,8,31,roz lewis,1,5,0,11
2011,8,31,sam greenhill,1,57,0,22
2011,8,31,chris hall,2,165,0,20
2011,8,31,derek lawrenson,3,31,0,9
2011,8,31,nick mcdermott,1,18,0,2
2011,8,31,ashley gray,1,23,0,12
2011,8,31,alan fraser,1,2,0,7
2011,8,31,jody thompson,5,484,1,64
2011,8,31,dan newling,1,80,1,5
2011,8,31,stephanie cross,1,0,0,1
2011,8,31,dan davies,1,1,0,0
2011,8,31,john preston,1,3,0,2
2011,8,31,ian sparks,1,15,0,2
2011,8,31,kate loveys,1,0,0,0
2011,8,31,live reporter,1,2,0,1
2011,8,31,patrick marmion,1,0,0,0
2011,8,31,charles sale,2,34,0,26
2011,8,31,lydia warren,1,28,0,6
2011,8,31,sarah stacey,1,2,0,44
2011,8,31,simon cable,1,0,0,0
2011,8,31,alex brummer,1,0,0,0
2011,8,31,james o'brien,2,30,0,1
2011,8,31,paul revoir,3,180,0,29
2011,8,31,alexander neville,1,3,0,1
2011,8,31,lucy laing,1,62,0,4
2011,8,31,tara evans,1,0,0,0
2011,8,31,mail foreign service,1,973,0,65
2011,8,31,mac,2,37,0,18
2011,8,31,monty don,1,1,0,0
2011,8,31,andrew oxlade,1,2,0,2
2011,8,31,adrian thrills,1,24,0,4
2011,8,31,emily allen,2,84,1,40
2011,8,31,jemma kidd,1,5,0,5
2011,8,31,emily payne,1,0,0,1
2011,8,31,david gillard,2,19,0,6
2011,8,31,richard kay,1,5,0,11
2011,8,31,tony rennell,1,416,2,24
2011,8,31,ed monk,1,3,0,3
2011,8,31,rebecca twomey,3,2467,13,110
2011,8,31,rob mcgibbon,1,0,0,3
2011,8,31,kieran falconer,1,159,1,23
2011,8,31,andy dolan,1,136,0,16
2011,8,31,simon hopkinson,3,31,0,0
2011,8,31,roy hattersley,1,104,0,2
2011,8,31,lara sargent,1,5,0,0
2011,8,31,joe ridge,2,6,0,6
2011,8,31,anna edwards,4,3986,31,463
2011,8,31,quentin letts,2,27,1,120
2011,8,31,bel mooney,1,6,0,4
2011,8,31,richard barber,1,9,0,1
2011,8,31,sara nathan,1,18,0,3
2011,8,31,sarah harris,1,6762,78,1155
2011,8,31,jenny johnston,2,140,2,31
2011,8,31,pat hagan,1,85,0,21
2011,8,31,tom kelly,1,85,0,35
2011,8,31,anthony paris,3,0,0,0
2011,8,31,jenny stocks,1,15,0,6
2011,8,31,michael walker,1,145,0,6
2011,8,31,mark hughes-morgan,2,1,0,7
2011,8,31,lisa sewards,1,11,0,2
2011,8,31,laurie whitwell,1,20,0,13
2011,8,31,matt lawton,1,3,0,2
2011,8,31,murray walker,1,595,1,146
2011,8,31,ian lyall,1,0,0,0
2011,8,31,barbara davies,1,3,0,2
2011,8,31,tom utley,1,3,0,2
2011,8,31,martin robinson,1,0,0,0
2011,8,31,jeff prestridge,3,0,0,14
2011,8,31,kathryn knight,2,113,2,14
2011,8,31,neil sears,1,103,0,4
2011,8,31,marianne power,1,1,0,0
2011,8,31,hugh gordon,1,22,0,10
2011,8,31,chris foy,1,0,0,0
2011,8,31,simon lambert,1,2,0,1
2011,8,31,david jones,1,58,0,18
2011,8,31,jessica satherley,1,36,0,10
2011,8,31,mario gomez,1,1,0,0
2011,8,31,matt lawless,1,449,1,32
2011,8,31,ted thornhill,1,0,0,0
2011,8,31,john koski,1,17,0,3
2011,8,31,james millbank,1,528,3,37
2011,8,31,mail on sunday reporter,5,185,0,30
2011,8,31,polly dunbar,1,7,0,1
2011,8,31,carl worswick,1,2,0,7
2011,8,31,emily sheridan,1,35,0,6
2011,8,31,tom mcghie,1,1,0,6
2011,8,31,jim brookes,2,5,0,1
2011,8,31,joe bernstein,2,130,0,12
2011,8,31,graham otway,1,1,0,30
2011,8,31,jonathan powell,2,0,0,0
2011,8,31,simon watkins,1,2,0,0
2011,8,31,sarah bridge,1,0,0,0
2011,8,31,edna fernandes,1,78,0,6
2011,8,31,chris power,1,2,0,22
2011,8,31,sharon churcher,3,70,2,28
2011,8,31,janine self,1,39,0,7
2011,8,31,andrew warshaw,1,1,0,0
2011,8,31,brendan carlin,1,23,1,56
2011,8,31,simon walters,1,15,0,11
2011,8,31,graeme croser,1,3,0,0
2011,8,31,dr ellie cannon,1,42,0,29
2011,8,31,fraser mackie,1,9,0,2
2011,8,31,ian stafford,1,1,0,4
2011,8,31,angela carless,1,524,1,19
2011,8,31,dr sam bunting,1,26,1,3
2011,8,31,robert verkaik,1,0,0,0
2011,8,31,jo thornhill,3,4,0,1
2011,8,31,melissa kite,1,1,0,2
2011,8,31,jonathan petre,1,145,0,241
2011,8,31,iain martin,1,1,0,4
2011,8,31,patrick collins,2,13,0,17
2011,8,31,nick harris,2,89,0,7
2011,8,31,stephen womack,1,1,0,0
2011,8,31,nick constable,1,37,0,7
2011,8,31,karen farrington,1,37,0,7
2011,8,31,caroline graham,2,80,0,10
2011,8,31,mark ryan,1,146,1,42
2011,8,31,andy whelan,1,53,0,8
2011,8,31,jonathan wilson,1,2,0,1
2011,8,31,amanda platell,1,120,0,5
2011,8,31,neil craven,1,0,0,2
2011,8,31,richard dyson,1,1,0,3
2011,8,31,marcus du sautoy,1,46,1,23
2011,8,31,chris hastings,1,6,0,1
2011,8,31,bill day,1,2,0,1
2011,8,31,claudia connell,1,1351,12,123
2011,8,31,daniel martin,1,12,0,7
2011,8,31,lara gould,1,57,0,5
2011,8,31,diana appleyard,1,0,0,3
2011,8,31,mark anstead,1,12,0,6
2011,8,31,alex hawkes,1,0,0,0
