year,month,week,name,articles,facebook,googleplus,twitter
2012,2,8,ian drury,2,38,3,21
2012,2,8,rosie taylor,1,60,5,20
2012,2,8,iona kirby,15,519,18,103
2012,2,8,daily mail reporter,155,9440,203,1681
2012,2,8,reuters reporter,1,20,0,3
2012,2,8,damien gayle,17,2778,147,437
2012,2,8,sportsmail reporter,195,2671,29,1012
2012,2,8,daniel miller,5,1644,25,382
2012,2,8,john stevens,2,26,2,10
2012,2,8,marissa charles,2,370,2,31
2012,2,8,tim shipman,7,203,6,74
2012,2,8,this is money reporter,13,16,0,18
2012,2,8,eddie wrenn,13,1846,37,396
2012,2,8,melissa kite,1,5,0,2
2012,2,8,julian gavaghan,4,369,8,85
2012,2,8,craig brown,1,5,0,1
2012,2,8,associated press,16,841,17,152
2012,2,8,lydia warren,3,479,6,53
2012,2,8,kirsty walker,3,164,3,54
2012,2,8,ed monk,1,10,0,0
2012,2,8,badar alam,1,4,0,1
2012,2,8,andrew pierce,1,27,1,56
2012,2,8,holly thomas,10,228,8,114
2012,2,8,lauren paxman,8,2038,15,262
2012,2,8,qaiser mohammad ali,5,1,0,5
2012,2,8,emily allen,19,1043,9,181
2012,2,8,rob waugh,29,3313,138,828
2012,2,8,amy oliver,5,419,12,128
2012,2,8,vanessa allen,3,543,3,74
2012,2,8,alanah eriksen,14,1136,14,257
2012,2,8,nazia parveen,2,15,0,5
2012,2,8,hakeem irfan,3,11,0,2
2012,2,8,lee moran,8,2702,18,482
2012,2,8,rob cooper,10,1064,8,163
2012,2,8,francesca preece,1,0,0,0
2012,2,8,victoria allen,1,1,0,2
2012,2,8,alison boshoff,1,432,11,45
2012,2,8,charles walford,10,342,7,143
2012,2,8,richard shears,1,28,0,1
2012,2,8,lee boyce,4,6,0,2
2012,2,8,anthony bond,6,3666,53,426
2012,2,8,priyanka srivastava,7,35,1,13
2012,2,8,hugo duncan,7,86,2,47
2012,2,8,graham smith,11,982,43,198
2012,2,8,beth stebner,3,136,4,32
2012,2,8,kerry mcqueeney,8,214,4,59
2012,2,8,john greechan,4,62,1,12
2012,2,8,mark duell,16,781,18,162
2012,2,8,david gerges,4,221,1,36
2012,2,8,james tozer,2,110,3,51
2012,2,8,chris foy,5,17,1,6
2012,2,8,rachel quigley,6,403,13,44
2012,2,8,nadia mendoza,5,263,8,71
2012,2,8,mike larkin,10,1366,8,231
2012,2,8,manfreda cavazza,2,0,0,0
2012,2,8,sps pannu,1,1,0,0
2012,2,8,jill reilly,5,245,9,141
2012,2,8,sean poulter,9,190,6,126
2012,2,8,andrea magrath,7,301,4,52
2012,2,8,tamara abraham,3,25,0,7
2012,2,8,will stewart,1,293,20,127
2012,2,8,matt barlow,7,531,0,202
2012,2,8,sadie whitelocks,10,3521,47,362
2012,2,8,kirsty mccormack,9,227,6,63
2012,2,8,geoff foster,3,0,0,0
2012,2,8,neetu chandra,1,2,0,0
2012,2,8,jonathan mcevoy,6,63,0,41
2012,2,8,gaurav c. sawant,2,5,1,5
2012,2,8,steve doughty,5,809,14,113
2012,2,8,leon watson,8,250,9,46
2012,2,8,jenny hope,5,419,9,155
2012,2,8,victoria wellman,4,156,11,36
2012,2,8,mac,2,26,0,2
2012,2,8,mail today reporter,17,23,1,11
2012,2,8,deborah arthurs,6,842,7,159
2012,2,8,benji wilson,1,1,1,0
2012,2,8,jade watkins,3,146,6,62
2012,2,8,paul newman,3,25,0,15
2012,2,8,cassie carpenter,5,40,0,15
2012,2,8,chris parsons,12,308,13,159
2012,2,8,john mcgarry,1,16,0,8
2012,2,8,henry deedes,1,5,0,2
2012,2,8,james salmon,1,0,0,0
2012,2,8,amelia proud,10,99,6,17
2012,2,8,nichola jones,1,44,0,10
2012,2,8,sarah gordon,2,19,1,17
2012,2,8,marcus barnes,7,358,7,203
2012,2,8,james chapman,1,40,2,8
2012,2,8,paul thompson,2,308,9,44
2012,2,8,ask an expert,3,0,0,0
2012,2,8,andy dolan,3,208,3,51
2012,2,8,louise eccles,4,108,2,26
2012,2,8,rick dewsbury,2,152,1,30
2012,2,8,wil longbottom,8,650,24,107
2012,2,8,maysa rawi,5,267,4,76
2012,2,8,sam turner,6,1,0,1
2012,2,8,becky barrow,8,115,4,105
2012,2,8,tara evans,3,32,1,4
2012,2,8,ted thornhill,7,257,3,41
2012,2,8,janine self,3,4,1,5
2012,2,8,daily mail comment,4,1,0,3
2012,2,8,james kerr,1,1,0,1
2012,2,8,alex brummer,7,28,0,5
2012,2,8,michael zennie,4,577,13,42
2012,2,8,laura williamson,3,24,1,21
2012,2,8,sami mokbel,3,132,0,33
2012,2,8,laura schreffler,10,401,8,94
2012,2,8,dan hyde,2,26,0,4
2012,2,8,suzannah hills,6,743,10,119
2012,2,8,david gardner,1,83,0,13
2012,2,8,nalini ravichandran,3,3,0,10
2012,2,8,judy hobson,1,34,1,14
2012,2,8,simon heffer,1,65,0,16
2012,2,8,sarah bull,19,763,12,298
2012,2,8,chris wheeler,6,216,4,64
2012,2,8,mail foreign service,3,3190,20,336
2012,2,8,riath al-samarrai,1,0,0,0
2012,2,8,zelda west-meads,1,0,0,0
2012,2,8,louise boyle,4,294,10,26
2012,2,8,ian ladyman,2,62,0,20
2012,2,8,alexander boot,2,8,1,5
2012,2,8,sarah fitzmaurice,13,397,18,153
2012,2,8,luke salkeld,3,530,4,87
2012,2,8,a. srinivasa rao,1,0,0,1
2012,2,8,this is money reporters,3,0,0,0
2012,2,8,amy williams,1,1,0,2
2012,2,8,bel mooney,3,52,1,11
2012,2,8,shreyas sharma,1,4,0,0
2012,2,8,ruth sunderland,5,2,0,3
2012,2,8,andrew g marshall,1,6,0,15
2012,2,8,sonali joshi,1,2,0,1
2012,2,8,vikas kahol,1,5,0,0
2012,2,8,deepti jakhar,2,6,0,0
2012,2,8,sophie borland,4,79,0,38
2012,2,8,lauren thompson,1,15,0,11
2012,2,8,nick enoch,3,274,13,72
2012,2,8,thomas fleming,1,1,1,1
2012,2,8,sarah stacey,1,5,0,9
2012,2,8,john edwards,6,20,0,21
2012,2,8,sam greenhill,4,72,0,86
2012,2,8,victoria gooch,1,203,11,43
2012,2,8,eleanor gower,6,138,0,45
2012,2,8,dan ripley,4,45,1,54
2012,2,8,alastair hendy,4,3,0,0
2012,2,8,neil hallam,1,2,0,0
2012,2,8,kumar vikram,1,0,0,0
2012,2,8,tom kelly,1,32,0,0
2012,2,8,mark wilson,4,12,0,5
2012,2,8,meghan keneally,7,2589,31,261
2012,2,8,jaya narain,1,58,0,6
2012,2,8,daisy dumas,5,285,2,60
2012,2,8,rebecca english,1,412,6,81
2012,2,8,andrew alexander,1,41,2,35
2012,2,8,john mckeown,1,0,0,1
2012,2,8,ruth lythe,3,3,0,0
2012,2,8,nina golgowski,6,636,5,88
2012,2,8,fiona mccarthy,1,1,0,0
2012,2,8,allan hall,2,897,22,74
2012,2,8,anup dutta,1,0,0,0
2012,2,8,alex evans,1,1947,14,205
2012,2,8,amanda platell,2,44,2,5
2012,2,8,caitlin moran,1,13,0,7
2012,2,8,this is money,1,2,0,0
2012,2,8,kathy gyngell,1,1,0,2
2012,2,8,gordon currie,1,18,0,3
2012,2,8,katherine faulkner,2,906,8,212
2012,2,8,richard gibson,1,0,0,0
2012,2,8,rev george pitcher,2,82,2,34
2012,2,8,gerard couzens,2,28,1,9
2012,2,8,dinesh c sharma,2,12,0,1
2012,2,8,charlotte cory,1,48,1,12
2012,2,8,simon tomlinson,1,11,0,5
2012,2,8,dan francis,1,115,1,54
2012,2,8,maneesh pandey,2,14,0,3
2012,2,8,hannah roberts,3,358,1,96
2012,2,8,daniel martin,3,77,8,33
2012,2,8,j j anisiobi,14,1082,12,220
2012,2,8,elaine lipworth,1,3,0,3
2012,2,8,donna mcconnell,1,13,2,8
2012,2,8,jack doyle,4,457,6,67
2012,2,8,sourish bhattacharya,1,0,0,0
2012,2,8,colin fernandez,1,64,0,56
2012,2,8,travelmail reporter,4,102,2,129
2012,2,8,jason groves,6,400,12,197
2012,2,8,liz thomas,1,269,4,110
2012,2,8,jenny stocks,1,193,5,46
2012,2,8,glenys roberts,1,7,0,3
2012,2,8,emma reynolds,4,616,26,154
2012,2,8,sylvia morris,2,1,0,0
2012,2,8,liz hull,1,43,0,8
2012,2,8,sarah chalmers,1,54,0,5
2012,2,8,peter allen,7,306,7,72
2012,2,8,matt roper,1,31,0,25
2012,2,8,gabriel o'rorke,1,30,2,27
2012,2,8,simon richards,1,10,0,7
2012,2,8,tamara cohen,2,190,3,43
2012,2,8,rob wildman,1,0,0,2
2012,2,8,monalisa das,1,3,0,4
2012,2,8,sam dunn,1,0,0,0
2012,2,8,georgina littlejohn,6,271,10,65
2012,2,8,kanwal sibal,1,9,2,5
2012,2,8,tony hazell,1,3,0,0
2012,2,8,daniel bates,3,77,6,20
2012,2,8,gyanant singh,1,0,0,0
2012,2,8,ephraim hardcastle,1,1,0,3
2012,2,8,james white,2,224,3,28
2012,2,8,a. m. jigeesh,1,0,0,0
2012,2,8,graham chadwick,1,3,0,3
2012,2,8,brian marjoribanks,2,93,1,72
2012,2,8,ian sparks,1,17,0,5
2012,2,8,ashley gray,2,136,0,43
2012,2,8,katie silver,6,193,5,65
2012,2,8,tanya banon,2,4,0,0
2012,2,8,rose parker,1,303,10,91
2012,2,8,piyush srivastava,3,1,0,2
2012,2,8,sudhanshu mishra,1,0,0,0
2012,2,8,rohan venkataramakrishnan,2,0,0,5
2012,2,8,ian fletcher,1,0,1,0
2012,2,8,christopher hart,1,301,3,20
2012,2,8,r prasad,3,0,0,0
2012,2,8,jamie redknapp,1,0,0,0
2012,2,8,anna smith,1,45,0,5
2012,2,8,tanya jefferies,2,4,0,1
2012,2,8,steven henry,1,165,2,40
2012,2,8,joe ridge,1,2,0,1
2012,2,8,york membery,1,34,0,10
2012,2,8,david august,1,0,0,0
2012,2,8,jeff powell,2,1,0,3
2012,2,8,fred mawer,1,1,0,1
2012,2,8,quentin letts,1,8,0,1
2012,2,8,jim hooley,1,2,0,0
2012,2,8,savita verma,1,60,1,24
2012,2,8,janice atkinson-small,2,14,0,5
2012,2,8,poornima joshi,1,0,0,2
2012,2,8,philip jacobson,1,2,0,1
2012,2,8,gautam datt,1,7,0,0
2012,2,8,catherine ostler,2,307,6,75
2012,2,8,lina das,2,97,1,14
2012,2,8,andrew levy,1,150,6,52
2012,2,8,tom leonard,1,5,0,1
2012,2,8,aman sharma,2,2,0,1
2012,2,8,james slack,2,94,11,11
2012,2,8,monty don,1,0,0,1
2012,2,8,m. c. rajan,1,2,0,0
2012,2,8,manoj joshi,2,8,1,5
2012,2,8,mail today comment,2,1,0,0
2012,2,8,michael seamark,1,106,0,24
2012,2,8,chris brooke,1,17,0,4
2012,2,8,kimberley dadds,4,153,2,80
2012,2,8,charles sale,1,61,2,30
2012,2,8,devbrat roy chaudhary,1,0,0,0
2012,2,8,julia manning,1,1,0,3
2012,2,8,david wigg,1,0,1,0
2012,2,8,marianne power,1,5,0,7
2012,2,8,kay benedict,2,2,0,1
2012,2,8,celia imrie,1,164,0,48
2012,2,8,bhuvan bagga,1,3,0,3
2012,2,8,dominic king,3,57,0,21
2012,2,8,chris moncrieff,2,1,0,0
2012,2,8,richard waghorne,1,1,0,5
2012,2,8,rajat rai,1,0,0,2
2012,2,8,jennifer madison,1,37,0,14
2012,2,8,marcus townend,1,0,0,0
2012,2,8,toby harnden,2,53,2,11
2012,2,8,emma love,1,0,0,3
2012,2,8,krishna kumar,1,0,0,0
2012,2,8,sara nathan,1,99,5,49
2012,2,8,mari williams,4,26,2,5
2012,2,8,barbara davies,1,144,3,41
2012,2,8,roger baird,2,0,0,3
2012,2,8,james o'brien,1,10,0,0
2012,2,8,catherine eade,1,3,0,15
2012,2,8,richard kay,1,3,0,5
2012,2,8,jamie ashcroft,1,0,0,0
2012,2,8,proactive investors,1,0,0,0
2012,2,8,the inspector,1,15,0,0
2012,2,8,stephen wright,2,122,1,77
2012,2,8,graham norwood,1,0,0,2
2012,2,8,tom bellwood,1,4,0,2
2012,2,8,martin robinson,2,2157,9,214
2012,2,8,megan mccluskie,1,3,0,0
2012,2,8,jamie oliver,1,5,0,1
2012,2,8,fiona macrae,1,4,0,0
2012,2,8,ranabir samaddar,1,0,0,0
2012,2,8,robert hardman,2,91,6,56
2012,2,8,sonia poulton,1,4186,31,1325
2012,2,8,rachel rickard straus,1,28,0,17
2012,2,8,dan wootton,1,14,0,11
2012,2,8,najam sethi,1,18,0,1
2012,2,8,abhijit pandya,1,8,0,3
2012,2,8,avishek roy,1,0,0,0
2012,2,8,tushar bhaduri,2,2,0,0
2012,2,8,melanie phillips,1,3,0,2
2012,2,8,lisa sewards,1,18,1,1
2012,2,8,saurabh shukla,1,6,0,5
2012,2,8,christian gysin,1,16,0,8
2012,2,8,peter campbell,1,0,0,2
2012,2,8,charlie wolf,1,21,1,11
2012,2,8,nigel jones,1,1,0,0
2012,2,8,baz bamigboye,2,60,1,21
2012,2,8,gareth finighan,1,0,5,0
2012,2,8,sarah gilbert,1,221,6,34
2012,2,8,laura clark,3,152,1,29
2012,2,8,lawrence booth,1,5,0,4
2012,2,8,gavin madeley,1,26,0,4
2012,2,8,simon neville,1,0,0,0
2012,2,8,lucy buckland,1,1,0,0
2012,2,8,neil barraclough,1,19,0,0
2012,2,8,allan mallinson,1,0,0,0
2012,2,8,james andrew,1,0,0,0
2012,2,8,ian stafford,2,10,0,12
2012,2,8,alex gore,2,165,0,113
2012,2,8,bob cass,3,2347,12,549
2012,2,8,peter hitchens,1,35,1,21
2012,2,8,ritika chopra,1,30,2,0
2012,2,8,mail on sunday comment,1,1,0,2
2012,2,8,sahar khan,1,2,0,0
2012,2,8,helen loveless,1,0,0,0
2012,2,8,mark anstead,1,0,0,0
2012,2,8,stephen womack,2,1,0,0
2012,2,8,richard bott,1,0,0,0
2012,2,8,myles hodgson,1,19,0,22
2012,2,8,pamela owen,2,144,0,39
2012,2,8,sarah bridge,2,0,0,0
2012,2,8,brendan carlin,1,7,0,9
2012,2,8,jeff prestridge,3,19,0,11
2012,2,8,marc horne,1,41,0,13
2012,2,8,ben douglas,1,114,4,17
2012,2,8,ann pride,1,38,0,10
2012,2,8,alasdair glennie,1,8,0,5
2012,2,8,russell myers,1,1568,8,148
2012,2,8,larisa brown,1,31,1,13
2012,2,8,naseer ganai,1,0,0,1
2012,2,8,dianne king,1,257,3,72
2012,2,8,dan atkinson,3,3,0,1
2012,2,8,gary neville,1,86,4,197
2012,2,8,jane bunce,3,139,3,17
2012,2,8,simon watkins,3,18,0,9
2012,2,8,rahul rawat,1,1,0,0
2012,2,8,tony hetherington,1,0,0,0
2012,2,8,george arbuthnott,2,376,4,78
2012,2,8,elizabeth sanderson,1,841,4,96
2012,2,8,jo macfarlane,1,27,0,4
2012,2,8,peter tatchell,1,0,0,0
2012,2,8,vicki owen,2,16,0,8
2012,2,8,james millbank,1,29,0,13
2012,2,8,graham otway,1,11,0,3
2012,2,8,jonathan powell,1,2,0,3
2012,2,8,sam peters,1,0,0,0
2012,2,8,mick collins,1,0,0,0
2012,2,8,polly dunbar,2,151,1,46
2012,2,8,chris hastings,1,821,9,255
2012,2,8,mark ryan,1,90,0,19
2012,2,8,dadan upadhyay,1,35,0,1
2012,2,8,dionne clarke,1,328,4,29
2012,2,8,tom mcghie,1,0,0,1
2012,2,8,peter higgs,1,24,1,8
2012,2,8,mail on sunday reporter,1,55,0,9
2012,2,8,narendar pani,1,0,0,0
2012,2,8,dr ellie cannon,1,4,0,21
2012,2,8,jeremy howe,1,28,0,5
2012,2,8,lucy laing,1,157,7,20
