year,month,week,name,articles,facebook,googleplus,twitter
2012,4,17,jill reilly,10,415,27,77
2012,4,17,vanessa allen,1,23,2,15
2012,4,17,stewart maclean,2,104,3,23
2012,4,17,quentin letts,5,51,0,9
2012,4,17,daily mail reporter,241,22747,259,3778
2012,4,17,simon neville,1,155,0,6
2012,4,17,john mcgarry,1,9,0,4
2012,4,17,ruth sunderland,2,4,0,1
2012,4,17,martin keown,2,69,0,306
2012,4,17,liz thomas,2,23,0,6
2012,4,17,richard shears,4,150,4,26
2012,4,17,phil vinter,6,676,5,55
2012,4,17,daniel miller,3,156,0,22
2012,4,17,martin domin,1,3,0,1
2012,4,17,alan hall,1,3105,19,265
2012,4,17,sportsmail reporter,160,3112,13,997
2012,4,17,richard littlejohn,1,16,4,6
2012,4,17,emily sheridan,15,2694,21,281
2012,4,17,jason groves,3,302,2,67
2012,4,17,iona kirby,23,851,11,190
2012,4,17,martin robinson,6,4925,21,481
2012,4,17,this is money reporter,15,7,0,7
2012,4,17,rebecca english,5,368,9,62
2012,4,17,jan moir,3,153,4,37
2012,4,17,richard hartley-parkinson,9,1036,5,100
2012,4,17,lawrence conway,5,1864,4,98
2012,4,17,craig brown,2,5,0,3
2012,4,17,georgina littlejohn,14,793,17,253
2012,4,17,mark wilson,2,42,0,9
2012,4,17,jane alexander,1,49,0,24
2012,4,17,olivia fleming,8,479,8,111
2012,4,17,max hastings,1,19,0,6
2012,4,17,sarah bull,15,1901,26,261
2012,4,17,j j anisiobi,10,442,16,100
2012,4,17,mail today reporter,17,150,1,14
2012,4,17,nick pisa,2,74,2,15
2012,4,17,sarah fitzmaurice,22,1623,29,340
2012,4,17,laura cox,10,1589,20,143
2012,4,17,kristie lau,7,766,18,109
2012,4,17,becky barrow,7,220,3,93
2012,4,17,suzannah hills,5,297,1,36
2012,4,17,james salmon,2,0,0,5
2012,4,17,claire bates,7,1909,10,179
2012,4,17,rob davies,2,31,0,0
2012,4,17,alanah eriksen,15,2335,24,365
2012,4,17,kathryn knight,1,146,2,51
2012,4,17,richard kay,4,11,0,10
2012,4,17,kumar vikram,2,1,0,1
2012,4,17,charles sale,3,45,0,25
2012,4,17,sarah gordon,2,82,1,38
2012,4,17,kimberley dadds,10,568,12,111
2012,4,17,arthur martin,1,40,0,4
2012,4,17,sadie whitelocks,4,693,12,122
2012,4,17,shreyas sharma,2,1,0,0
2012,4,17,lydia warren,2,999,0,14
2012,4,17,ross clark,1,0,0,0
2012,4,17,deborah andrews,4,2042,19,238
2012,4,17,rachel ellis,2,655,3,34
2012,4,17,michael burleigh,3,11,0,9
2012,4,17,amy oliver,5,327,4,32
2012,4,17,fiona macrae,3,1248,15,158
2012,4,17,rosie taylor,2,520,6,114
2012,4,17,nadia mendoza,8,1802,12,168
2012,4,17,damien gayle,11,4483,55,449
2012,4,17,kevin widdop,7,1301,7,75
2012,4,17,ed monk,2,8,0,5
2012,4,17,chris wheeler,2,130,1,22
2012,4,17,aman sharma,2,1,0,1
2012,4,17,jamie redknapp,1,45,0,12
2012,4,17,associated press,11,633,3,60
2012,4,17,sam turner,3,0,0,0
2012,4,17,simon tomlinson,13,927,15,190
2012,4,17,meghan keneally,6,306,6,40
2012,4,17,travelmail reporter,7,499,3,111
2012,4,17,jade watkins,6,680,24,168
2012,4,17,hakeem irfan,1,2,0,1
2012,4,17,sami mokbel,6,341,3,108
2012,4,17,lee boyce,3,55,0,8
2012,4,17,gareth dorrian,7,790,11,121
2012,4,17,leon watson,10,1233,10,156
2012,4,17,rob wildman,4,1,0,9
2012,4,17,gerri peev,4,158,6,62
2012,4,17,richard dyson,3,0,0,1
2012,4,17,laura schreffler,4,427,2,54
2012,4,17,ephraim hardcastle,3,27,0,1
2012,4,17,michael seamark,1,22,0,2
2012,4,17,duncan farmer,1,0,0,0
2012,4,17,amelia proud,15,581,11,83
2012,4,17,rebecca camber,2,181,0,55
2012,4,17,angela epstein,1,55,0,24
2012,4,17,andy hooper,1,20,0,3
2012,4,17,angela dowden,1,146,3,41
2012,4,17,louise eccles,2,65,3,28
2012,4,17,lee moran,3,1562,16,181
2012,4,17,leah simpson,4,45,3,17
2012,4,17,matt lawton,5,219,4,97
2012,4,17,jack doyle,3,270,0,71
2012,4,17,christine show,6,324,2,40
2012,4,17,liz jones,1,3,5,2
2012,4,17,steve doughty,8,227,2,71
2012,4,17,andrew oxlade,3,0,0,0
2012,4,17,jo waters,1,25,9,15
2012,4,17,henry deedes,1,3,0,3
2012,4,17,this is money reporters,5,0,0,1
2012,4,17,matt barlow,2,134,1,22
2012,4,17,alex brummer,8,38,0,14
2012,4,17,clare nolan,1,6,0,3
2012,4,17,lucy fry,1,10,0,4
2012,4,17,harry glass,6,13,0,4
2012,4,17,tanya jefferies,2,4,0,1
2012,4,17,peta bee,1,48,0,17
2012,4,17,graham smith,6,765,9,66
2012,4,17,matthew barbour,1,196,5,52
2012,4,17,emily allen,10,658,12,156
2012,4,17,deborah arthurs,10,1309,10,228
2012,4,17,anthony bond,7,94,4,51
2012,4,17,qaiser mohammad ali,3,0,0,0
2012,4,17,claire ellicott,2,3492,20,565
2012,4,17,nick wood,2,2,0,1
2012,4,17,savita verma,1,0,0,0
2012,4,17,chris parsons,9,816,20,146
2012,4,17,andrew levy,2,63,3,4
2012,4,17,nick enoch,6,1097,9,140
2012,4,17,mail foreign service,1,211,4,34
2012,4,17,matt blake,4,778,11,140
2012,4,17,krishna kumar,1,2,0,1
2012,4,17,neil wilson,3,8,0,4
2012,4,17,andrea magrath,15,736,33,163
2012,4,17,hugo duncan,5,201,4,68
2012,4,17,aditi raja,1,1,0,0
2012,4,17,ruth lythe,4,13,0,5
2012,4,17,tom rawstorne,1,84,0,12
2012,4,17,robert hardman,1,60,1,18
2012,4,17,rajat rai,2,13,0,5
2012,4,17,thomas fleming,2,83,3,23
2012,4,17,linda mckay,1,2,0,0
2012,4,17,james lucier,1,0,0,4
2012,4,17,tara evans,2,28,0,6
2012,4,17,mike dickson,3,12,0,27
2012,4,17,devbrat roy chaudhary,2,0,0,0
2012,4,17,monicha tully,1,1,0,0
2012,4,17,najeeb jung,1,2,0,1
2012,4,17,simon lambert,2,0,0,2
2012,4,17,sophie borl,1,20,0,21
2012,4,17,health reporter,1,20,0,21
2012,4,17,mark dooley,1,21,0,3
2012,4,17,helen carroll,1,52,0,7
2012,4,17,sarah harris,1,10,1,2
2012,4,17,luke salkeld,1,0,0,0
2012,4,17,lawrence booth,1,1,0,1
2012,4,17,dan hyde,1,3,0,0
2012,4,17,reuters reporter,2,37,4,10
2012,4,17,alexander boot,3,2,0,10
2012,4,17,larisa brown,1,0,0,0
2012,4,17,mail today comment,4,6,0,0
2012,4,17,peter campbell,2,1,0,3
2012,4,17,lauren thompson,2,160,1,71
2012,4,17,hugo gye,1,100,0,17
2012,4,17,dominique jackson,1,17,1,29
2012,4,17,dadan upadhyay,1,0,0,0
2012,4,17,manoj joshi,1,0,0,1
2012,4,17,kathy gyngell,1,0,0,1
2012,4,17,sylvia morris,1,1,0,0
2012,4,17,andrew alexander,1,56,0,17
2012,4,17,gautam datt,1,1,0,2
2012,4,17,dame kelly holmes,1,0,0,1
2012,4,17,clive aslet,1,34,0,3
2012,4,17,daniel bates,2,164,3,51
2012,4,17,caroline baker,4,0,0,0
2012,4,17,press association reporter,1,58,0,14
2012,4,17,ian garland,5,201,1,49
2012,4,17,mac,5,21,0,4
2012,4,17,thomas durante,1,854,12,61
2012,4,17,sandra parsons,1,7,0,5
2012,4,17,rohan venkataramakrishnan,1,0,0,2
2012,4,17,money mail,2,0,0,0
2012,4,17,lyle brennan,6,1154,12,104
2012,4,17,dan cutts,1,0,0,3
2012,4,17,geoff foster,1,0,0,0
2012,4,17,peter allen,2,213,4,36
2012,4,17,jon wilde,1,8,0,2
2012,4,17,a. srinivasa rao,1,0,0,0
2012,4,17,roger baird,3,1,0,0
2012,4,17,lawrence james,1,130,1,14
2012,4,17,adrian lowery,1,0,0,0
2012,4,17,kirsty mccormack,6,439,2,52
2012,4,17,alice hart-davis,1,239,2,95
2012,4,17,sally williams,1,344,3,39
2012,4,17,maysa rawi,3,111,2,50
2012,4,17,george mair,1,9,1,12
2012,4,17,derek lawrenson,2,2,2,5
2012,4,17,james chapman,5,390,3,70
2012,4,17,mimi spencer,1,8,5,3
2012,4,17,rob waugh,15,3455,106,588
2012,4,17,marcus townend,6,25,1,7
2012,4,17,donal blaney,1,234,3,50
2012,4,17,india sturgis,3,38,0,18
2012,4,17,mel henderson,1,32,0,7
2012,4,17,fred mawer,1,0,0,1
2012,4,17,tanith carey,1,443,11,85
2012,4,17,ian ladyman,2,77,2,36
2012,4,17,rob cooper,2,163,0,20
2012,4,17,tom gardner,8,4791,100,395
2012,4,17,daily mail comment,1,0,0,0
2012,4,17,bella blissett,1,1,5,0
2012,4,17,julian gavaghan,3,274,5,80
2012,4,17,sonali joshi,2,7,0,2
2012,4,17,ruth doherty,1,173,0,15
2012,4,17,antonia hoyle,1,494,14,88
2012,4,17,tony hazell,1,0,0,0
2012,4,17,daily mail,1,0,0,0
2012,4,17,jenni murray,1,326,1,20
2012,4,17,barbara davies,1,175,1,20
2012,4,17,paul harris,1,361,4,42
2012,4,17,maya oakley,1,17,0,6
2012,4,17,simon cass,3,14,0,37
2012,4,17,james tozer,4,589,1,184
2012,4,17,daily mail reporters,1,0,0,0
2012,4,17,priyanka srivastava,2,17,1,2
2012,4,17,ted thornhill,3,346,10,71
2012,4,17,ajit vijaykumar,1,0,0,0
2012,4,17,eliza scarborough,1,5,0,1
2012,4,17,judi james,1,0,0,1
2012,4,17,simon munk,1,3,0,4
2012,4,17,associated press reporter,2,19,0,2
2012,4,17,ashley gray,3,123,0,58
2012,4,17,lorraine candy,1,2,0,1
2012,4,17,andy dolan,2,407,3,81
2012,4,17,rachel quigley,7,84,3,13
2012,4,17,richard gibson,1,1,0,2
2012,4,17,graham poll,2,58,3,17
2012,4,17,daniel martin,1,20,0,7
2012,4,17,mario ledwith,1,36,0,14
2012,4,17,melanie phillips,1,242,3,30
2012,4,17,mike larkin,10,399,6,82
2012,4,17,baz bamigboye,2,32,2,30
2012,4,17,stephanie hirschmiller,2,119,1,11
2012,4,17,tim shipman,2,34,2,25
2012,4,17,ian birrell,1,23,0,10
2012,4,17,leo spall,2,12,2,9
2012,4,17,victoria moore,1,6,0,2
2012,4,17,dipanjan roy chaudhury,1,15,0,1
2012,4,17,nicole lampert,1,14,2,1
2012,4,17,r prasad,1,1,0,0
2012,4,17,adila matra,1,0,0,0
2012,4,17,shashi tharoor,1,36,2,11
2012,4,17,badar alam,1,2,1,3
2012,4,17,georgina maddox,3,5,5,1
2012,4,17,emily anne epstein,4,359,2,60
2012,4,17,jenny hope,2,74,1,12
2012,4,17,amanda cable,1,14,2,9
2012,4,17,nimerta chawla,2,0,0,0
2012,4,17,john hutchinson,1,343,9,80
2012,4,17,sean poulter,3,99,4,22
2012,4,17,yvonne swann,1,0,0,0
2012,4,17,dominic king,3,41,4,25
2012,4,17,hannah rand,2,17,1,4
2012,4,17,john harding,1,2,0,5
2012,4,17,liz martin,1,0,1,0
2012,4,17,jonathan mcevoy,1,22,0,34
2012,4,17,tamara cohen,3,530,6,58
2012,4,17,paul revoir,1,9,0,5
2012,4,17,peter simpson,1,28,0,5
2012,4,17,prakash,2,0,0,0
2012,4,17,chris greenwood,1,15,0,6
2012,4,17,dan ripley,2,6,0,8
2012,4,17,ritu bhatia,1,0,0,0
2012,4,17,marcus berkmann,1,60,1,13
2012,4,17,<font style="font-size:1.2em;">bob flynn</font>,1,20,0,3
2012,4,17,aislin taylor,3,112,6,28
2012,4,17,roger lewis,1,11,0,1
2012,4,17,david gerges,1,159,1,11
2012,4,17,paula kerr,1,95,0,2
2012,4,17,simon jones,1,106,0,31
2012,4,17,gavin madeley,1,678,2,74
2012,4,17,mark duell,1,426,0,30
2012,4,17,lindsay johns,1,8,0,5
2012,4,17,melissa kite,1,1,0,3
2012,4,17,debbie davies,1,4,0,0
2012,4,17,david bradbury,1,0,0,0
2012,4,17,abhishek paul,1,3,0,0
2012,4,17,geoffrey wansell,1,46,0,6
2012,4,17,rakesh dixit,1,16,1,2
2012,4,17,nikita puri,2,50,0,2
2012,4,17,ben griffiths,1,0,0,0
2012,4,17,rachel rickard straus,2,55,0,11
2012,4,17,eleanor gower,3,118,5,25
2012,4,17,laurie whitwell,2,4,0,7
2012,4,17,jaci stephen,1,1,0,0
2012,4,17,laura pullman,2,165,1,14
2012,4,17,claire mckim,1,8,0,6
2012,4,17,john stevens,1,84,2,21
2012,4,17,rebecca evans,1,7,0,4
2012,4,17,soumalaya santikari,1,5,0,0
2012,4,17,mail today bureau,2,1,0,0
2012,4,17,colin young,3,5,0,13
2012,4,17,andy yates,1,0,0,0
2012,4,17,huddlebuy,1,0,0,0
2012,4,17,kelvin mackenzie,1,0,0,0
2012,4,17,annie bell,5,1,5,1
2012,4,17,dan wootton,1,20,0,8
2012,4,17,des kelly,1,28,4,10
2012,4,17,paul bentley,1,0,0,0
2012,4,17,matt fortune,1,47,1,9
2012,4,17,richard waghorne,1,0,1,0
2012,4,17,david williams,1,0,0,1
2012,4,17,chief reporter,1,0,0,1
2012,4,17,paul sims,3,311,3,38
2012,4,17,simon heffer,1,102,0,29
2012,4,17,fehintola betiku,1,170,0,21
2012,4,17,sam cunningham,2,146,0,19
2012,4,17,sandeep bamzai,1,0,0,0
2012,4,17,laura clark,1,2,0,4
2012,4,17,rob mcgibbon,1,6,5,3
2012,4,17,nick fagge,1,45,2,8
2012,4,17,alison boshoff,1,35,0,4
2012,4,17,joe ridge,1,38,0,14
2012,4,17,diana furchtgott-roth,1,5,0,7
2012,4,17,kay benedict,1,0,0,0
2012,4,17,janice atkinson-small,1,11,2,8
2012,4,17,lizzie harris,2,4,4,0
2012,4,17,john edwards,1,31,1,7
2012,4,17,sunni upal,1,1,0,0
2012,4,17,monty don,1,1,0,2
2012,4,17,gayanant singh,1,1,0,4
2012,4,17,chris tookey,1,62,3,10
2012,4,17,nina golgowski,1,1742,31,254
2012,4,17,clare francis,1,0,0,1
2012,4,17,moneysupermarket,1,0,0,1
2012,4,17,ivan speck,1,17,0,9
2012,4,17,cassie carpenter,1,294,2,24
2012,4,17,mick collins,3,6,0,6
2012,4,17,alex hawkes,1,0,0,1
2012,4,17,katie nicholl,3,399,9,35
2012,4,17,simon watkins,4,7,0,6
2012,4,17,joe bernstein,2,0,0,0
2012,4,17,graham grant,1,69,2,6
2012,4,17,lisa buckingham,1,0,0,0
2012,4,17,joanne hart,1,0,0,0
2012,4,17,tara brady,5,1098,17,132
2012,4,17,neil craven,2,7,0,2
2012,4,17,pamela owen,3,329,5,95
2012,4,17,peter hayter,1,4,0,2
2012,4,17,hazel knowles,1,13,0,5
2012,4,17,claudia joseph,1,312,7,69
2012,4,17,bill day,1,1,0,3
2012,4,17,jon rees,1,0,0,1
2012,4,17,andrew warshaw,1,11,0,9
2012,4,17,angella johnson,1,7,1,3
2012,4,17,david baker,2,444,11,43
2012,4,17,patrick collins,1,33,0,11
2012,4,17,paul milligan,2,91,9,22
2012,4,17,alice smellie,1,19,0,7
2012,4,17,katherine faulkner,1,2372,16,360
2012,4,17,chris hastings,1,4,0,10
2012,4,17,piyush srivastava,1,3,0,0
2012,4,17,jonathan powell,1,7,0,3
2012,4,17,mary beard,1,232,6,21
2012,4,17,robert verkaik,1,322,2,128
2012,4,17,sahar khan,2,0,0,2
2012,4,17,dan atkinson,1,0,0,0
2012,4,17,james millbank,1,0,0,0
2012,4,17,neetu chandra,1,7,0,5
2012,4,17,tom mcghie,1,1,0,0
2012,4,17,caroline graham,1,283,1,10
2012,4,17,tanya banon,1,3,1,0
2012,4,17,barney calman,1,90,0,11
2012,4,17,ann pride,1,10,2,0
2012,4,17,suzanne moore,1,9,0,10
2012,4,17,helen loveless,1,0,0,0
2012,4,17,chris power,1,2,0,1
2012,4,17,david gilbertson,1,198,2,62
2012,4,17,jaya narain,1,57,0,18
2012,4,17,james forsyth,1,4,0,16
2012,4,17,christian sylt,1,6,0,7
2012,4,17,nick craven,1,150,19,53
2012,4,17,sam peters,1,0,0,0
2012,4,17,sarah bridge,1,51,0,0
