year,month,week,name,articles,facebook,googleplus,twitter
2012,1,2,David Brindle,4,62,1,133
2012,1,2,Caroline Davies,4,904,35,443
2012,1,2,Juliette Garside,7,275,23,690
2012,1,2,Dan Milmo,6,241,5,278
2012,1,2,Tim Jonze,1,35,0,14
2012,1,2,Shehani Fernando,5,377,0,159
2012,1,2,Nicholas Watt,7,269,2,499
2012,1,2,Ben Pinkey,1,29,0,1
2012,1,2,Presented by Alok Jha,1,43,1,69
2012,1,2,produced by Jason Phipps,1,43,1,69
2012,1,2,Sean Ingle,1,47,2,22
2012,1,2,Barry Glendenning,6,118,3,136
2012,1,2,James Richardson,1,47,2,22
2012,1,2,Noah Payne-Frank,1,47,2,22
2012,1,2,Elliot Smith,2,72,2,40
2012,1,2,Ewen MacAskill,18,565,16,329
2012,1,2,Press Association,125,2915,45,2330
2012,1,2,Staff,16,1970,15,928
2012,1,2,agencies,35,5778,58,1927
2012,1,2,David Lengel,1,26,0,6
2012,1,2,Justin McCurry,4,324,9,193
2012,1,2,Associated Press,53,3583,77,1333
2012,1,2,Andy Sumner,1,71,2,70
2012,1,2,Amanda Glassman,1,71,2,70
2012,1,2,Sarah Hartley,1,4,0,31
2012,1,2,Dave Hill,8,47,0,246
2012,1,2,Mike Gershon,1,24,0,5
2012,1,2,John Ashdown,4,59,1,125
2012,1,2,Rob Smyth,4,765,5,341
2012,1,2,Charles Arthur,17,396,56,1699
2012,1,2,Reuters,34,1475,22,793
2012,1,2,GrrlScientist,20,377,45,448
2012,1,2,Bella Mackie,3,3,0,4
2012,1,2,Magdi Abdelhadi,1,172,1,116
2012,1,2,Agencies,23,1882,17,662
2012,1,2,Clar Ni Chonghaile,2,130,2,133
2012,1,2,Martin Wainwright,10,180,2,343
2012,1,2,Andy Hunter,7,607,2,366
2012,1,2,AP,1,182,4,111
2012,1,2,Andrew Simms,1,94,1,90
2012,1,2,Mark Tallentire,2,10,1,23
2012,1,2,Alice Bell,1,22,1,50
2012,1,2,Will Hayler,9,37,0,55
2012,1,2,Maxie Szalwinska,1,28,0,24
2012,1,2,Veronica Horwell,3,194,0,90
2012,1,2,Sam Jones,5,367,6,393
2012,1,2,Jon Henley,4,706,15,240
2012,1,2,Michael Tait,2,153,0,53
2012,1,2,Iain Chambers,2,153,0,53
2012,1,2,Nigel Starck,1,2,0,20
2012,1,2,Helen Lewis-Hasteley,1,44,3,294
2012,1,2,Roy Greenslade,21,330,7,512
2012,1,2,Andy Wilson,6,38,1,35
2012,1,2,Giles Tremlett,3,702,14,204
2012,1,2,Open thread,2,214,1,54
2012,1,2,Donald McRae,1,27,2,23
2012,1,2,Adam Gabbatt,5,947,8,110
2012,1,2,David Smith,6,1267,25,476
2012,1,2,Mark Serwotka,1,177,0,62
2012,1,2,Maev Kennedy,6,1773,21,398
2012,1,2,Ewan Murray at Easter Road,1,4,0,1
2012,1,2,Fred Rex,1,4,0,16
2012,1,2,Jason Burke,8,923,21,360
2012,1,2,Prachi Patankar,1,108,1,44
2012,1,2,Ahilan Kadirgamar for <a href="http://www.criticallegalthinking.com/" title="Critical Leggal Thinking">Critical Legal Thinking</a>,1,108,1,44
2012,1,2,part of the <a href="http://www.guardian.co.uk/commentisfree/series/guardian-comment-network" title="Guardian Comment Network">Guardian Comment Network</a>,2,139,3,63
2012,1,2,Raphael Honigstein,1,300,0,92
2012,1,2,Corrections,6,2,0,7
2012,1,2,Helen Pidd,5,1451,7,237
2012,1,2,Hugh Stephenson,1,0,0,0
2012,1,2,Neil Clark,1,485,4,131
2012,1,2,Neil Blackmon for <a href="http://theshinguardian.com/" title="">the Shin Guardian</a>,1,3,0,5
2012,1,2,part of the Guardian Sport Network,3,39,0,77
2012,1,2,Michael McNay,2,160,2,77
2012,1,2,Harriet Sherwood,3,541,8,256
2012,1,2,Marc Abrahams,1,15,3,24
2012,1,2,Jules Boykoff,1,27,0,21
2012,1,2,Janice Forsyth,1,27,0,21
2012,1,2,Jonathan Turley,1,11654,124,593
2012,1,2,Polly Stenham,1,3363,49,958
2012,1,2,Guy Garvey,1,3363,49,958
2012,1,2,Tamara Rojo,1,3363,49,958
2012,1,2,Mark-Anthony Turnage,1,3363,49,958
2012,1,2,Fyfe Dangerfield,1,3363,49,958
2012,1,2,Martha Wainright,1,3363,49,958
2012,1,2,Anthony Neilson,1,3363,49,958
2012,1,2,Rupert Goold,1,3363,49,958
2012,1,2,Isaac Julien,1,3363,49,958
2012,1,2,Lucy Prebble,1,3363,49,958
2012,1,2,Jasmin Vardimon,1,3363,49,958
2012,1,2,Sun,1,3363,49,958
2012,1,2,Prasad,1,3363,49,958
2012,1,2,Susan Philipsz,1,3363,49,958
2012,1,2,Akram Khan,1,3363,49,958
2012,1,2,Polly Morgan,1,3363,49,958
2012,1,2,Kate Royal,1,3363,49,958
2012,1,2,Ian Rickson,1,3363,49,958
2012,1,2,Olivia Williams,1,3363,49,958
2012,1,2,Martin Parr,1,3363,49,958
2012,1,2,Wayne McGregor,1,3363,49,958
2012,1,2,Chris Arnot,1,203,4,127
2012,1,2,Jessica Martin,1,12,2,17
2012,1,2,Theresa Malone,1,530,4,29
2012,1,2,Gregg Roughley,1,5,0,49
2012,1,2,Andy Hunter at Ewood Park,1,5,0,7
2012,1,2,Barney Ronay at Villa Park,1,6,0,10
2012,1,2,Gavin McOwan,1,30,0,37
2012,1,2,Stuart James at Molineux,2,31,0,67
2012,1,2,Tom Phillips,5,1029,6,308
2012,1,2,Patrick Wintour,15,769,8,995
2012,1,2,Leslie Morphy,1,186,2,59
2012,1,2,Fiona Harvey,4,606,15,552
2012,1,2,Matthew Taylor,4,375,6,191
2012,1,2,James Dart,1,0,0,4
2012,1,2,Ben Quinn,9,2010,36,930
2012,1,2,Liam Byrne,1,116,0,110
2012,1,2,Warwick Mansell,1,31,0,60
2012,1,2,Luke Harding,6,704,19,284
2012,1,2,Cairo,1,37,3,29
2012,1,2,Janet Murray,2,62,1,119
2012,1,2,Martin Williams,1,6,1,17
2012,1,2,Helen Carter,11,500,3,291
2012,1,2,Jon Boone,4,2836,19,414
2012,1,2,Peter Scott,1,38,4,100
2012,1,2,Polly Toynbee,2,1364,19,832
2012,1,2,Paul Doyle at Upton Park,1,1,0,11
2012,1,2,Sarah Wollaston,1,19,0,35
2012,1,2,Joanna Moorhead,2,164,1,145
2012,1,2,Zoe Wood,6,151,3,115
2012,1,2,Ros Asquith,1,9,0,17
2012,1,2,Ian Sample,6,6289,147,1073
2012,1,2,Andrew Mueller,3,9,0,17
2012,1,2,Jonathan Wright,3,5,0,19
2012,1,2,David Stubbs,1,0,0,7
2012,1,2,Hannah Verdier,3,2,0,16
2012,1,2,Ali Catterall,2,1,0,12
2012,1,2,Lucy Mangan,4,212,0,136
2012,1,2,Valerie Hannah,1,9,0,30
2012,1,2,Elisabeth Mahoney,6,37,1,128
2012,1,2,George Monbiot,2,862,32,432
2012,1,2,Jose Antonio Vargas,1,86,1,90
2012,1,2,Jamie Jackson at Loftus Road,1,5,0,12
2012,1,2,Sarah Boseley,7,1024,24,607
2012,1,2,Ed Douglas,1,2,0,34
2012,1,2,Ana Marie Cox,5,37,1,63
2012,1,2,Anna Bawden,2,641,8,249
2012,1,2,Denis Campbell,10,1566,14,907
2012,1,2,Ronan Bennett,1,0,0,3
2012,1,2,Daniel King,1,0,0,3
2012,1,2,Editorial,15,366,6,317
2012,1,2,<strong>Matthew Dobson</strong> MeteoGroup,1,13,1,43
2012,1,2,David Hytner at Craven Cottage,2,66,1,70
2012,1,2,Hugh Muir,6,172,0,114
2012,1,2,Richard Williams,4,227,5,161
2012,1,2,Sam Wollaston,6,359,3,246
2012,1,2,Richard Adams,8,274,8,411
2012,1,2,Daniel Taylor,9,534,6,624
2012,1,2,Hilary Osborne,5,334,4,269
2012,1,2,Katy Murrells,1,8,0,4
2012,1,2,Phillip Inman,9,331,9,267
2012,1,2,Louise Taylor,5,44,1,113
2012,1,2,Jim Sillavan,1,5,0,17
2012,1,2,Press Assocation,1,0,0,3
2012,1,2,Dushanbe,1,44,0,15
2012,1,2,Michael Solomon,2,24,0,13
2012,1,2,Jacob Payne,1,27,2,37
2012,1,2,James Brown,1,27,2,37
2012,1,2,Julia Day,1,213,1,98
2012,1,2,Keith Stuart,9,951,12,731
2012,1,2,SA Mathieson,2,44,2,69
2012,1,2,Suzanne Warr,1,8,1,19
2012,1,2,Tracey Caldwell,1,3,0,22
2012,1,2,Peter Walker,8,1144,26,593
2012,1,2,Simon Rogers,4,317,16,516
2012,1,2,Josh Halliday,13,187,62,1346
2012,1,2,Barney Ronay,5,92,3,85
2012,1,2,Michael Hann,6,328,5,176
2012,1,2,Andy Gallagher,4,264,0,118
2012,1,2,Paolo Bandini,6,80,1,166
2012,1,2,Steve Busfield,3,27,0,16
2012,1,2,Joris Luyendijk,1,44,2,44
2012,1,2,Andrew Sparrow,6,299,3,143
2012,1,2,Barbara Wang,1,2,0,4
2012,1,2,Harold Chee,1,2,0,4
2012,1,2,Monkey,7,554,0,192
2012,1,2,David Marlow,1,3,0,26
2012,1,2,Alex Hawkes,4,0,0,26
2012,1,2,Rob Eastaway,1,11,0,4
2012,1,2,Rebecca Roberts-Hughes,1,1,0,16
2012,1,2,Anthony Seldon for <a href="http://conservativehome.blogs.com/" title="Conservative Home">Conservative Home</a>,1,31,2,19
2012,1,2,Alan Connor,2,9,1,21
2012,1,2,Jonathan Wilson,1,171,1,70
2012,1,2,Jamie Jackson,13,243,0,293
2012,1,2,Kate Hodge,7,50,0,157
2012,1,2,Michael White,5,230,2,139
2012,1,2,John Holden,1,110,0,94
2012,1,2,Vivienne Perry,2,700,4,264
2012,1,2,Martin Godwin,2,700,4,264
2012,1,2,Jim Powell,3,816,5,323
2012,1,2,Oliver Thring,2,324,5,130
2012,1,2,Alison Flood,8,2994,114,888
2012,1,2,Heather Stewart,9,6051,54,646
2012,1,2,Mariana Santos,1,414,15,149
2012,1,2,Sean Michaels,9,1209,9,248
2012,1,2,Carol Rumens,1,16,0,7
2012,1,2,José Pizarro,1,68,0,14
2012,1,2,Alex Healey,1,68,0,14
2012,1,2,Tim Lusher,1,18,0,14
2012,1,2,Ben Child,9,1107,18,414
2012,1,2,Gill Hitchcock,8,9,2,60
2012,1,2,Rhian Huws Williams,1,3,0,3
2012,1,2,Ian McCourt,2,16,0,41
2012,1,2,Rosie Niven,2,28,0,50
2012,1,2,Jane Clare Jones,1,1320,12,425
2012,1,2,Dugald Baird,2,72,0,87
2012,1,2,James Derounian,1,4,0,14
2012,1,2,Liam Kelly,3,5,0,71
2012,1,2,Sarah Crown,1,4,0,13
2012,1,2,David Bevan for <a href="http://theseventytwo.com/" title="">The Seventy Two</a>,1,5,0,12
2012,1,2,Phil Hoad,1,13,0,40
2012,1,2,Jason Rodrigues,2,12,2,39
2012,1,2,Stuart Dredge,10,273,12,916
2012,1,2,Michael Cragg,4,111,0,69
2012,1,2,Rachel Dixon,2,91,1,60
2012,1,2,Jonathan Watts,3,455,26,367
2012,1,2,Greg Wood,8,52,0,35
2012,1,2,Anna Chesters,1,21,0,29
2012,1,2,Hannah Freeman,3,2,0,45
2012,1,2,Jessica Reed,3,4,0,64
2012,1,2,Jaz Cummins,2,167,0,27
2012,1,2,Martin Pendergast,1,94,1,52
2012,1,2,Clare Horton,4,16,3,29
2012,1,2,Mark Sweney,18,1511,35,1544
2012,1,2,Gill Wilson,1,6,0,8
2012,1,2,Martin Wright for the <a href="http://www.guardian.co.uk/guardian-professional" title="Guardian Professional Network">Guardian Professional Network</a>,1,9,3,36
2012,1,2,Guardian Government Computing,4,12,0,28
2012,1,2,Sarah-Louise Quinnell,1,9,0,8
2012,1,2,Caroline Lucas,1,24,0,48
2012,1,2,Tara Conlan,4,159,3,94
2012,1,2,Claire Armitstead,1,13,2,34
2012,1,2,Julian Borger,11,3472,19,723
2012,1,2,Michael Billington,2,60,0,15
2012,1,2,Dean Baker,1,185,11,134
2012,1,2,Kate Murray,1,63,2,38
2012,1,2,Nicholas Lezard,1,2,0,9
2012,1,2,Patrick,1,2,0,10
2012,1,2,Monisha Rajesh,1,217,5,120
2012,1,2,Liz Ford,1,4,0,12
2012,1,2,Ami Sedghi,2,77,2,155
2012,1,2,Leo Hickman,2,118,4,175
2012,1,2,Philippe Dagen,1,5,0,17
2012,1,2,Harry Fletcher,1,39,0,20
2012,1,2,Christophe Chatelot,1,5,0,2
2012,1,2,Neil Willis,1,1,0,2
2012,1,2,Piotr Smolar,1,77,3,55
2012,1,2,Frédéric Joignot,1,810,7,136
2012,1,2,Jean-Pierre Stroobants,1,23,0,60
2012,1,2,Angela Bolis,1,961,12,155
2012,1,2,Lynda Gill,1,66,0,11
2012,1,2,Frédéric Lemaître,1,20,0,13
2012,1,2,Matt Trueman,4,80,1,99
2012,1,2,Tim Entwisle,1,17,2,22
2012,1,2,Clare Allan,1,374,3,57
2012,1,2,Andrew Pulver,4,126,0,74
2012,1,2,Jessica Shankleman for <a href="http://www.businessgreen.com">BusinessGreen</a>,1,23,0,92
2012,1,2,part of the <a href="http://www.guardian.co.uk/environment/network" title="Guardian Environment Network">Guardian Environment Network</a>,5,768,20,563
2012,1,2,Sandra Laville,12,5307,11,803
2012,1,2,Vikram Dodd,8,4964,7,609
2012,1,2,Tim Dowling,2,44,1,10
2012,1,2,Jim Falzarano,1,3,0,0
2012,1,2,Hugh Muir Richard Sprenger,1,390,3,47
2012,1,2,Mustafa Khalili,1,390,3,47
2012,1,2,Honour Bayes,1,13,1,10
2012,1,2,Mary O'Hara,1,158,2,77
2012,1,2,Mark Tran,5,163,4,87
2012,1,2,Joshua Rozenberg,3,70,0,69
2012,1,2,Alexandra Topping,7,1028,14,324
2012,1,2,Saeed Kamali Dehghan,4,885,26,601
2012,1,2,Stuart Heritage,4,252,8,101
2012,1,2,Caroline Foley,1,7,1,24
2012,1,2,Tom Service,2,135,3,45
2012,1,2,Lisa O'Carroll,12,399,15,676
2012,1,2,Samih Kalakeche,1,11,0,16
2012,1,2,guardian.co.uk/music,1,194,0,40
2012,1,2,Paul Doyle,3,19,0,56
2012,1,2,Herman Ouseley,2,317,0,185
2012,1,2,Edited by Katie Roden,1,3,0,6
2012,1,2,with an introduction by William Fotheringham,1,3,0,6
2012,1,2,Kat Keene Hogue,1,26,1,7
2012,1,2,Guardian,2,252,2,162
2012,1,2,Laurence Topham,1,366,4,59
2012,1,2,Suzanne Goldenberg,3,948,22,348
2012,1,2,Rosalind English for the <a href="http://ukhumanrightsblog.com">UK Human Rights blog</a>,1,22,0,30
2012,1,2,part of the <a href="www.guardian.co.uk/law/series/guardian-legal-network">Guardian Legal Network</a>,1,22,0,30
2012,1,2,David Barnett,1,106,2,48
2012,1,2,Rebecca Smithers,5,227,4,345
2012,1,2,Kirsten Broomhall,1,24,0,6
2012,1,2,Richard Wachman,5,329,3,294
2012,1,2,Charles Leadbeater for the <a href="http://www.guardian.co.uk/guardian-professional" title="Guardian Professional Network">Guardian Professional Network</a>,1,38,1,53
2012,1,2,Diane Abbott,1,55,0,32
2012,1,2,Sandra Bond,1,55,0,32
2012,1,2,Kaliya Franklin,1,55,0,32
2012,1,2,Alison Banville,1,55,0,32
2012,1,2,Campbell Robb,1,55,0,32
2012,1,2,Steven Isserlis,1,182,4,36
2012,1,2,Brian Braiker,2,553,7,59
2012,1,2,Graeme Wearden,3,199,9,266
2012,1,2,Natalie Bennett,1,1,0,0
2012,1,2,Henry McDonald,3,1507,5,182
2012,1,2,Kirsty Scott,2,53,1,47
2012,1,2,Nils Pratley,5,115,2,68
2012,1,2,Presented by Charles Arthur,1,9,1,111
2012,1,2,produced by Matt Hill,1,9,1,111
2012,1,2,John Hooper,2,287,3,85
2012,1,2,Martin Rowson,3,94,4,120
2012,1,2,Media Monkey,3,31,0,81
2012,1,2,Matthew Weaver,4,120,4,329
2012,1,2,Haroon Siddique,4,120,4,329
2012,1,2,Jenny Diski,1,31,0,35
2012,1,2,Cressida Dick,1,24,0,13
2012,1,2,Cory Doctorow,1,279,24,229
2012,1,2,Tom Parfitt,2,47,1,51
2012,1,2,James Meikle,3,347,18,140
2012,1,2,Kim Willsher,7,352,6,328
2012,1,2,Michael Mansfield,1,128,1,35
2012,1,2,Michelle Pauli,1,8,0,15
2012,1,2,John Dunford,1,21,0,63
2012,1,2,,2,2509,8,449
2012,1,2,Dominic Rushe,11,1234,74,953
2012,1,2,Monica Mark,2,316,7,106
2012,1,2,Patrick Barkham,3,631,4,171
2012,1,2,Paul Mason,1,1127,37,377
2012,1,2,Homa Khaleeli,4,1615,42,524
2012,1,2,Kira Cochrane,2,69,2,28
2012,1,2,Hadley Freeman,2,47,4,109
2012,1,2,Xan Brooks,3,205,0,56
2012,1,2,Guardian staff,6,753,1,144
2012,1,2,Ewan Murray,6,66,0,83
2012,1,2,Phelim O'Neill,4,11,0,27
2012,1,2,Gwilym Mumford,4,11,0,19
2012,1,2,Jonathan Freedland,1,34,0,49
2012,1,2,David A Love,1,313,1,92
2012,1,2,Mark Brown,2,66,1,79
2012,1,2,Priscilla Kwateng,2,30,0,31
2012,1,2,Imogen Fox,3,43,0,98
2012,1,2,Virginia Spiers,1,3,0,35
2012,1,2,Simon Jenkins,2,634,6,135
2012,1,2,Victoria Coren,1,40,0,10
2012,1,2,Laura Barton,1,79,1,33
2012,1,2,Gerald Scarfe,1,86,0,46
2012,1,2,David Hytner,6,97,0,150
2012,1,2,John Crace,2,28,1,25
2012,1,2,Iowa,1,15,1,3
2012,1,2,Karen McVeigh,2,695,6,275
2012,1,2,Alan Pickup,1,15,2,11
2012,1,2,Paul Rees,6,12,0,27
2012,1,2,Frank Keating,1,0,0,30
2012,1,2,Stuart James,4,318,0,143
2012,1,2,Gary Barker,3,42,1,88
2012,1,2,Paul Wilson at DW Stadium,1,9,0,18
2012,1,2,Gwyn Topham,5,108,7,261
2012,1,2,Mark Booth,2,1,0,14
2012,1,2,Kevin McCarra at Etihad Stadium,2,122,0,76
2012,1,2,David Hytner at White Hart Lane,1,8,0,16
2012,1,2,Richard Williams at Etihad Stadium,2,67,0,63
2012,1,2,Tom Hall,1,6,0,24
2012,1,2,Daniel Taylor at Etihad Stadium,4,486,1,490
2012,1,2,Matt Wells,3,153,5,126
2012,1,2,Sarah Stevenson,1,48,4,60
2012,1,2,Jonathan Brownlee,1,48,4,60
2012,1,2,Ellen Gandy,1,48,4,60
2012,1,2,Jermaine Gonzales,1,48,4,60
2012,1,2,Nicola Adams,1,48,4,60
2012,1,2,Hannah Cockroft,1,48,4,60
2012,1,2,Zac Purchase,1,48,4,60
2012,1,2,Bobby White,1,48,4,60
2012,1,2,Jessica Shepherd,4,284,5,372
2012,1,2,Pritti Mehta,1,10,0,9
2012,1,2,Juliette Jowit,3,154,2,281
2012,1,2,Tom Levitt,1,3,0,6
2012,1,2,Chris Bird,1,74,0,57
2012,1,2,Paul Harris,10,164,6,164
2012,1,2,Damian Carrington,4,291,2,408
2012,1,2,Sean Reid,1,22,0,5
2012,1,2,Lisa Villani,1,23,1,57
2012,1,2,Garry Blight,2,28848,144,5774
2012,1,2,Charlie Moorby,1,72,0,16
2012,1,2,Colin Horgan,1,3,1,5
2012,1,2,Gregory Wakeman,1,11,0,18
2012,1,2,Michael Moorcock,1,90,1,52
2012,1,2,Tom Lutz,2,9,0,42
2012,1,2,Edited by Martin Belam,1,4,0,2
2012,1,2,Eloise Veljovic,3,182,1,64
2012,1,2,Guardian Professional,1,0,0,14
2012,1,2,Tim Leunig,2,25,0,39
2012,1,2,Nick Fletcher,17,16,2,135
2012,1,2,Matthew Caines,1,40,0,48
2012,1,2,Debbie Andalo,1,1,0,12
2012,1,2,Gary Younge,1,71,2,22
2012,1,2,Tom Happold,1,35,0,40
2012,1,2,Arun Marsh,1,24,1,11
2012,1,2,Gines Haro Pastor,4,12,0,50
2012,1,2,Lizzy Davies,3,420,2,198
2012,1,2,Brett Kershaw,1,27,0,6
2012,1,2,Ben White,1,232,2,42
2012,1,2,Ken Banks,1,71,2,145
2012,1,2,Hari,1,8,0,81
2012,1,2,Jake,1,8,0,81
2012,1,2,Alok Jha,7,2544,55,644
2012,1,2,Lisa Hymas for <a href="http://grist.org/">Grist</a>,1,154,3,115
2012,1,2,Simon Burnton,3,134,1,94
2012,1,2,Steven Bloor,4,37,1,72
2012,1,2,Paul Simpson for the <a href="http://www.guardian.co.uk/guardian-professional" title="Guardian Professional Network">Guardian Professional Network</a>,1,13,1,37
2012,1,2,Steve Waters,1,90,0,27
2012,1,2,Colin Tudge,1,116,3,60
2012,1,2,Jill Treanor,9,266,10,259
2012,1,2,Tony Paley,2,1,0,13
2012,1,2,Paddy Allen,2,490,8,64
2012,1,2,<a href="http://www.guardian.co.uk/profile/claire-gill" title="">Claire Gill </a>,1,10,0,3
2012,1,2,Lucy Middleton for the <a href="http://inforrm.wordpress.com/" title="">Inforrm blog</a>,1,10,0,3
2012,1,2,part of the <a href="http://www.guardian.co.uk/law/series/guardian-legal-network" title="">Guardian Legal Network</a>,1,10,0,3
2012,1,2,Joanne Mudhar,1,3,0,12
2012,1,2,Shyama Perera,1,1,0,19
2012,1,2,Laura Saunsbury,1,9,0,5
2012,1,2,<strong><a href="http://www.carbonbrief.org/">Carbon Brief</a></strong>,1,8,0,54
2012,1,2,Duncan Clark,2,103,5,173
2012,1,2,Harry Venning,1,2,0,5
2012,1,2,Jonathan Jones,4,543,13,181
2012,1,2,Larry Elliott,4,235,3,77
2012,1,2,Simon Lelic,1,104,6,82
2012,1,2,Remi Adekoya,1,72,0,10
2012,1,2,Anna Tims,2,10,0,47
2012,1,2,Peter McGrath,1,141,4,52
2012,1,2,Adam Wagner on the <a href='http://ukhumanrightsblog.com/'>UK Human Rights blog</a>,1,43,2,13
2012,1,2,part of the <a href='http://www.guardian.co.uk/legalnetwork'>Guardian Legal Network</a>,1,43,2,13
2012,1,2,Sam Jordison,1,24,0,20
2012,1,2,William Williamson,1,4,0,7
2012,1,2,Paul Wilson,3,180,2,129
2012,1,2,Martin Kettle,2,9,0,25
2012,1,2,Mark Lawson,1,6,0,23
2012,1,2,Sade Laja,4,52,0,43
2012,1,2,Jane Martinson,1,15,0,32
2012,1,2,Jeffrey Hollender for the <a href="http://www.guardian.co.uk/guardian-professional" title="Guardian Professional Network">Guardian Professional Network</a>,1,102,0,26
2012,1,2,Mick Brown from <a href="http://www.rocksbackpages.com/" title="">Rock's Backpages</a>,1,247,2,46
2012,1,2,Esther Kinsky,1,446,1,48
2012,1,2,Isabel Choat,2,380,4,202
2012,1,2,Paul Owen,1,337,3,55
2012,1,2,cerysmarie,1,0,0,8
2012,1,2,Ross Tucker,1,31,0,60
2012,1,2,Jonathan Dugas for <a href="http://www.sportsscientists.com/" title="">The Science of Sport</a>,1,31,0,60
2012,1,2,John Plunkett,2,16,0,39
2012,1,2,Sara,1,1,0,10
2012,1,2,Simon Goodley,1,12,1,39
2012,1,2,Liz Hoggard,1,71,0,16
2012,1,2,Peter Lilley,1,71,0,16
2012,1,2,Steven Morris,6,151,7,319
2012,1,2,Angela Hartnett,1,142,0,34
2012,1,2,Chris Salmon,1,16,2,47
2012,1,2,Owen Gibson,11,236,9,397
2012,1,2,Ronald Bergan,1,148,2,34
2012,1,2,Marina Grossi for the <a href="http://www.guardian.co.uk/guardian-professional" title="Guardian Professional Network">Guardian Professional Network</a>,1,23,0,21
2012,1,2,TV Padma for <a href="http://www.scidev.net/en/" title="">SciDev</a>,1,35,0,24
2012,1,2,part of the <a href="http://www.guardian.co.uk/global-development/series/guardian-development-network" title="">Guardian development network</a>,3,91,0,49
2012,1,2,David Boyle,1,4,0,28
2012,1,2,Richard Norton-Taylor,4,1487,34,692
2012,1,2,Presented by Tom Clark,1,1,0,11
2012,1,2,Produced by Iain Chambers,1,1,0,11
2012,1,2,Eos Chater,1,182,1,41
2012,1,2,Helienne Lindvall,1,135,6,83
2012,1,2,in Colombo,1,11,0,15
2012,1,2,Gina Allum,1,21,0,35
2012,1,2,James Antle,1,7,0,10
2012,1,2,Cheri Jacobus,2,47,1,30
2012,1,2,Matt Lewis,1,7,0,10
2012,1,2,Tim Montgomerie,1,7,0,10
2012,1,2,Grover Norquist,1,7,0,10
2012,1,2,Michael Wissot,1,7,0,10
2012,1,2,Lindesay Irvine,2,478,7,91
2012,1,2,Jill Mead,1,64,0,20
2012,1,2,Sophie Elliott,1,64,0,20
2012,1,2,Kim Hoang,1,64,0,20
2012,1,2,Guy Warley,1,64,0,20
2012,1,2,Alex Needham,6,375,6,193
2012,1,2,Richard Seymour,1,80,1,43
2012,1,2,Chris Goodall for <a href="http://www.carboncommentary.com">Carbon Commentary</a>,1,9,0,48
2012,1,2,part of the <a href="http://www.guardian.co.uk/environment/network">Guardian Environment Network</a>,1,9,0,48
2012,1,2,Damien Morris,1,12,0,31
2012,1,2,Paul Lester,4,283,2,123
2012,1,2,Sadhbh Walshe,1,185,2,47
2012,1,2,Adam Vaughan,1,37,0,100
2012,1,2,Martin Studte for the <a href="http://www.guardian.co.uk/guardian-professional" title="">Guardian Professional Network</a>,1,7,4,46
2012,1,2,Caroline Richmond,1,11,0,13
2012,1,2,Brian Baxter,1,94,0,22
2012,1,2,Eric Kleefeld  for <a href="http://talkingpointsmemo.com/" title="">Talking Points Memo</a>,1,17,0,4
2012,1,2,Zoe Williams,3,128,1,82
2012,1,2,William Fotheringham,2,30,0,24
2012,1,2,Suzanne Moore,1,146,0,56
2012,1,2,Duncan Campbell,2,15,0,23
2012,1,2,Richard Stone,1,186,6,31
2012,1,2,Zia Mahmood,1,0,0,1
2012,1,2,Sam Wolfson,1,57,0,53
2012,1,2,Patrick Kingsley,2,164,1,60
2012,1,2,Matt Shardlow,1,3,0,35
2012,1,2,Dan Savage,1,1302,21,280
2012,1,2,Robert Kitson,2,5,1,14
2012,1,2,Gwyneth Hughes,1,125,1,44
2012,1,2,Interview by Laura Barnett,2,10,1,19
2012,1,2,Sarfraz Manzoor,1,688,9,238
2012,1,2,Scott Murray,4,153,4,305
2012,1,2,John Robinson,2,6,0,7
2012,1,2,Martin Skegg,1,5,0,3
2012,1,2,Seumas Milne,1,2918,10,383
2012,1,2,Ed Pilkington,5,1722,41,844
2012,1,2,Kate Ravilious,1,2,0,5
2012,1,2,Steve Rose,4,147,1,131
2012,1,2,Marina Hyde,5,246,7,175
2012,1,2,Mike Selvey,3,11,0,17
2012,1,2,Dan Sabbagh,4,143,1,153
2012,1,2,Louise Taylor at St James' Park,4,42,0,86
2012,1,2,Kevin McCarra at St James' Park,1,193,4,83
2012,1,2,Esther Addley,2,368,10,236
2012,1,2,Charles Falconer,1,49,1,25
2012,1,2,Stephen Bates,3,271,10,206
2012,1,2,Felicity Cloake,1,195,2,54
2012,1,2,Andy Hunter at Goodison Park,2,11,0,30
2012,1,2,David Batty,3,76,3,141
2012,1,2,Jason Deans,3,1026,7,102
2012,1,2,New Hampshire,4,65,3,74
2012,1,2,David Robinson,1,4,1,26
2012,1,2,<a href="http://www.creativeboom.co.uk/" title="">Creative Boom</a>,1,67,1,50
2012,1,2,Katy Cowan,1,67,1,50
2012,1,2,part of the <a href="http://www.guardian.co.uk/culture-professionals-network/culture-professionals-blog/2011/dec/15/twitter-rules-etiquette" title="">Guardian Culture Professionals Network</a>,1,67,1,50
2012,1,2,Susie Steiner,1,43,0,24
2012,1,2,The Masked AMHP,1,81,0,15
2012,1,2,Jessica Fuhl,1,4,0,7
2012,1,2,Neil Blackshaw,1,36,2,43
2012,1,2,Eliza Anyangwe,4,48,0,97
2012,1,2,John Mulkerrin,1,21,1,46
2012,1,2,Ross Morrison McGill,1,6,0,19
2012,1,2,PrincessIzzy,1,0,0,6
2012,1,2,Julian Baggini,2,166,9,42
2012,1,2,Rebecca Nicholson,5,71,0,39
2012,1,2,Hunter Felt,1,4,0,3
2012,1,2,Allan Jenkins,1,1,0,13
2012,1,2,Brendan Sarsfield,1,0,0,18
2012,1,2,Jonathan Cook,1,2,0,2
2012,1,2,Charles Gant,1,8,0,32
2012,1,2,Presented by Jason Solomons,1,52,0,32
2012,1,2,produced by Jason Phipps with Xan Brooks,1,52,0,32
2012,1,2,Lyn Gardner,6,140,0,87
2012,1,2,Andrew Brown,1,43,2,16
2012,1,2,Jonathan Senker,1,0,0,4
2012,1,2,John Brunton,1,629,1,128
2012,1,2,Helen Babbs,1,49,2,18
2012,1,2,Emma Calder,1,7,0,21
2012,1,2,Skye Sherwin,2,59,2,39
2012,1,2,Nick Cohen,2,567,3,97
2012,1,2,Abubakr al-Shamahi,1,78,0,19
2012,1,2,Robert McCrum,2,292,9,299
2012,1,2,Paul Torpey,2,29150,146,5828
2012,1,2,Patrick Foster,1,10,0,15
2012,1,2,Mike Averis,3,9,3,7
2012,1,2,Sunny Hundal,1,123,2,111
2012,1,2,Simon Parkin,1,6,0,75
2012,1,2,Val Curtis for the <a href="http://www.guardian.co.uk/guardian-professional" title="Guardian Professional Network">Guardian Professional Network</a>,1,68,2,33
2012,1,2,Susannah Clapp,2,172,0,35
2012,1,2,Peter Bradshaw,5,214,0,99
2012,1,2,Russell Cunningham,1,0,0,8
2012,1,2,Jane Perrone,2,10,1,14
2012,1,2,Alison Benjamin,1,154,4,92
2012,1,2,Julia Raeside,3,65,0,38
2012,1,2,Khadija Magardie,1,111,2,81
2012,1,2,Damien Walter,1,22,2,37
2012,1,2,Alex von Tunzelmann,1,4,0,12
2012,1,2,Interview by Martin Cross,1,7,0,5
2012,1,2,Stephen Burgen,1,182,3,171
2012,1,2,Amanda Hopkinson,1,858,5,250
2012,1,2,Mwangi Kimenyi,1,56,1,12
2012,1,2,Michael Cox,1,111,1,102
2012,1,2,Carl Pope for <a href="http://www.e360.yale.edu" title="Yale Environment 360">Yale Environment 360</a>,1,372,11,170
2012,1,2,Jack Schofield,1,3,0,42
2012,1,2,Saci Lloyd,1,7,0,40
2012,1,2,Lisa Evans,1,12,1,18
2012,1,2,James Murray for <a href="http://www.businessgreen.com">BusinessGreen</a>,1,13,0,53
2012,1,2,Adrian Henriques for the <a href="http://www.guardian.co.uk/guardian-professional" title="Guardian Professional Network">Guardian Professional Network</a>,1,24,2,53
2012,1,2,Ella.P,1,1,0,10
2012,1,2,By <a href="http://www.irinnews.org/" title="">IRIN</a>,1,5,0,8
2012,1,2,Jean Hannah Edelstein,1,1250,15,110
2012,1,2,Sheila Pulham,1,28825,143,5717
2012,1,2,Zac Goldsmith,1,24,0,67
2012,1,2,Alexis Petridis,2,2951,23,461
2012,1,2,Dan Gillmor,1,18,2,47
2012,1,2,David Edgar,1,924,8,297
2012,1,2,Simon Tisdall,2,185,5,86
2012,1,2,Andrew Khan,1,32,0,27
2012,1,2,Lucy Reynolds,1,24,0,63
2012,1,2,Becky Garrison,1,17,0,19
2012,1,2,Public Leaders Network,1,1,0,23
2012,1,2,Phnom Penh,1,3,0,4
2012,1,2,Jeevan Vasagar,2,226,4,158
2012,1,2,Bim Adewunmi,1,299,3,210
2012,1,2,Presented by James Richardson,1,21,0,22
2012,1,2,produced by Ben Green,2,23,0,54
2012,1,2,Victoria Bekiempis,1,30,0,51
2012,1,2,Peter Beaumont,2,192,9,103
2012,1,2,Martin Chulov,1,20,1,16
2012,1,2,Rupert Neate,6,274,11,413
2012,1,2,Simon Woolley,1,59,1,73
2012,1,2,Interviews by Barney Ronay,1,6,0,10
2012,1,2,Amy Lawrence,3,119,1,76
2012,1,2,Alexander Chancellor,1,144,0,74
2012,1,2,Catherine Shoard,2,147,2,91
2012,1,2,Severin Carrell,1,395,1,90
2012,1,2,John Fordham,3,24,0,25
2012,1,2,Kevin Mitchell,2,40,0,25
2012,1,2,Max Clifford,1,5,1,22
2012,1,2,David Hills,2,1517,6,367
2012,1,2,Beeban Kidron,1,213,3,111
2012,1,2,Steve Boxer,1,11,0,39
2012,1,2,Tom Ewing,1,21,1,83
2012,1,2,As overheard by John Crace,1,2,0,2
2012,1,2,John Gilbey,1,6,0,8
2012,1,2,Pamela Stephenson Connolly,1,29,0,5
2012,1,2,Stevie Chick,1,217,1,44
2012,1,2,Linda Colley,1,58,1,63
2012,1,2,David Thomson,1,47,2,66
2012,1,2,Jon Dennis,1,0,0,12
2012,1,2,Bill McKibben for <a href="http://www.tomdispatch.com/archive/175485/">TomDispatch</a>,1,481,7,88
2012,1,2,part of the <a href="http://www.guardian.co.uk/commentisfree/series/guardian-comment-network">Guardian Comment Network</a>,1,481,7,88
2012,1,2,Tim Ashley,7,30,1,30
2012,1,2,Tom Hughes,1,8,0,3
2012,1,2,Robin Denselow,3,39,1,24
2012,1,2,Ellen E Jones,1,101,2,62
2012,1,2,Jude Rogers,1,48,0,5
2012,1,2,Stephen Lee,1,21,2,12
2012,1,2,Julian Lloyd Webber,1,43,0,25
2012,1,2,Dave Simpson,3,39,0,35
2012,1,2,Caroline Sullivan,1,9,0,9
2012,1,2,Harry Pearson,1,38,2,7
2012,1,2,Shaun Edwards,1,3,0,9
2012,1,2,Alex Cox,1,22,1,16
2012,1,2,Dan Sumners,1,9,0,30
2012,1,2,Jonathan Glennie,1,42,3,41
2012,1,2,Susan Jones,1,47,0,24
2012,1,2,Megan Miranda,1,20,0,22
2012,1,2,Declan Jones,1,65,0,75
2012,1,2,Claire Taylor,1,103,2,89
2012,1,2,Alan Newland,1,22,0,13
2012,1,2,Andy Puddicombe,7,372,0,150
2012,1,2,Hannah Waldram,2,147,1,86
2012,1,2,Anne Perkins,1,26,0,22
2012,1,2,Tom Clark,1,26,0,22
2012,1,2,Leila,1,1,0,5
2012,1,2,Tristram Hunt,1,3,0,19
2012,1,2,Ed Jacobs,1,6,0,12
2012,1,2,Matthew Appleby,1,10,0,19
2012,1,2,Wim van Vuuren,1,0,0,31
2012,1,2,Dominic Macdonald-Wallace,1,0,0,31
2012,1,2,Invisible woman,1,3,0,21
2012,1,2,Roger Harding,1,18,0,16
2012,1,2,Richard Vize,1,1,0,2
2012,1,2,Duncan Jefferies,1,5,0,17
2012,1,2,Chris Harding,1,189,1,64
2012,1,2,Adam Williams,1,8,1,18
2012,1,2,Graham Hayday,1,6,0,20
2012,1,2,Lloyd Gardner,1,67,2,45
2012,1,2,Jeremy Wyatt,1,8,0,23
2012,1,2,Lisa Bachelor,4,11,0,46
2012,1,2,Sali Hughes,2,48,1,34
2012,1,2,Nat Saunders,1,17,1,19
2012,1,2,Rosie Millard,1,29,0,27
2012,1,2,Mike Harris,1,68,6,102
2012,1,2,Howard Jacobson,1,332,4,80
2012,1,2,Jim Perrin,1,10,2,31
2012,1,2,Rupert Sawyer,1,2,0,79
2012,1,2,Agnès Poirier,1,169,2,30
2012,1,2,By Nasseem Ackbarally for <a href="http://www.ips.org/institutional/" title="">IPS</a>,1,51,0,17
2012,1,2,Nick Asbury,1,36,0,11
2012,1,2,George Soros,1,139,4,40
2012,1,2,Rosie Swash,1,93,0,36
2012,1,2,Cameron Robertson,1,93,0,36
2012,1,2,Philip Landau,1,5,0,17
2012,1,2,Lauren Niland,1,4,0,12
2012,1,2,Mark Doel,1,8,0,19
2012,1,2,Stuart Kelly,1,118,7,62
2012,1,2,Guardian readers,1,23,0,9
2012,1,2,James Donaghy,1,62,1,18
2012,1,2,Jonathan Glancey,2,518,6,150
2012,1,2,Paul Adderley for the <a href="http://www.guardian.co.uk/guardian-professional" title="Guardian Professional Network">Guardian Professional Network</a>,1,4,0,21
2012,1,2,Simon Chilvers,2,11,0,45
2012,1,2,Neil Rose,1,11,0,12
2012,1,2,Amanda Edwards,1,14,0,16
2012,1,2,Phil Mongredien,1,11,1,14
2012,1,2,Elaine Pearson,1,20,0,18
2012,1,2,William Harrison-Allan,1,11,0,11
2012,1,2,Alana Lentin,1,261,4,135
2012,1,2,Gavan Titley,1,261,4,135
2012,1,2,Cambridge,1,136,9,49
2012,1,2,Chris Woods,1,77,2,58
2012,1,2,Leonard Barden,1,4,0,2
2012,1,2,Eve Jackson,1,31,0,18
2012,1,2,Dan Rose,1,0,0,0
2012,1,2,Teresa Davies,1,0,0,1
2012,1,2,Merope Mills,1,0,0,136
2012,1,2,Joshua Alston,1,47,3,11
2012,1,2,Peter Conrad,1,26,1,26
2012,1,2,David Lacey,1,2,0,10
2012,1,2,Rupert Jones,2,47,0,38
2012,1,2,Malachi Chadwick,1,95,5,119
2012,1,2,Hans Kundnani,1,111,3,34
2012,1,2,Martin Farrer,1,14,3,84
2012,1,2,Claire Provost,1,88,5,28
2012,1,2,Virginia Lopez,1,51,0,18
2012,1,2,Ed Mayo for <a href="http://www.theecologist.org/">Ecologist</a>,1,206,6,133
2012,1,2,Diane Taylor,1,384,5,158
2012,1,2,Simon Hattenstone,2,466,6,291
2012,1,2,Derek Schofield,1,34,1,6
2012,1,2,Kim Catcheside,1,2,1,12
2012,1,2,Brian Davies,1,9,0,8
2012,1,2,Laura Oliver,1,3,0,2
2012,1,2,James Walsh,1,3,0,2
2012,1,2,Guardian Readers,1,3,0,2
2012,1,2,John Popham,1,6,0,6
2012,1,2,Reginald Massey,1,11,0,17
2012,1,2,Presented by John Plunkett,1,2,0,32
2012,1,2,Sophia Deboick,1,47,1,11
2012,1,2,Keith Humphreys,1,46,0,34
2012,1,2,Jonathan Caulkins,1,46,0,34
2012,1,2,Presented by Sarah Crown,1,154,7,83
2012,1,2,produced by Simon Barnard,1,154,7,83
2012,1,2,Dax Lovegrove for the <a href="http://www.guardian.co.uk/guardian-professional" title="Guardian Professional Network">Guardian Professional Network</a>,1,50,1,39
2012,1,2,Elli Narewska,1,0,0,3
2012,1,2,Hannah Jenkinson,1,0,0,3
2012,1,2,Peter Martin,1,20,2,29
2012,1,2,Sheila Farmer,1,297,0,51
2012,1,2,Myles Jackman,1,92,1,85
2012,1,2,Alistair Smith,1,8,0,27
2012,1,2,Guardian Research Department,1,26,0,7
2012,1,2,Simon Jeffery,1,26,0,7
2012,1,2,Vicky Frost,2,493,6,111
2012,1,2,Ian Black,4,166,13,157
2012,1,2,Caron Jones,1,9,0,0
2012,1,2,Paul Doyle &amp; Simon Burnton,1,0,0,22
2012,1,2,Robert Eccles,1,140,2,186
2012,1,2,Ioannis Ioannou,1,140,2,186
2012,1,2,George Serafeim for the <a href="http://www.guardian.co.uk/guardian-professional"> Guardian Professional Network</a>,1,140,2,186
2012,1,2,Sean O'Hagan,2,191,8,75
2012,1,2,Manish Bapna,1,218,2,154
2012,1,2,Vinod Thomas,1,218,2,154
2012,1,2,Dennis Barker,1,267,1,53
2012,1,2,Owen Bowcott,2,38,4,74
2012,1,2,Patrick Butler,1,291,7,209
2012,1,2,Wayne Gooderham,1,9,0,20
2012,1,2,Richard Jones,1,14,0,30
2012,1,2,Paul Handley,1,63,2,63
2012,1,2,Thomas Frank,1,411,7,113
2012,1,2,Eric Allison,1,10,0,8
2012,1,2,Rajeev Syal,1,184,2,300
2012,1,2,Lucy Maddox,1,58,0,100
2012,1,2,Philip Dayle,1,69,0,21
2012,1,2,Nathan Green,1,79,12,79
2012,1,2,Alison Munson,1,11,0,28
2012,1,2,Ian Malin,1,0,0,2
2012,1,2,Kyle Leighton for <a href="http://talkingpointsmemo.com/" title="">Talking Points Memo</a>,1,8,0,15
2012,1,2,Ian Jack,1,309,12,202
2012,1,2,Justice Malala,1,14,0,12
2012,1,2,Nichi Hodgson,2,509,13,148
2012,1,2,William Gumede,1,44,0,23
2012,1,2,Micky Mellon,1,4,0,12
2012,1,2,Deborah Orr,1,239,2,140
2012,1,2,Megan Carpentier,1,1048,21,108
2012,1,2,Robert Kitson at Franklin's Gardens,1,3,0,3
2012,1,2,Andy Hunter at Anfield,2,1020,2,269
2012,1,2,Tim Radford,1,1,0,1
2012,1,2,Kathy Sykes,1,80,1,30
2012,1,2,Penny Woods,1,20,0,9
2012,1,2,Will Hide,2,37,1,47
2012,1,2,Lesley Gillilan,3,35,0,42
2012,1,2,Claire Wrathall,1,147,1,21
2012,1,2,Felice Hardy,1,16,0,24
2012,1,2,Eoin McNamee,1,10,0,15
2012,1,2,Ben Wilkinson,1,14,0,5
2012,1,2,John Mullan,2,15,2,18
2012,1,2,Carol Ann Duffy,1,1064,3,190
2012,1,2,Brian Dillon,1,11,0,2
2012,1,2,Mary Hoffman,1,6,0,2
2012,1,2,Adewale Maja-Pearce,1,14,1,12
2012,1,2,Steven Poole,1,4,0,9
2012,1,2,Carol Birch,1,-1,0,3
2012,1,2,Gillian Darley,1,4,1,15
2012,1,2,Emma Brockes,2,629,5,126
2012,1,2,Robin Yassin-Kassab,1,52,0,6
2012,1,2,Quentin Blake,1,16,1,32
2012,1,2,Eric Brown,1,3,0,33
2012,1,2,Simon Murphy,1,52,0,45
2012,1,2,Natalie Boxall,1,47,1,36
2012,1,2,Guardian Money team,1,1,0,6
2012,1,2,Tom Dyckhoff,1,128,0,16
2012,1,2,Dan Lepard,1,36,0,26
2012,1,2,Photographs: <strong>Lydia Goldblatt</strong>. Interviews: <strong>Becky Barnicoat</strong>,1,71,0,32
2012,1,2,Hugh Fearnley-Whittingstall,1,48,1,19
2012,1,2,Stephen Collins,1,53,0,2
2012,1,2,Yotam Ottolenghi,1,66,0,37
2012,1,2,Val Darger,1,183,3,57
2012,1,2,Rosanna Greenstreet,1,817,7,171
2012,1,2,Anonymous,1,117,0,26
2012,1,2,Oliver Burkeman,1,72,2,38
2012,1,2,Thomas Eaton,1,0,0,1
2012,1,2,Fiona Beckett,1,2,0,8
2012,1,2,Interview: <strong>Becky Barnicoat</strong>. Portrait: <a href="http://www.emilystein.co.uk" title=""><strong>Emily Stein</strong></a>,1,22,0,4
2012,1,2,John Lanchester,1,13,0,30
2012,1,2,Jess Cartner-Morley,2,32,0,21
2012,1,2,Johnny Vaughan,1,5,0,9
2012,1,2,Styling: Finola Inger,1,6,0,2
2012,1,2,Marc Lockley,1,3,0,10
2012,1,2,Mark King,2,18,2,37
2012,1,2,Geoffrey Wadhurst,1,0,0,5
2012,1,2,As told to Angela Foster,1,0,0,0
2012,1,2,Miles Brignall,2,29,0,12
2012,1,2,Patrick Collinson,2,20,0,29
2012,1,2,Neasa MacErlean,1,12,0,20
2012,1,2,Philip Ball,1,103,16,81
2012,1,2,Jeremy Bullmore,1,1,1,6
2012,1,2,Alastair Campbell,1,62,1,102
2012,1,2,The Secret Footballer,1,12,1,19
2012,1,2,Andrew Collins,1,15,0,9
2012,1,2,Mary Douglas-Home,1,15,0,9
2012,1,2,Simon Hoggart,1,11,0,8
2012,1,2,Andrea Hubert,1,58,0,19
2012,1,2,Sarah Dempster,2,5,0,15
2012,1,2,Melanie McFadyean,1,83,3,25
2012,1,2,Charlie Condou,1,4,1,8
2012,1,2,Claire Donnelly,1,29,0,7
2012,1,2,Mark Cook,1,6,0,4
2012,1,2,Judith Mackrell,1,6,0,4
2012,1,2,Interview by Oliver Laughland,2,19,0,24
2012,1,2,Jon &amp; Mick/moderntoss.com,1,22,0,1
2012,1,2,Robert Clark,1,9,0,22
2012,1,2,Johnny Dee,1,3,0,0
2012,1,2,Sam Richards,2,89,1,51
2012,1,2,Sian Rowe,1,9,0,4
2012,1,2,Kate Hilpern,1,22,0,1
2012,1,2,Annalisa Barbieri,1,11,0,2
2012,1,2,Adele Parks,1,25,0,4
2012,1,2,Gareth McLean,1,10,0,6
2012,1,2,The Guide,2,0,0,4
2012,1,2,Grace Dent,1,60,0,97
2012,1,2,Nosheen Iqbal,1,1,0,18
2012,1,2,John Patterson,1,21,0,4
2012,1,2,Robert Clark &amp; Skye Sherwin,1,10,0,10
2012,1,2,Andrew Clements,2,7,0,14
2012,1,2,John Fordham &amp; John Robinson,1,2,0,4
2012,1,2,Gareth Aveyard,1,9,0,88
2012,1,2,Nick Gillet,1,1,0,48
2012,1,2,James Kettle,1,15,1,17
2012,1,2,Patric Baird,1,28,0,9
2012,1,2,John Mitchell,1,28,0,9
2012,1,2,Sam Richards &amp; Marc Rowlands,1,28,0,9
2012,1,2,Katrina Dixon &amp; Stuart Goodwin,1,2,0,6
2012,1,2,Bidisha,1,58,1,9
2012,1,2,Emine Saner,1,54,1,13
2012,1,2,Nicola Jennings,1,0,0,8
2012,1,2,Joe Berger &amp; Pascal Wyse,1,6,0,7
2012,1,2,Frank Field,1,14,1,48
2012,1,2,Damien Pearse,5,1219,13,589
2012,1,2,Lee Siegel for the <a href="http://www.nybooks.com/blogs/nyrblog/" title="">New York Review of Books blog</a>,1,67,0,35
2012,1,2,part of the <a href="http://www.guardian.co.uk/commentisfree/series/guardian-comment-network" title="">Guardian Comment Network</a>,1,67,0,35
2012,1,2,Gethin Chamberlain,2,4741,38,655
2012,1,2,Ed Vulliamy,1,197,7,84
2012,1,2,Teresa Wiltz,1,91,0,25
2012,1,2,Edward Helmore,1,65,0,54
2012,1,2,Jonny Weeks at St Andrew's,2,2,0,12
2012,1,2,Auriol Stevens,1,1,0,2
2012,1,2,OrliTheBookworm,2,0,0,20
2012,1,2,David Shariatmadari,1,142,2,50
2012,1,2,Tracy McVeigh,2,352,6,147
2012,1,2,Amy Lawrence at White Hart Lane,2,4,0,15
2012,1,2,Paul Wilson at Highbury Stadium,1,1,0,5
2012,1,2,Sachin Nakrani at Priestfield Stadium,1,2,0,12
2012,1,2,Tim Rich at the Moss Rose,1,3,0,9
2012,1,2,Richard Rae at Bramall Lane,3,0,0,4
2012,1,2,Paul Doyle at the County Ground,3,90,0,32
2012,1,2,Jamie Jackson at stadium:mk,1,2,0,8
2012,1,2,Greg Wood at Sandown,1,0,0,5
2012,1,2,Ewan Murray at Tynecastle,1,1,0,3
2012,1,2,Daniel Boffey,4,489,3,340
2012,1,2,Chris Stephen,1,227,4,99
2012,1,2,Michael Aylwin at Sixways,2,1,0,5
2012,1,2,Ruaridh Nicoll,1,140,1,79
2012,1,2,Joe Lovejoy at the Memorial Stadium,2,10,0,16
2012,1,2,Mark Townsend,1,272,4,139
2012,1,2,Paul Rees at Welford Road,2,5,0,5
2012,1,2,Andrew Rawnsley,1,50,2,30
2012,1,2,Will Hutton,2,423,3,90
2012,1,2,Toby Helm,4,331,2,330
2012,1,2,Sunder Katwala,1,24,0,41
2012,1,2,Observer staff,1,0,0,8
2012,1,2,Vanessa Thorpe,2,89,1,97
2012,1,2,Tom Jenkins,1,7,0,16
2012,1,2,Jamie Doward,3,809,7,653
2012,1,2,Giles Richards,1,22,0,2
2012,1,2,Jill Insley,1,18,0,13
2012,1,2,Margaret Dibben,1,2,0,10
2012,1,2,Eddie Butler,1,18,0,24
2012,1,2,Philip French,5,205,1,72
2012,1,2,Peter Preston,5,57,0,89
2012,1,2,Inez Sarkodee-Adoo,2,14,0,22
2012,1,2,Nick Thorpe,1,112,0,16
2012,1,2,Gaby Hinsliff,1,280,2,217
2012,1,2,Hermione Hoby,2,19,1,3
2012,1,2,Eva Wiseman,4,144,0,86
2012,1,2,Elizabeth Day,2,140,0,64
2012,1,2,Kate Kellaway,4,205,0,49
2012,1,2,Ian Thomson,1,0,0,0
2012,1,2,Kevin McKenna,2,89,2,35
2012,1,2,Fiona Maddocks,4,21,2,20
2012,1,2,Dan Pearson,1,9,1,9
2012,1,2,Martin Love,1,3,0,43
2012,1,2,Quentin Wheeler,1,67,7,60
2012,1,2,Neil Spencer,1,1,0,1
2012,1,2,Dr Gerry Mander,1,2,0,1
2012,1,2,arts,1,54,0,38
2012,1,2,For the record,1,0,0,1
2012,1,2,Matthew Ryder,1,83,0,43
2012,1,2,Rowan Moore,1,79,6,57
2012,1,2,Kitty Empire,3,63,0,30
2012,1,2,Jason Solomons,2,351,4,117
2012,1,2,Lauren Laverne,2,115,1,106
2012,1,2,Luke Jennings,2,134,0,26
2012,1,2,Olivia Laing,1,24,0,1
2012,1,2,Stewart Lee,1,145,1,90
2012,1,2,John Naughton,2,1214,64,726
2012,1,2,Chris Riddell,1,32,0,9
2012,1,2,Mark Honigsbaum,1,233,3,83
2012,1,2,Akin Ojumu,1,24,0,26
2012,1,2,Viv Groskop,1,152,0,24
2012,1,2,Elmore Leonard,1,26,0,6
2012,1,2,Matteo Pericoli,1,26,0,6
2012,1,2,Edmund Gordon,1,3,0,2
2012,1,2,Anthony Cummins,1,11,0,2
2012,1,2,Leo Robson,1,14,2,13
2012,1,2,Henry Hitchings,1,17,0,7
2012,1,2,Interview by Ian Tucker,1,70,1,56
2012,1,2,Natasha Tripney,1,1,0,0
2012,1,2,Ally Carnwath,1,2,0,2
2012,1,2,Dave Gelly,1,3,0,1
2012,1,2,Katharine Whitehorn,1,2,0,2
2012,1,2,Gay Dad,1,0,0,2
2012,1,2,David Williams,1,3,0,2
2012,1,2,Killian Fox,1,2,1,5
2012,1,2,Mark Kermode,1,8,0,6
2012,1,2,Laura Cumming,1,38,0,5
2012,1,2,Clare Brennan,1,0,0,1
2012,1,2,Miranda Sawyer,2,747,3,164
2012,1,2,Euan Ferguson,1,3,0,13
2012,1,2,Barbara Ellen,1,565,2,105
2012,1,2,Robin McKie,1,405,4,64
2012,1,2,Dalya Alberge,1,232,13,128
2012,1,2,Yvonne Roberts,2,70,0,47
2012,1,2,Nicholas Best,1,62,1,15
2012,1,2,Alex Clark,2,166,0,27
2012,1,2,Shahesta Shaitly,1,51,0,22
2012,1,2,Joanne O'Connor,1,6,0,14
2012,1,2,Nigel Slater,2,121,1,40
2012,1,2,Jay Rayner,1,51,1,224
2012,1,2,Mariella Frostrup,1,9,0,2
2012,1,2,Toby Manhire,1,107,2,86
2012,1,2,Wendy Berliner,1,5,0,4
2012,1,2,Ian Paulsen,1,2,3,22
2012,1,2,David Walker,1,14,0,27
2012,1,2,Jacob Steinberg,2,204,2,186
2012,1,2,Hayder al-Khoei,1,89,0,73
2012,1,2,Tom Kington,2,151,13,258
2012,1,2,Dave Laing,1,75,0,13
2012,1,2,Christopher Thomond,1,35,0,29
2012,1,2,Louise Taylor at Hillsborough,1,6,0,10
2012,1,2,Stuart James at London Road,1,2,0,11
2012,1,2,Alfred Hickling,1,16,0,21
2012,1,2,Beijing,1,86,5,23
2012,1,2,André Wright,1,57,0,23
2012,1,2,David Blanchflower,1,121,1,110
2012,1,2,Emily Bell,1,30,0,26
2012,1,2,Chris Elliott,1,4,0,29
2012,1,2,Mike Averis at Madejski Stadium,1,1,0,1
2012,1,2,Ewan Murray at Gayfield Park,1,0,0,17
2012,1,2,Robert Kitson at Vicarage Road,1,2,0,1
2012,1,2,Charlie Brooker,1,6029,59,676
2012,1,2,Gil Scott-Heron,1,952,10,191
2012,1,2,Jake Adelstein,1,43,1,27
2012,1,2,Jackie Ashley,1,8,0,48
2012,1,2,David Pleat,1,5,0,23
2012,1,2,Maggie Brown,1,65,0,36
2012,1,2,Mark Cocker,1,0,0,36
2012,1,2,Steve Bell,1,5,0,8
2012,1,2,Sue Marsh,1,1004,7,1211
2012,1,2,Rachel Williams,1,107,0,87
2012,1,2,David Hytner at Stamford Bridge,1,13,0,38
2012,1,2,Interview by Sarah Phillips,1,54,1,32
2012,1,2,Sam Leith,1,66,0,22
2012,1,2,The people's panel,1,42,1,83
2012,1,2,Paul Brown,1,0,0,3
2012,1,2,<strong>David Brazier</strong> <em>MeteoGroup</em>,1,0,0,5
2012,1,2,Martin Kelner,1,25,0,26
2012,1,2,Tim Rich at Moss Rose,1,0,0,3
2012,1,2,Ian Malin at Amex Stadium,1,1,0,2
2012,1,2,Mark Tallentire at Craven Cottage,1,0,0,7
