year,month,week,name,articles,facebook,googleplus,twitter
2012,6,26,Ian Traynor,4,1020,47,626
2012,6,26,Helena Smith,10,1165,63,776
2012,6,26,,6,1476,53,622
2012,6,26,Patrick Wintour,25,5678,154,2866
2012,6,26,Lawrence Donegan at Olympic Club,2,6,1,30
2012,6,26,Press Association,115,3562,111,3049
2012,6,26,Jo Adetunji,8,1066,34,905
2012,6,26,agencies,20,2452,98,1398
2012,6,26,Ryan Devereaux,4,240,1,166
2012,6,26,Scott Murray,5,98,5,180
2012,6,26,Dominic Rushe,13,3406,283,1799
2012,6,26,Michael Solomon,1,2,3,22
2012,6,26,Adam Vaughan,6,992,20,752
2012,6,26,Alison Rourke,5,145,3,246
2012,6,26,Ed Cox,1,61,1,63
2012,6,26,Adrian Smith,1,27,0,67
2012,6,26,Adrian Ely,1,27,0,67
2012,6,26,Dipak Patel,1,0,0,0
2012,6,26,Martin Wainwright,7,880,38,514
2012,6,26,Sade Laja,3,2,1,24
2012,6,26,Deirdre McGarry,1,2,0,32
2012,6,26,Keith Stuart,12,172,14,705
2012,6,26,Jon Butterworth,3,171,27,114
2012,6,26,Paddy Allen,2,1874,29,330
2012,6,26,Karin Andreasson,1,1757,27,272
2012,6,26,Caspar Llewellyn Smith,2,2001,33,405
2012,6,26,the Guardian Research Department,1,1757,27,272
2012,6,26,Lizzy Davies,2,97,1,28
2012,6,26,Andy Von Pip,1,363,0,27
2012,6,26,Associated Press,64,3834,142,2219
2012,6,26,Jonathan Watts,17,5958,189,2244
2012,6,26,Charles Arthur,18,675,178,2193
2012,6,26,Julia Kollewe,6,474,20,566
2012,6,26,Nick Fletcher,24,227,27,741
2012,6,26,pinkbookworm,1,0,0,7
2012,6,26,Roz Kaveney,1,22,0,29
2012,6,26,John Mulholland,1,83,1,66
2012,6,26,the Observer,1,83,1,66
2012,6,26,Jacob Steinberg,5,335,22,192
2012,6,26,Oliver Laughl,1,58,0,22
2012,6,26,Josh Strauss,3,135,0,77
2012,6,26,Neil Rathmell,1,47,0,37
2012,6,26,Jon Dennis,3,204,0,45
2012,6,26,Monkey,11,52,1,229
2012,6,26,Jane Dudman,3,3,0,33
2012,6,26,Rob Purdie,1,3,0,4
2012,6,26,Adam Boult,8,164,6,190
2012,6,26,Steven Nolan,1,199,3,50
2012,6,26,Julian Borger,10,1168,37,695
2012,6,26,Dave Drummond,1,93,4,54
2012,6,26,Jill Robinson,1,35,1,39
2012,6,26,Dr Rory Truell,1,113,6,12
2012,6,26,Eva Holmberg-Herrström,1,124,3,26
2012,6,26,David N Jones,1,124,3,26
2012,6,26,Sven Hessle,1,124,3,26
2012,6,26,Joris Luyendijk,2,868,55,325
2012,6,26,Katie Beswick,1,245,8,84
2012,6,26,Andrew Jaspan,1,42,2,16
2012,6,26,Roy Greenslade,22,273,7,566
2012,6,26,Jo Confino,10,1648,64,925
2012,6,26,Imogen Tilden,2,54,0,53
2012,6,26,Jason Deans,3,198,5,108
2012,6,26,Ben Child,13,1962,30,578
2012,6,26,Dan Milmo,9,258,13,329
2012,6,26,Nicholas Watt,25,2416,64,2072
2012,6,26,Stuart Dredge,11,340,194,864
2012,6,26,Frédéric Filloux,1,42,9,115
2012,6,26,John Hooper,10,1564,69,860
2012,6,26,Juliette Garside,5,165,2,238
2012,6,26,Jean-Louis Gassée,1,41,9,123
2012,6,26,Lisa Gagliani,1,15,0,16
2012,6,26,Guardian readers,6,30,0,51
2012,6,26,Chris Stephen,3,111,6,119
2012,6,26,Nick Malkoutzis,1,82,0,32
2012,6,26,Joe Jervis,12,0,0,1
2012,6,26,Kate Hodge,8,36,4,209
2012,6,26,Jim Powell,2,68,5,31
2012,6,26,Dick Vinegar,2,11,2,24
2012,6,26,Michael Cragg,5,1144,2,309
2012,6,26,David Cox,1,8,1,31
2012,6,26,Guardian fashion,1,12,0,28
2012,6,26,John Plunkett,12,1021,8,867
2012,6,26,Jessica Fuhl,2,343,0,112
2012,6,26,Arun Marsh,1,245,0,27
2012,6,26,Marcus Christenson,7,2585,36,382
2012,6,26,Jill Treanor,10,159,22,335
2012,6,26,Dawn Foster,1,0,0,1
2012,6,26,Clar Ni Chonghaile,1,35,0,21
2012,6,26,Stuart James,3,133,2,198
2012,6,26,Jon Henley,7,601,24,312
2012,6,26,Simon Chilvers,1,7,0,27
2012,6,26,Guardian music,5,512,3,248
2012,6,26,Will Nichols for <a href="http://www.businessgreen.com">BusinessGreen</a>,1,24,2,66
2012,6,26,part of the <a href="http://www.guardian.co.uk/environment/network" title="Guardian Environment Network">Guardian Environment Network</a>,2,32,6,88
2012,6,26,Mark Fisher,1,2,0,4
2012,6,26,Mark King,10,927,32,454
2012,6,26,Peter Beaumont,2,93,1,44
2012,6,26,Anglo American,11,17,2,26
2012,6,26,Jon Samuel for Anglo American,1,1,0,3
2012,6,26,Duncan Green,1,19,0,16
2012,6,26,Jason Burke,1,32,4,44
2012,6,26,Clare Horton,3,16,0,5
2012,6,26,Gill Swan,1,77,19,163
2012,6,26,Carol Rumens,1,155,6,43
2012,6,26,Abdel-Rahman Hussein,8,1717,48,676
2012,6,26,John Burn-Murdoch,6,630,48,749
2012,6,26,Jaya Bolt,1,2,2,25
2012,6,26,Greg Wood,6,37,1,42
2012,6,26,Will Hayler,11,36,1,81
2012,6,26,Tony Paley,4,23,2,28
2012,6,26,Rory Carroll,2,649,18,435
2012,6,26,Khalil Gibran Muhammad,1,161,0,20
2012,6,26,Dan Martin,7,350,4,162
2012,6,26,Ban Ki-moon,1,64,0,62
2012,6,26,Nick Hopkins,1,135,4,94
2012,6,26,defence,1,135,4,94
2012,6,26,Steve Boxer,2,12,2,114
2012,6,26,Paul Wilson,8,170,10,78
2012,6,26,David Hearst,1,100,2,39
2012,6,26,Joe Irvin,1,19,0,41
2012,6,26,Peter Walker,8,848,20,398
2012,6,26,Randeep Ramesh,2,91,4,155
2012,6,26,Maev Kennedy,8,1410,51,550
2012,6,26,James Meikle,7,210,14,273
2012,6,26,Henry McDonald,4,150,3,138
2012,6,26,Irel,3,121,3,111
2012,6,26,Roger Tooth,4,52,0,47
2012,6,26,Alaska,1,31,0,6
2012,6,26,Phillip Inman,8,125,2,192
2012,6,26,Michael White,6,231,5,144
2012,6,26,Jude Rogers,1,47,3,10
2012,6,26,Graham Parker,5,63,0,86
2012,6,26,Joe Prince-Wright,1,8,0,11
2012,6,26,Sarah Hartley,1,0,0,26
2012,6,26,Owen Hatherley,2,86,4,121
2012,6,26,Claire Armitstead,1,73,0,14
2012,6,26,Mee-Lai Stone,3,57,4,47
2012,6,26,Kate Connolly,6,399,25,214
2012,6,26,Virginia Lopez,1,57,2,36
2012,6,26,Alison Flood,11,6083,382,1818
2012,6,26,Subhajit Banerjee,1,193,5,169
2012,6,26,Philippa Roe,1,0,1,19
2012,6,26,Duncan Clark,1,394,8,118
2012,6,26,Tania Branigan,5,95,30,164
2012,6,26,Josh Halliday,18,462,36,1159
2012,6,26,Dean Baker,1,6,3,30
2012,6,26,Amy Lawrence,4,323,11,89
2012,6,26,Alan Travis,7,9355,71,1411
2012,6,26,Nouriel Roubini,1,48,8,45
2012,6,26,Liam Kelly,4,37,3,148
2012,6,26,Hunter Felt,4,39,2,31
2012,6,26,Mark Tran,4,101,9,163
2012,6,26,Jeremy Kay,1,4,0,19
2012,6,26,John Cox,1,4,0,16
2012,6,26,Kim Willsher,7,160,13,230
2012,6,26,Bella Todd,1,5,0,25
2012,6,26,Vicky Frost,2,51,2,72
2012,6,26,Alan Potter,1,2,0,10
2012,6,26,Colin Richards,1,15,0,16
2012,6,26,tintin,1,6,0,12
2012,6,26,Seán Dagan Wood,1,4,0,24
2012,6,26,Jeevan Vasagar,1,28,0,32
2012,6,26,Simon Bowers,2,11,0,42
2012,6,26,Simon Midgley,1,87,2,53
2012,6,26,Patrick Butler,9,3213,94,2115
2012,6,26,Hilary Osborne,5,339,18,272
2012,6,26,Sid Lowe,10,262,18,232
2012,6,26,Lloyds TSB,3,2,2,6
2012,6,26,Amelia Hill,4,1970,32,1101
2012,6,26,Simon Rogers,13,2756,117,2235
2012,6,26,Haroon Siddique,2,974,27,590
2012,6,26,World Business Council,1,0,0,13
2012,6,26,Ruth Spencer,4,56,6,122
2012,6,26,Justin McGuirk,1,29,4,35
2012,6,26,Andrew Sparrow,5,109,2,393
2012,6,26,Andrew Khan,1,1145,5,115
2012,6,26,Frances O'Grady,1,393,6,56
2012,6,26,Steven Morris,8,154,8,174
2012,6,26,Matt Trueman,5,245,3,102
2012,6,26,Alan Connor,2,24,0,22
2012,6,26,Marc Abrahams,1,47,3,34
2012,6,26,Alan Smith,2,150,1,73
2012,6,26,Siobhan Dowling,1,2,1,30
2012,6,26,Presented by Aleks Krotoski,1,2,0,43
2012,6,26,produced by Simon Barnard,1,2,0,43
2012,6,26,with Charles Arthur,1,2,0,43
2012,6,26,John Ashdown,4,40,4,82
2012,6,26,Rob Smyth,6,212,15,551
2012,6,26,Corrections,6,0,0,7
2012,6,26,Terry Leahy,1,5,0,38
2012,6,26,Tania Steere,1,31,0,4
2012,6,26,Sawsan Bastawy,1,0,2,0
2012,6,26,Richard McEachran,1,2,0,0
2012,6,26,Nele Obermueller,1,10,2,1
2012,6,26,Kati Whitaker,1,0,0,0
2012,6,26,Natasha Warcholak,1,17,0,2
2012,6,26,Inna Lazareva,1,10,0,0
2012,6,26,Claire Blackburn,1,0,0,1
2012,6,26,Charlotte Maugham,1,1,0,0
2012,6,26,Rob Trask,1,1,0,0
2012,6,26,Olivia Crellin,1,62,2,6
2012,6,26,Lucy-Anne Mizen,1,4,0,0
2012,6,26,Evelyn Owen,1,0,0,0
2012,6,26,Emma Kneebone,1,19,1,1
2012,6,26,Elizabeth Shoda,1,4,0,0
2012,6,26,Lyn Gardner,9,184,2,128
2012,6,26,Anna MacSwan,1,0,0,0
2012,6,26,Mark Sweney,16,635,194,2570
2012,6,26,Lisa Cahill,1,116,0,23
2012,6,26,Liz Ford,10,782,34,629
2012,6,26,Helen Carter,15,559,12,436
2012,6,26,in Rio de Janeiro,6,2149,64,843
2012,6,26,Emily Brinnand,6,109,2,150
2012,6,26,Paul Owen,2,148,1,224
2012,6,26,Asa Calow,1,35,0,121
2012,6,26,Oliver Laughland,1,58,0,28
2012,6,26,Richard Sprenger,3,639,2,90
2012,6,26,Guardian healthcare network,7,21,2,131
2012,6,26,Andy Wilson,10,33,0,53
2012,6,26,Simon Johnson,1,7,0,20
2012,6,26,Lisa O'Carroll,11,56,8,265
2012,6,26,Nils Pratley,7,18,3,73
2012,6,26,Paul Lester,5,1183,3,135
2012,6,26,Juliette Jowit,8,349,15,705
2012,6,26,Adrian Henriques for the <a href="http://www.guardian.co.uk/guardian-professional" title="Guardian Professional Network">Guardian Professional Network</a>,1,10,7,74
2012,6,26,Brian Braiker,6,139,2,136
2012,6,26,Greg Jones,3,1217,41,515
2012,6,26,Matt Williams,11,762,24,177
2012,6,26,Angelique Chrisafis,5,2151,72,819
2012,6,26,Interview by Amelia Hill,3,9,2,61
2012,6,26,Peter Reddaway,1,11,0,18
2012,6,26,Stephen F Cohen,1,11,0,18
2012,6,26,Interviews by Anna Tims,1,88,2,40
2012,6,26,Robert Winston,2,172,2,101
2012,6,26,Imogen Fox,2,93,0,83
2012,6,26,Simon Cambers,2,22,0,13
2012,6,26,Ed Pilkington,10,1446,45,492
2012,6,26,Lisa Marks,5,203,0,106
2012,6,26,Emily Drabble,1,68,1,68
2012,6,26,Precious Williams,1,97,4,43
2012,6,26,Alfred Hickling,4,22,0,39
2012,6,26,Ewen MacAskill,13,2579,52,1702
2012,6,26,Andrew Clements,9,56,4,104
2012,6,26,Richard Luscombe,5,331,33,213
2012,6,26,Owen Bowcott,7,2074,75,806
2012,6,26,Dan Sabbagh,5,77,4,306
2012,6,26,Guardian Government Computing,4,9,0,20
2012,6,26,Brian Logan,3,129,1,77
2012,6,26,John Fordham,6,121,0,101
2012,6,26,Karen McVeigh,4,304,2,85
2012,6,26,Warwick Mansell,1,66,0,153
2012,6,26,Dorothy Lepkowska,1,66,0,153
2012,6,26,Janet Murray,1,66,0,153
2012,6,26,Kate Hilpern,1,39,0,37
2012,6,26,Adrian Searle,2,237,0,93
2012,6,26,Andrew Wilson,1,7,0,32
2012,6,26,Sarah Boseley,6,273,6,236
2012,6,26,Shiv Malik,4,1059,30,446
2012,6,26,Mike Baker,1,13,2,75
2012,6,26,Sanjoy Roy,1,18,0,9
2012,6,26,Tom McCarthy,6,239,12,263
2012,6,26,Jack Shenker,1,344,14,150
2012,6,26,Mike Selvey,2,4,0,18
2012,6,26,Geoffrey Alderman,1,9,2,14
2012,6,26,Zoe Wood,7,77,1,139
2012,6,26,Jill Insley,7,211,7,388
2012,6,26,Luke Harding,4,304,14,209
2012,6,26,Ian Black,6,331,26,361
2012,6,26,Julie Bindel,1,191,1,83
2012,6,26,David Stubbs,1,3,2,22
2012,6,26,Ben Arnold,3,3,2,35
2012,6,26,Julia Raeside,5,28,2,55
2012,6,26,Phelim O'Neill,5,33,3,74
2012,6,26,Fiona Millar,2,137,5,179
2012,6,26,Aditya Chakrabortty,1,10,2,32
2012,6,26,Robert Kitson,9,56,0,45
2012,6,26,Rebecca Ratcliffe,1,34,0,51
2012,6,26,Zac Purchase,1,26,2,33
2012,6,26,George Monbiot,2,1452,52,799
2012,6,26,Michele Hanson,1,57,4,40
2012,6,26,Larry Elliott,6,131,9,178
2012,6,26,Richard Williams,6,74,3,105
2012,6,26,Simon Hoggart,5,60,0,95
2012,6,26,Claire Stares,1,6,0,36
2012,6,26,Polly Toynbee,2,146,9,167
2012,6,26,Hadley Freeman,1,320,6,107
2012,6,26,Bim Adewunmi,2,242,3,90
2012,6,26,Barney Ronay,10,466,11,353
2012,6,26,Steve Bell,8,437,16,350
2012,6,26,Richard Adams,4,26,0,125
2012,6,26,Owen Gibson,12,566,17,514
2012,6,26,Editorial,20,455,43,760
2012,6,26,David Hytner at Municipal Stadium,1,38,1,17
2012,6,26,Poznan,2,50,1,32
2012,6,26,Sid Lowe at the PGE Arena,1,23,0,22
2012,6,26,Gdansk,2,116,3,39
2012,6,26,Lucy Mangan,3,96,1,86
2012,6,26,Barry Neild,1,292,10,139
2012,6,26,Hugh Muir,5,14,0,87
2012,6,26,Dominic Fifield,8,84,2,140
2012,6,26,Daniel Taylor,9,646,21,464
2012,6,26,Harry J Enten,3,19,1,48
2012,6,26,Paul Wilson at the Municipal Stadium,1,12,0,15
2012,6,26,Guardian reporters,1,46,2,78
2012,6,26,Dave Hill,6,29,1,103
2012,6,26,Steve Judge,1,144,0,231
2012,6,26,Presented by James Richardson,5,36,4,69
2012,6,26,produced by Ben Green,4,34,4,57
2012,6,26,Simon Goodley,4,60,5,149
2012,6,26,Yigal Schleifer,1,47,0,52
2012,6,26,Ansel Mullins for <a href="http://istanbuleats.com/" title="">Istanbul Eats</a>,1,47,0,52
2012,6,26,part of the <a href="http://www.guardian.co.uk/travel/series/guardian-travel-network" title="">Guardian Travel Network</a>,1,47,0,52
2012,6,26,Sophie Hudson,1,36,3,148
2012,6,26,Gijsbert Huijink,1,0,0,0
2012,6,26,David Montgomery,1,0,0,0
2012,6,26,Alan Sykes,2,51,3,87
2012,6,26,Alok Jha,2,446,48,344
2012,6,26,Stephen Hoare,1,13,2,36
2012,6,26,Katharine Viner,1,76,0,37
2012,6,26,Mark Lawson,3,47,2,87
2012,6,26,Nick Cowen,2,15,1,121
2012,6,26,Julian Baggini,2,142,11,36
2012,6,26,Alfred007,1,1,0,8
2012,6,26,David Walker,2,67,0,35
2012,6,26,David Lengel,1,2,0,2
2012,6,26,Wendy Jones,1,32,2,30
2012,6,26,Simon Duffy,1,9,2,9
2012,6,26,Tom Bryant,2,16,0,36
2012,6,26,Tom Lutz,12,109,7,175
2012,6,26,Peter Beresford,1,8,0,22
2012,6,26,Carol Davis,1,31,2,31
2012,6,26,Andrew Pulver,3,359,18,229
2012,6,26,Matthew Caines,2,52,1,36
2012,6,26,Kathryn Dobinson,1,2,0,34
2012,6,26,<a href="http://kiln.it">Kiln</a>,1,790,54,567
2012,6,26,Simon Dixon,1,2,0,22
2012,6,26,David Bicknell,3,11,0,20
2012,6,26,Naima Bouteldja,1,195,2,29
2012,6,26,Ed Augustin,1,195,2,29
2012,6,26,Thomas Deltombe,1,195,2,29
2012,6,26,Jeanette Edmiston,1,4,0,21
2012,6,26,Heather Stewart,7,105,17,312
2012,6,26,Harriet Minter,1,14,2,108
2012,6,26,Oliver Thring,2,64,4,71
2012,6,26,Bella Mackie,4,34,2,66
2012,6,26,Aleksandar Holiga,1,47,0,10
2012,6,26,Liz Lightfoot,1,61,14,156
2012,6,26,Stella Tillyard,1,0,0,8
2012,6,26,Jim Gabour,1,24,0,24
2012,6,26,Irna Qureshi,1,7,0,18
2012,6,26,Lisa Evans,2,121,3,355
2012,6,26,Ami Sedghi,3,285,12,563
2012,6,26,Isabel Hilton,1,38,1,49
2012,6,26,George Chesterton,1,5,0,27
2012,6,26,Andy Wilson at The Oval,2,3,0,8
2012,6,26,Nancy Groves,2,17,0,9
2012,6,26,Penelope Harper,1,19,2,20
2012,6,26,James Donaghy,1,13,0,20
2012,6,26,Stanley Johnson,3,153,8,141
2012,6,26,Charlotte Gill,1,14,0,28
2012,6,26,Accenture,2,14,3,17
2012,6,26,Kevin McCarra,5,57,6,47
2012,6,26,Alana Lowe-Petraske,1,1,1,36
2012,6,26,Nicholas Lezard,2,46,0,56
2012,6,26,Gareth Morinan,1,46,3,31
2012,6,26,Ulrike Guérot,1,28,5,43
2012,6,26,Kim Catcheside,1,11,2,50
2012,6,26,Amelia Gentleman,4,356,12,307
2012,6,26,Gary Calton,1,28,10,29
2012,6,26,Carole Cadwalladr,2,126,28,521
2012,6,26,Mona Mahmood,2,47,10,56
2012,6,26,Stephen Moss,3,34,2,31
2012,6,26,Sultan Sooud Al Qassemi,1,94,5,43
2012,6,26,Benjamin Robbins,1,13,0,129
2012,6,26,Fiona Harvey,3,224,6,219
2012,6,26,Oliver Balch for the <a href="http://www.guardian.co.uk/guardian-professional" title="Guardian Professional Network">Guardian Professional Network</a>,1,43,3,12
2012,6,26,Bob Holman,1,531,4,86
2012,6,26,John Vidal,1,60,4,53
2012,6,26,Declan McSweeney,2,68,0,32
2012,6,26,Anna Tims,3,17,1,83
2012,6,26,Vicky Baker,1,251,6,51
2012,6,26,Sarah Ditum,1,52,2,32
2012,6,26,George Hall,1,3,0,16
2012,6,26,Hannah Fearn,1,8,0,62
2012,6,26,Alan Downey,1,0,0,10
2012,6,26,David Brindle,2,41,3,120
2012,6,26,Max de Lotbinière,3,146,6,97
2012,6,26,Joe Friesen,1,50,6,20
2012,6,26,Chris Tribble,2,17,2,26
2012,6,26,Yasmin Dar,1,4,0,8
2012,6,26,Kate Khoury,1,85,1,30
2012,6,26,Christophe Châtelot,1,9,0,6
2012,6,26,Saeed Kamali Dehghan,5,678,30,326
2012,6,26,Florence Evin,1,2,0,29
2012,6,26,Hettie Tinsley,1,2,0,6
2012,6,26,Janet Hardy-Gould,2,14,0,10
2012,6,26,Nicolas Bourcier,1,70,3,65
2012,6,26,Craig Whitlock <a href="http://www.washingtonpost.com/" title="">Washington Post</a>,1,77,2,27
2012,6,26,Graham Snowdon,2,0,0,3
2012,6,26,Tim Bale,1,12,0,26
2012,6,26,Gill Hitchcock,6,7,4,52
2012,6,26,Jon Boone,5,375,15,182
2012,6,26,Gwyn Topham,3,86,8,176
2012,6,26,Charles Gant,1,26,0,19
2012,6,26,Nicolaus Mills,1,33,0,34
2012,6,26,Zara Aziz,1,0,0,13
2012,6,26,Damien Walter,1,143,10,92
2012,6,26,John Domokos,6,1662,30,518
2012,6,26,Peter Sale,1,74,2,17
2012,6,26,Jadeypie10,1,12,0,7
2012,6,26,Vanessa Heggie,1,173,10,91
2012,6,26,John Perry,1,0,0,39
2012,6,26,Mark Britnell,1,19,2,21
2012,6,26,Open thread,3,39,1,73
2012,6,26,Eliza Anyangwe,2,215,13,183
2012,6,26,Jonathan Jones,7,327,10,181
2012,6,26,Denis Campbell,8,1572,42,1119
2012,6,26,Will Hayler at Royal Ascot,3,12,2,10
2012,6,26,Howard Amos,1,105,22,344
2012,6,26,Claire Provost,2,46,0,62
2012,6,26,Jaz Cummins,2,98,5,73
2012,6,26,Rachel Williams,2,24,2,52
2012,6,26,Andrew Deutz for the <a href="http://www.guardian.co.uk/guardian-professional" title="Guardian Professional Network">Guardian Professional Network</a>,1,17,0,29
2012,6,26,Connie Hedegaard,1,61,2,105
2012,6,26,Richard Murphy,1,174,6,70
2012,6,26,Caroline Davies,7,817,35,319
2012,6,26,Simon Tisdall,1,140,0,6
2012,6,26,Anthony Hayward,2,29,0,47
2012,6,26,Giles Tremlett,5,279,17,235
2012,6,26,Giles Fraser,2,170,1,82
2012,6,26,Emma Drury,1,89,4,66
2012,6,26,James Richardson,1,28,2,9
2012,6,26,Matt Hall,1,28,2,9
2012,6,26,Andy Gallagher,3,84,2,50
2012,6,26,Cameron Robertson,3,111,2,71
2012,6,26,Directed by Bruno Sorrentino,4,283,1,142
2012,6,26,produced by Johanna Schwartz. Series produced by Jenny Richards,4,283,1,142
2012,6,26,Nick Rance,4,283,1,142
2012,6,26,Trevor Baker,1,1293,2,96
2012,6,26,Paul Doyle,7,137,4,340
2012,6,26,Roger Protz,1,29,0,23
2012,6,26,Bilbo Poynter,2,807,15,304
2012,6,26,Pierre Haski,1,7,1,7
2012,6,26,Severin Carrell,3,102,3,71
2012,6,26,Scotl,2,23,0,27
2012,6,26,Jonathan Wilson,2,42,4,42
2012,6,26,Tom Jenkins,1,16,0,17
2012,6,26,Matthew Weaver,5,527,35,561
2012,6,26,Brian Whitaker,4,185,17,422
2012,6,26,Sandra Laville,2,24,0,101
2012,6,26,Helienne Lindvall,3,25,0,48
2012,6,26,Ian McCourt,3,73,5,111
2012,6,26,Simon Neville,10,60,7,190
2012,6,26,Hannah Freeman,1,4,0,19
2012,6,26,William Fotheringham,4,93,2,49
2012,6,26,Robin Denselow,4,236,2,51
2012,6,26,Rian Evans,2,5,0,25
2012,6,26,James Ridgeway,1,138,3,28
2012,6,26,Jean Casella,1,138,3,28
2012,6,26,Marshall Marcus,1,22,2,19
2012,6,26,Lucy Lamble,1,12,0,4
2012,6,26,Katy Stoddard,1,48,0,9
2012,6,26,Josephine Moulds,3,58,11,279
2012,6,26,Terry Slavin for the <a href="http://www.guardian.co.uk/guardian-professional" title="Guardian Professional Network">Guardian Professional Network</a>,1,3,0,6
2012,6,26,Daniel Sokol,1,31,0,36
2012,6,26,An,1,45,2,36
2012,6,26,Shukla,1,45,2,36
2012,6,26,Susanna Rustin,1,45,2,36
2012,6,26,Liz Bayram,1,45,2,36
2012,6,26,Sarah Teather,1,45,2,36
2012,6,26,Stevie Chick,1,36,0,19
2012,6,26,Julia Eccleshare,1,6,0,5
2012,6,26,Tom Lutz (first session),1,16,0,6
2012,6,26,John Ashdown (second session),1,16,0,6
2012,6,26,Simon Burnton (a little bit,1,16,0,6
2012,6,26,Barry Glendenning,1,40,3,43
2012,6,26,Victor Keegan,1,65,3,78
2012,6,26,Spyros Marchetos,1,458,12,121
2012,6,26,Michael Coveney,1,150,2,46
2012,6,26,Dan Gillmor,1,13,5,84
2012,6,26,Adam Gabbatt,4,631,18,267
2012,6,26,Marina Hyde,3,147,17,232
2012,6,26,Judith Mackrell,4,261,6,146
2012,6,26,Harry Venning,1,0,0,2
2012,6,26,David Miliband,1,17,0,21
2012,6,26,Ewen Macaskill,1,4,0,16
2012,6,26,Lola Adesioye,1,79,4,51
2012,6,26,Interview by Laura Barnett,2,125,2,36
2012,6,26,Chris Cook,6,43,1,47
2012,6,26,Rupert Neate,5,192,17,237
2012,6,26,Nick Clegg,1,93,12,122
2012,6,26,Gwilym Mumford,5,34,0,57
2012,6,26,Martin Skegg,1,0,0,4
2012,6,26,Jonathan Wright,2,0,0,8
2012,6,26,Emine Saner,1,159,6,141
2012,6,26,Ian Martin,1,11,2,39
2012,6,26,Greg Wood at Ascot,10,97,0,53
2012,6,26,Steven Bloor,5,272,4,120
2012,6,26,Deborah Orr,4,79,2,130
2012,6,26,Simon Jenkins,2,517,12,187
2012,6,26,Beatrice Woolf,2,2525,83,587
2012,6,26,Virginia Spiers,1,7,0,25
2012,6,26,As seen by Catherine Bennett,1,5,0,12
2012,6,26,Eliane Glaser,1,70,2,16
2012,6,26,Michael Wolff,1,6,2,51
2012,6,26,Jonathan Bernstein,1,4,0,23
2012,6,26,Daniel Taylor at the Donbass Arena,1,142,0,42
2012,6,26,Donetsk,5,193,0,121
2012,6,26,Kevin Mitchell,7,119,0,44
2012,6,26,Andy Bull,3,231,0,41
2012,6,26,Stuart James at the Olympic Stadium,1,42,3,14
2012,6,26,Kiev,4,420,13,94
2012,6,26,Dominic Fifield at the Donbass Arena,2,29,0,36
2012,6,26,Rose Ann DeMoro,1,102,1,35
2012,6,26,David Hytner,2,463,16,230
2012,6,26,James Ball,7,763,206,965
2012,6,26,Richard Williams at the Donbass Arena,1,6,0,27
2012,6,26,Esther Addley,4,2579,109,789
2012,6,26,Alan Mak,1,1,1,26
2012,6,26,Caspar van Vark,1,21,0,48
2012,6,26,Harriet Sherwood,3,173,6,100
2012,6,26,Gina Miller,1,0,0,0
2012,6,26,Kevin Watkins,1,45,4,44
2012,6,26,Rory Stewart,1,10,0,16
2012,6,26,Virginia Wallis,2,4,1,47
2012,6,26,Sue Ferns,1,3,0,14
2012,6,26,Richard Vize,3,1,0,22
2012,6,26,Lauren Niland,2,1,0,12
2012,6,26,Adam Roberts,1,94,1,53
2012,6,26,Jamie Andrews,1,23,1,40
2012,6,26,Michael Cox,3,87,1,71
2012,6,26,Daloni Carlisle,1,4,0,6
2012,6,26,Jim Mackey,1,0,0,5
2012,6,26,Beverley Cuddy,1,3484,9,520
2012,6,26,Cate,1,1,0,12
2012,6,26,Jennifer Taylor,1,0,0,7
2012,6,26,Dawn Prentice,1,5,3,31
2012,6,26,Jo Stephenson,1,3,2,23
2012,6,26,Ingrid Torjesen,1,1,0,20
2012,6,26,Joseph Harker,1,383,6,64
2012,6,26,Alex English,1,32,0,54
2012,6,26,Interview by Ben Johncock,1,6,1,64
2012,6,26,Abhay Adhikari,1,17,1,41
2012,6,26,Charlotte Higgins,4,1170,14,263
2012,6,26,Alex Bath,1,17,6,19
2012,6,26,Gloria Nicol,1,7,1,27
2012,6,26,Graeme Virtue,1,1,0,17
2012,6,26,Antonio Patriota,1,168,6,51
2012,6,26,Peter John,1,6,0,10
2012,6,26,Joanne O'Connell,1,61,0,73
2012,6,26,Sam Murphy,1,267,16,163
2012,6,26,Tim Smedley for the <a href="http://www.guardian.co.uk/guardian-professional" title="Guardian Professional Network">Guardian Professional Network</a>,1,166,2,86
2012,6,26,Michael Hann,3,139,2,72
2012,6,26,Kate McCann,2,5,0,30
2012,6,26,Hari,1,2,0,41
2012,6,26,Jake,1,2,0,41
2012,6,26,Sue Unerman,1,20,1,16
2012,6,26,Xan Brooks,5,316,9,183
2012,6,26,Stuart Heritage,4,324,7,207
2012,6,26,Mo Costandi,2,32,7,44
2012,6,26,Ian Vince,1,11,0,40
2012,6,26,Jude Habib,1,96,0,24
2012,6,26,Marian Thomas,1,24,2,27
2012,6,26,Steve Busfield,4,53,2,20
2012,6,26,Suzie,2,1,0,16
2012,6,26,Isha,1,1,0,12
2012,6,26,aged 7,1,1,0,12
2012,6,26,Public Leaders Network,2,0,0,11
2012,6,26,Helen Seamons,2,39,1,54
2012,6,26,Debbie Andalo,1,0,1,5
2012,6,26,Alistair Grant,1,76,2,24
2012,6,26,Jane Martinson,1,71,1,50
2012,6,26,Alina Paul Bossuet,1,52,2,17
2012,6,26,Paul Harvey,1,17,0,21
2012,6,26,Rajeev Syal,6,1725,39,820
2012,6,26,Asra Nomani,1,14,1,31
2012,6,26,Trevor Ward,1,200,11,196
2012,6,26,Ruth Jamieson,1,145,2,51
2012,6,26,Isabel Choat,2,60,0,72
2012,6,26,Leanne Batson,1,12,2,32
2012,6,26,Martin Pick,1,0,0,4
2012,6,26,Peter Girling,1,2,0,14
2012,6,26,Matthew Baxter-Reynolds,1,7,1,105
2012,6,26,Leander Schaerlaeckens,1,252,1,49
2012,6,26,Robert Booth,5,227,19,324
2012,6,26,Phil Hoad,2,5,0,28
2012,6,26,TheBookThief,1,1,0,8
2012,6,26,Guy Grandjean,1,540,3,94
2012,6,26,Sue Riddlestone,1,4,0,37
2012,6,26,Julian Jacobs,1,21,0,5
2012,6,26,Jane Tomlinson,1,50,0,13
2012,6,26,The Markets,1,193,9,80
2012,6,26,Peter Robinson,4,172,0,170
2012,6,26,Jonathan Baume,1,0,2,11
2012,6,26,Glenn Greenwald,1,1027,75,626
2012,6,26,Deborah Hargreaves,1,3,0,30
2012,6,26,Rebecca Smithers,3,98,2,94
2012,6,26,AliRae,1,1,0,12
2012,6,26,Invisible Woman,1,12,0,36
2012,6,26,Nell McShane Wulfhart,1,37,0,24
2012,6,26,Faye Lipson,1,33,8,47
2012,6,26,Sam Richards,2,42,0,48
2012,6,26,Maya Jasanoff,1,8,0,9
2012,6,26,Melanie Stern for the <a href="http://www.guardian.co.uk/guardian-professional" title="Guardian Professional Network">Guardian Professional Network</a>,2,45,4,69
2012,6,26,Jon Trickett,1,31,3,22
2012,6,26,John Elkington for the <a href="http://www.guardian.co.uk/guardian-professional" title="Guardian Professional Network">Guardian Professional Network</a>,1,1,0,8
2012,6,26,Joshua Rozenberg,1,11,0,35
2012,6,26,Matthew Happold,1,62,2,39
2012,6,26,Guardian,1,127,19,30
2012,6,26,in Athens,1,70,12,58
2012,6,26,S.Barry Cooper,1,101,18,108
2012,6,26,Evan Fanning,2,9,6,37
2012,6,26,Tom Jenkins at Ascot,1,5,2,10
2012,6,26,Angela Hartnett,1,7,0,20
2012,6,26,Pete Jones,2,420,10,108
2012,6,26,in Goma,1,373,6,89
2012,6,26,David Smith,3,665,16,225
2012,6,26,in Johannesburg,2,395,9,123
2012,6,26,Will Hayler at Ascot,5,11,2,25
2012,6,26,Belinda Webb,1,12,0,76
2012,6,26,Graeme Le Saux,1,2,0,9
2012,6,26,Ellen Magnis,1,112,0,30
2012,6,26,Yoko Ono,3,152,11,110
2012,6,26,Catherine Shoard,4,236,0,111
2012,6,26,SA Mathieson,1,2,0,15
2012,6,26,Opta,1,46,1,23
2012,6,26,Tim Etchells,1,31,0,24
2012,6,26,Paul Haydon,1,30,3,35
2012,6,26,Ben Dowell,3,238,1,130
2012,6,26,Tim Ashley,2,10,0,27
2012,6,26,Michael Billington,3,54,0,39
2012,6,26,Produced by Eric Hilaire,1,243,4,65
2012,6,26,Caroline Sullivan,2,34,2,19
2012,6,26,Chitrangada Choudhury,1,141,0,10
2012,6,26,David Leigh,1,241,11,134
2012,6,26,Gregory Doran,1,70,2,23
2012,6,26,Rupert Goold,1,70,2,23
2012,6,26,Guardian staff,1,33,2,23
2012,6,26,David Hannay,1,37,0,5
2012,6,26,Timothy Garton Ash,1,317,6,43
2012,6,26,Matthew Taylor,2,1436,21,865
2012,6,26,Anna Kessel,3,6,0,26
2012,6,26,Alexandra Topping,6,1215,40,789
2012,6,26,David Batty,7,715,32,684
2012,6,26,Interview by Sarah Phillips,1,6,3,31
2012,6,26,Paul Harris,8,901,32,399
2012,6,26,Emily Murray,1,150,9,34
2012,6,26,Hannah Verdier,2,0,0,12
2012,6,26,Rebecca Nicholson,2,5,0,19
2012,6,26,Priya Elan,1,16,1,18
2012,6,26,Suzanne Moore,1,75,1,49
2012,6,26,Michael Ashcroft,1,61,0,53
2012,6,26,John Crace,2,109,0,53
2012,6,26,Zoe Williams,2,193,18,218
2012,6,26,chief arts writer,1,561,11,179
2012,6,26,Stephan Kuffner,1,105,12,115
2012,6,26,Matt Shardlow,1,16,0,22
2012,6,26,Martin Kettle,1,7,0,25
2012,6,26,Mike Adamson,2,314,4,113
2012,6,26,Darian Leader,1,655,14,123
2012,6,26,Nadja Popovich,1,6,0,78
2012,6,26,Sam Wollaston,5,62,0,81
2012,6,26,Henry McDonald Irel,1,8,0,14
2012,6,26,Ana Marie Cox,1,55,8,24
2012,6,26,Heidi Moore,1,7,0,57
2012,6,26,Tim Jonze,3,1358,9,383
2012,6,26,Tim Dowling,3,964,30,189
2012,6,26,Stuart Jeffries,3,1011,44,242
2012,6,26,Murdo MacLeod,1,38,3,8
2012,6,26,DBC Pierre,1,259,4,107
2012,6,26,Felicity Cloake,1,114,4,59
2012,6,26,JF Derry,1,127,15,295
2012,6,26,Agencies,4,98,11,220
2012,6,26,Dan Glaister,1,5,0,46
2012,6,26,Sally Higham,1,25,0,85
2012,6,26,Danny Bradbury,1,72,8,112
2012,6,26,David Floyd,1,0,0,0
2012,6,26,Alan Cleaver,1,23,0,25
2012,6,26,Norman Crossland,1,5,0,11
2012,6,26,Juan Gabriel Vásquez,1,34,0,24
2012,6,26,Chris Mullin,1,3,2,43
2012,6,26,Andrew Jones,1,91,5,94
2012,6,26,Jonathon Porritt,1,26,0,78
2012,6,26,Allison Hicks,1,36,2,69
2012,6,26,Jeremy Kuper,1,3,0,25
2012,6,26,HorseLover3000,2,13,0,14
2012,6,26,Aiman.A,1,0,0,6
2012,6,26,Paul Swinney,1,0,0,0
2012,6,26,Mary Douglas-Home,2,17,3,30
2012,6,26,John Drummond,1,42,0,30
2012,6,26,Nick Pearce,1,26,3,28
2012,6,26,Will Coldwell,1,126,2,49
2012,6,26,Rahul Choudaha,1,31,19,70
2012,6,26,Tim Gregory,1,0,2,12
2012,6,26,Richard Wilson,1,8,0,68
2012,6,26,Kate Gould,1,17,0,21
2012,6,26,Peter Galbraith,1,49,7,80
2012,6,26,Dorian Lynskey,1,581,5,96
2012,6,26,Hélène Mulholl,1,234,11,122
2012,6,26,Nick Watt,1,234,11,122
2012,6,26,Anna Chesters,1,8,0,29
2012,6,26,James Derounian,2,11,1,40
2012,6,26,Shiona Tregaskis,1,73,0,169
2012,6,26,James Randerson,1,37,6,59
2012,6,26,Bella Thomas,1,0,0,1
2012,6,26,Matthew Yeomans,1,5,2,40
2012,6,26,Cory Doctorow,1,110,29,202
2012,6,26,James Devon,1,12,11,79
2012,6,26,Meir Javedanfar,1,4,2,39
2012,6,26,Graham Hayday,1,34,0,53
2012,6,26,Ian Cobain,2,196,20,231
2012,6,26,Andy Byfield,1,35,0,28
2012,6,26,Dave Simpson,2,102,3,42
2012,6,26,Priya,1,0,0,4
2012,6,26,aged 4,1,0,0,4
2012,6,26,Diana Athill,1,54,1,26
2012,6,26,Maggie Brown,1,1,0,16
2012,6,26,Tara Conlan,1,1,0,16
2012,6,26,Joshua Surtees,1,16,0,23
2012,6,26,Chris Power,1,14,2,21
2012,6,26,Sarfraz Manzoor,2,147,5,103
2012,6,26,World Business Council for Sustainable Development,2,27,4,15
2012,6,26,Miles Brignall,1,37,4,25
2012,6,26,Martin Belam,1,23,2,34
2012,6,26,Alex von Tunzelmann,1,7,0,15
2012,6,26,Damian Carrington,3,748,35,505
2012,6,26,Jim Wright,1,3,0,9
2012,6,26,St John Burkett,1,0,0,10
2012,6,26,Stavros Drakoularakos of Sport24.gr,1,70,3,17
2012,6,26,Jack Schofield,1,1,1,47
2012,6,26,Sarah Thelwall,1,19,0,19
2012,6,26,Michael Keating,1,114,0,14
2012,6,26,Skye Sherwin,2,26,0,23
2012,6,26,Ian Parry,1,4,0,14
2012,6,26,Adrian Harvey,1,1,0,17
2012,6,26,Terry Macalister,5,298,19,220
2012,6,26,Ben Kape,1,50,0,16
2012,6,26,Ken Macfarlane,1,50,0,16
2012,6,26,James Callow,3,113,2,60
2012,6,26,David Mitchell,2,487,10,251
2012,6,26,Jasper Fforde,1,64,2,63
2012,6,26,Ai Weiwei,1,1659,58,278
2012,6,26,OrliTheBookworm,1,2,0,7
2012,6,26,Peter Wilby,1,17,2,53
2012,6,26,Tom Cox,1,14,0,25
2012,6,26,Sam Jordison,1,6,3,17
2012,6,26,Jess Cartner-Morley,3,263,4,105
2012,6,26,Stephen Morris,1,17,0,38
2012,6,26,Peter Bradshaw,8,86,5,69
2012,6,26,Alexis Petridis,2,208,2,61
2012,6,26,Tom Shone,2,28,0,47
2012,6,26,Richard Gott,1,50,2,30
2012,6,26,Naomi Wolf,2,406,5,241
2012,6,26,Presented by Tom Clark,1,8,0,31
2012,6,26,produced by Phil Maynard,1,8,0,31
2012,6,26,Martin Chulov,2,2139,39,1402
2012,6,26,Mark Brown,2,84,2,23
2012,6,26,Siobhán Dowling,2,150,4,53
2012,6,26,Trevor Mostyn,1,0,0,10
2012,6,26,David Freud,1,14,2,38
2012,6,26,Michael McNay,2,41,0,44
2012,6,26,Daniel Saks,1,27,9,107
2012,6,26,Tom Service,2,34,1,56
2012,6,26,Leo Benedictus,1,4,0,10
2012,6,26,Sydney,1,25,1,24
2012,6,26,By <a href="http://www.irinnews.org/" title="">IRIN</a>,1,16,0,8
2012,6,26,part of the <a href="http://www.guardian.co.uk/global-development/series/guardian-development-network" title="">Guardian development network</a>,1,16,0,8
2012,6,26,Amy Goodman,1,3,0,5
2012,6,26,Maura Jackson,1,22,2,20
2012,6,26,Jenny Purt for the <a href="http://www.guardian.co.uk/guardian-professional" title="Guardian Professional Network">Guardian Professional Network</a>,1,115,6,40
2012,6,26,Rob Evans,2,145,3,155
2012,6,26,Paul Lewis,1,131,3,42
2012,6,26,Imogen Heap,1,13,0,19
2012,6,26,Andy Wales for SABMiller,1,1,1,15
2012,6,26,Robert Skidelsky,1,1456,45,101
2012,6,26,James Everest,1,168,5,39
2012,6,26,Bradley Wiggins,1,3,1,12
2012,6,26,Dalya Alberge,1,222,6,66
2012,6,26,Guy Dammann,2,15,0,42
2012,6,26,Michael Cohen,1,3675,86,343
2012,6,26,Emma Brockes,1,3,2,4
2012,6,26,Toby Hadoke,1,54,2,67
2012,6,26,Mark Lewis,2,50,3,56
2012,6,26,John Robinson,1,0,0,8
2012,6,26,Ali Catterall,2,0,0,13
2012,6,26,Jonny Weeks,3,70,3,45
2012,6,26,Nirpal Dhaliwal,1,488,8,58
2012,6,26,Dan Hancox,1,422,4,63
2012,6,26,Sadhbh Walshe,1,16,0,20
2012,6,26,Kate Adams,1,32,4,32
2012,6,26,John Gilbey,1,4,0,37
2012,6,26,Maddy Costa,1,2,0,14
2012,6,26,Josef Joffe,1,100,1,56
2012,6,26,Elisabeth Mahoney,1,1,0,27
2012,6,26,Daniel Denvir,1,43,6,34
2012,6,26,Kevin Mitchell at Stoke Park,1,2,0,4
2012,6,26,in Miami,1,242,23,94
2012,6,26,Dom Lawson,1,41,0,10
2012,6,26,Tom Meltzer,2,59,1,61
2012,6,26,Kevin McCarra at the National Stadium,1,143,10,18
2012,6,26,Lisa Brown,1,71,0,125
2012,6,26,Tony Leighton,1,7,0,11
2012,6,26,Vic Marks at Grace Road,1,1,2,4
2012,6,26,Paul Weaver,6,124,3,81
2012,6,26,produced by Peter Sale,1,2,0,12
2012,6,26,James Riach,2,30,4,49
2012,6,26,Kate Molleson,1,15,2,40
2012,6,26,Zoë Blackler,1,12,5,16
2012,6,26,Rosie Birkett,1,170,0,74
2012,6,26,Fiona Neall,1,40,0,10
2012,6,26,Suzanne Warr,1,135,0,20
2012,6,26,Loic Menzies,1,14,1,79
2012,6,26,Ed Jacobs,1,12,0,31
2012,6,26,Dugald Baird,1,72,1,67
2012,6,26,John Ezard,1,12,0,11
2012,6,26,Shyama Perera,1,12,0,11
2012,6,26,Steven Poole,1,8,2,27
2012,6,26,Dan Corry,1,3,2,14
2012,6,26,Lijia Zhang,1,42,0,32
2012,6,26,Tom Peter,2,77,2,80
2012,6,26,Steve Hoy,1,3,0,8
2012,6,26,sapphirebooklover,1,1,0,17
2012,6,26,Seyward Darby,1,44,0,8
2012,6,26,Jon Land,1,2,2,42
2012,6,26,Lisa Morgan,1,67,2,69
2012,6,26,Thomas Hoblyn,1,3,0,24
2012,6,26,Guardian Money,1,9,1,31
2012,6,26,Alan Fisher,1,9,3,19
2012,6,26,Lily Asquith,1,174,32,31
2012,6,26,David Marsh,1,9,1,46
2012,6,26,Helen Wright,1,157,1,36
2012,6,26,Adam Marshall,1,7,3,15
2012,6,26,Alison Reeve,1,10,0,22
2012,6,26,Amanda Hopkinson,1,17,2,39
2012,6,26,Made,1,56,0,5
2012,6,26,non zero one,1,56,0,5
2012,6,26,Lisa Bachelor,10,341,20,289
2012,6,26,Derek Weekes,1,30,3,33
2012,6,26,Henry Barnes,1,40,1,29
2012,6,26,Elliot Smith,1,40,1,29
2012,6,26,William Dalrymple,1,44,8,19
2012,6,26,Kirsty Scott,1,10,0,16
2012,6,26,Simon Burnton,3,209,9,71
2012,6,26,Mark Vernon,1,263,1,22
2012,6,26,Chantal Umuhoza,1,48,4,44
2012,6,26,By Uma,1,0,0,11
2012,6,26,Desh (5),1,0,0,11
2012,6,26,Megh (4),1,0,0,11
2012,6,26,Cian Fahey,1,3,2,12
2012,6,26,Daniel Bettridge,1,307,3,70
2012,6,26,Sian Griffiths,1,25,3,26
2012,6,26,Presented by Claire Armitstead,1,67,5,110
2012,6,26,produced by Tim Maby,1,67,5,110
2012,6,26,Hannah Waldram,2,7,3,15
2012,6,26,Matt Cavanagh,1,29,0,40
2012,6,26,Nathan Green,1,25,2,35
2012,6,26,James Smythe,1,81,4,39
2012,6,26,Stephen Abbott,1,1,0,2
2012,6,26,Dan Catt,1,1,0,2
2012,6,26,Misha Hussain with additional reporting by Gulam Azam Khan,1,391,7,23
2012,6,26,Presented by John Plunkett,1,0,0,22
2012,6,26,produced by Matt Hill,1,0,0,22
2012,6,26,Jessica Shankleman for <a href="http://www.businessgreen.com">BusinessGreen</a>,1,8,4,22
2012,6,26,Chris Cross,1,639,25,430
2012,6,26,Elizabeth Day,2,206,10,154
2012,6,26,Stephen Twigg,1,43,2,58
2012,6,26,David Conn,1,17,0,29
2012,6,26,Richard Norton-Taylor,2,139,3,47
2012,6,26,Richard Goldstone,1,30,2,44
2012,6,26,Donald McRae,1,6,0,12
2012,6,26,Maya Sela,1,119,1,70
2012,6,26,Sam Thorp,1,0,0,13
2012,6,26,Dahlia Lithwick,1,5,0,26
2012,6,26,Jo Elliott/Oxfam,1,55,6,43
2012,6,26,music by Imran Ahmad,1,55,6,43
2012,6,26,Sugar,2,6,0,30
2012,6,26,Nesrine Malik,1,87,2,21
2012,6,26,Matthew Gitsham,1,25,2,29
2012,6,26,New York,1,114,4,102
2012,6,26,Mordechai Beck,1,1,1,8
2012,6,26,Andy Wilson at Headingley,1,1,0,4
2012,6,26,Giulio Frigieri,1,1,0,8
2012,6,26,Tim Maby,1,1,0,8
2012,6,26,Posted by Sarah Emily Duff for <a href="http://uvenus.org/" title="">University of Venus</a>,1,32,3,63
2012,6,26,Dean Macey,1,4,0,7
2012,6,26,Freya Williams,1,20,0,44
2012,6,26,Ronald Bergan,1,35,1,38
2012,6,26,Jason Farago,1,22,4,24
2012,6,26,Laura Barton,1,68,0,57
2012,6,26,Steve Rose,4,62,2,58
2012,6,26,Sarah Crown,1,1,0,16
2012,6,26,Presented by Alexis Petridis,1,14,0,20
2012,6,26,Kieran Yates. Produced by Pascal Wyse,1,14,0,20
2012,6,26,Beth Porter,1,2,0,18
2012,6,26,Styling: Priscilla Kwateng. Photographs: David Newby,1,6,0,13
2012,6,26,Hannah Booth,1,5,1,16
2012,6,26,Naomi McAuliffe,1,2048,8,205
2012,6,26,Alistair Smith,1,0,0,3
2012,6,26,Andrew Collins,1,6,0,25
2012,6,26,Hélène Mulholland,2,79,2,82
2012,6,26,Correspondent,1,85,3,82
2012,6,26,Victoria Bekiempis,1,86,2,21
2012,6,26,Rupert Sawyer,1,1,1,26
2012,6,26,Richard Seymour,1,110,1,27
2012,6,26,Sali Hughes,3,205,4,152
2012,6,26,Nat Saunders,1,6,0,22
2012,6,26,Jeff Opperman for the <a href="http://www.guardian.co.uk/guardian-professional" title="Guardian Professional Network">Guardian Professional Network</a>,1,12,0,12
2012,6,26,Paul Scruton,1,48,4,33
2012,6,26,Sean Clarke,1,48,4,33
2012,6,26,Sam Jones,1,399,4,41
2012,6,26,Garry Blight,1,41,0,12
2012,6,26,James Riach (then),1,19,1,22
2012,6,26,John Ashdown (now),1,19,1,22
2012,6,26,Ed Douglas,1,13,0,8
2012,6,26,John Densky,2,2126,41,1376
2012,6,26,Rosie Niven,1,0,0,0
2012,6,26,Mohammed Hanif,1,791,14,89
2012,6,26,Sahra Wagenknecht,1,37,4,38
2012,6,26,Michael Freedland,1,19,0,14
2012,6,26,Kitty Empire,5,84,1,108
2012,6,26,Constanze Letsch,1,37,2,31
2012,6,26,Robert Carnwath,1,89,2,73
2012,6,26,Richard Overy,1,350,0,89
2012,6,26,Martin Rowson,2,55,2,67
2012,6,26,Tobias Jones,1,1023,24,42
2012,6,26,Haytham Manna,1,144,2,45
2012,6,26,Jonathan Freedland,1,10,1,68
2012,6,26,Patrick Collinson,4,139,10,273
2012,6,26,Jim Perrin,1,3,0,42
2012,6,26,Interview by Raziye Akkoc,1,0,0,5
2012,6,26,Mark Weisbrot,1,504,7,121
2012,6,26,Kevin McCarra at the PGE Arena,1,93,3,17
2012,6,26,Sol Campbell,1,4,0,7
2012,6,26,Ian Jack,1,6,1,16
2012,6,26,Paul Simons,1,5,1,30
2012,6,26,Sahar Aziz,1,79,0,37
2012,6,26,Cedric Moon,1,79,0,37
2012,6,26,Anna Kessel at the Alexander Stadium,1,1,0,11
2012,6,26,Sarah Moss,1,46,0,11
2012,6,26,Maya Claughton,1,131,0,47
2012,6,26,Emma Kennedy,1,9,0,3
2012,6,26,Sally Shalam,1,5,0,9
2012,6,26,Jasper Winn,1,34,2,16
2012,6,26,Jamie Lafferty,1,216,7,81
2012,6,26,Steve Keenan,1,767,19,86
2012,6,26,Marion Shoard,1,1,0,5
2012,6,26,John Mullan,2,127,1,8
2012,6,26,Aingeal Clare,1,19,0,2
2012,6,26,Alex Clark,2,10,1,17
2012,6,26,Tishani Doshi,1,1,0,3
2012,6,26,Michel Faber,1,14,0,2
2012,6,26,Simon Mason,1,19,0,6
2012,6,26,Francis Beckett,1,38,2,54
2012,6,26,Sue Arnold,1,0,0,4
2012,6,26,AS Byatt,1,390,21,83
2012,6,26,George Christie,1,18,0,7
2012,6,26,Emilie Bickerton,1,39,3,59
2012,6,26,William Fiennes,1,35,2,23
2012,6,26,Jerry White,1,50,0,19
2012,6,26,Nicola Barker,1,14,2,3
2012,6,26,Mary Beard,1,251,13,77
2012,6,26,Yotam Ottolenghi,1,165,4,11
2012,6,26,Dan Lepard,1,51,5,16
2012,6,26,Alys Fowler,2,4,0,10
2012,6,26,Simon Hattenstone,2,169,11,109
2012,6,26,Andre Agassi,1,2,3,21
2012,6,26,Michael Hanlon,1,3186,145,949
2012,6,26,Dawn Isaac,1,21,0,15
2012,6,26,Tom Dyckhoff,1,80,0,18
2012,6,26,Anonymous,1,4,0,1
2012,6,26,Becky Barnicoat. Portrait by <a href="http://emilystein.co.uk" title="">Emily Stein</a>,1,1,0,5
2012,6,26,Andrea Downing,1,14,0,9
2012,6,26,Rosanna Greenstreet,1,75,2,20
2012,6,26,Thomas Eaton,1,0,0,2
2012,6,26,Hugh Fearnley-Whittingstall,1,85,3,28
2012,6,26,John Lanchester,1,16,0,26
2012,6,26,Oliver Burkeman,1,39,5,103
2012,6,26,As told to Mark King,1,1,0,12
2012,6,26,Jeremy Bullmore,1,0,0,1
2012,6,26,Geoffrey Wadhurst,1,0,1,116
2012,6,26,Rupert Jones,1,39,1,125
2012,6,26,Nicola Jennings,1,1,0,14
2012,6,26,Nosheen Iqbal,1,3,0,7
2012,6,26,Puck,1,1,0,5
2012,6,26,John Brunton,2,65,4,3
2012,6,26,Natasha Edwards,2,7,0,0
2012,6,26,William Cook,2,237,3,11
2012,6,26,John Patterson,1,18,0,2
2012,6,26,Maureen Paton,1,26,2,20
2012,6,26,The Guide,1,1,0,1
2012,6,26,Maureen Patton,1,52,0,7
2012,6,26,Justin Quirk,1,20,0,4
2012,6,26,Johnny Dee,1,2,0,3
2012,6,26,Josie Long,1,5,0,3
2012,6,26,Jon &amp; Mick/moderntoss.com,1,6,2,1
2012,6,26,Steven Appleby,1,1,0,0
2012,6,26,Robert Clark,1,7,0,12
2012,6,26,Charlie Condou,1,2,0,1
2012,6,26,Nick Gillett,1,2,0,44
2012,6,26,Annalisa Barbieri,1,4,0,3
2012,6,26,Josie Appleton,1,232,17,217
2012,6,26,Barney Bardsley,1,10,0,4
2012,6,26,Lynn Hanna,1,35,0,20
2012,6,26,Tim Lott,1,5,0,7
2012,6,26,Angelos Epithemiou,1,51,0,13
2012,6,26,Olly Richards,1,5,0,26
2012,6,26,John Fordham &amp; John Robinson,1,7,0,4
2012,6,26,Katrina Dixon,1,0,0,4
2012,6,26,James Kettle,1,12,0,2
2012,6,26,Patric Baird,1,20,0,9
2012,6,26,John Mitchell,1,20,0,9
2012,6,26,Sam Richards &amp; Marc Rowlands,1,20,0,9
2012,6,26,Robert Clark &amp; Skye Sherwin,1,16,0,40
2012,6,26,Mark Cook,1,7,0,4
2012,6,26,Lyn Gardner &amp; Judith Mackrell,1,7,0,4
2012,6,26,Iain Aitch &amp; Katrina Dixon,1,30,0,34
2012,6,26,Taya Zinkin,1,1,0,41
2012,6,26,Giulia Rhodes,1,622,11,255
2012,6,26,John Harris,2,312,6,213
2012,6,26,Interview by Emine Saner,1,30,3,38
2012,6,26,Conal Urquhart,3,1468,99,395
2012,6,26,Richard Rae,1,1,0,7
2012,6,26,Leonard Barden,1,2,2,4
2012,6,26,Ryan Owen Gibson,1,28,0,39
2012,6,26,The Secret Teacher,1,104,3,80
2012,6,26,ThePinkElephant,1,3,0,19
2012,6,26,Michael Aylwin,1,1,0,26
2012,6,26,Mona Eltahawy,1,85,6,29
2012,6,26,Fiona Beckett,1,8,0,22
2012,6,26,Patrick Chalmers,1,33,4,46
2012,6,26,Simon Armitage,2,146,4,67
2012,6,26,Reba,2,2,0,30
2012,6,26,Amatullah,2,2,0,30
2012,6,26,aged 2,2,2,0,30
2012,6,26,Daniel Boffey,3,1638,27,602
2012,6,26,Policy Editor,1,1594,17,399
2012,6,26,Ed Vulliamy,1,211,14,131
2012,6,26,Jo Tuckman,2,833,30,545
2012,6,26,Andrew Katz,1,146,5,42
2012,6,26,Kevin Quigagne,1,9,0,13
2012,6,26,Tracy McVeigh,1,504,9,92
2012,6,26,Tracy McVeigh Reykjavik,1,951,17,59
2012,6,26,Alicia Canter,1,7,0,20
2012,6,26,Evan Fanning (then),1,12,0,46
2012,6,26,Rob Smyth (after then),1,12,0,46
2012,6,26,Scott Murray (after all),1,12,0,46
2012,6,26,Ofelia de Pablo,1,431,5,86
2012,6,26,Asturias,1,431,5,86
2012,6,26,Observer staff,1,1,0,7
2012,6,26,Rachel Johnson,1,190,4,116
2012,6,26,Robert Kitson at Nelson Mandela Bay Stadium,1,7,0,3
2012,6,26,Chris Cook at Ascot,2,26,0,8
2012,6,26,Evan Fanning (early),1,4,0,13
2012,6,26,John Ashdown (from 3pm BST),1,4,0,13
2012,6,26,Jamie Doward,3,1427,30,697
2012,6,26,Caroline Mortimer,2,1355,16,593
2012,6,26,Eddie Butler,1,0,0,2
2012,6,26,Andy Bull at Alexander Stadium,1,7,0,7
2012,6,26,Anna Kessel at Alexander Stadium,1,0,0,14
2012,6,26,Philip Cornwall,1,3,0,4
2012,6,26,Toby Helm,3,1870,65,909
2012,6,26,Julian Coman,2,1834,63,848
2012,6,26,Tim Lewis,1,2,1,4
2012,6,26,Vic Marks,1,2,0,6
2012,6,26,Yamilé Aldama,1,2,0,4
2012,6,26,Sid Lowe at Donbass Arena,2,83,3,34
2012,6,26,Joe Berger,1,6,0,3
2012,6,26,Pascal Wyse,1,6,0,3
2012,6,26,Christian Adofo,1,54,9,28
2012,6,26,David James,1,1,0,16
2012,6,26,Vic Marks at Trent Bridge,1,1,0,5
2012,6,26,David Hills,1,5,0,14
2012,6,26,Interview by Elizabeth Day,1,8,0,7
2012,6,26,Interview by Tom Lamont,6,24,0,34
2012,6,26,Dan Pearson,1,9,0,9
2012,6,26,Helen Pidd,2,228,16,137
2012,6,26,As chosen by Jason Solomons,1,527,7,64
2012,6,26,Observer film writer,1,527,7,64
2012,6,26,Jane Mulkerrins,2,73,2,27
2012,6,26,Anita Sethi,1,8,0,0
2012,6,26,Kathryn Flett,1,74,11,92
2012,6,26,Nicholas Kenyon,1,3,0,5
2012,6,26,Stephen Pritchard,2,5,2,19
2012,6,26,Mark Kermode,13,57,2,94
2012,6,26,Toby Moses,1,3,0,10
2012,6,26,Felix Atkin,1,0,0,16
2012,6,26,Matt Kamen,1,3,1,38
2012,6,26,Mark Townsend,2,48,0,82
2012,6,26,Kevin McKenna,1,3,0,11
2012,6,26,Jessica Holland,1,28,4,9
2012,6,26,Andrew Anthony,1,4,0,12
2012,6,26,Gemma Kappala-Ramsamy,2,181,1,12
2012,6,26,Ally Carnwath,2,10,0,12
2012,6,26,Katharine Whitehorn,1,0,0,0
2012,6,26,Anna Baddeley,1,8,0,21
2012,6,26,Phil Hogan,1,0,0,6
2012,6,26,Tom Lamont,2,22,0,33
2012,6,26,Emily Bell,1,70,2,40
2012,6,26,Kate Kellaway,2,23,3,14
2012,6,26,Victoria Coren,1,4,0,6
2012,6,26,Robert Chesshyre,1,193,10,75
2012,6,26,Chris Riddell,1,14,2,10
2012,6,26,Jo Jones,2,27,0,43
2012,6,26,Quentin Wheeler,1,65,1,20
2012,6,26,John Kampfner,1,1,0,8
2012,6,26,Tim Adams,2,1213,17,139
2012,6,26,Barbara Ellen,2,34,5,63
2012,6,26,Alexander Larman,1,17,0,9
2012,6,26,Anna Trench,1,17,0,4
2012,6,26,Fiona Maddocks,2,7,0,26
2012,6,26,The Gentle Author,1,5,0,23
2012,6,26,Nigel Slater,2,60,5,47
2012,6,26,Christopher Bray,1,32,2,10
2012,6,26,Interview by Alok Jha,1,21,1,18
2012,6,26,Dave Gelly,1,2,0,4
2012,6,26,Shahesta Shaitly,1,8,0,2
2012,6,26,Andy Pietrasik,1,7,1,19
2012,6,26,Rowan Moore,1,13,0,14
2012,6,26,Phil Mongredien,1,0,1,6
2012,6,26,Vanessa Thorpe,3,723,64,326
2012,6,26,Laura Cumming,1,15,0,24
2012,6,26,Miranda Sawyer,1,3,2,9
2012,6,26,Clare Brennan,1,0,0,13
2012,6,26,John Naughton,1,13,10,58
2012,6,26,Killian Fox,1,11,0,16
2012,6,26,Alex Dryden,1,28,5,52
2012,6,26,Jason Solomons,1,0,1,5
2012,6,26,Luke Jennings,1,114,0,3
2012,6,26,Donald Trelford,1,5,0,31
2012,6,26,Nick Cohen,1,397,7,160
2012,6,26,Viv Groskop,1,11,0,7
2012,6,26,Will Hutton,1,67,15,110
2012,6,26,Lucy Rock,1,10,1,24
2012,6,26,Jay Rayner,1,6,0,18
2012,6,26,Mariella Frostrup,1,25,0,11
2012,6,26,Rick Edwards,1,11,0,16
2012,6,26,Martin Love,1,31,0,94
2012,6,26,Eva Wiseman,2,13,0,48
2012,6,26,David Williams,1,5,0,7
2012,6,26,Lucy Siegle,1,9,0,75
2012,6,26,Robert McCrum,1,115,0,95
2012,6,26,Andrew Rawnsley,1,8,2,20
2012,6,26,Catherine Bennett,1,109,3,104
2012,6,26,Observer,1,1,2,19
2012,6,26,Sid Lowe at the Donbass Arena,1,2,0,20
2012,6,26,Buzrak Alpha Mabrak,1,2,1,36
2012,6,26,Liz Shorrocks,1,5,0,13
2012,6,26,Wendy Berliner,1,7,2,20
2012,6,26,Staff,1,135,14,90
2012,6,26,Ian Paulsen,1,1,1,13
2012,6,26,Jonathan Crowther,1,1,0,14
2012,6,26,Richard Wolff,1,2295,78,205
2012,6,26,Judie Krebs,1,29,0,15
2012,6,26,<a href="http://theoldbatsman.blogspot.co.uk/" title="">The Old Batsman</a>,1,1,1,4
2012,6,26,part of the Guardian Sport Network,1,1,1,4
2012,6,26,Jimmy Wales,1,1004,150,647
2012,6,26,William Fowler,1,123,0,96
2012,6,26,Gavin McOwan,1,10,1,15
2012,6,26,Alan Rusbridger,1,76,7,136
2012,6,26,Jonathan Fenby,1,1,2,33
2012,6,26,Andy Wilson at Trent Bridge,1,6,1,5
2012,6,26,Chris Elliott,1,2,0,20
2012,6,26,Tom Dart,1,422,4,117
2012,6,26,Leo Hickman,1,343,14,171
2012,6,26,Andrew Mueller,1,0,0,5
2012,6,26,Charlie Brooker,1,323,36,113
2012,6,26,Decca Aitkenhead,1,1228,46,193
2012,6,26,Ryan Gilbey,1,29,2,26
2012,6,26,Raymond Tallis,1,81,0,44
2012,6,26,Ben Quinn,1,405,8,458
2012,6,26,Luisa Dillner,1,128,3,120
2012,6,26,Mark Cocker,1,5,0,33
2012,6,26,Pamela Stephenson Connolly,1,11,0,5
2012,6,26,Joanna Moorhead,1,132,0,54
2012,6,26,Jackie Ashley,1,216,6,95
2012,6,26,Mariana Mazzucato,1,7,2,62
2012,6,26,Greg Rusedski,1,3,0,18
2012,6,26,Jeremy Plester,1,6,0,17
2012,6,26,Thomas Coward,1,2,0,33
2012,6,26,Alan Pickup,1,6,2,16
2012,6,26,Kathryn Hughes,1,25,0,60
2012,6,26,Daniel Taylor at the Olympic Stadium,1,330,9,41
2012,6,26,Martin Kelner,1,18,0,25
2012,6,26,Presented by Alok Jha,1,60,6,34
2012,6,26,produced by Jason Phipps,1,60,6,34
2012,6,26,Compiled by Guardian staff,1,3,2,103
2012,6,26,Dominic Fifield at the Olympic Stadium,1,16,1,17
2012,6,26,Richard Williams at the Olympic Stadium,1,32,0,22
