year,month,week,name,articles,facebook,googleplus,twitter
2012,3,11,Editorial,23,329,6,644
2012,3,11,Nick Hopkins,7,311,12,339
2012,3,11,Katie Allen,16,127,8,347
2012,3,11,Presented by Alok Jha,1,55,3,39
2012,3,11,produced by Jason Phipps,2,60,3,61
2012,3,11,with Ian Sample,1,55,3,39
2012,3,11,Nick Fletcher,17,43,2,192
2012,3,11,David Brindle,3,172,8,111
2012,3,11,Juliette Jowit,7,1065,19,971
2012,3,11,Denis Campbell,9,976,17,965
2012,3,11,Press Association,117,1349,37,2711
2012,3,11,Robert Woodward,1,9,0,16
2012,3,11,Chris McGreal,8,849,27,394
2012,3,11,Associated Press,63,4480,124,2460
2012,3,11,Beatrice Woolf,1,142,4,144
2012,3,11,Eddie Butler at the Stade de France,1,2,0,9
2012,3,11,Suzanne Goldenberg,2,800,9,428
2012,3,11,Martin Rowson,4,84,2,105
2012,3,11,Hunter Felt,2,6,1,26
2012,3,11,Martin Chulov,1,102,7,102
2012,3,11,Tania Branigan,6,962,21,415
2012,3,11,agencies,37,4343,108,2146
2012,3,11,John Brunton,3,60,2,81
2012,3,11,Ben Hewitt,1,29,0,50
2012,3,11,Matthew Baxter-Reynolds,1,197,32,425
2012,3,11,Andrea Cornwall,1,167,1,95
2012,3,11,Giles Fraser,2,186,2,148
2012,3,11,Keith Stuart,16,340,7,889
2012,3,11,Maggie Brown,3,53,2,87
2012,3,11,Joe Anderson,1,19,0,16
2012,3,11,Roy Greenslade,32,259,16,1056
2012,3,11,GrrlScientist,22,224,53,375
2012,3,11,Alex Mitchell,1,0,0,0
2012,3,11,Sean Reid,1,11,1,6
2012,3,11,Kentucky,1,22,0,19
2012,3,11,Charles Arthur,16,2159,165,2763
2012,3,11,David Walker,1,9,0,17
2012,3,11,Dick Vinegar,1,1,0,7
2012,3,11,Jacob Steinberg,2,40,2,108
2012,3,11,Rob Smyth,8,638,11,479
2012,3,11,Stuart Dredge,13,168,13,1570
2012,3,11,Alison Rourke,3,337,9,224
2012,3,11,Barry Glendenning,7,59,4,185
2012,3,11,Lawrence Donegan,2,16,0,41
2012,3,11,Smilez,1,1,0,16
2012,3,11,Costas Douzinas,1,137,2,42
2012,3,11,Jenny Jones,1,31,2,59
2012,3,11,Jennifer Strutt,1,4,0,18
2012,3,11,Julian Borger,7,2064,20,1387
2012,3,11,Mary Hamilton,1,5,0,54
2012,3,11,Catherine Noonan,1,601,8,405
2012,3,11,Katy Murrells,2,101,1,67
2012,3,11,Cara Courage,1,49,3,89
2012,3,11,Hélène Mulholland,8,217,13,316
2012,3,11,Tina Beattie,1,16,2,12
2012,3,11,Jason King,4,21,0,59
2012,3,11,Nita Devabhai,1,9,0,18
2012,3,11,Sean Michaels,9,1519,15,710
2012,3,11,Melissa Leach,1,84,0,75
2012,3,11,Jo Adetunji,2,0,0,28
2012,3,11,Maev Kennedy,6,767,13,491
2012,3,11,Angus-Peter Campbell,1,56,0,15
2012,3,11,Bella Mackie,5,5,0,5
2012,3,11,Julia Kollewe,12,59,2,166
2012,3,11,Monkey,19,44,4,476
2012,3,11,Kate Hodge,8,7,0,102
2012,3,11,Frédéric Filloux,1,64,4,307
2012,3,11,Oliver Laughl,4,22,0,30
2012,3,11,,7,1815,10,1109
2012,3,11,Alice Salfield,5,252,2,208
2012,3,11,Dave Hill,9,77,3,169
2012,3,11,Joe Harrison for <a href="http://theseventytwo.com/" title="">The Seventy Two</a>,1,15,0,21
2012,3,11,part of the Guardian Sport Network,2,17,0,33
2012,3,11,Josh Halliday,14,556,23,963
2012,3,11,Nancy Birdsall,1,6,1,16
2012,3,11,Arvind Subramanian,1,6,1,16
2012,3,11,for the <a href="http://www.cgdev.org/" title="">Centre for Global Development</a>,1,6,1,16
2012,3,11,part of the <a href="http://www.guardian.co.uk/global-development/series/guardian-development-network" title="">Guardian development network</a>,2,23,1,26
2012,3,11,John Owrid,1,0,0,18
2012,3,11,Jo Best,5,7,0,64
2012,3,11,Greg Freeman,1,1,0,15
2012,3,11,John Vidal,7,2756,15,1472
2012,3,11,Julia Eccleshare,1,26,0,54
2012,3,11,Alan Travis,4,99,4,157
2012,3,11,Jean-Louis Gassée,1,14,0,126
2012,3,11,Ben Child,11,359,5,479
2012,3,11,John Plunkett,20,432,9,518
2012,3,11,Polly Curtis,4,48,1,85
2012,3,11,Michael Cox,1,159,7,145
2012,3,11,Alan Connor,2,9,0,19
2012,3,11,Paolo Bandini,3,17,0,55
2012,3,11,Martin Wainwright,10,78,3,355
2012,3,11,Eric Hilaire,3,259,21,186
2012,3,11,Jason Phipps,2,107,9,44
2012,3,11,Michael Goebel,1,29,1,17
2012,3,11,Mark Sweney,21,600,8,962
2012,3,11,Interview by Chris Smith,2,10,1,15
2012,3,11,Arun Marsh,2,1,0,27
2012,3,11,The Guardian Media Network,1,6,0,2
2012,3,11,Chris Smith,2,28,0,76
2012,3,11,Chris Cook,10,10,0,71
2012,3,11,Hugh Stephenson,2,51,3,64
2012,3,11,Gines Haro Pastor,5,0,0,0
2012,3,11,Hannah Freeman,5,6,0,46
2012,3,11,Clare Horton,6,37,0,8
2012,3,11,Michael Mann,1,59,6,59
2012,3,11,Andrew Brown,3,71,2,73
2012,3,11,Alison Flood,10,735,36,855
2012,3,11,Gill Hitchcock,5,12,1,109
2012,3,11,Sarah Boseley,6,202,7,287
2012,3,11,Laura Barton,4,350,4,173
2012,3,11,Simon Rogers,15,2140,63,1961
2012,3,11,Jessica Shepherd,2,309,10,271
2012,3,11,Jessica Shankleman for <a href="http://www.businessgreen.com">BusinessGreen</a>,1,22,1,69
2012,3,11,part of the <a href="http://www.guardian.co.uk/environment/network" title="Guardian Environment Network">Guardian Environment Network</a>,2,25,1,97
2012,3,11,Carol Rumens,1,30,0,39
2012,3,11,Corrections,6,0,0,5
2012,3,11,James Ball,7,943,18,1448
2012,3,11,Adam Boult,5,54,0,90
2012,3,11,Miriam Elder,5,391,17,264
2012,3,11,Jill Insley,10,121,11,181
2012,3,11,Sade Laja,3,4,0,24
2012,3,11,Sid Lowe,4,744,10,522
2012,3,11,Howard Sooley,1,12,0,21
2012,3,11,Jason Burke,1,39,1,100
2012,3,11,Matt Trueman,6,68,0,114
2012,3,11,Jeremy Kay,1,15,1,86
2012,3,11,Anthony Hayward,1,15,0,28
2012,3,11,Jess Cartner-Morley,8,253,1,265
2012,3,11,Michael White,5,42,3,86
2012,3,11,Nicholas Watt,12,1156,35,816
2012,3,11,Open thread,4,47,2,37
2012,3,11,David Leigh,2,30,3,74
2012,3,11,Graham Parker,6,57,2,119
2012,3,11,Dan Silver,1,3,4,22
2012,3,11,<strong><a href="http://www.pik-potsdam.de">Potsdam Institute</a></strong>,1,18,2,73
2012,3,11,Duncan Clark,3,73,5,119
2012,3,11,Donald McRae,2,210,6,230
2012,3,11,John Harris,4,649,11,247
2012,3,11,Nancy Groves,3,17,0,101
2012,3,11,Louise Taylor,5,24,0,86
2012,3,11,Gill Phillips,1,15,0,19
2012,3,11,Alex Aldridge,1,40,0,31
2012,3,11,Rebecca Smithers,3,71,1,181
2012,3,11,Andrew Pulver,6,680,7,357
2012,3,11,Fiona Beckett,2,19,0,29
2012,3,11,Natalie Haynes,1,47,0,13
2012,3,11,Alfred Hickling,4,39,0,45
2012,3,11,Tom Levitt,1,0,0,0
2012,3,11,Leon Kaye for the <a href="http://www.guardian.co.uk/guardian-professional" title="Guardian Professional Network">Guardian Professional Network</a>,1,47,2,24
2012,3,11,Tellylove,1,4,0,12
2012,3,11,Tim Jonze,2,221,4,70
2012,3,11,Kim Catcheside,1,7,0,42
2012,3,11,Guardian readers,5,116,2,216
2012,3,11,Raisa the Horse,1,46,0,44
2012,3,11,Owen Bowcott,11,496,10,537
2012,3,11,Mark Rice-Oxley,1,3,0,10
2012,3,11,Chris Cross,2,454,24,300
2012,3,11,Luke Harding,5,407,10,255
2012,3,11,Dan Sabbagh,8,1063,36,767
2012,3,11,Victoria Sussens-Messerer,1,25427,356,2965
2012,3,11,Henry McDonald,6,50,3,104
2012,3,11,Irel,3,18,3,48
2012,3,11,Anna Chesters,1,23,0,20
2012,3,11,Eliza Anyangwe,3,81,1,261
2012,3,11,Harriet Sherwood,6,975,11,421
2012,3,11,Mark Tran,1,18,2,55
2012,3,11,Ewen MacAskill,9,1926,37,704
2012,3,11,guardian.co.uk/books,1,701,21,133
2012,3,11,David Mills,2,0,0,8
2012,3,11,Steve Rose,5,348,4,201
2012,3,11,Guardian Culture,1,153,1,36
2012,3,11,Ros Asquith,1,2,0,14
2012,3,11,Adam Wagner on the <a href="http://ukhumanrightsblog.com/" title="">UK Human Rights blog</a>,1,6,0,22
2012,3,11,part of the <a href="http://www.guardian.co.uk/law/series/guardian-legal-network" title="">Guardian Legal Network</a>,1,6,0,22
2012,3,11,Ian Birrell,2,31,0,39
2012,3,11,Lisa O'Carroll,9,210,16,687
2012,3,11,Nils Pratley,8,19,0,74
2012,3,11,Presented by James Richardson,2,12,0,39
2012,3,11,produced by Ben Green,2,12,0,39
2012,3,11,Liam Kelly,4,12,0,85
2012,3,11,Judith Townend,1,6,0,22
2012,3,11,Patrick Hruby,1,18,0,13
2012,3,11,Andrew Sparrow,6,217,8,740
2012,3,11,Matthew Weaver,6,236,14,474
2012,3,11,Tom Midlane,1,19,2,23
2012,3,11,Sasha Watkins,1,97,0,95
2012,3,11,Valerie Hannah,1,8,0,19
2012,3,11,Claire Phipps,2,18,1,132
2012,3,11,Sara Ilyas,3,11,0,31
2012,3,11,Jamie Thomson,1,40,0,37
2012,3,11,Saeed Kamali Dehghan,4,388,2,141
2012,3,11,Diane Roberts,1,399,6,76
2012,3,11,David Cox,2,163,3,149
2012,3,11,Helen Nugent,8,117,8,147
2012,3,11,Raphael Honigstein,1,16,1,18
2012,3,11,Alda Sigmundsdóttir,1,310,0,39
2012,3,11,Marc Abrahams,1,13,0,13
2012,3,11,Michael Cragg,6,254,0,169
2012,3,11,Lyn Gardner,7,67,1,108
2012,3,11,Nick Cowen,2,22,0,94
2012,3,11,Graeme Wearden,6,122,9,453
2012,3,11,Gwyn Topham,5,137,5,172
2012,3,11,Steven Morris,12,311,7,286
2012,3,11,Paul Lester,5,115,2,156
2012,3,11,Dominic Rushe,6,450,9,242
2012,3,11,Phillip Inman,9,303,2,261
2012,3,11,Andy Beckett,1,9,0,11
2012,3,11,Kate Connolly,6,367,6,268
2012,3,11,Richard Wachman,2,89,8,174
2012,3,11,Andy Wilson,8,13,2,62
2012,3,11,Agnès Poirier,1,35,1,17
2012,3,11,Sam Jones,1,2,0,21
2012,3,11,Greg Wood,9,15,0,102
2012,3,11,Ryan Devereaux,5,4435,8,444
2012,3,11,Andrew Clements,4,8,0,41
2012,3,11,Tim Ashley,6,15,0,71
2012,3,11,George Hall,1,1,0,9
2012,3,11,Mark Fisher,2,2,0,25
2012,3,11,Rupert Neate,4,278,2,124
2012,3,11,Juliette Garside,7,200,13,696
2012,3,11,Dugald Baird,3,14,4,135
2012,3,11,Edward Pearce,1,26,0,20
2012,3,11,Kat Keene Hogue,2,117,1,29
2012,3,11,Severin Carrell,5,75,3,108
2012,3,11,Adam Gabbatt,1,2,0,3
2012,3,11,Emma Graham-Harrison,6,1379,19,426
2012,3,11,Simon Goodley,2,19,0,26
2012,3,11,Xan Brooks,3,144,1,113
2012,3,11,Brian Wilson,1,11,0,48
2012,3,11,Zöe Corbyn,1,54,0,201
2012,3,11,Alex Needham,4,451,13,227
2012,3,11,Ian Traynor,1,33,2,28
2012,3,11,Bruce Jones,1,16,0,26
2012,3,11,Alexey Kovalev,1,10,0,7
2012,3,11,Michael Rosen,1,1101,3,164
2012,3,11,Tom McCarthy,7,357,6,413
2012,3,11,Louise Tickle,1,47,3,79
2012,3,11,Hadley Freeman,3,148,8,161
2012,3,11,Leo Hickman,2,87,2,233
2012,3,11,Andrew Mueller,3,1,0,45
2012,3,11,Julia Raeside,3,0,0,38
2012,3,11,Martin Skegg,3,2,0,39
2012,3,11,Ali Catterall,1,0,0,12
2012,3,11,Emine Saner,2,92,3,41
2012,3,11,Jon Henley,5,1426,12,282
2012,3,11,George Monbiot,1,2437,57,764
2012,3,11,Simon Hoggart,4,14,0,47
2012,3,11,Patrick Wintour,19,872,40,1234
2012,3,11,Diane Abbott,1,97,4,200
2012,3,11,John Vallins,1,2,0,32
2012,3,11,Kathy Lette,1,110,0,58
2012,3,11,Jenni Murray,2,137,4,95
2012,3,11,Jane Martinson,4,1052,4,407
2012,3,11,Michele Hanson,1,16,0,2
2012,3,11,Bidisha,1,3,0,13
2012,3,11,Polly Toynbee,3,1561,16,778
2012,3,11,Steve Bell,8,114,1,97
2012,3,11,Stephen Holmes,1,11,1,20
2012,3,11,Dana Lone Hill,1,101,2,14
2012,3,11,Interviews by Dave Simpson,1,220,4,184
2012,3,11,Paul Weaver,4,27,0,74
2012,3,11,Stuart Jeffries,1,11,1,21
2012,3,11,Dominic Fifield,9,324,5,412
2012,3,11,Haroon Siddique,5,206,1,335
2012,3,11,Ben Quinn,4,226,8,271
2012,3,11,Owen Gibson,17,476,7,506
2012,3,11,Michael Coveney,1,45,0,35
2012,3,11,Andy Hunter,9,438,4,456
2012,3,11,John Mitchinson,1,11,0,61
2012,3,11,Ed Pilkington,5,618,9,216
2012,3,11,Harry J Enten,5,29,2,64
2012,3,11,Hugh Muir,5,73,0,76
2012,3,11,William Fotheringham,7,63,2,86
2012,3,11,David Smith,3,114,0,101
2012,3,11,Robert Kitson,10,25,0,83
2012,3,11,Richard Williams,2,16,0,31
2012,3,11,Kevin McCarra,2,18,0,79
2012,3,11,David Hytner,6,1091,12,608
2012,3,11,Amy Lawrence,3,96,0,139
2012,3,11,Paul Rees,7,10,0,54
2012,3,11,Richard Adams,5,54,1,400
2012,3,11,Ohio,4,71,1,223
2012,3,11,Dan Milmo,11,837,8,1035
2012,3,11,Rajeev Syal,8,423,13,454
2012,3,11,Sachin Nakrani at the Aquatics Centre,5,38,0,51
2012,3,11,Jess Cartner-Morley Paris,1,4,0,26
2012,3,11,Marcel Theroux,1,431,5,71
2012,3,11,Richard Sprenger,1,431,5,71
2012,3,11,Uki Goni,1,47,2,47
2012,3,11,Zoe Amar,1,10,0,45
2012,3,11,Richard Kemp CBE,1,5,0,54
2012,3,11,Annika Small,2,8,2,185
2012,3,11,Steve Boxer,1,18,2,74
2012,3,11,Jessica Fuhl,4,17,7,79
2012,3,11,Damian Carrington,5,446,7,379
2012,3,11,Cian Fahey,1,5,0,7
2012,3,11,Fiona King,1,10,1,16
2012,3,11,Hilary Tompsett,1,9,0,22
2012,3,11,James Derounian,2,17,0,26
2012,3,11,Roger Edwards,1,121,0,31
2012,3,11,Tony Naylor,1,60,1,62
2012,3,11,Gerhard Oechtering,1,96,1,29
2012,3,11,Clare Brennan,2,71,2,57
2012,3,11,Liz Ford,2,546,11,322
2012,3,11,Eugene Spiers,1,3,1,19
2012,3,11,Graham Winyard,1,41,0,94
2012,3,11,Shiv Malik,8,328,18,488
2012,3,11,Tom Lutz,4,196,1,229
2012,3,11,Mike McCahill,1,32,0,21
2012,3,11,Henry Barnes,6,242,1,158
2012,3,11,Dan Roberts,3,2,0,31
2012,3,11,Gregg Roughley,3,182,2,129
2012,3,11,Jude Kelly,1,5,0,12
2012,3,11,Alexandra Swann,1,91,1,43
2012,3,11,Abdel-Rahman Hussein,2,134,6,77
2012,3,11,Philip Landau,2,95,0,59
2012,3,11,Felicity Lawrence,3,245,9,181
2012,3,11,Janice Gwilliams,1,2,0,22
2012,3,11,Frank Keating,1,114,0,109
2012,3,11,Caroline Lucas,1,84,4,116
2012,3,11,Cabinet Office open data team,1,0,0,11
2012,3,11,Helen Croydon,1,135,3,107
2012,3,11,Kate Hodal,2,150,1,80
2012,3,11,Wang Dajun for <a href="http://www.chinadialogue.net/">ChinaDialogue</a>,1,56,0,79
2012,3,11,part of the <a href="http://www.guardian.co.uk/environment/network">Guardian Environment Network</a>,2,57,0,107
2012,3,11,Charles Gant,1,7,2,46
2012,3,11,Chris Yiu,1,3,0,17
2012,3,11,Ewan Murray,11,113,2,248
2012,3,11,Designed by Jaime Morrison Curtis,1,210,4,42
2012,3,11,Francis Beckett,1,1,0,9
2012,3,11,Felicity Carus,1,21,0,36
2012,3,11,Richard Norton-Taylor,11,355,22,415
2012,3,11,Elizabeth Arend,1,79,3,55
2012,3,11,Keza MacDonald,1,72,3,162
2012,3,11,Nicholas Lezard,1,61,0,23
2012,3,11,Jane Dudman,1,7,0,45
2012,3,11,Chris Taylor,1,0,0,11
2012,3,11,Tom Clark,1,5,0,14
2012,3,11,Simon Singh,1,270,8,473
2012,3,11,Michael Billington,6,88,2,65
2012,3,11,Graham Snowdon,3,79,1,116
2012,3,11,Sanjay Wijesekera,1,1702,3,106
2012,3,11,Tamer Fouad,1,161,0,81
2012,3,11,Ananyo Bhattacharya,1,28,7,76
2012,3,11,Jaz Cummins,2,210,3,35
2012,3,11,Viv Groskop,2,200,0,68
2012,3,11,Veolia Water,1,2,0,2
2012,3,11,Steve Hewlett,2,8,0,37
2012,3,11,Stephen Carrick-Davies,1,20,0,16
2012,3,11,Jenny Purt,1,27,0,37
2012,3,11,Adam Sampson,1,11,0,27
2012,3,11,Gozde Zorlu,1,5,0,19
2012,3,11,Sandra Horley,1,52,0,46
2012,3,11,Steve Hilditch,1,2,0,10
2012,3,11,Martin Robbins,1,92,10,51
2012,3,11,Oliver Milman,1,120,9,102
2012,3,11,Mark Say,1,8,2,8
2012,3,11,Phil Hoad,1,39,0,60
2012,3,11,Jonathan Wilson,1,87,2,106
2012,3,11,Tony Audenshaw,1,15,0,35
2012,3,11,Alok Jha,5,1091,25,562
2012,3,11,Ami Sedghi,2,714,14,342
2012,3,11,Barney Ronay,2,73,5,92
2012,3,11,Anne Villechenon,1,15,2,30
2012,3,11,Rebecca Collard,1,69,0,41
2012,3,11,Anne Pélouas,1,8,0,15
2012,3,11,Alison Monks-Plackett,1,2,1,15
2012,3,11,Fabienne Darge,1,3,0,19
2012,3,11,Clare Allan,1,26,1,55
2012,3,11,Elise Vincent,1,17,1,9
2012,3,11,Salil Tripathi,1,47,0,29
2012,3,11,Wambui Kimathi,1,47,0,29
2012,3,11,Farrukh Younus,1,73,1,26
2012,3,11,Alexandra Topping,2,111,9,206
2012,3,11,Janet Snell,1,76,1,32
2012,3,11,John Burn-Murdoch,2,64,1,80
2012,3,11,Kate McCann,2,3,0,15
2012,3,11,Jonathan Freedland,2,120,2,66
2012,3,11,Andrew Bibby,1,0,0,0
2012,3,11,<a href="http://parisbymouth.com/" title="">Paris by Mouth</a>,1,56,4,51
2012,3,11,part of the <a href="http://www.guardian.co.uk/travel/series/guardian-travel-network" title="">Guardian Travel Network</a>,2,69,7,70
2012,3,11,David Conn,2,30,2,69
2012,3,11,Paul Harris,2,683,10,189
2012,3,11,Idaho,1,48,1,10
2012,3,11,Bibi van der Zee,1,47,3,31
2012,3,11,Jonathan Jones,4,1033,12,209
2012,3,11,Tom Hall,1,3,0,19
2012,3,11,Joseph Harker,1,5,0,24
2012,3,11,Presented by Claire Armitstead,2,43,1,66
2012,3,11,produced by Tim Maby,2,43,1,66
2012,3,11,Maxton Walker,1,12,2,17
2012,3,11,Mike Averis,3,1,0,19
2012,3,11,Simon Chilvers,3,193,2,106
2012,3,11,David Banks,1,8,0,91
2012,3,11,Eleanor Turney,1,51,0,69
2012,3,11,Abby Deveney,1,0,0,0
2012,3,11,Kate Murray,1,10,0,43
2012,3,11,Julia Roberts,1,112,0,63
2012,3,11,Benji Lanyado,2,26,2,59
2012,3,11,Subhajit Banerjee &amp; Jonathan Richards,1,4,0,25
2012,3,11,Hilary Osborne,4,20,2,61
2012,3,11,Joris Luyendijk,3,725,11,193
2012,3,11,Ian Penman,1,11,0,24
2012,3,11,Sandra Laville,8,1158,38,792
2012,3,11,Heather Stewart,4,27,4,137
2012,3,11,Caroline Davies,5,333,9,232
2012,3,11,Will Hayler,12,6,0,97
2012,3,11,Hamadoun Touré,1,5,0,23
2012,3,11,Guardian fashion,1,9,0,29
2012,3,11,Ben Dowell,2,12,1,54
2012,3,11,Paul Doyle,6,47,1,220
2012,3,11,Maseeh Rahman,3,177,1,121
2012,3,11,Michael Wolff,1,45,2,68
2012,3,11,Fazel Hawramy,1,40,0,11
2012,3,11,Martin Kettle,3,24,1,37
2012,3,11,Chris Phillips,1,40,0,16
2012,3,11,John Carvel,1,29,0,33
2012,3,11,Rosie Bristow for the <a href="http://www.guardian.co.uk/guardian-professional" title="Guardian Professional Network">Guardian Professional Network</a>,1,78,0,47
2012,3,11,Scotl,4,44,2,78
2012,3,11,Joshua Surtees,1,248,4,77
2012,3,11,Peter Riddell,1,0,0,14
2012,3,11,Ana Marie Cox,2,38,0,76
2012,3,11,Tim Dowling,2,38,1,171
2012,3,11,Charlie Condou,2,8,0,43
2012,3,11,Stuart Woollard for the <a href="http://www.guardian.co.uk/guardian-professional" title="Guardian Professional Network">Guardian Professional Network</a>,1,40,0,44
2012,3,11,Kim Willsher,2,545,14,197
2012,3,11,Rita Skeeter,1,2,0,8
2012,3,11,Pete Cashmore,1,88,2,88
2012,3,11,Chris Stephen,2,131,1,59
2012,3,11,Dave Landrum,1,13,2,28
2012,3,11,Michael Freedland,1,112,2,36
2012,3,11,Jamie Jackson,10,89,2,358
2012,3,11,Jonathan Sale,1,245,5,131
2012,3,11,Aleks Krotoski,1,1,0,44
2012,3,11,Hélène Mulholl,1,5,0,24
2012,3,11,Jonathan Turley,1,373,4,31
2012,3,11,Tom Phillips,2,164,1,92
2012,3,11,Evan Harris,2,122,3,309
2012,3,11,Terry Macalister,1,40,0,25
2012,3,11,Robert Booth,1,12,0,34
2012,3,11,Julia Finch,1,4,1,21
2012,3,11,Mona Mahmood,1,79,7,29
2012,3,11,John Lewis,1,41,0,17
2012,3,11,David Stubbs,2,1,0,20
2012,3,11,Hannah Verdier,4,2,0,53
2012,3,11,Jonathan Wright,3,2,0,38
2012,3,11,Ben Arnold,1,1,0,5
2012,3,11,Gwilym Mumford,2,1,0,16
2012,3,11,Kate Molleson,1,5,0,15
2012,3,11,Tom Meltzer,2,4,1,108
2012,3,11,Robin Denselow,3,13,0,55
2012,3,11,Kevin Mitchell,3,4,0,19
2012,3,11,Sue Townsend,1,191,3,36
2012,3,11,Ryan Gilbey,1,81,3,45
2012,3,11,Jenni Russell,1,44,3,57
2012,3,11,Virginia Spiers,1,7,0,51
2012,3,11,As seen by Catherine Bennett,1,0,0,15
2012,3,11,Laurence Topham,1,1,0,7
2012,3,11,Richard Holloway,1,15,2,34
2012,3,11,Maddy Costa,1,20,1,22
2012,3,11,Nancy Banks-Smith,1,19,1,37
2012,3,11,Ian Cobain,2,28,3,50
2012,3,11,Kevin McCarra at St Andrew's,1,9,0,28
2012,3,11,Amy Lawrence at the Emirates Stadium,2,63,3,75
2012,3,11,Simon Jenkins,2,213,4,157
2012,3,11,Freddie Holker,1,15,1,29
2012,3,11,Russell Kempson at the Madejski Stadium,1,0,0,10
2012,3,11,David Hytner at the Emirates Stadium,1,20,1,30
2012,3,11,Jonny Weeks,4,32,0,82
2012,3,11,Interview by Laura Barnett,1,58,0,54
2012,3,11,Joshua Alston,1,27,0,58
2012,3,11,John Crace,4,159,4,72
2012,3,11,Harry Venning,1,10,0,4
2012,3,11,James Dart,2,93,0,44
2012,3,11,Dominic Fifield at St Andrew's,2,26,0,75
2012,3,11,Richard Williams at the Emirates Stadium,1,23,0,27
2012,3,11,Massachusetts,1,54,4,54
2012,3,11,Steve Busfield,2,27,0,14
2012,3,11,James Meikle,3,99,4,153
2012,3,11,Chris Gourlay,1,25,0,47
2012,3,11,Virginia Wallis,2,1,0,41
2012,3,11,Marie Nixon,1,27,1,62
2012,3,11,Claire Hodgson,1,27,1,62
2012,3,11,Tara Conlan,3,21,0,63
2012,3,11,Robin Thornber,1,6,0,16
2012,3,11,Charles Leadbeater,1,278,9,83
2012,3,11,Brian Logan,3,30,0,53
2012,3,11,Dr Chris Chambers,1,98,16,188
2012,3,11,Dr Petroc Sumner,1,98,16,188
2012,3,11,Dr Fred Boy,1,98,16,188
2012,3,11,Professor Jacky Boivin,1,98,16,188
2012,3,11,Huma Qureshi,1,21,0,34
2012,3,11,Francis Spufford,1,57,76,79
2012,3,11,Mike Cooke,1,2,0,13
2012,3,11,Colin Horgan,1,4,0,9
2012,3,11,Sarah Gillinson,1,0,0,7
2012,3,11,Marat Shterin,1,19,1,14
2012,3,11,Tony Bradman,1,23,1,24
2012,3,11,Bob Hudson,1,13,2,27
2012,3,11,Kira Cochrane,1,154,1,108
2012,3,11,Connor Kinsella,1,5,0,21
2012,3,11,Debbie Andalo,2,28,1,15
2012,3,11,Krishna Talsania,1,344,6,200
2012,3,11,Jamie Horton,1,0,0,4
2012,3,11,Evan Fanning,2,53,0,89
2012,3,11,Lloyd Shepherd,1,55,3,59
2012,3,11,Wendy Jones,1,16,1,6
2012,3,11,Oliver Thring,2,224,7,139
2012,3,11,Gitonga Njeru,1,212,3,114
2012,3,11,Sunshine Lichauco de Leon,1,126,12,99
2012,3,11,Jon Boone,2,36,3,75
2012,3,11,Austin Mitchell,1,4,0,14
2012,3,11,Larry Elliott,7,186,6,207
2012,3,11,Sachin Nakrani,3,68,0,95
2012,3,11,Tom Cox,1,61,0,34
2012,3,11,William Annandale,1,2,0,20
2012,3,11,Helen Seamons,3,22,0,64
2012,3,11,Michael Rosenblum,2,8,0,23
2012,3,11,By <a href="http://www.irinnews.org/" title="">Irin</a>,1,17,0,10
2012,3,11,Simon Andrews,1,1,0,14
2012,3,11,Nadine El-Enany,1,54,0,19
2012,3,11,Mike Selvey,2,92,0,54
2012,3,11,Craig Villamor,1,122,3,130
2012,3,11,Brad Frost,1,122,3,130
2012,3,11,Peter Walker,1,2,0,11
2012,3,11,Anna Tims,3,113,0,74
2012,3,11,Rob Edwards,1,336,11,172
2012,3,11,Invisible woman,1,29,0,22
2012,3,11,Stephen Isaac-Wilson,1,25,0,14
2012,3,11,Jon Butterworth,2,29,15,37
2012,3,11,Maxine Molyneux,1,47,3,55
2012,3,11,Vikram Dodd,7,287,12,435
2012,3,11,Gary Younge,3,198,6,133
2012,3,11,Rob Bagchi,2,7,0,13
2012,3,11,Stuart Heritage,4,41,1,67
2012,3,11,Cleopatra,1,0,0,3
2012,3,11,The people's panel,3,696,6,169
2012,3,11,John Elkington for the <a href="http://www.guardian.co.uk/guardian-professional" title="Guardian Professional Network">Guardian Professional Network</a>,1,1,0,5
2012,3,11,Charlotte Jones,2,4,2,16
2012,3,11,guardian.co.uk,1,0,0,1
2012,3,11,Sarah Phillips,2,27,0,53
2012,3,11,Kate Bradbury,1,19,0,57
2012,3,11,Josephine Moulds,16,21,0,109
2012,3,11,Marina Hyde,4,210,4,164
2012,3,11,Michael Duryee-Browner for <a href="http://younginrome.wordpress.com/" title="">Young,1,13,3,19
2012,3,11,Jenny Ridley,1,55,0,34
2012,3,11,Cecilia Malmström,1,38,1,28
2012,3,11,Madeleine Bunting,1,0,0,4
2012,3,11,Posted by Gary Naylor for <a href="http://nestaquin.wordpress.com/" title="">99.94</a>,1,2,0,12
2012,3,11,Andy Bull,10,49,0,133
2012,3,11,David Barnett,1,128,2,69
2012,3,11,Paul Wilson,2,22,0,100
2012,3,11,Ed Mayo for the <a href="http://www.guardian.co.uk/guardian-professional" title="Guardian Professional Network">Guardian Professional Network</a>,1,2,0,11
2012,3,11,political reporter,1,24,2,29
2012,3,11,Angela Hartnett,1,24,0,25
2012,3,11,Jeevan Vasagar,2,82,0,126
2012,3,11,Michelle Pauli,1,2,1,25
2012,3,11,Jean Hannah Edelstein,1,87,0,22
2012,3,11,Ana Marie Cox with Jim Geraghty,1,0,0,14
2012,3,11,Charlotte Richardson Andrews,1,104,0,62
2012,3,11,<strong><a href="http://www.carbonbrief.org/">Carbon Brief</a></strong>,1,17,3,22
2012,3,11,Tom Kington,7,707,15,374
2012,3,11,Edwin Davies,1,28,0,33
2012,3,11,World Business Council for Sustainable Development,1,5,0,20
2012,3,11,By Angela Hartnett (as told to Laura Barnett),1,76,3,47
2012,3,11,Pam Tatlow,1,6,0,45
2012,3,11,James Antle,1,2,0,10
2012,3,11,Cheri Jacobus,1,2,0,10
2012,3,11,Matt Lewis,1,2,0,10
2012,3,11,Tim Montgomerie,1,2,0,10
2012,3,11,Grover Norquist,1,2,0,10
2012,3,11,Michael Wissot,1,2,0,10
2012,3,11,Chris Doyle,1,42,0,33
2012,3,11,Wendy Fonarow,1,35,1,38
2012,3,11,Claire Provost,2,41,1,40
2012,3,11,Angelique Chrisafis,4,528,9,211
2012,3,11,Santander,1,7,0,0
2012,3,11,Kay Boycott,1,6,0,35
2012,3,11,Pamela Ravasio for the <a href="http://www.guardian.co.uk/guardian-professional" title="Guardian Professional Network">Guardian Professional Network</a>,1,66,2,30
2012,3,11,Peter Bradshaw,9,926,12,621
2012,3,11,Katy Stoddard,1,2,0,37
2012,3,11,Peter Beaumont,4,371,6,197
2012,3,11,Ben &amp; Jerry's,1,1,0,8
2012,3,11,Subhajit Banerjee,1,4,1,43
2012,3,11,Mark Brown,3,358,4,270
2012,3,11,Bob O'Hara,1,296,9,82
2012,3,11,Betty Clarke,1,4,0,10
2012,3,11,Rian Evans,2,3,0,21
2012,3,11,Judith Mackrell,1,6,0,7
2012,3,11,Christian Sylt,1,18,0,30
2012,3,11,Caroline Reid,1,18,0,30
2012,3,11,Fiona Harvey,5,511,10,651
2012,3,11,Jason Deans,2,527,3,140
2012,3,11,Zoe Wood,4,90,0,92
2012,3,11,Adrian Searle,1,50,0,46
2012,3,11,David Batty,4,2637,42,684
2012,3,11,Joanna Bazley,1,9,0,3
2012,3,11,Julia Bush,1,9,0,3
2012,3,11,Lauren Cochrane,1,45,0,38
2012,3,11,Suzanne Moore,1,91,2,83
2012,3,11,Patrick Barkham,1,53,2,22
2012,3,11,Zoe Williams,3,330,2,166
2012,3,11,Sachin Nakrani at the Acquatics Centre,1,6,0,9
2012,3,11,Ray Collier,1,0,0,28
2012,3,11,Timothy Garton Ash,1,16,0,22
2012,3,11,Sam Wollaston,3,8,0,76
2012,3,11,Naomi Wolf,2,283,7,221
2012,3,11,Paul Doyle at White Hart Lane,1,2,0,18
2012,3,11,Russell Kempson at Upton Park,1,1,0,19
2012,3,11,John Prescott,1,140,0,37
2012,3,11,Simon Bowers,3,11,1,51
2012,3,11,Staff,4,439,3,220
2012,3,11,Sadhbh Walshe,1,75,3,61
2012,3,11,Ole Alsaker,1,117,0,31
2012,3,11,Felicity Cloake,1,961,9,330
2012,3,11,Amelia Hill,2,970,14,402
2012,3,11,Isabel Choat,1,39,1,70
2012,3,11,Ajaya Sodha,1,2,0,5
2012,3,11,Mariz Tadros,1,72,0,45
2012,3,11,Roger Davies,1,2,0,26
2012,3,11,Ahdaf Soueif,1,62,0,30
2012,3,11,Lijia Zhang,2,32,6,48
2012,3,11,Orzala Ashraf Nemat,2,58,0,36
2012,3,11,Eylem Atakav,2,30,0,44
2012,3,11,Anna Bird,1,12,0,10
2012,3,11,Natalia Antonova,1,8,0,11
2012,3,11,Mari Marcel Thekaekara,1,37,0,27
2012,3,11,Eman Al Nafjan,1,60,0,65
2012,3,11,Catalina May,1,10,0,5
2012,3,11,Lubna Hussein,1,81,0,27
2012,3,11,Jessica Valenti,1,87,0,35
2012,3,11,Maria Reinertsen,1,20,0,10
2012,3,11,Interactive by Jenny Ridley,1,456,1,85
2012,3,11,Paddy Allen,4,1374,21,291
2012,3,11,Nick Nuttgens,1,8,0,21
2012,3,11,happygirl165,1,1,1,5
2012,3,11,<a href="http://www.creativeboom.co.uk/" title="">Creative Boom</a>,1,21,0,78
2012,3,11,Katy Cowan,1,21,0,78
2012,3,11,part of the <a href="http://www.guardian.co.uk/culture-professionals-network" title="">Guardian Culture Professionals Network</a>,1,21,0,78
2012,3,11,Andrew Hooke,1,0,0,6
2012,3,11,Paul Ellis,1,0,0,6
2012,3,11,Paul Swinney,1,3,0,7
2012,3,11,John Perry,1,0,0,9
2012,3,11,Sam Leith,1,4,0,10
2012,3,11,Michael Holroyd,1,2,0,17
2012,3,11,Owen Davies,1,7,0,17
2012,3,11,Scott Murray,5,46,0,124
2012,3,11,Emily Rae,1,272,2,38
2012,3,11,Ruth Jamieson,2,122,0,103
2012,3,11,Sean O'Hagan,2,630,10,711
2012,3,11,Ian Tasker,1,8,0,21
2012,3,11,Mark Heraghty,1,0,0,0
2012,3,11,Hari,1,3,0,35
2012,3,11,Jake,1,3,0,35
2012,3,11,Michael Tait,1,194,2,27
2012,3,11,Lindsay Poulton,1,194,2,27
2012,3,11,Pauline Kimantas,1,0,0,6
2012,3,11,Presented by Tom Clark,1,3,0,6
2012,3,11,produced by Phil Maynard,1,3,0,6
2012,3,11,Joanne Mudhar,1,41,1,34
2012,3,11,Robert McCrum,3,107,4,161
2012,3,11,Jeremy Biggs,1,8,1,71
2012,3,11,Mark Robertson for the <a href="http://www.guardian.co.uk/guardian-professional" title="Guardian Professional Network">Guardian Professional Network</a>,1,25,0,17
2012,3,11,Glenys Kinnock,1,679,5,135
2012,3,11,Jo Cox,1,679,5,135
2012,3,11,Kate Kellaway,2,33,0,32
2012,3,11,Nicholas Wroe,1,0,0,27
2012,3,11,Belinda Webb,1,41,4,60
2012,3,11,Noah Payne-Frank,1,76,0,12
2012,3,11,Jon Dennis,2,63,0,47
2012,3,11,Frank Ledwidge,1,66,4,23
2012,3,11,Alex von Tunzelmann,1,2,0,23
2012,3,11,Martin Shuttleworth,1,694,16,125
2012,3,11,Lizzie Crump,1,24,1,16
2012,3,11,James Walsh,1,1,0,10
2012,3,11,Skye Sherwin,2,14,0,27
2012,3,11,Nazek Ramadan,1,46,1,24
2012,3,11,Maya Foa,1,72,0,47
2012,3,11,Severin Carrell Scotl,1,30,0,44
2012,3,11,Mark King,3,41,3,46
2012,3,11,Maureen Nandini Mitra for <a href="http://www.earthisland.org">Earth Isl,1,1,0,28
2012,3,11,Journal</a>,1,1,0,28
2012,3,11,Jennifer Appenrodt,1,263,3,85
2012,3,11,Presented by Jason Solomons,1,5,0,22
2012,3,11,with Henry Barnes,1,5,0,22
2012,3,11,Pierre Haski,1,65,0,28
2012,3,11,Emma Norris for the <a href="http://www.guardian.co.uk/guardian-professional" title="Guardian Professional Network">Guardian Professional Network</a>,1,28,0,39
2012,3,11,Sophia Evans,1,31,0,41
2012,3,11,Jim Powell,5,286,3,189
2012,3,11,Alan Sykes,1,2,0,30
2012,3,11,James Richardson,2,32,2,53
2012,3,11,Laura Oliver,2,92,2,66
2012,3,11,Hannah Waldram,2,92,2,66
2012,3,11,Chris Fenn,1,92,2,65
2012,3,11,Guardian Interactive team,1,92,2,65
2012,3,11,Blanche Vaughan,1,0,0,19
2012,3,11,Tareq Baconi,1,16,1,20
2012,3,11,Caroline Hawkings,1,2,0,40
2012,3,11,Gary Nunn,1,149,3,90
2012,3,11,Michael Prodger,1,17,2,32
2012,3,11,Lisa Bachelor,3,37,0,158
2012,3,11,Scott Bryan,1,129,0,21
2012,3,11,Helienne Lindvall,2,81,1,102
2012,3,11,SuperEva,1,5,1,12
2012,3,11,Nicky Woolf,1,328,0,116
2012,3,11,Graham Hayday,1,25,0,35
2012,3,11,Carrie Dunn,1,1,0,1
2012,3,11,Paul Owen,2,108,3,147
2012,3,11,Shahrokh NS,1,117,0,26
2012,3,11,Patrick Collinson,3,15,0,122
2012,3,11,Tom Service,1,54,2,34
2012,3,11,Alexis Petridis,4,134,3,192
2012,3,11,Amy Goodman,1,148,1,65
2012,3,11,Clar Ni Chonghaile,1,18,3,31
2012,3,11,Lauren Niland,1,50,2,14
2012,3,11,Shaun Edwards,1,1,0,9
2012,3,11,Matthew Yeomans for the <a href="http://www.guardian.co.uk/guardian-professional" title="Guardian Professional Network">Guardian Professional Network</a>,1,21,4,26
2012,3,11,Justin McCurry,5,403,5,277
2012,3,11,Agency,1,598,10,92
2012,3,11,Mike Bonnet,2,14,1,51
2012,3,11,Patrick Butler,2,235,6,210
2012,3,11,Cecilia Crossley,1,0,0,0
2012,3,11,Kriss Watt,1,0,0,4
2012,3,11,BlueVia,1,0,0,61
2012,3,11,Mark Weisbrot,1,91,0,59
2012,3,11,James Moorehead,1,7,0,91
2012,3,11,Ruth Spencer,1,47,1,24
2012,3,11,Bryony Beynon,1,128,1,64
2012,3,11,Ian Gittins,1,1,0,9
2012,3,11,Elisabeth Mahoney,2,11,0,35
2012,3,11,Rory Carroll,1,75,2,14
2012,3,11,John Kinsella,1,33,1,44
2012,3,11,Simon Hattenstone,3,948,4,332
2012,3,11,Cameron Robertson,2,371,0,127
2012,3,11,Michael Greenfield,1,337,0,92
2012,3,11,Helen Carter,2,123,2,89
2012,3,11,Julian Borger Diplomatic Editor,1,86,0,15
2012,3,11,Edward Vallance,1,21,1,17
2012,3,11,Anthony Goldstone,1,6,0,8
2012,3,11,Saeed Shah,1,62,1,58
2012,3,11,Hannah Storm,1,32,1,26
2012,3,11,Joshua Rozenberg,1,0,0,10
2012,3,11,Giles Tremlett,2,234,6,115
2012,3,11,Andrea Vogt,4,194,10,205
2012,3,11,John Robinson,1,0,0,15
2012,3,11,Phelim O'Neill,3,15,0,64
2012,3,11,Richard Vine,1,76,2,32
2012,3,11,Esther Walker,1,6,0,13
2012,3,11,Edward Helmore,2,266,5,161
2012,3,11,Amanda Marcotte,1,48,2,45
2012,3,11,Jamie Jackson at the Estádio José Alvalade,1,19,0,20
2012,3,11,Rebecca Nicholson,3,23,0,51
2012,3,11,Mustafa Khalili,1,399,1,25
2012,3,11,Alex Healey,1,399,1,25
2012,3,11,Ken Macfarlane,1,399,1,25
2012,3,11,Rosebell Kagumire,1,1766,9,1022
2012,3,11,Dave Simpson,1,14,0,7
2012,3,11,Christine Smith,1,3,0,17
2012,3,11,Graeme Thomson,1,243,0,163
2012,3,11,Patrick Kingsley,1,42,0,41
2012,3,11,Monica Mark,3,68,7,114
2012,3,11,Michael Hann,3,89,2,86
2012,3,11,Caspar Llewellyn Smith,1,17,1,13
2012,3,11,Caroline Sullivan,2,2,0,16
2012,3,11,Tim Farron,1,198,0,169
2012,3,11,Kevin Powell,1,262,1,85
2012,3,11,Kevin McCarra at Old Trafford,1,117,0,66
2012,3,11,Lucy Mangan,2,13,2,23
2012,3,11,Tom Hughes,1,4,0,15
2012,3,11,John Fordham,4,23,0,50
2012,3,11,Ellen E Jones,1,1,0,18
2012,3,11,Harry Pearson,1,9,0,22
2012,3,11,Michael Wilkerson,1,1453,6,405
2012,3,11,Matthew Taylor,3,295,10,151
2012,3,11,Andy Hunter at Old Trafford,1,26,0,39
2012,3,11,Lawrence Donegan at Doral,3,0,0,55
2012,3,11,Vivienne Perry,1,53,1,42
2012,3,11,Martin Godwin,1,53,1,42
2012,3,11,Adam Vaughan,2,147,1,168
2012,3,11,Gavin Sheppard,1,20,0,18
2012,3,11,Harold Jackson,1,3,0,8
2012,3,11,Claire Melamed,1,66,0,68
2012,3,11,Ed Jacobs,1,3,0,23
2012,3,11,Catriona Maclay,1,0,0,0
2012,3,11,Julian Baggini,1,232,20,103
2012,3,11,Matt Hall,1,14,1,29
2012,3,11,Andy Gallagher,1,14,1,29
2012,3,11,Hannah Fearn,1,6,0,40
2012,3,11,Richard Vize,1,2,0,14
2012,3,11,Kertan,1,0,1,5
2012,3,11,Duncan Jefferies,1,32,1,20
2012,3,11,Saba Salman,1,2,0,8
2012,3,11,Sue Knox,1,4,0,11
2012,3,11,Jeremy Toeman,1,1,0,16
2012,3,11,Catherine De Val,1,25,0,21
2012,3,11,Beatrix Campbell,1,41,0,23
2012,3,11,Rhys Evans,1,16,0,11
2012,3,11,Kamaldeep Bhui,1,60,0,38
2012,3,11,Presented by John Plunkett,1,2,0,60
2012,3,11,produced by Jason Phipps with Dan Sabbagh,1,2,0,60
2012,3,11,Vicky Frost,2,34,0,78
2012,3,11,Mary Finnigan,1,175,3,48
2012,3,11,Tony Paley,2,0,0,15
2012,3,11,Sukhdev Sandhu,2,468,2,210
2012,3,11,Ben Beaumont-Thomas,1,3,0,17
2012,3,11,Bryony Worthington,1,153,5,105
2012,3,11,David Phipps,1,5,0,27
2012,3,11,Tom Lamont,3,67,0,84
2012,3,11,The Guardian,1,7,1,37
2012,3,11,Steven Bloor,1,13,0,29
2012,3,11,David Lacey,1,3,0,17
2012,3,11,Gideon Coe,1,36,0,87
2012,3,11,Liz Kershaw,1,36,0,87
2012,3,11,Gary Bales,1,36,0,87
2012,3,11,Shaun Keaveny,1,36,0,87
2012,3,11,Mike Hanson,1,36,0,87
2012,3,11,Rachel Dixon,2,90,2,49
2012,3,11,Jackie Ashley,2,178,0,106
2012,3,11,Phil Maynard,1,14,0,31
2012,3,11,Elliot Smith,1,14,0,31
2012,3,11,Roger Cowe,1,1,0,11
2012,3,11,Business Action for Sustainable Development,1,1,0,6
2012,3,11,Sarfraz Manzoor,1,29,0,42
2012,3,11,Steve Messam,1,4,1,16
2012,3,11,Peter Kimpton,1,152,12,142
2012,3,11,James Kingsland,1,152,12,142
2012,3,11,Louis Savy,1,57,0,33
2012,3,11,Chris Barlas,1,0,0,12
2012,3,11,Jan Needle,1,0,0,5
2012,3,11,Imogen Tilden,1,19,0,14
2012,3,11,SE Smith,1,27,0,144
2012,3,11,Sarah Crown,2,225,2,118
2012,3,11,Richard Hughes,1,0,0,16
2012,3,11,Rupert Sawyer,1,2,0,33
2012,3,11,Finbarr Sheehy,1,86,4,70
2012,3,11,Katherine Stewart,1,229,5,51
2012,3,11,Celeste Hicks,1,35,0,15
2012,3,11,Ian Borthwick,2,1,0,15
2012,3,11,Killian Fox,3,231,4,38
2012,3,11,Peter Conrad,1,27,3,31
2012,3,11,Mark Graham,1,63,17,437
2012,3,11,Public Leaders Network,1,5,0,21
2012,3,11,SuperBen,1,25,1,13
2012,3,11,Alistair Smith,1,1,0,10
2012,3,11,Martin Belam,1,0,0,2
2012,3,11,Trewin Restorick for the <a href="http://www.guardian.co.uk/guardian-professional" title="Guardian Professional Network">Guardian Professional Network</a>,1,6,2,20
2012,3,11,Presented by Alexis Petridis,1,6,0,19
2012,3,11,produced by Pascal Wyse,1,6,0,19
2012,3,11,Caroline Ednie,1,10,0,4
2012,3,11,Umar Khan,1,28,2,38
2012,3,11,Jo Jones,1,14,0,34
2012,3,11,Leonora Thomson,1,3,0,12
2012,3,11,Kelly Nestruck,1,19,0,73
2012,3,11,Kirsty Scott,1,107,3,177
2012,3,11,Andy hamilton,1,15,0,18
2012,3,11,Will Nichols for <a href="http://www.businessgreen.com">BusinessGreen</a>,1,3,0,28
2012,3,11,Jonathan Watts,1,229,5,181
2012,3,11,Colin Cram,1,0,0,13
2012,3,11,Lee Hull,1,0,0,4
2012,3,11,Mark Beaumont,1,4,0,8
2012,3,11,Mike Anson,1,1,0,15
2012,3,11,Paul Goodman,1,2,0,16
2012,3,11,Esther Addley,1,214,2,102
2012,3,11,Paul Allen,1,0,0,6
2012,3,11,Rob Smyth (then),1,3,0,56
2012,3,11,Tom Lutz (just after then),1,3,0,56
2012,3,11,Scott Murray (the end of the party),1,3,0,56
2012,3,11,Meera Patel,1,52,2,41
2012,3,11,Sachin Nakrani at the Olympic Aquatics Centre,2,1,0,14
2012,3,11,Damien Walter,1,91,4,209
2012,3,11,Les Woodward,1,55,0,48
2012,3,11,Zahir Irani,1,13,0,18
2012,3,11,Jill Treanor,2,224,2,201
2012,3,11,Lee Rosborough,1,1,0,9
2012,3,11,Sam Jordison,1,16,0,40
2012,3,11,Gerard F Corbett,1,19,0,23
2012,3,11,Ben Ferguson,2,705,4,822
2012,3,11,John Healey,1,115,2,232
2012,3,11,Greg Wood at Wincanton,1,7,0,9
2012,3,11,Daniel Pearson,1,0,0,0
2012,3,11,Daniel Trilling,1,78,2,66
2012,3,11,Annie Paul,1,28,0,21
2012,3,11,Martin Pendergast,1,6,0,25
2012,3,11,Zach Brown,1,158,2,111
2012,3,11,Robert Reich,1,11,0,15
2012,3,11,Deborah Orr,3,53,1,239
2012,3,11,John Pilger,1,1631,39,910
2012,3,11,Derek Niemann,1,6,1,46
2012,3,11,Laura Barnett,1,43,0,46
2012,3,11,Ian Jack,1,25,1,25
2012,3,11,Dan Gillmor,1,12,3,49
2012,3,11,Paul Carr,1,2,0,60
2012,3,11,Interview by Emine Saner,1,25,1,140
2012,3,11,Andy Wilson at Headingley,1,2,0,10
2012,3,11,Elena Omura,1,15,0,25
2012,3,11,David Hambling,1,2,0,25
2012,3,11,Salley Vickers,1,13,0,6
2012,3,11,Linsey McNeill,1,12,1,18
2012,3,11,Lee Marshall,1,91,4,13
2012,3,11,Liz Boulter,1,21,3,22
2012,3,11,Giovanna Maselli,1,248,3,47
2012,3,11,Alastair Sawday,1,148,6,101
2012,3,11,Graham Parry,1,13,0,15
2012,3,11,Edward Docx,1,201,1,53
2012,3,11,Charles Bainbridge,1,51,0,14
2012,3,11,Mark Lawson,1,31,2,32
2012,3,11,Steven Poole,2,77,7,136
2012,3,11,John Mullan,2,3,0,13
2012,3,11,Adam Thorpe,1,0,0,2
2012,3,11,Kamila Shamsie,1,19,0,9
2012,3,11,Gwyneth Jones,1,4,0,1
2012,3,11,Sue Arnold,1,1,0,4
2012,3,11,Sarah Churchwell,1,42,0,17
2012,3,11,Jonathan Lethem,1,28,2,34
2012,3,11,Andrew Dickson,1,21,0,18
2012,3,11,AL Kennedy,1,23,0,19
2012,3,11,Leonard Barden,1,3,0,10
2012,3,11,Anonymous,1,4,0,17
2012,3,11,Sali Hughes,1,18,0,10
2012,3,11,Thomas Eaton,1,1,0,1
2012,3,11,Rosanna Greenstreet,1,38,0,17
2012,3,11,Dan Lepard,1,53,0,32
2012,3,11,Tom Dyckhoff,1,225,0,20
2012,3,11,John O'Farrell,1,0,0,20
2012,3,11,Bridget Richardson,1,42,0,23
2012,3,11,Yotam Ottolenghi,1,45,0,21
2012,3,11,Alys Fowler,2,6,0,6
2012,3,11,Jane Perrone,1,3,0,4
2012,3,11,James Alexander-Sinclair,1,1,0,1
2012,3,11,John Lanchester,1,4,0,19
2012,3,11,Oliver Burkeman,1,27,1,36
2012,3,11,Gary Hamel,2,110,6,212
2012,3,11,Miles Brignall,6,74,2,166
2012,3,11,Words: John Harris. Photographs: <a href="http://www.edwardthompson.co.uk/" title="">Ed Thompson</a>,1,144,2,122
2012,3,11,Kim Stoddart,1,3,0,3
2012,3,11,Decca Aitkenhead,2,359,0,170
2012,3,11,Jeremy Bullmore,1,0,0,0
2012,3,11,As told to Mark King,1,0,0,1
2012,3,11,Emma Lunn,1,9,0,29
2012,3,11,The Secret Footballer,1,12,2,39
2012,3,11,Christopher Thomond,1,93,0,13
2012,3,11,Amanda Mitchison,1,19,0,26
2012,3,11,Caleb Parkin,1,19,0,26
2012,3,11,Adrian Sibley,1,74,0,7
2012,3,11,Judith Bruce,1,19,0,7
2012,3,11,Araucaria,1,0,0,0
2012,3,11,Alex Godfrey,1,82,1,48
2012,3,11,James Kettle,2,71,0,40
2012,3,11,Annalisa Barbieri,1,0,0,2
2012,3,11,John Patterson,1,9,0,4
2012,3,11,The Guide,1,0,0,1
2012,3,11,Steven Appleby,1,38,0,144
2012,3,11,Andrea Hubert,1,54,1,40
2012,3,11,Stuart Goodwin,1,0,0,3
2012,3,11,Robert Clark,1,8,0,10
2012,3,11,Johnny Dee,1,5,0,2
2012,3,11,Josie Long,1,161,0,12
2012,3,11,Juliet Rix,1,8,0,14
2012,3,11,Jon &amp; Mick/moderntoss.com,1,17,0,3
2012,3,11,Grace Dent,1,44,0,9
2012,3,11,Nosheen Iqbal,1,2,0,6
2012,3,11,Nicholas Walker,1,3,0,16
2012,3,11,John Fordham &amp; John Robinson,1,3,0,4
2012,3,11,Gareth Aveyard,1,11,0,68
2012,3,11,Nick Gillett,1,1,0,53
2012,3,11,Patric Baird,1,8,0,8
2012,3,11,John Mitchell,1,8,0,8
2012,3,11,Sam Richards &amp; Marc Rowlands,1,8,0,8
2012,3,11,Sam Richards,1,18,0,8
2012,3,11,Robert Clark &amp; Skye Sherwin,1,7,0,29
2012,3,11,Mark Cook,1,10,0,10
2012,3,11,Lyn Gardner &amp; Judith Mackrell,1,10,0,10
2012,3,11,Iain Aitch,1,0,0,33
2012,3,11,Colette Bernhardt &amp; Katrina Dixon,1,0,0,33
2012,3,11,Nicola Jennings,1,0,0,24
2012,3,11,Guardian staff,1,44,0,70
2012,3,11,James Naughtie,1,0,0,1
2012,3,11,Madster,1,0,0,15
2012,3,11,Peter Robinson,1,4,0,20
2012,3,11,Damien Pearse,10,316,29,591
2012,3,11,Stephen Pritchard,2,34,0,41
2012,3,11,Christian Bennett,1,34,0,35
2012,3,11,Oliver Huitson,1,274,4,157
2012,3,11,Alan Newland,1,6,0,11
2012,3,11,Andrew Godsall,1,21,0,27
2012,3,11,Martin McCann,1,8,0,85
2012,3,11,Helen Grant,1,3,0,41
2012,3,11,Richard Gibson at the Reebok Stadium,2,3,0,30
2012,3,11,Ewan Murray at Tynecastle,1,1,0,13
2012,3,11,Tracy McVeigh,2,702,9,158
2012,3,11,Jamie Doward,4,187,8,180
2012,3,11,Dominic Simpson,1,20,0,31
2012,3,11,John Naughton,2,553,13,688
2012,3,11,Mike Averis at the Millennium Stadium,2,14,0,12
2012,3,11,Joe Lovejoy at Molineux,2,3,0,39
2012,3,11,Louise Taylor at the Stadium of Light,2,33,0,50
2012,3,11,David Hytner at Stamford Bridge,1,2,0,34
2012,3,11,Chris Cook at Sandown,1,0,0,6
2012,3,11,Barney Ronay at Eton Dorney,2,2,0,18
2012,3,11,Peter Paphides,1,351,2,147
2012,3,11,Paul Doyle at the Madejski Stadium,1,1,0,8
2012,3,11,Daniel Boffey,4,78,4,274
2012,3,11,Eddie Butler,2,6,0,15
2012,3,11,Toby Helm,4,508,9,446
2012,3,11,Lizzy Davies,1,21,0,123
2012,3,11,Nial Briggs,1,0,0,7
2012,3,11,Paul Wilson at Goodison Park,2,22,0,64
2012,3,11,Paul Rees at the Aviva Stadium,2,9,0,13
2012,3,11,Richard Gibson at Reebok Stadium,1,6,0,27
2012,3,11,Andy Wilson at New Craven Park,1,11,0,6
2012,3,11,Cass Jones,1,29,0,41
2012,3,11,Vanessa Thorpe,3,143,4,185
2012,3,11,arts,2,99,3,120
2012,3,11,Observer Sport staff,3,7,0,83
2012,3,11,Mark Townsend,2,447,6,447
2012,3,11,Anthony Davidson,1,10,0,20
2012,3,11,David James,1,55,2,75
2012,3,11,Observer staff,1,1,0,10
2012,3,11,Dean Ryan,1,0,0,4
2012,3,11,Joe Berger,1,0,0,7
2012,3,11,Margaret Dibben,3,2,0,10
2012,3,11,Alex Preston,1,3,0,3
2012,3,11,Kristen Treen,1,4,0,4
2012,3,11,Natasha Tripney,1,2,0,6
2012,3,11,Rebecca Seal,1,0,0,3
2012,3,11,Tim Adams,1,1,0,5
2012,3,11,Eleanor Birne,1,7,0,4
2012,3,11,Sophie Martelli,1,7,0,24
2012,3,11,Robin McKie,2,576,59,199
2012,3,11,Andrew Rawnsley,1,11,0,26
2012,3,11,Philip French,11,67,1,36
2012,3,11,Richard Rogers,1,9,0,2
2012,3,11,Tom Phillips Rio de Janeiro,1,17,0,18
2012,3,11,Pen Vogler,1,2,0,7
2012,3,11,Elizabeth Day,2,322,5,173
2012,3,11,Lucy Siegle,1,14,2,43
2012,3,11,Eva Wiseman,3,27,1,29
2012,3,11,Mark Kermode,1,2,0,5
2012,3,11,Joanne O'Connor,1,6,0,26
2012,3,11,Laura Cumming,2,299,5,128
2012,3,11,David Mitchell,1,148,3,83
2012,3,11,Nicholas Kenyon,1,0,0,1
2012,3,11,William Keegan,1,4,0,4
2012,3,11,Peter Preston,4,24,1,99
2012,3,11,Victoria Coren,1,10,0,7
2012,3,11,Kitty Empire,3,17,0,7
2012,3,11,Kevin McKenna,1,8,0,26
2012,3,11,Chris Riddell,1,19,0,14
2012,3,11,Andrew Anthony,2,60,1,63
2012,3,11,James Bridle,1,13,0,88
2012,3,11,Julie Myerson,1,10,0,2
2012,3,11,Nigel Slater,2,28,3,26
2012,3,11,Daisy Hay,1,4,0,3
2012,3,11,Fiona Maddocks,2,34,0,10
2012,3,11,Lauren Laverne,1,5,0,37
2012,3,11,Hermione Hoby,1,0,0,0
2012,3,11,Dave Gelly,1,7,0,5
2012,3,11,Neil Spencer,1,4,1,4
2012,3,11,Gay Dad,1,0,0,1
2012,3,11,Martin Love,1,48,0,38
2012,3,11,David Williams,1,5,0,1
2012,3,11,Katharine Whitehorn,2,16,0,28
2012,3,11,Alex Clark,1,10,0,4
2012,3,11,Megan Conner,2,9,0,12
2012,3,11,John Baxter,1,94,1,36
2012,3,11,Henry Krempels,1,10,1,5
2012,3,11,Toby Moses,1,0,0,20
2012,3,11,Serge Pennings,1,0,1,9
2012,3,11,Luke Jennings,1,7,0,1
2012,3,11,Matt Kamen,2,0,0,25
2012,3,11,Paul Collier,1,183,13,116
2012,3,11,Aung San Suu Kyi,1,54,0,31
2012,3,11,Interview by Ian Tucker,1,165,10,235
2012,3,11,Quentin Wheeler,1,167,1,56
2012,3,11,Rowan Moore,2,102,0,86
2012,3,11,Miranda Sawyer,1,0,0,6
2012,3,11,Fay Weldon,1,15,0,28
2012,3,11,Emma Soames,1,15,0,28
2012,3,11,Darcus Howe,1,15,0,28
2012,3,11,Roger McGough,1,15,0,28
2012,3,11,Yvonne Roberts,1,15,0,28
2012,3,11,Susannah Clapp,1,4,0,6
2012,3,11,Catherine Bennett,1,99,1,27
2012,3,11,Nick Cohen,1,241,2,100
2012,3,11,Kevin O'Flynn,1,363,10,113
2012,3,11,Hephzibah Anderson,1,5,0,15
2012,3,11,Aseem Malhotra,1,131,0,252
2012,3,11,Vanessa Thorpe Arts,1,78,0,36
2012,3,11,Media Correspondent,1,78,0,36
2012,3,11,Will Hutton,1,21,0,49
2012,3,11,Tom Morgan,1,1,0,5
2012,3,11,Paul Gallagher,1,10,0,63
2012,3,11,Euan Ferguson,1,415,1,78
2012,3,11,Catherine Deveney,1,138,1,194
2012,3,11,Mariella Frostrup,1,1,0,3
2012,3,11,Jay Rayner,1,11,0,33
2012,3,11,Dan Pearson,1,104,1,81
2012,3,11,Kevin Mitchell at Braehead Arena,1,1,0,5
2012,3,11,Observer,1,2,0,14
2012,3,11,David Hills,1,8,0,25
2012,3,11,PG Wodehouse,1,2,0,8
2012,3,11,Andrea Monge Rodríguez,1,8,0,18
2012,3,11,Hernan Sanchez,1,8,0,18
2012,3,11,Tjala,1,4,0,18
2012,3,11,Wendy Berliner,1,1,0,2
2012,3,11,Julian Huppert,1,8,0,19
2012,3,11,Masahiro Matsumura,1,10,0,15
2012,3,11,Conal Urquhart,2,42,5,133
2012,3,11,Louise Taylor at the Riverside Stadium,1,4,0,40
2012,3,11,California,1,163,4,126
2012,3,11,Jamie Jackson at Old Trafford,2,80,2,112
2012,3,11,Kevin McCarra at the Liberty Stadium,3,78,1,128
2012,3,11,Sam Bain,1,195,1,248
2012,3,11,Ewan Murray at Tannadice,1,2,0,15
2012,3,11,Richard Rae at Carrow Road,1,1,0,32
2012,3,11,Sarah Harper,1,50,0,47
2012,3,11,Chris Elliott,1,3,0,10
2012,3,11,Tony Greenbank,1,1,0,32
2012,3,11,Olivia Snaije,1,501,4,211
2012,3,11,Rangoon,1,216,6,66
2012,3,11,Marissa Begonia,1,127,1,43
2012,3,11,Huw Thomas,1,0,0,11
2012,3,11,Robert Kitson at the Stade de France,2,39,1,25
2012,3,11,Douglas Alexander,1,4,0,27
2012,3,11,David Pleat,1,2,0,19
2012,3,11,<em>Pamela Stephenson Connolly</em>,1,17,0,7
2012,3,11,Luisa Dillner,1,44,0,44
2012,3,11,Christine Ockrent,1,14,2,29
2012,3,11,Rachel Holmes,1,50,0,43
2012,3,11,Michael Aylwin,1,4,0,4
2012,3,11,Michael Aylwin at the Stade de France,1,0,0,6
2012,3,11,Thomas Coward,1,0,0,19
2012,3,11,Gary Fuller,1,2,0,42
2012,3,11,Alan Pickup,1,52,1,40
2012,3,11,Richard Williams at the Stade de France,1,5,0,5
2012,3,11,Martin Kelner,1,5,0,16
2012,3,11,Dominic Fifield at Stanford Bridge,2,7,0,41
2012,3,11,Andy Hunter at Goodison Park,1,5,0,20
2012,3,11,Michael Solomon,1,5,0,12
