year,month,week,name,articles,facebook,googleplus,twitter
2012,1,5,George Bouras,2,16,0,24
2012,1,5,Patrick Wintour,17,910,5,830
2012,1,5,Damian Carrington,6,986,20,1091
2012,1,5,Randeep Ramesh,9,1014,21,761
2012,1,5,Leo Hickman,3,441,17,590
2012,1,5,Peter Walker,12,2168,17,885
2012,1,5,Severin Carrell,10,460,9,373
2012,1,5,Angela Hartnett,4,24,0,27
2012,1,5,Presented by Alok Jha,1,18,0,14
2012,1,5,produced by Jason Phipps,1,18,0,14
2012,1,5,Sarah Boseley,5,2481,39,478
2012,1,5,Press Association,125,2045,51,2858
2012,1,5,Jackie Ashley,2,180,2,97
2012,1,5,Agencies,8,34,2,136
2012,1,5,Steve Busfield,4,52,1,48
2012,1,5,Associated Press,67,3882,88,2372
2012,1,5,Ben Quinn,6,359,5,501
2012,1,5,Tom Kington,3,167,5,137
2012,1,5,Reuters,37,662,18,1061
2012,1,5,Michael Solomon,2,130,2,68
2012,1,5,Kevin Mitchell at Melbourne Park,17,639,4,231
2012,1,5,Sally Higham,1,14,0,33
2012,1,5,Harriet Sherwood,5,2318,24,525
2012,1,5,Mat Heywood,1,1217,9,199
2012,1,5,Mustafa Khalili,1,1217,9,199
2012,1,5,Rajeev Syal,7,788,9,606
2012,1,5,Graham Snowdon,2,52,0,53
2012,1,5,Rachel Holmes,2,320,1,67
2012,1,5,Juliet Jacques,1,81,3,43
2012,1,5,David McNair,1,82,3,43
2012,1,5,Caroline Davies,1,65,3,34
2012,1,5,Sarah Hartley,2,5,0,42
2012,1,5,Keith Stuart,12,123,1,617
2012,1,5,Fiona Reynolds,1,56,0,63
2012,1,5,Pollyanna Perkins,1,6,0,40
2012,1,5,John Plunkett,3,79,1,131
2012,1,5,Mark Sweney,24,625,49,1652
2012,1,5,Joris Luyendijk,2,101,7,99
2012,1,5,Rebecca Birkbeck,1,12,0,39
2012,1,5,GrrlScientist,7,154,81,143
2012,1,5,Lizzy Davies,6,2502,17,652
2012,1,5,Roy Greenslade,19,658,18,1116
2012,1,5,Jacob Steinberg,3,126,2,207
2012,1,5,Rob Smyth,1,22,0,27
2012,1,5,Ian McCourt,1,22,0,27
2012,1,5,Josh Halliday,16,1218,98,2110
2012,1,5,Charles Arthur,21,1500,158,3373
2012,1,5,Saeed Shah,2,91,2,67
2012,1,5,Paul Dix,1,21,0,21
2012,1,5,Garath Symonds,1,2,0,8
2012,1,5,Robert Van-Loo,1,1,0,5
2012,1,5,Stewart Fergusson,1,3,0,8
2012,1,5,Oliver Laughland,2,479,20,269
2012,1,5,Andy Gallagher,5,618,15,218
2012,1,5,Richard Sprenger,5,562,14,164
2012,1,5,Mark Redding,1,2,0,7
2012,1,5,Sugar,1,0,0,17
2012,1,5,Les Roopanarine,2,44,1,45
2012,1,5,Barry Glendenning,5,219,5,182
2012,1,5,Nick Fletcher,22,5,0,59
2012,1,5,Ciara Leeming,1,20,0,29
2012,1,5,Sam Jones,8,577,11,299
2012,1,5,Frédéric Filloux,1,158,18,365
2012,1,5,Jessica Reed,2,0,0,2
2012,1,5,Aseem Malhotra,1,304,0,187
2012,1,5,Mark Smith,1,2,0,15
2012,1,5,James Ramsden,1,215,2,70
2012,1,5,Gines Haro Pastor,5,21,1,113
2012,1,5,Sean Michaels,8,867,6,291
2012,1,5,Ian Traynor,9,1757,37,685
2012,1,5,Polly Curtis,6,182,4,215
2012,1,5,Stuart Dredge,6,67,5,466
2012,1,5,Brendan Sarsfield,1,0,2,11
2012,1,5,Carol Rumens,1,57,3,35
2012,1,5,Jeevan Vasagar,3,994,9,457
2012,1,5,Martin Williams,1,899,7,330
2012,1,5,Afshan Jafar for <a href="http://uvenus.org/" title="">University of Venus</a>,1,33,0,21
2012,1,5,Kate Hodge,7,10,0,44
2012,1,5,Jean-Louis Gassée,1,0,1,82
2012,1,5,Jo Best,4,6,4,41
2012,1,5,Michael Cox,1,37,0,67
2012,1,5,Greg Wood,8,7,1,44
2012,1,5,Tony Paley,6,6,0,34
2012,1,5,Chris Cook,9,5,0,56
2012,1,5,Ben Child,10,860,8,361
2012,1,5,agencies,29,2796,100,2098
2012,1,5,Paul Owen,2,100,1,182
2012,1,5,Hannah Freeman,4,34,1,100
2012,1,5,SABMiller,1,4,0,8
2012,1,5,By Costi Perricos,1,1,0,14
2012,1,5,Harvey Lewis,1,1,0,14
2012,1,5,David Smith,5,291,8,442
2012,1,5,Toby Lichtig,1,24,1,23
2012,1,5,Paolo Bandini,5,78,1,60
2012,1,5,Michael White,9,220,4,188
2012,1,5,Sade Laja,6,34,3,72
2012,1,5,<a href="http://www.businessgreen.com">BusinessGreen</a>,2,34,1,119
2012,1,5,part of the <a href="http://www.guardian.co.uk/environment/network" title="Guardian Environment Network">Guardian Environment Network</a>,8,352,12,560
2012,1,5,Owen Gibson,16,798,8,633
2012,1,5,Heather Leach,1,59,0,24
2012,1,5,Jonathan Jones,6,866,9,283
2012,1,5,Jason Deans,7,70,3,258
2012,1,5,Simon Chilvers,6,187,3,164
2012,1,5,Marianne Møllmann,1,113,2,51
2012,1,5,Rupert Neate,4,90,7,207
2012,1,5,Clare Horton,6,124,0,56
2012,1,5,Henry Barnes,9,482,13,260
2012,1,5,Catherine Shoard,6,707,11,317
2012,1,5,Julia Eccleshare,1,3,0,9
2012,1,5,Justin McCurry,2,342,12,142
2012,1,5,Monkey,14,126,0,369
2012,1,5,undefined,1,2,0,1
2012,1,5,Jonathan Watts,5,1077,13,460
2012,1,5,David Cox,1,8,0,22
2012,1,5,David Leigh,2,101,5,212
2012,1,5,Owen Bowcott,9,340,4,392
2012,1,5,Hilary Osborne,5,129,0,106
2012,1,5,Laura Barnett,2,27,0,24
2012,1,5,Jessica Shepherd,5,217,2,225
2012,1,5,Susan Himmelweit,1,49,1,36
2012,1,5,Dick Vinegar,1,12,0,59
2012,1,5,The people's panel,2,10,0,42
2012,1,5,Rosie Bristow for the <a href="http://www.guardian.co.uk/guardian-professional" title="Guardian Professional Network">Guardian Professional Network</a>,1,11,0,32
2012,1,5,Anna Chesters,1,10,0,19
2012,1,5,Barbara Young,1,29,2,50
2012,1,5,Matt Trueman,5,98,1,93
2012,1,5,Mike Selvey,4,42,2,41
2012,1,5,Corrections,6,0,0,7
2012,1,5,Nils Pratley,8,54,1,119
2012,1,5,Stanley Venitt,1,3,1,13
2012,1,5,Jason Burke,5,177,0,125
2012,1,5,Alison Flood,12,908,28,892
2012,1,5,Brian Glanville,1,10,0,24
2012,1,5,Jeremy Kay,5,32,2,56
2012,1,5,Rachel Dixon,5,236,3,111
2012,1,5,Robert Booth,7,2997,67,994
2012,1,5,Tania Branigan,3,204,2,141
2012,1,5,Rebecca Smithers,3,181,11,149
2012,1,5,Toby Matthiesen,1,144,4,67
2012,1,5,Christina M. Russo for <a href="http://www.e360.yale.edu" title="Yale Environment 360">Yale Environment 360</a>,1,110,1,65
2012,1,5,Michael Cragg,5,90,0,80
2012,1,5,Natalie Haynes,1,212,0,46
2012,1,5,Mark Tran,5,208,3,182
2012,1,5,Julian Borger,4,995,27,639
2012,1,5,Vera Baird,1,43,1,43
2012,1,5,Lisa O'Carroll,15,385,16,942
2012,1,5,Patrick Butler,4,257,3,487
2012,1,5,Eric Lowitt for the <a href="http://www.guardian.co.uk/guardian-professional" title="Guardian Professional Network">Guardian Professional Network</a>,1,53,3,21
2012,1,5,Holly,1,0,1,13
2012,1,5,Miriam Elder,3,4905,134,935
2012,1,5,Helen Carter,12,209,3,227
2012,1,5,Simon Rogers,10,715,39,1227
2012,1,5,Syed Zain Al-Mahmood,1,24,1,44
2012,1,5,Phillip Inman,8,275,7,201
2012,1,5,Matthew Taylor,2,102,1,294
2012,1,5,Tony Palmer,1,0,0,7
2012,1,5,Tom Phillips,3,817,2,196
2012,1,5,Judith Cruickshank,1,19,0,16
2012,1,5,Sid Lowe,3,864,7,349
2012,1,5,Jessica Martin,1,4,0,11
2012,1,5,Jo Adetunji,2,21,0,28
2012,1,5,Tara Conlan,8,105,5,266
2012,1,5,Mark King,5,156,1,158
2012,1,5,Presented by James Richardson,2,23,2,34
2012,1,5,produced by Ben Green,3,25,2,40
2012,1,5,Jack Shenker,4,601,2,185
2012,1,5,Rami Khouri,2,87,4,70
2012,1,5,Matthew Weaver,5,253,8,364
2012,1,5,Andrew Tickell for the <a href="http://ukhumanrightsblog.com/" title="">UK Human Rights blog</a>,1,7,0,5
2012,1,5,part of the <a href="http://www.guardian.co.uk/law/series/guardian-legal-network" title="">Guardian Legal Network</a>,2,39,0,25
2012,1,5,Arun Marsh,3,5,0,12
2012,1,5,Sylvia Rowley for the <a href="http://www.guardian.co.uk/guardian-professional" title="Guardian Professional Network">Guardian Professional Network</a>,1,27,1,62
2012,1,5,Bruce Dessau,1,5,0,16
2012,1,5,Guardian readers,3,995,12,148
2012,1,5,guardian.co.uk,2,26,1,29
2012,1,5,guardian.co.uk/music,1,6333,74,915
2012,1,5,Eliza Anyangwe,3,59,1,150
2012,1,5,Alex Needham,6,421,6,220
2012,1,5,Marc Abrahams,1,2177,59,349
2012,1,5,Ros Asquith,1,38,1,28
2012,1,5,<a href="http://www.theecologist.org/">Ecologist</a>,1,114,5,100
2012,1,5,Jess Cartner-Morley,9,197,5,175
2012,1,5,Mike Worthington,1,0,0,2
2012,1,5,Andrew Sparrow,5,25,0,287
2012,1,5,Louise Tickle,1,148,2,36
2012,1,5,Alan Travis,10,4061,22,688
2012,1,5,Liam Kelly,4,30,0,137
2012,1,5,Paul Lester,5,81,2,114
2012,1,5,Patrick Barkham,2,143,0,71
2012,1,5,Ian Black,5,180,3,161
2012,1,5,Imogen Fox,6,151,4,176
2012,1,5,Nicholas Frayling,1,1,0,15
2012,1,5,Andrew Brown,3,191,3,91
2012,1,5,Ewan Murray,6,91,0,80
2012,1,5,Ana Marie Cox,2,29,2,42
2012,1,5,Peter Madden for the <a href="http://www.guardian.co.uk/guardian-professional" title="Guardian Professional Network">Guardian Professional Network</a>,1,5,0,23
2012,1,5,Valerie Hannah,1,38,0,52
2012,1,5,Ewen MacAskill,14,500,14,380
2012,1,5,Dominic Rushe,14,1066,60,901
2012,1,5,Lucy Tobin,1,22,0,32
2012,1,5,Juliette Garside,8,569,11,878
2012,1,5,Clar Ni Chonghaile,1,17,0,9
2012,1,5,David Malakoff for  <a href="http://www.conservationmagazine.org/">Conservation Magazine</a>,1,2,0,50
2012,1,5,part of the <a href="http://www.guardian.co.uk/environment/network">Guardian Environment Network</a>,2,18,0,96
2012,1,5,Michael McNay,1,34,0,27
2012,1,5,Marcus Christenson,2,13,0,25
2012,1,5,Nicola Adams,1,6,0,15
2012,1,5,Simon Bowers,5,46,0,56
2012,1,5,Kate McCann,3,2,0,45
2012,1,5,Nick Hopkins,4,613,6,187
2012,1,5,Helienne Lindvall,2,135,1,125
2012,1,5,Tom Clark,4,490,3,386
2012,1,5,Harriet Swain,1,215,3,96
2012,1,5,Sarah Dempster,1,0,0,7
2012,1,5,Lyn Gardner,7,106,0,129
2012,1,5,Kate Molleson,1,7,0,5
2012,1,5,David Levene,1,464,8,82
2012,1,5,Andrew Clements,8,13,0,78
2012,1,5,George Monbiot,2,1607,27,1117
2012,1,5,Andy Hunter,13,459,1,508
2012,1,5,Chris Stephen,2,427,5,99
2012,1,5,Luke Harding,4,891,8,204
2012,1,5,Rian Evans,2,1,0,19
2012,1,5,Emine Saner,2,606,9,133
2012,1,5,Dominic Fifield,9,133,0,265
2012,1,5,Harry J Enten,2,1,0,16
2012,1,5,Dave Hill,8,56,3,162
2012,1,5,Henry McDonald,8,154,3,135
2012,1,5,Irel,7,47,2,99
2012,1,5,Estelle Morris,1,62,0,137
2012,1,5,Veronica Hope-Hailey,1,7,0,7
2012,1,5,Julia Kollewe,11,427,6,501
2012,1,5,Graeme Wearden,6,260,11,396
2012,1,5,Paul Rees,4,9,1,22
2012,1,5,Jonathan Wolff,1,53,0,37
2012,1,5,Duncan Exley,1,22,0,27
2012,1,5,Louise Taylor,4,229,0,166
2012,1,5,Rebecca Nicholson,3,3,0,64
2012,1,5,Julia Raeside,3,77,1,81
2012,1,5,Ben Arnold,3,0,0,56
2012,1,5,Gwilym Mumford,1,0,0,40
2012,1,5,Martin Skegg,5,5,0,87
2012,1,5,Aditya Chakrabortty,1,136,4,95
2012,1,5,Alex Bellos,1,713,21,390
2012,1,5,Fran Abrams,1,112,1,133
2012,1,5,Larry Elliott,21,901,15,705
2012,1,5,Rob Bagchi,6,90,2,131
2012,1,5,Jamie Jackson,8,369,0,412
2012,1,5,Polly Toynbee,2,1466,3,353
2012,1,5,Simon Hoggart,5,62,0,117
2012,1,5,Dan Sabbagh,6,170,9,334
2012,1,5,Helena Smith,3,208,6,110
2012,1,5,Editorial,21,706,12,515
2012,1,5,Hadley Freeman,3,1005,4,151
2012,1,5,Michele Hanson,2,66,0,13
2012,1,5,Samira Ahmed,1,13,0,86
2012,1,5,John Vallins,1,9,0,48
2012,1,5,John Crace,4,760,1,151
2012,1,5,Giles Fraser,2,97,0,73
2012,1,5,Sam Wollaston,5,56,1,91
2012,1,5,Damon Wise,6,182,5,135
2012,1,5,David Hytner,5,113,2,168
2012,1,5,Gavin Poole,1,15,4,28
2012,1,5,Maddy Costa,4,82,0,64
2012,1,5,Andy Wilson,8,16,2,55
2012,1,5,Alex Salmond,2,218,1,52
2012,1,5,Cameron Robertson,1,108,2,59
2012,1,5,David Edgar,1,40,0,16
2012,1,5,Cory Franklin,1,22,0,32
2012,1,5,Nicholas Watt,17,1391,17,1095
2012,1,5,Jill Treanor,20,1624,23,1160
2012,1,5,David Shariatmadari,8,675,11,440
2012,1,5,Interviews by Dave Simpson,1,330,0,98
2012,1,5,Lyndsay Dovey (MeteoGroup),1,0,0,0
2012,1,5,Costas Lapavitsas,1,116,2,54
2012,1,5,Joshua Alston,1,29,0,28
2012,1,5,Jennifer Abel,1,123,5,24
2012,1,5,Hugh Muir,5,17,0,75
2012,1,5,Martin Rowson,6,149,4,196
2012,1,5,Kevin Mitchell,3,29,0,16
2012,1,5,Donald McRae,3,66,3,75
2012,1,5,Richard Williams,3,51,0,74
2012,1,5,Scotl,9,383,8,287
2012,1,5,Richard Adams,9,489,9,521
2012,1,5,Matt Wells,4,26,1,140
2012,1,5,Kim Willsher,3,298,4,89
2012,1,5,Dan Jellinek,1,1,0,1
2012,1,5,Maev Kennedy,4,1149,11,261
2012,1,5,Dan Lepard,2,75,0,59
2012,1,5,Chris McGreal,7,734,12,325
2012,1,5,Scott Manson,1,107,0,29
2012,1,5,Martin Baker,1,15,5,83
2012,1,5,Richard Vize,2,16,1,32
2012,1,5,Jane Hatton,1,39,0,43
2012,1,5,Giles Tremlett,4,710,18,177
2012,1,5,Simon Trevethick,1,7,0,28
2012,1,5,Andy Miah,1,33,3,54
2012,1,5,Leon Smith,1,2,0,9
2012,1,5,Aiman.A,1,8,1,16
2012,1,5,Ian Tasker,1,5,0,7
2012,1,5,David Lengel,1,6,0,3
2012,1,5,Nick Mathiason,1,81,8,105
2012,1,5,Jonathan Carr-West,1,3,0,8
2012,1,5,Bill Burr,1,21,0,23
2012,1,5,Jon Butterworth,1,7,1,26
2012,1,5,Alice Klein,1,59,1,22
2012,1,5,Catherine Phipps,1,143,1,69
2012,1,5,Susie Steiner,2,56,0,53
2012,1,5,Bella Mackie,3,0,0,3
2012,1,5,Guardian Government Computing,6,11,3,78
2012,1,5,Martin Wainwright,7,86,2,192
2012,1,5,Mirel Bran,1,75,0,14
2012,1,5,Tom Wrigglesworth,1,304,1,43
2012,1,5,Mathiew Cuvelier,1,304,1,43
2012,1,5,Nick Dearden,1,193,7,56
2012,1,5,Nicola Davison,1,31,5,116
2012,1,5,John Hooper,3,97,2,41
2012,1,5,Justin Webster,1,403,2,59
2012,1,5,Sumpta Ayuso,1,403,2,59
2012,1,5,BT,1,0,0,0
2012,1,5,Tom Rogan,1,43,2,37
2012,1,5,Jill Insley,6,82,1,131
2012,1,5,Richard Norton-Taylor,4,205,6,185
2012,1,5,Dr Guy Thompson,1,5,0,3
2012,1,5,Michael A. Livermore for <a href="http://grist.org/">Grist</a>,1,19,0,64
2012,1,5,Will Hayler,12,3,1,60
2012,1,5,Michael Rosen,1,75,1,50
2012,1,5,Rob Evans,2,301,1,310
2012,1,5,David Brindle,1,196,1,49
2012,1,5,Matthew Yeomans for the <a href="http://www.guardian.co.uk/guardian-professional" title="Guardian Professional Network">Guardian Professional Network</a>,1,59,2,77
2012,1,5,Charles Gant,1,9,0,24
2012,1,5,Jonathan Glennie,1,41,2,38
2012,1,5,Lawrence Donegan,7,23,0,116
2012,1,5,Joshua Rozenberg,3,42,0,58
2012,1,5,Geoffrey Alderman,1,90,1,45
2012,1,5,Andy Bull,5,23,2,50
2012,1,5,Alan O'Donohoe,1,43,6,83
2012,1,5,Amy Fleming,1,24,0,31
2012,1,5,Stuart Heritage,4,63,2,82
2012,1,5,Gill Hitchcock,5,68,8,92
2012,1,5,Raphael Honigstein,1,21,0,16
2012,1,5,Barney Ronay,2,40,0,90
2012,1,5,Denis Campbell,7,1338,16,766
2012,1,5,Cliff White via <a href="http://www.rocksbackpages.com/" title="">Rock's Backpages</a>,1,277,1,24
2012,1,5,Open thread,3,38,0,96
2012,1,5,Nicholas Lezard,2,213,1,102
2012,1,5,Sam Jordison,3,44,1,46
2012,1,5,Toby Manhire,3,351,14,356
2012,1,5,,3,410,13,302
2012,1,5,Nicola Brady,1,27,0,62
2012,1,5,Jonathan Wilson,3,25,2,71
2012,1,5,Ana Martínez,1,7,0,3
2012,1,5,Gilles van Kote,1,30,5,56
2012,1,5,Piotr Smolar,1,5,0,9
2012,1,5,Philippe Mesmer,1,424,16,198
2012,1,5,Mark Brown,4,178,1,166
2012,1,5,Harry Ferguson,1,374,0,45
2012,1,5,François Bougon,1,22,1,30
2012,1,5,Jean-Philippe Rémy,1,5,0,11
2012,1,5,Liam Burns,1,34,0,53
2012,1,5,Aron Cramer for the <a href="http://www.guardian.co.uk/guardian-professional" title="Guardian Professional Network">Guardian Professional Network</a>,2,33,0,55
2012,1,5,Ami Sedghi &amp; Simon Rogers,1,50,5,56
2012,1,5,Matthew Caines,2,19,0,58
2012,1,5,Michael Billington,7,130,2,101
2012,1,5,Rob Edwards,1,57,5,108
2012,1,5,Kate Abbott,2,116,3,78
2012,1,5,Amanda Ruggeri,1,84,7,73
2012,1,5,Jose Antonio Vargas,2,48,0,41
2012,1,5,Jane Eisner,2,48,0,41
2012,1,5,Jim Geraghty,2,48,0,41
2012,1,5,Mark Ruffalo,1,31,0,23
2012,1,5,DeeDee Garcia Blase,2,48,0,41
2012,1,5,Anne-Marie Slaughter,2,48,0,41
2012,1,5,Sarahi Uribe,2,48,0,41
2012,1,5,Mark Weisbrot,2,48,0,41
2012,1,5,Teresa Wiltz,1,31,0,23
2012,1,5,Claire Armitstead,1,8,0,38
2012,1,5,Staff,10,895,63,1203
2012,1,5,Carlene Firmin,1,30,0,12
2012,1,5,<a href="http://www.museumsassociation.org/home" title="">The Museums Association</a>,1,13,0,21
2012,1,5,Maurice Davies,1,13,0,21
2012,1,5,part of the <a href="http://www.guardian.co.uk/culture-professionals-network" title="">Guardian Culture Professionals Network</a>,2,21,0,56
2012,1,5,Heather Stewart,7,238,5,236
2012,1,5,Vic Marks,3,6,1,18
2012,1,5,Rodrigo Nunes,1,1541,3,156
2012,1,5,David Mills,2,3,0,63
2012,1,5,Esther Addley,3,131,0,109
2012,1,5,Alexandra Topping,3,467,6,338
2012,1,5,Barry Millington,2,40,0,35
2012,1,5,Bookworm 88,1,2,2,10
2012,1,5,Terri Coates,1,37,0,30
2012,1,5,Jim Falzarano,1,3,0,5
2012,1,5,Eric Allison,1,205,1,234
2012,1,5,Michael Hann,2,201,0,90
2012,1,5,Kellie McElhaney,1,10,0,20
2012,1,5,Chris Coulter for the <a href="http://www.guardian.co.uk/guardian-professional" title="Guardian Professional Network">Guardian Professional Network</a>,1,10,0,20
2012,1,5,Andrew Pulver,5,1275,21,508
2012,1,5,Leo Benedictus,1,848,2,122
2012,1,5,Kay Sheldon,1,17,2,20
2012,1,5,Justin McGuirk,1,46,1,122
2012,1,5,Doug Belshaw,1,9,4,53
2012,1,5,Hara Kouki,1,94,5,55
2012,1,5,Antonis Vradis,1,94,5,55
2012,1,5,Dan Milmo,6,176,9,195
2012,1,5,Dave Levitan for <a href="http://www.e360.yale.edu" title="Yale Environment 360">Yale Environment 360</a>,1,25,2,74
2012,1,5,Phil Hoad,1,114,5,17
2012,1,5,Presented by Aleks Krotoski,1,8,2,66
2012,1,5,produced by Scott Cawley,2,22,2,87
2012,1,5,David Blanchflower,1,25,0,8
2012,1,5,Xan Brooks,7,650,8,213
2012,1,5,Wendy Fonarow,1,50,2,63
2012,1,5,Chris Cook at Lambourn,1,0,1,6
2012,1,5,Ahdaf Soueif,1,103,1,24
2012,1,5,Willie Bain,1,65,0,35
2012,1,5,Paul Doyle,4,49,0,82
2012,1,5,Kate Hodal,5,649,6,131
2012,1,5,Calestous Juma,1,87,1,63
2012,1,5,Marai Larasi,1,35,4,31
2012,1,5,Jane Martinson,5,314,6,285
2012,1,5,Jo Tuckman,1,51,2,104
2012,1,5,Simon Goodley,9,12,0,89
2012,1,5,Haroon Siddique,7,552,8,370
2012,1,5,Saabira Chaudhuri,5,215,4,140
2012,1,5,Jonathan Glancey,2,86,0,88
2012,1,5,Martin Kettle,3,46,0,43
2012,1,5,Simon Tisdall,2,70,0,40
2012,1,5,Dominic Waughray for the <a href="http://www.guardian.co.uk/guardian-professional" title="Guardian Professional Network">Guardian Professional Network</a>,3,26,0,31
2012,1,5,Polina Levina,1,19,1,12
2012,1,5,Tim Ashley,2,13,0,22
2012,1,5,Zoe Wood,7,290,2,271
2012,1,5,Anna Minton,1,76,1,81
2012,1,5,Robin Denselow,3,53,0,55
2012,1,5,James Ball,5,374,7,468
2012,1,5,Paula Cocozza,1,619,6,119
2012,1,5,As seen by Catherine Bennett,1,3,0,3
2012,1,5,George Hall,3,23,0,32
2012,1,5,Angelique Chrisafis,5,355,4,268
2012,1,5,David Stubbs,5,8,0,52
2012,1,5,Phelim O'Neill,5,7,0,60
2012,1,5,Jonathan Wright,1,2,0,19
2012,1,5,Andrew Mueller,3,5,0,42
2012,1,5,Kevin Powell,1,59,1,29
2012,1,5,Hilary Macaskill,1,139,0,96
2012,1,5,Louise Mensch,1,102,0,74
2012,1,5,Virginia Spiers,1,4,0,33
2012,1,5,Harry Venning,1,5,0,4
2012,1,5,Simon Jenkins,2,111,3,92
2012,1,5,Dean Baker,1,29,2,31
2012,1,5,Alexis Petridis,3,775,14,180
2012,1,5,Paul Kingsnorth,1,23,1,40
2012,1,5,Daniel Taylor,7,2286,5,1096
2012,1,5,Laura Barton,3,629,3,155
2012,1,5,Lisa Bachelor,3,298,8,289
2012,1,5,Seumas Milne,1,495,3,291
2012,1,5,Robert Kitson,11,104,0,74
2012,1,5,Jonny Weeks,6,77,1,130
2012,1,5,Interview by Laura Barnett,1,12,0,13
2012,1,5,Dominic Fifield at Cardiff City Stadium,1,18,0,17
2012,1,5,Bill Buzenberg,1,7,0,28
2012,1,5,Allegra McEvedy,4,17,0,23
2012,1,5,Dominic Fifield at City of Cardiff Stadium,1,4,0,14
2012,1,5,David Conn,3,66,0,88
2012,1,5,John Ashdown,3,108,0,141
2012,1,5,Adam Gabbatt,2,13,0,49
2012,1,5,Gary Younge,3,1351,9,150
2012,1,5,Brian Braiker,1,23,0,6
2012,1,5,Amelia Hill,1,133,1,77
2012,1,5,Steven Morris,11,295,6,254
2012,1,5,Alison Seabrooke,1,11,0,19
2012,1,5,Virginia Wallis,2,6,0,36
2012,1,5,Mariz Tadros,1,131,1,34
2012,1,5,Martin Eve,1,23,0,61
2012,1,5,Ruth Lister,1,60,1,47
2012,1,5,Paula Winzar,1,39,0,26
2012,1,5,Jeremy White,1,4,0,7
2012,1,5,Sir Bob Kerslake,1,4,0,18
2012,1,5,Vulpes,1,2,1,12
2012,1,5,Colin Horgan,1,7,1,4
2012,1,5,James Derounian,1,4,0,2
2012,1,5,Jaz Cummins,2,77,0,32
2012,1,5,Andrew Ross,1,37,0,40
2012,1,5,Debbie Andalo,1,6,0,28
2012,1,5,Jill Papworth,1,68,3,55
2012,1,5,William Skidelsky,2,48,0,27
2012,1,5,Cathy Comerford,1,148,1,35
2012,1,5,Jessica Fuhl,2,47,0,42
2012,1,5,Penny Young,1,16,1,26
2012,1,5,Sarfraz Manzoor,1,15,0,21
2012,1,5,Oliver Thring,2,567,9,187
2012,1,5,Invisible Woman,1,29,0,37
2012,1,5,Richard Wachman,1,55,1,18
2012,1,5,Cayetano Ros,1,12,0,12
2012,1,5,Nathaniel Herzberg,1,92,0,50
2012,1,5,Mark Rice-Oxley,1,101,4,22
2012,1,5,Tamson Pietsch,1,14,0,52
2012,1,5,Caroline Fiennes,1,0,1,6
2012,1,5,John Banville,1,114,3,91
2012,1,5,George Chesterton,1,12,0,16
2012,1,5,Mark Say,1,0,0,9
2012,1,5,Tom Stevens,1,20,0,40
2012,1,5,Gwyn Topham,4,28,2,78
2012,1,5,Kate Harding,1,2528,12,189
2012,1,5,Suzanne Goldenberg,1,30,3,60
2012,1,5,Peter Bradshaw,8,410,3,173
2012,1,5,Ian Mulheirn,1,7,0,14
2012,1,5,Julian Walker-Palin for the <a href="http://www.guardian.co.uk/guardian-professional" title="">Guardian Professional Network</a>,1,11,0,26
2012,1,5,Lucy Mangan,3,36,0,31
2012,1,5,Presented by Claire Armitstead,2,49,2,58
2012,1,5,produced by Tim Maby,2,49,2,58
2012,1,5,Natalie Bennett,1,0,0,0
2012,1,5,Becky Garrison,1,77,0,32
2012,1,5,Andy Bull (morning,2,17,0,42
2012,1,5,evening sessions),2,17,0,42
2012,1,5,Rob Smyth (afternoon session),2,17,0,42
2012,1,5,Oliver Miles,1,85,0,48
2012,1,5,Raul Limon,1,19,1,54
2012,1,5,Maggoty Lamb,1,7,0,13
2012,1,5,Paul Wilson,2,177,0,210
2012,1,5,Sarah Crown,2,90,2,43
2012,1,5,Vic Marks at the Sheikh Zayed Stadium,3,57,3,21
2012,1,5,Julie Bindel,1,70,0,39
2012,1,5,Izabela Zbikowska,1,9,0,6
2012,1,5,Juliette Jowit<strong> </strong><em>The Guardian</em>,1,36,1,88
2012,1,5,<strong>Marco Castelnuovo,1,12,2,13
2012,1,5,John Harris,2,320,2,221
2012,1,5,the Guardian,1,29,0,95
2012,1,5,Guardian Professional,1,1,1,52
2012,1,5,Ian Marchant,1,31,2,28
2012,1,5,Andrew Samuels,1,237,5,83
2012,1,5,Mike Selvey at the Sheikh Zayed Stadium,3,15,1,14
2012,1,5,John Elkington for the <a href="http://www.guardian.co.uk/guardian-professional" title="Guardian Professional Network">Guardian Professional Network</a>,1,11,0,32
2012,1,5,Anthony Giddens,1,62,2,17
2012,1,5,John Bullivant,1,4,0,12
2012,1,5,Martin Chulov,3,195,7,153
2012,1,5,Fiona Harvey,3,51,0,170
2012,1,5,Cate,1,1,1,17
2012,1,5,Ami Sedghi,2,323,10,122
2012,1,5,Paddy Allen,3,376,10,158
2012,1,5,Andy Wilson at the Sheikh Zayed Stadium,5,124,2,34
2012,1,5,Jed Bartlet,1,688,6,256
2012,1,5,Vicky Frost,2,45,0,48
2012,1,5,Kim Catcheside,1,8,0,21
2012,1,5,Rory Carroll,3,548,5,193
2012,1,5,Rebecca Ratcliffe,1,528,4,144
2012,1,5,John Fordham,4,21,1,47
2012,1,5,David Davies,1,0,0,25
2012,1,5,Susanna Rustin,1,3,1,19
2012,1,5,Ronald Bergan,1,249,0,42
2012,1,5,Jenny Turner,1,14,0,26
2012,1,5,Steve Waters,1,23,0,26
2012,1,5,Nesta Roberts,1,21,1,20
2012,1,5,Felipe González,1,15,4,10
2012,1,5,Garry Blight,1,47,0,23
2012,1,5,Ryan Devereaux,3,197,5,94
2012,1,5,Ekaterina Ochagavia,1,47,0,23
2012,1,5,David Cameron,1,27,0,9
2012,1,5,Paul Hamilos,1,42,2,57
2012,1,5,Marion Van Renterghem – Le Monde,1,30,1,22
2012,1,5,Jon Henley – the Guardian,1,67,3,9
2012,1,5,Tonia Mastrobuoni – La Stampa,1,14,0,12
2012,1,5,Stephen Bates,1,20,0,45
2012,1,5,Maciej Stasinski,1,8,0,5
2012,1,5,Gazeta Wyborcza,2,15,0,15
2012,1,5,Thomas Urban – Süddeutsche Zeitung,1,32,0,3
2012,1,5,Pablo Ordaz – El País,1,10,1,5
2012,1,5,Steve Rose,4,284,4,125
2012,1,5,Alfred Hickling,1,5,0,7
2012,1,5,Interview by Sarah Phillips,1,35,1,24
2012,1,5,Mark Fisher,1,9,0,12
2012,1,5,Zoe Williams,3,494,2,147
2012,1,5,Karen McVeigh,3,612,12,184
2012,1,5,Stuart Braun,1,61,4,115
2012,1,5,Martin Dunn,1,145,3,60
2012,1,5,Tim Dowling,2,56,1,108
2012,1,5,Franklyn Addo,1,18,0,33
2012,1,5,Alexander Chancellor,1,18,0,33
2012,1,5,Kira Cochrane,1,64,1,30
2012,1,5,Amira Nowaira,1,33,2,25
2012,1,5,Patrick Kingsley,3,346,3,128
2012,1,5,Florida,4,294,0,161
2012,1,5,John&nbsp;Robinson,1,3,0,12
2012,1,5,Richard Vine,2,3,0,16
2012,1,5,Chris Cragg,1,7,0,2
2012,1,5,Emma Brockes,1,60,3,31
2012,1,5,Suzanne Moore,1,237,3,225
2012,1,5,Ben Beaumont-Thomas,1,38,1,25
2012,1,5,Bill McGeveran,1,109,16,152
2012,1,5,Ray Collier,1,3,0,26
2012,1,5,Francesca Klug,1,27,0,37
2012,1,5,Sadhbh Walshe,1,73,1,33
2012,1,5,Andy Hunter at Anfield,3,32,0,93
2012,1,5,Timothy Garton Ash,1,40,2,42
2012,1,5,Davos,1,40,2,42
2012,1,5,Marina Hyde,4,215,2,181
2012,1,5,Richard Williams at Anfield,1,12,0,32
2012,1,5,Stuart Millar,1,1145,8,127
2012,1,5,Felicity Cloake,3,219,2,96
2012,1,5,Sarah Keenan,1,447,1,36
2012,1,5,Nathan Ditum,1,1,1,52
2012,1,5,Daniel Taylor at Anfield,1,104,1,43
2012,1,5,Sid Lowe at Camp Nou,1,73,1,42
2012,1,5,David Batty,1,9,0,32
2012,1,5,Juliette Jowit,2,132,5,213
2012,1,5,Rowena Lewis,1,27,2,41
2012,1,5,Jackie Hothersall,1,2,0,8
2012,1,5,John Vidal,2,934,21,432
2012,1,5,Presented by John Vidal,1,45,0,28
2012,1,5,produced by Celeste Hicks,1,45,0,28
2012,1,5,Paul Ainsworth,1,8,0,11
2012,1,5,Scott Murray,5,72,1,207
2012,1,5,The Insiders,1,2,0,29
2012,1,5,Fiona King,1,10,0,14
2012,1,5,Alan Sykes,1,14,4,34
2012,1,5,Hunter Felt,1,8,0,6
2012,1,5,The Snork Maiden,1,3,0,9
2012,1,5,David Walker,1,4,3,9
2012,1,5,Michael Wagg,1,14,0,20
2012,1,5,John McDonnell,1,368,6,203
2012,1,5,Naomi Landau,1,1,2,5
2012,1,5,Ruth Padel,1,168,1,35
2012,1,5,Tom Chatfield,1,18,0,72
2012,1,5,Stefan Stern,1,6,0,23
2012,1,5,Shiv Malik,4,5983,81,916
2012,1,5,Jessica Shankleman for <a href="http://www.businessgreen.com">BusinessGreen</a>,1,9,1,62
2012,1,5,Lisa Evans,1,64,2,56
2012,1,5,John Kampfner,1,3,0,21
2012,1,5,Caspar Llewellyn Smith,2,24,0,32
2012,1,5,Hannah Fearn,2,0,0,19
2012,1,5,Ryan Lewis,1,13,0,30
2012,1,5,Samuel Jay Keyser,1,8,0,19
2012,1,5,Abel Mestre,1,12,1,6
2012,1,5,<a href="http://www.creativeboom.co.uk/" title="">Creative Boom</a>,1,8,0,35
2012,1,5,Katy Cowan,1,8,0,35
2012,1,5,Zac Purchase,1,28,0,12
2012,1,5,Isabel Choat,1,1,0,2
2012,1,5,James West for <a href="http://theclimatedesk.org/">The Climate Desk</a>,1,137,3,51
2012,1,5,Michele Brambilla,1,89,4,9
2012,1,5,La Stampa,1,89,4,9
2012,1,5,James Donaghy,1,29,0,42
2012,1,5,Robert McCrum,2,64,0,73
2012,1,5,Alex von Tunzelmann,1,39,2,28
2012,1,5,Gavin McOwan,1,137,5,80
2012,1,5,Piotr Głuchowski,1,7,0,10
2012,1,5,Kelly Bowerbank,1,17,0,7
2012,1,5,Mona Mahmood,1,17,0,7
2012,1,5,Ken Macfarlane,1,17,0,7
2012,1,5,Wolfgang Janisch,1,7,0,3
2012,1,5,Helen Seamons,3,55,0,72
2012,1,5,Mike Anderiesz,1,5,1,50
2012,1,5,Susan Richards,1,5,0,27
2012,1,5,Adrian Pabst,1,18,2,10
2012,1,5,Joaquín Prieto,1,12,0,4
2012,1,5,Jason Solomons,3,128,0,42
2012,1,5,Iain Chambers,1,7,0,8
2012,1,5,Ben Kape,1,110,0,23
2012,1,5,Christian Bennett,1,110,0,23
2012,1,5,Claire Provost,1,40,1,28
2012,1,5,Allan Jenkins,1,4,0,14
2012,1,5,Joe Anderson,1,21,0,25
2012,1,5,Ian Hembrow,1,5,0,66
2012,1,5,Michael Coveney,1,124,0,35
2012,1,5,Paul Weaver,2,15,0,17
2012,1,5,James Walsh,1,60,0,24
2012,1,5,Skye Sherwin,3,21,0,18
2012,1,5,Martin Robbins,1,601,33,631
2012,1,5,Massimo Gramellini – La Stampa,1,761,6,32
2012,1,5,Carmen Morán,1,603,4,95
2012,1,5,El País,1,603,4,95
2012,1,5,Adam Leszczynski – Gazeta Wyborzca,1,224,4,8
2012,1,5,Jonathan Freedl,1,247,2,29
2012,1,5,– the Guardian,1,247,2,29
2012,1,5,Rainer Erlinger,1,176,4,30
2012,1,5,Süddeutsche Zeitung,1,176,4,30
2012,1,5,Jean-Michel Norm,1,129,4,16
2012,1,5,– Le Monde,1,129,4,16
2012,1,5,Caroline Crampton,1,2,0,14
2012,1,5,Sandra Laville,2,34,0,32
2012,1,5,Dan Corry,1,4,1,28
2012,1,5,Sultan Sooud Al Qassemi,1,123,2,43
2012,1,5,Carmelo Ruiz-Marrero,1,16,0,46
2012,1,5,for <a href="http://www.ipsnews.net/environment.asp">IPS</a>,1,16,0,46
2012,1,5,Jane Perrone,3,16,3,42
2012,1,5,Presented by Tom Clark,1,0,0,18
2012,1,5,produced by Phil Maynard,1,0,0,18
2012,1,5,Navi Pillay,1,86,0,15
2012,1,5,Spartacus,1,0,0,11
2012,1,5,Osman Jama Ali,1,204,0,45
2012,1,5,Mohamed Sharif Mohamud,1,204,0,45
2012,1,5,Graham Parker,1,48,0,21
2012,1,5,Rupert Jones,1,53,0,27
2012,1,5,Jack Schofield,1,1,0,22
2012,1,5,Jenny Ridley,1,6,1,67
2012,1,5,Julian Baggini,1,15,1,14
2012,1,5,Benoît Vitkine: Le Monde,1,85,2,30
2012,1,5,Manuel V Gómez: El Pais,1,85,2,30
2012,1,5,Tonia Mastrobuoni: La Stampa,1,85,2,30
2012,1,5,Cornelius Pollmer: Süddeutsche Zeitung,1,85,2,30
2012,1,5,Marta Piatkowska: Gazeta Wyborcza,1,85,2,30
2012,1,5,Guardian Research Department,1,53,2,67
2012,1,5,Charlotte Richardson Andrews,1,58,1,36
2012,1,5,Leon Kaye for the <a href="http://www.guardian.co.uk/guardian-professional" title="Guardian Professional Network">Guardian Professional Network</a>,1,38,4,47
2012,1,5,Amy Lawrence,4,231,2,334
2012,1,5,Dugald Baird,2,43,5,253
2012,1,5,Mark Beaumont,1,5,0,23
2012,1,5,Alok Jha,3,457,21,327
2012,1,5,Jon Dennis,2,23,0,35
2012,1,5,Paul Harris,5,2173,77,723
2012,1,5,Judith Mackrell,2,110,0,60
2012,1,5,Amy Goodman,1,86,0,22
2012,1,5,Gianni Riotta – La Stampa,1,3035,43,397
2012,1,5,Richard Lea,1,68,6,142
2012,1,5,Belinda Jackson,1,0,0,9
2012,1,5,John Lubel,1,2,0,2
2012,1,5,William Dalrymple,1,237,1,92
2012,1,5,Jim Brookes,1,0,0,7
2012,1,5,Owen Duffy,1,80,8,88
2012,1,5,Constance Holme,1,1,0,17
2012,1,5,Nadia Kamil,1,24,0,21
2012,1,5,Tim Glanfield,1,1,0,59
2012,1,5,Chris Stephen near Bani Walid,1,79,0,18
2012,1,5,Jon Robins,1,13,0,17
2012,1,5,David Hencke,1,24,2,37
2012,1,5,Ann Robinson,1,63,3,63
2012,1,5,Gordon Brown,1,90,0,39
2012,1,5,Beverley Schofield,1,3,0,12
2012,1,5,James Antle,1,25,0,13
2012,1,5,Peter Lacy for the <a href="http://www.guardian.co.uk/guardian-professional" title="Guardian Professional Network">Guardian Professional Network</a>,2,52,3,105
2012,1,5,Pierre Haski,1,6,2,12
2012,1,5,Greg Wood at Warwick,1,1,0,7
2012,1,5,Colin Irwin,1,44,0,11
2012,1,5,Ian Griffiths,1,8,1,20
2012,1,5,Rose Ann DeMoro,1,216,1,144
2012,1,5,Meghan O'Rourke,1,113,2,56
2012,1,5,Simon Parkin,1,32,0,104
2012,1,5,Raf Rundell,1,39,0,14
2012,1,5,Cath Clarke,5,94,1,49
2012,1,5,Peter Robinson,1,23,0,27
2012,1,5,Ed Pilkington,3,730,7,55
2012,1,5,Interview by Alistair Hendrie,1,1,0,5
2012,1,5,Dom Lawson,1,185,2,34
2012,1,5,Christine Smith,1,1,0,9
2012,1,5,John Robinson,1,0,0,5
2012,1,5,Elisabeth Mahoney,2,61,1,41
2012,1,5,Tom Meltzer,1,8,0,51
2012,1,5,Tim Jonze,2,71,0,26
2012,1,5,Tom Service,2,63,0,42
2012,1,5,Dave Simpson,1,6,0,10
2012,1,5,Meredith Alexander,1,230,1,135
2012,1,5,Alex Macpherson,1,96,1,23
2012,1,5,Paul MacInnes,2,462,5,78
2012,1,5,Caroline Sullivan,2,15,0,28
2012,1,5,David Marsh,1,82,2,64
2012,1,5,Robert Bischof,1,82,2,64
2012,1,5,Simon Burnton,1,5,0,39
2012,1,5,Dave Kelshaw,1,33,0,60
2012,1,5,Daniel Harris,1,33,0,60
2012,1,5,Harry Pearson,1,32,2,18
2012,1,5,Shaun Edwards,1,9,0,6
2012,1,5,James Richardson,1,15,1,15
2012,1,5,Matt Hall,1,15,1,15
2012,1,5,Lorraine Pascale,4,19,0,28
2012,1,5,Cass Jones,1,15,0,6
2012,1,5,Robert Woodward,1,95,0,87
2012,1,5,Emily Drabble,1,6,0,1
2012,1,5,Vivienne Perry,1,37,1,25
2012,1,5,Martin Godwin,1,37,1,25
2012,1,5,Jim Powell,2,52,1,45
2012,1,5,Helena Wilkinson,1,1,0,23
2012,1,5,By <a href="http://www.irinnews.org/" title="">IRIN</a> part of the <a href="http://www.guardian.co.uk/global-development/series/guardian-development-network" title="">Guardian development network</a>,1,19,0,23
2012,1,5,Simon Cambers,2,6,0,16
2012,1,5,Samantha Hewlett,1,10,0,25
2012,1,5,Evan Fanning,5,37,0,169
2012,1,5,Paul Swinney,1,2,2,10
2012,1,5,Tom Jenkins,1,7,0,7
2012,1,5,Des Hegarty,1,8,0,4
2012,1,5,SpeedyReader,1,0,0,4
2012,1,5,Ursula K Le Guin,1,16,0,9
2012,1,5,Mary Midgley,1,0,0,0
2012,1,5,Maurice Tomlinson,1,104,6,31
2012,1,5,John Perry,1,84,0,48
2012,1,5,Andy Mayer,1,134,0,33
2012,1,5,Hari,1,4,0,36
2012,1,5,Jake,1,4,0,36
2012,1,5,Jo-ann Fortune,1,158,0,80
2012,1,5,Helen Barber,1,5,0,14
2012,1,5,Craig Thompson,1,269,4,73
2012,1,5,Ben McFarland,1,814,18,224
2012,1,5,Peter Guillam,1,33,3,30
2012,1,5,Norman Baker,1,20,0,6
2012,1,5,Sandra Kerr,1,0,0,10
2012,1,5,Constantin Bjerke,1,18,1,30
2012,1,5,Fiona Sinclair Scott,1,18,1,30
2012,1,5,Caroline Lucas,1,54,0,128
2012,1,5,Allan Norman,1,24,0,18
2012,1,5,Rachel Cooke,1,31,0,48
2012,1,5,Maya Wolfe-Robinson,1,93,3,73
2012,1,5,Interview by Ben Johncock,1,11,2,23
2012,1,5,Ed Jacobs,1,8,0,16
2012,1,5,Alan Connor,1,36,1,14
2012,1,5,Shenaz Kermali,1,175,0,46
2012,1,5,Graham Hayday,1,62,0,27
2012,1,5,Matthew Baxter-Reynolds,1,22,3,140
2012,1,5,Nima Khorrami Assl,1,72,3,30
2012,1,5,Hannah Waldram,1,1,0,10
2012,1,5,Laura Oliver,1,1,0,10
2012,1,5,Steven Bloor,1,14,0,10
2012,1,5,Jennifer Norton,1,36,6,39
2012,1,5,Frances Corner,1,9,0,16
2012,1,5,Rupert Sawyer,1,1,0,13
2012,1,5,Public Leaders Network,1,0,0,14
2012,1,5,Alexis Soloski,1,23,1,27
2012,1,5,James Murray for <a href="http://www.businessgreen.com">BusinessGreen</a>,1,41,2,76
2012,1,5,Alistair Hendrie,1,1,0,6
2012,1,5,Dan Collyns Madre de Dios,1,469,15,300
2012,1,5,Peru,1,469,15,300
2012,1,5,Rosie Swash,1,535,2,68
2012,1,5,Graham Taylor,1,57,14,108
2012,1,5,Stuart Kelly,1,43,0,41
2012,1,5,Guardian staff,1,1,0,3
2012,1,5,Imran Rasul,1,6,0,14
2012,1,5,David Hollywood for the <a href="http://www.guardian.co.uk/guardian-professional" title="Guardian Professional Network">Guardian Professional Network</a>,1,6,0,14
2012,1,5,Ben Dowell,3,44,1,86
2012,1,5,Chris Ham,1,25,0,29
2012,1,5,Guardian interactive team,1,1637,3,821
2012,1,5,Jacob Steinberg (morning session),1,12,0,19
2012,1,5,Rob Smyth (afternoon,1,12,0,19
2012,1,5,evening session),1,12,0,19
2012,1,5,Anita Pati,1,11,0,16
2012,1,5,Jim Griffin,1,5,0,16
2012,1,5,Diane Abbott,1,70,0,39
2012,1,5,Michael Riggs,1,0,0,3
2012,1,5,Tony Dixon,1,0,0,3
2012,1,5,Tim Chronnell,1,2,0,2
2012,1,5,Guardian music,2,8,0,30
2012,1,5,Mary Hamilton,1,0,0,36
2012,1,5,Brian Edwards,1,0,0,1
2012,1,5,David Lacey,1,23,1,25
2012,1,5,John Dugdale,1,53,3,51
2012,1,5,Alex Aldridge,1,89,0,49
2012,1,5,Stephen Lee,1,0,0,5
2012,1,5,Anna-Claire Bevan,1,41,0,15
2012,1,5,Interviews by Gareth Grundy,1,66,1,45
2012,1,5,Killian Fox,3,75,1,71
2012,1,5,Gemma Kappala-Ramsamy,1,66,1,45
2012,1,5,Charlotte Abrahams,1,17,0,14
2012,1,5,Nadia Shireen,1,1064,9,112
2012,1,5,Terry Macalister,2,58,1,92
2012,1,5,Steve Boxer,1,8,3,68
2012,1,5,Presented by Dan Sabbagh,1,2,0,6
2012,1,5,Priscilla Kwateng,1,32,0,6
2012,1,5,High Kick,1,1,0,9
2012,1,5,Dan Glaister,1,203,0,136
2012,1,5,Stylist: Priscilla Kwateng,2,22,1,18
2012,1,5,Photographs: Harry Callahan. Words: Hannah Booth,1,21,0,25
2012,1,5,Derek Campbell,1,11,2,20
2012,1,5,Thea,1,5,0,7
2012,1,5,David Hudson,1,5,0,7
2012,1,5,Rosa Fernandez,1,6,0,1
2012,1,5,Laura Laker,1,42,1,53
2012,1,5,Michael Paarlberg,1,45,1,14
2012,1,5,Nancy Groves,1,4,0,13
2012,1,5,Costas Douzinas,1,332,2,31
2012,1,5,Damien Handslip,1,8,2,8
2012,1,5,Juliette Jowitt,1,68,3,167
2012,1,5,Helen Pidd,1,766,6,73
2012,1,5,Nathan Green,1,12,2,31
2012,1,5,Justin Stoneman,1,11,0,28
2012,1,5,Will Hutton,3,95,2,146
2012,1,5,Ian Gittins,1,5,0,4
2012,1,5,Tamara Winfrey Harris,1,107,1,38
2012,1,5,Solomon Hughes,1,530,2,280
2012,1,5,Martin Farrer,1,41,0,65
2012,1,5,Presented by Alexis Petridis,1,14,0,21
2012,1,5,Nicholas Taylor,1,48,1,29
2012,1,5,Alistair Smith,1,2,0,30
2012,1,5,Tom Phillips Rio de Janeiro,1,486,10,62
2012,1,5,SAS,1,0,0,0
2012,1,5,James A Goldston for the <a href="http://blog.soros.org" title="">Open Society Blog</a>,1,32,0,20
2012,1,5,Jonathan Bartley,1,214,3,64
2012,1,5,Guy Dammann,1,1,0,5
2012,1,5,Ece Temelkuran,1,375,3,175
2012,1,5,Monica Mark,1,553,7,155
2012,1,5,Mike Mortimer,1,0,0,8
2012,1,5,Will Self,1,34,0,18
2012,1,5,Rob Taylor,1,9,0,4
2012,1,5,Dan Gillmor,1,69,8,215
2012,1,5,Andrew Martin,1,9,1,10
2012,1,5,Lionel Shriver,1,114,1,31
2012,1,5,Deborah Orr,2,47,0,66
2012,1,5,Ian Jack,1,22,1,18
2012,1,5,Derek Niemann,1,4,0,31
2012,1,5,Interview by Oliver Laughland,2,10,1,17
2012,1,5,Vikram Dodd,2,194,0,125
2012,1,5,Jonathan Freedland,1,731,4,266
2012,1,5,Phil Harwood,1,455,15,183
2012,1,5,Edward Gibbes,1,2,0,16
2012,1,5,Robert Newman,1,1496,18,270
2012,1,5,David A Love,1,45,0,27
2012,1,5,Mohamed El Dahshan,1,17,3,163
2012,1,5,Paul Simons,1,11,2,42
2012,1,5,Maya Jaggi,1,345,4,89
2012,1,5,Susan Greenwood,2,29,0,11
2012,1,5,Emma Kennedy,1,11,0,21
2012,1,5,Sally Shalam,1,7,0,5
2012,1,5,Jane Mulkerrins,1,28,0,20
2012,1,5,Ian Belcher,1,17,0,24
2012,1,5,Kate Edgley,1,55,0,20
2012,1,5,Katharine Viner,1,71,3,41
2012,1,5,Jason N Parkinson/reportdigital.co.uk,1,25,0,15
2012,1,5,Charles Bainbridge,1,4,0,5
2012,1,5,Francis Beckett,1,3,0,5
2012,1,5,Rana Mitter,1,17,0,15
2012,1,5,Catherine Taylor,1,1,0,2
2012,1,5,Clare Allan,1,9,0,1
2012,1,5,Stevie Davies,1,3,0,2
2012,1,5,Giles Harvey,1,7,0,17
2012,1,5,Sean O'Brien,1,11,0,7
2012,1,5,Philip Ardagh,1,23,0,13
2012,1,5,Sue Arnold,1,1,0,10
2012,1,5,Steven Poole,1,2,1,5
2012,1,5,John Mullan,2,11,2,15
2012,1,5,Mark Ravenhill,1,2,0,3
2012,1,5,Philip Hensher,1,285,3,118
2012,1,5,Stephen Amidon,1,3,0,8
2012,1,5,John Fuller,1,2,0,5
2012,1,5,Kaui Hart Hemmings,1,14,0,9
2012,1,5,Tessa Hadley,1,14,1,5
2012,1,5,Leonard Barden,1,1,0,5
2012,1,5,Andrea Wren,1,3,0,25
2012,1,5,Jeremy Bullmore,1,0,0,2
2012,1,5,Patrick Collinson,3,106,1,128
2012,1,5,Hugh Fearnley-Whittingstall,1,169,3,39
2012,1,5,Stephen Collins,1,55,0,7
2012,1,5,Tom Dyckhoff,1,165,1,28
2012,1,5,Rosanna Greenstreet,1,5,0,17
2012,1,5,Thomas Eaton,1,2,0,0
2012,1,5,Yotam Ottolenghi,1,37,1,8
2012,1,5,Fiona Beckett,1,14,0,15
2012,1,5,Anonymous,2,82,3,46
2012,1,5,John Lanchester,1,48,0,18
2012,1,5,Sali Hughes,2,35,0,21
2012,1,5,Interview: <strong>Becky Barnicoat</strong>. Portrait: <a href="http://www.emilystein.co.uk/" title=""><strong>Emily Stein</strong></a>,1,24,0,7
2012,1,5,Bear Grylls,1,144,1,29
2012,1,5,Oliver Burkeman,1,134,5,52
2012,1,5,Charlie Brooker,2,3325,84,1346
2012,1,5,As told to Angela Foster,1,0,0,16
2012,1,5,Miles Brignall,5,98,4,171
2012,1,5,Alison Steed,1,25,0,23
2012,1,5,Grace Dent,1,141,0,17
2012,1,5,Ross Noble,1,58,0,38
2012,1,5,John Bishop,1,78,0,8
2012,1,5,Miranda Hart,1,45,0,6
2012,1,5,The Secret Footballer,1,27,2,26
2012,1,5,Simon Cambers at Melbourne Park,2,56,1,16
2012,1,5,Jamie Jackson at Vicarage Road,1,7,0,21
2012,1,5,Andy Hunter at Goodison Park,1,2,0,23
2012,1,5,Andrew Collins,1,11,0,5
2012,1,5,Nicola Jennings,1,1,0,8
2012,1,5,Dina Behrman,1,40,0,14
2012,1,5,Annalisa Barbieri,1,21,2,9
2012,1,5,Louis Pattison,1,52,2,16
2012,1,5,Jon &amp; Mick/moderntoss.com,1,43,0,0
2012,1,5,Johnny Dee,1,2,0,0
2012,1,5,John Patterson,1,75,0,21
2012,1,5,Robert Clark,1,13,0,2
2012,1,5,Joanna Moorhead,1,44,0,9
2012,1,5,Charlie Condou,2,46,0,94
2012,1,5,Maureen Paton,1,15,0,9
2012,1,5,The Guide,2,4,0,28
2012,1,5,Jon Henley,1,39,1,57
2012,1,5,Katrina Dixon &amp; Steve Rose,1,1,0,8
2012,1,5,Charlotte Higgins,1,69,1,47
2012,1,5,Matthew Horton,1,45,2,12
2012,1,5,John Fordham &amp; John Robinson,1,3,0,8
2012,1,5,Michael Hogan,1,12,0,46
2012,1,5,Robert Clark &amp; Skye Sherwin,1,8,0,24
2012,1,5,Nick Gillett,1,1,0,41
2012,1,5,James Kettle,1,6,0,6
2012,1,5,Patric Baird,1,4,0,5
2012,1,5,John Mitchell,1,4,0,5
2012,1,5,Sam Richards,2,85,0,16
2012,1,5,Marc Rowlands,1,4,0,5
2012,1,5,Mark Cook,1,1,0,5
2012,1,5,Lyn Gardner &amp; Judith Mackrell,1,1,0,5
2012,1,5,Iain Aitch,1,6,0,6
2012,1,5,Colette Bernhardt &amp; Steve Rose,1,6,0,6
2012,1,5,Jackie Leishman,1,0,0,4
2012,1,5,Cathy Haynes,1,3,1,7
2012,1,5,Alain de Botton,1,5,1,23
2012,1,5,David Baker,1,12,0,6
2012,1,5,Ed Halliwell,1,177,1,59
2012,1,5,Jon Turney,1,4,0,3
2012,1,5,Mark Vernon,2,229,4,53
2012,1,5,Roman Krznaric,1,90,4,42
2012,1,5,Joe Berger &amp; Pascal Wyse,1,8,0,8
2012,1,5,Jessie,1,11,0,19
2012,1,5,Katy Murrells,2,458,6,146
2012,1,5,Trim Lamba,1,13,0,32
2012,1,5,Conal Urquhart,7,617,13,416
2012,1,5,Paul Harris New York,1,174,3,89
2012,1,5,Vanessa Thorpe,4,501,8,266
2012,1,5,Lucy Fulford,3,248,5,214
2012,1,5,Tom Lutz (morning,1,31,0,23
2012,1,5,afternoon session),1,31,0,23
2012,1,5,James Dart (evening session),1,31,0,23
2012,1,5,Jamie Jackson at Loftus Road,2,23,0,79
2012,1,5,Tom Jenkins at Anfield,1,49,0,36
2012,1,5,Leila Morris,1,12,0,23
2012,1,5,Paul Wilson at Anfield,1,255,0,58
2012,1,5,Jim van Wijk,1,10,0,25
2012,1,5,Richard Jolly at the Reebok Stadium,1,1,0,21
2012,1,5,Georgina Turner at Pride Park,2,1,0,20
2012,1,5,Ewan Murray at Hampden Park,2,3,0,18
2012,1,5,Paul Doyle at the King Power Stadium,1,6,0,13
2012,1,5,Joe Lovejoy at The Hawthorns,2,1,0,22
2012,1,5,Harry Polkey at the KC Stadium,1,3,0,13
2012,1,5,Andy Bull at Kelvin Hall,1,4,0,6
2012,1,5,Chris Cook at Cheltenham,2,4,0,9
2012,1,5,John Domokos,1,789,2,114
2012,1,5,James Dart,2,2,0,11
2012,1,5,Nial Briggs,1,0,0,10
2012,1,5,Arun Kundnani,1,109,1,43
2012,1,5,Uki Goni,1,762,8,220
2012,1,5,Mark Townsend,1,78,2,56
2012,1,5,Jamie Doward,4,321,11,286
2012,1,5,Paul Rees at Sandy Park,1,2,0,3
2012,1,5,David Hytner at the Falmer Stadium,1,23,0,24
2012,1,5,Viola Caon,1,1426,55,313
2012,1,5,Toby Helm,2,1038,8,477
2012,1,5,Tom Lutz,1,2,0,7
2012,1,5,Serge Pennings,1,4,0,49
2012,1,5,Nick Cowen,1,16,3,57
2012,1,5,Maggie Brown,1,132,5,81
2012,1,5,Daniel Boffey,2,634,8,351
2012,1,5,William Fotheringham,2,1,0,12
2012,1,5,Eddie Butler,2,13,0,9
2012,1,5,Michael Aylwin,1,0,0,3
2012,1,5,Giles Richards,1,12,0,7
2012,1,5,Kevin McCarra at Anfield,2,42,0,70
2012,1,5,Margaret Dibben,3,2,0,13
2012,1,5,arts,1,96,3,66
2012,1,5,David Hills,1,18,0,19
2012,1,5,Observer staff,4,189,1,153
2012,1,5,William Keegan,1,65,0,47
2012,1,5,Jo Jones,1,86,1,9
2012,1,5,Carole Cadwalladr,1,16,2,19
2012,1,5,Tim Adams,3,363,18,161
2012,1,5,Mariella Frostrup,3,140,0,58
2012,1,5,Kofi Annan,1,37,2,36
2012,1,5,Dr Gerry Mander,1,2,0,2
2012,1,5,Jonathan Fenby,1,85,1,12
2012,1,5,Kate Kellaway,3,52,0,15
2012,1,5,Nick Cohen,1,161,4,23
2012,1,5,Caroline Brothers,1,1624,31,288
2012,1,5,Adam Mars-Jones,1,7,1,8
2012,1,5,Phil Mongredien,1,3,0,2
2012,1,5,Candice Pires,1,12,0,6
2012,1,5,Nick Coleman,1,43,0,79
2012,1,5,Andrew Anthony,1,0,0,5
2012,1,5,Introduction by Jason Solomons <br/>The critics: Philip French,1,116,0,29
2012,1,5,Sally Hawkins,1,116,0,29
2012,1,5,Bidisha,1,116,0,29
2012,1,5,Peter Preston,3,13,0,35
2012,1,5,Miranda Sawyer,2,141,0,197
2012,1,5,Jay Rayner,1,14,1,26
2012,1,5,Tom Lamont,1,182,1,83
2012,1,5,Alex Clark,1,11,0,4
2012,1,5,Kitty Empire,3,58,1,14
2012,1,5,Philip French,10,1216,10,180
2012,1,5,Joanne O'Connor,1,2,0,3
2012,1,5,Dan Pearson,1,18,0,9
2012,1,5,Ian Birrell,1,9,1,12
2012,1,5,Chris Riddell,1,66,0,19
2012,1,5,Lauren Laverne,1,21,0,33
2012,1,5,Peter Stanford,1,21,0,13
2012,1,5,Lettie Ransley,1,4,0,5
2012,1,5,Ophelia Field,1,0,0,2
2012,1,5,William Leith,1,15,2,13
2012,1,5,Nigel Slater,2,57,1,24
2012,1,5,James Purdon,1,1,0,2
2012,1,5,Interview by Hermione Hoby,1,23,0,2
2012,1,5,Ally Carnwath,1,7,0,10
2012,1,5,Eva Wiseman,2,45,1,53
2012,1,5,Gay Dad,1,0,0,1
2012,1,5,Katharine Whitehorn,1,4,0,6
2012,1,5,David Williams,1,4,0,7
2012,1,5,Elizabeth Day,1,87,6,150
2012,1,5,Mark Kermode,1,0,0,2
2012,1,5,Viv Groskop,1,11,0,12
2012,1,5,Ian Tucker,1,111,1,43
2012,1,5,Nicholas Kenyon,1,12,0,3
2012,1,5,Neil Spencer,1,4,0,3
2012,1,5,Julie Burchill,1,375,0,67
2012,1,5,Stephen Pritchard,1,2,0,1
2012,1,5,Dave Gelly,1,2,0,1
2012,1,5,Rob Gallagher,1,0,0,10
2012,1,5,Clare Brennan,1,3,0,1
2012,1,5,Hermione Hoby,1,45,0,13
2012,1,5,Luke Jennings,1,11,0,8
2012,1,5,Rowan Moore,1,43,2,42
2012,1,5,Will Freeman,1,5,0,28
2012,1,5,Laura Cumming,1,32,0,19
2012,1,5,John Naughton,1,196,13,139
2012,1,5,Interview by Annabel Langley,1,13,0,8
2012,1,5,Victoria Coren,1,718,4,90
2012,1,5,Barbara Ellen,1,155,0,36
2012,1,5,Robin McKie,1,1122,26,243
2012,1,5,Susannah Clapp,1,11,0,4
2012,1,5,Fiona Maddocks,2,3,0,21
2012,1,5,Kevin McKenna,1,6,0,24
2012,1,5,Catherine Bennett,1,3,0,9
2012,1,5,Gethin Chamberlain,1,63,0,46
2012,1,5,Tracy McVeigh,1,112,3,58
2012,1,5,Andrew Rawnsley,1,227,3,138
2012,1,5,Eowyn Ivey,1,20,1,54
2012,1,5,Richard Rogers,1,24,0,16
2012,1,5,ChristopherW:,1,0,0,14
2012,1,5,Wendy Berliner,1,1,0,8
2012,1,5,Andrew Saint,1,1,0,5
2012,1,5,Michael Pennington,1,3,0,4
2012,1,5,Bill Gaskill,1,0,0,2
2012,1,5,David Parry,1,3,0,5
2012,1,5,Vidhya Alakeson,1,2,0,47
2012,1,5,Ian Paulsen,1,3,3,18
2012,1,5,Kristin Aune,1,145,0,55
2012,1,5,HighKick,1,1,0,13
2012,1,5,Mark Bennister,1,4,0,28
2012,1,5,Constanze Letsch,1,185,1,65
2012,1,5,Louise Taylor at the Stadium of Light,1,1,0,14
2012,1,5,Abdel-Rahman Hussein,1,56,0,41
2012,1,5,Donald Sassoon,1,18,2,12
2012,1,5,Veronica Horwell,1,125,1,69
2012,1,5,Lima,1,23,1,22
2012,1,5,Amy Lawrence at Emirates Stadium,2,25,0,92
2012,1,5,Greg Wood at Leopardstown,1,1,0,8
2012,1,5,Marian,1,1,1,26
2012,1,5,Brian Grimes,1,1,1,26
2012,1,5,Dreda Say Mitchell,1,74,2,83
2012,1,5,Mike Averis at Vicarage Road,1,2,0,3
2012,1,5,Chris Elliott,1,6,1,68
2012,1,5,Mehdi Hasan,1,90,2,112
2012,1,5,Nick Davies,1,404,8,663
2012,1,5,John Moraitis,1,202,8,124
2012,1,5,Ben Masters,1,3629,16,611
2012,1,5,Tony Greenbank,1,0,0,41
2012,1,5,Pamela Stephenson Connolly,1,121,1,32
2012,1,5,Clare Considine,1,0,0,11
2012,1,5,Luisa Dillner,1,43,0,21
2012,1,5,Jeananne Craig,1,32,0,10
2012,1,5,Stuart Jeffries,1,219,3,85
2012,1,5,Natascha Engel,1,63,0,21
2012,1,5,Jeremy Plester,1,0,0,7
2012,1,5,Alan Pickup,1,61,3,22
2012,1,5,Dominic Fifield at Loftus Road,2,10,0,50
2012,1,5,David Hytner at Amex Stadium,1,4,0,4
2012,1,5,Richard Rae at KC Stadium,1,1,0,3
2012,1,5,Richard Jolly at Reebok Stadium,1,2,0,9
2012,1,5,Georgina Turner,1,0,0,9
2012,1,5,David Pleat,1,38,0,35
