year,month,week,name,articles,facebook,googleplus,twitter
2012,1,4,Steve Feekins,1,7,0,12
2012,1,4,Jill Treanor,14,894,17,527
2012,1,4,Ghaith Abdul-Ahad,1,737,15,198
2012,1,4,Martin Chulov,2,93,1,52
2012,1,4,Kevin Mitchell,11,371,5,180
2012,1,4,Alok Jha,1,60,3,28
2012,1,4,Leo Hickman,3,819,8,314
2012,1,4,Katie Allen,1,3,0,35
2012,1,4,Ed Pilkington,2,379,9,51
2012,1,4,Associated Press,40,1918,37,1000
2012,1,4,Ben Quinn,8,494,6,345
2012,1,4,James Riach,1,16,1,13
2012,1,4,Stuart James at the Liberty Stadium,1,148,3,83
2012,1,4,Jeevan Vasagar,7,1290,8,660
2012,1,4,Steve Busfield,3,88,1,36
2012,1,4,Agencies,6,91,1,130
2012,1,4,Kevin Mitchell at Melbourne Park,15,164,1,101
2012,1,4,Ewen MacAskill,15,1130,23,488
2012,1,4,South Carolina,14,1210,21,509
2012,1,4,Hadley Freeman,4,1434,12,350
2012,1,4,Joshua Alston,2,182,2,178
2012,1,4,David Shariatmadari,8,855,7,298
2012,1,4,Fiona Sheil,1,4,0,14
2012,1,4,Gemma Brown,1,4,0,14
2012,1,4,Dean Burnett,2,2070,20,556
2012,1,4,<strong><a href="http://www.carbonbrief.org/">Carbon Brief</a></strong>,1,50,3,96
2012,1,4,Duncan Clark,3,781,36,632
2012,1,4,Jonathan Glennie,1,43,1,58
2012,1,4,Keith Stuart,12,61,10,642
2012,1,4,Sarah Hartley,1,18,1,59
2012,1,4,John Appleby,1,0,0,19
2012,1,4,Pollyanna Perkins,1,10,0,19
2012,1,4,Press Association,138,3116,31,2902
2012,1,4,Tania Branigan,7,1209,19,597
2012,1,4,Roy Greenslade,26,388,13,1027
2012,1,4,Joris Luyendijk,2,81,4,106
2012,1,4,Rory Ridley-Duff,1,59,0,32
2012,1,4,Maxwell Boykoff,1,43,0,57
2012,1,4,Peter Bradshaw,8,171,1,155
2012,1,4,Reuters,49,2770,60,2031
2012,1,4,Peter Kemp,1,18,3,83
2012,1,4,Declan Gaffney,1,67,2,63
2012,1,4,Arts Industry magazine,1,9,0,19
2012,1,4,Dea Birkett,1,9,0,19
2012,1,4,Tom Cox,2,323,2,147
2012,1,4,Gregg Roughley,1,31,0,43
2012,1,4,Ian McCourt,2,31,0,52
2012,1,4,Hannah Cockroft,1,9,0,9
2012,1,4,Josh Halliday,16,1335,29,1187
2012,1,4,Charles Arthur,8,117,22,655
2012,1,4,Guy Clifton,1,2,0,13
2012,1,4,David Cox,1,39,1,31
2012,1,4,David Lawrenson,1,7,0,18
2012,1,4,Jessica Reed,1,81,3,59
2012,1,4,John Domokos,3,365,4,172
2012,1,4,Alice Salfield,1,81,3,59
2012,1,4,Alan Sykes,2,48,2,67
2012,1,4,elie8899,1,1,0,11
2012,1,4,Jane Perrone,3,50,0,63
2012,1,4,Evan Fanning,3,44,0,56
2012,1,4,GrrlScientist,22,948,62,554
2012,1,4,Dick Vinegar,1,1,1,23
2012,1,4,John Hooper,7,1304,28,380
2012,1,4,Tom Kington,19,3174,61,853
2012,1,4,James Meikle,8,430,8,317
2012,1,4,agencies,36,2527,34,1324
2012,1,4,Nick Fletcher,27,124,5,398
2012,1,4,Susan Martin,1,1,0,3
2012,1,4,Jessica Martin,1,3,1,10
2012,1,4,Stuart Dredge,9,95,7,778
2012,1,4,Mark Sweney,18,1529,36,1072
2012,1,4,Andrew Spooner,1,721,3,114
2012,1,4,Sandra Laville,3,120,0,156
2012,1,4,Kate Hodge,9,19,0,105
2012,1,4,William Annandale,1,1,0,16
2012,1,4,Bella Mackie,4,0,0,4
2012,1,4,Dyna Rochmyaningsih for <a href="http://www.scidev.net/">SciDev.net</a>,1,48,1,68
2012,1,4,part of the <a href="http://www.guardian.co.uk/environment/network">Guardian Environment Network</a>,2,76,1,106
2012,1,4,Vicky Frost,3,2123,12,171
2012,1,4,Paolo Bandini,7,177,0,124
2012,1,4,Anju George,1,54,2,10
2012,1,4,Dave Young,1,112,0,9
2012,1,4,Anna da Costa,1,179,5,210
2012,1,4,Michael Cox,1,17,0,35
2012,1,4,Catherine Ramos,1,192,0,43
2012,1,4,Chris Cook,4,3,0,22
2012,1,4,Tony Paley,5,3,0,25
2012,1,4,Greg Wood,11,23,0,81
2012,1,4,Carol Rumens,1,16,0,14
2012,1,4,Owen Bowcott,12,710,8,610
2012,1,4,Alan Connor,1,4,0,10
2012,1,4,Ben Child,12,3629,31,1124
2012,1,4,Saeed Shah,2,126,1,42
2012,1,4,Henry McDonald,15,465,9,301
2012,1,4,Irel,10,402,7,218
2012,1,4,Jessica Shankleman for <a href="http://www.businessgreen.com">BusinessGreen</a>,1,10,0,53
2012,1,4,part of the <a href="http://www.guardian.co.uk/environment/network" title="Guardian Environment Network">Guardian Environment Network</a>,3,47,0,136
2012,1,4,Hannah Freeman,2,103,1,44
2012,1,4,Lindesay Irvine,1,559,2,83
2012,1,4,Jim Powell,1,559,2,83
2012,1,4,Chris Harding,1,36,0,28
2012,1,4,Dave Hill,7,47,2,180
2012,1,4,Arun Marsh,2,1,0,30
2012,1,4,Helen Barrett,2,66,36,124
2012,1,4,Khalid Abdalla,1,255,2,55
2012,1,4,Jess Cartner-Morley,6,365,4,185
2012,1,4,Jason Deans,4,163,7,386
2012,1,4,Helen Seamons,5,131,0,85
2012,1,4,George Mikes,1,2,0,6
2012,1,4,Michael Cragg,6,130,0,87
2012,1,4,Steven Morris,13,561,6,426
2012,1,4,Polly Curtis,4,267,16,259
2012,1,4,Janice Gwilliam,1,3,0,26
2012,1,4,The people's panel,2,74,0,106
2012,1,4,Tara Conlan,4,35,1,99
2012,1,4,Catherine Shoard,3,101,1,53
2012,1,4,Xan Brooks,10,572,1,231
2012,1,4,Andrew Pulver,6,214,2,118
2012,1,4,Henry Barnes,9,584,6,260
2012,1,4,Julia Eccleshare,1,6,0,9
2012,1,4,Mike Taylor,1,2195,136,821
2012,1,4,Clare Horton,5,34,1,17
2012,1,4,Dalya Alberge,1,96,3,166
2012,1,4,Martin Wainwright,9,62,6,241
2012,1,4,Sam Jones,3,186,1,72
2012,1,4,Clare Gallaway,1,3,0,10
2012,1,4,Michael White,7,110,1,90
2012,1,4,Hilary Osborne,4,428,7,265
2012,1,4,Allan Jenkins,3,219,2,82
2012,1,4,Sade Laja,8,28,1,99
2012,1,4,Matt Trueman,6,228,1,198
2012,1,4,Jessica Shepherd,8,2814,14,752
2012,1,4,Adam Raphael,1,42,0,13
2012,1,4,Maev Kennedy,7,1226,21,487
2012,1,4,Patrick Wintour,12,5375,37,2154
2012,1,4,Lijia Zhang,1,339,5,112
2012,1,4,Imogen Fox,4,132,0,91
2012,1,4,Mark Tran,4,237,4,151
2012,1,4,Zoe Wood,4,422,2,194
2012,1,4,Sid Lowe,2,255,1,57
2012,1,4,Rupert Neate,6,307,7,158
2012,1,4,Gill Hitchcock,4,4,0,44
2012,1,4,Martin Pick,1,3,0,8
2012,1,4,James Walsh,1,1,0,9
2012,1,4,Julie Bertagna,1,152,5,240
2012,1,4,Ami Sedghi,1,468,1,65
2012,1,4,Paddy Allen,4,864,5,167
2012,1,4,Jeremy Kay,1,2,0,11
2012,1,4,Trewin Restorick for the <a href="http://www.guardian.co.uk/guardian-professional" title="Guardian Professional Network">Guardian Professional Network</a>,1,10,2,28
2012,1,4,John Plunkett,15,269,16,515
2012,1,4,Anna Chesters,1,1,0,17
2012,1,4,Les Roopanarine,1,89,0,27
2012,1,4,Severin Carrell,9,385,7,318
2012,1,4,Scotl,9,385,7,318
2012,1,4,Andy Wilson,15,98,6,99
2012,1,4,Public Leaders,3,6,0,25
2012,1,4,Vic Marks,2,5,1,9
2012,1,4,Dan Sabbagh,8,198,11,392
2012,1,4,Corrections,6,5,0,10
2012,1,4,Mike Selvey,2,18,0,12
2012,1,4,Jeff Jarvis for <a href="http://www.buzzmachine.com/">BuzzMachine</a>,1,150,9,325
2012,1,4,part of the <a href="http://www.guardian.co.uk/commentisfree/series/guardian-comment-network">Guardian Comment Network</a>,1,150,9,325
2012,1,4,Julia Kollewe,6,185,1,224
2012,1,4,Jonathan Watts,5,1018,14,476
2012,1,4,Jo Adetunji,2,9,0,28
2012,1,4,Jonathan Jones,7,594,6,268
2012,1,4,Graham Snowdon,2,24,3,79
2012,1,4,Lisa O'Carroll,11,226,6,618
2012,1,4,Sarah Dempster,1,0,0,6
2012,1,4,Richard Murphy for <a href="http://www.taxresearch.org.uk/Blog/" title="">Tax Research UK</a>,1,11,1,20
2012,1,4,part of the <a href="http://www.guardian.co.uk/commentisfree/series/guardian-comment-network" title="">Guardian Comment Network</a>,1,11,1,20
2012,1,4,David Smith,5,285,7,139
2012,1,4,James Antle,2,17,0,42
2012,1,4,Presented by James Richardson,2,18,0,39
2012,1,4,produced by Ben Green,1,8,0,24
2012,1,4,Dorian Lynskey,2,3440,32,567
2012,1,4,Andy Westwood,1,7,0,24
2012,1,4,James Callow,2,21,1,31
2012,1,4,Ilaria Pasquinelli for the <a href="http://www.guardian.co.uk/guardian-professional" title="Guardian Professional Network">Guardian Professional Network</a>,1,142,0,64
2012,1,4,Ben Dowell,1,4,1,28
2012,1,4,Andrew Brown,1,61,0,14
2012,1,4,Barry Glendenning,6,48,1,100
2012,1,4,Damian Carrington,5,626,17,629
2012,1,4,Matthew Weaver,3,171,4,292
2012,1,4,Claudia Cahalane,2,31,0,31
2012,1,4,Brady Haran,1,59,1,44
2012,1,4,Andrew Sparrow,5,97,0,426
2012,1,4,Jo Caird,1,8,0,22
2012,1,4,Ewan Murray,5,82,0,77
2012,1,4,Pete Buckingham,1,14,0,10
2012,1,4,Sean O'Hagan,6,608,4,260
2012,1,4,Kelly Rigg,1,138,2,108
2012,1,4,Marc Abrahams,1,41,3,36
2012,1,4,Paul Lester,5,216,0,172
2012,1,4,Caroline Roberts,1,107,1,105
2012,1,4,Phillip Inman,10,407,3,269
2012,1,4,Kevin Powell,1,122,1,82
2012,1,4,Tim Ashley,4,7,0,35
2012,1,4,Owen Gibson,14,72,1,308
2012,1,4,guardian.co.uk/music,1,163,1,44
2012,1,4,Kaye Whiteman,1,3,0,5
2012,1,4,Dominic Rushe,13,5472,161,2761
2012,1,4,Alex Needham,8,1425,7,433
2012,1,4,Lucy Tobin,1,25,0,48
2012,1,4,Kate Hodges,1,25,0,11
2012,1,4,Julia Langdon,1,2,0,11
2012,1,4,Robert Kitson,7,31,1,48
2012,1,4,Valerie Hannah,1,35,0,47
2012,1,4,Graeme Wearden,3,78,3,227
2012,1,4,Ian Black,2,597,3,151
2012,1,4,Margaret Busby,1,41,0,17
2012,1,4,Nils Pratley,6,8,0,49
2012,1,4,Liz Bird,1,24,0,56
2012,1,4,Cristian Cercel,1,860,2,28
2012,1,4,Michael Billington,7,122,2,111
2012,1,4,Lyn Gardner,5,75,0,88
2012,1,4,Alfred Hickling,3,19,0,23
2012,1,4,Alex Macpherson,2,335,5,93
2012,1,4,Sarah Hughes,2,298,0,50
2012,1,4,David Conn,6,451,1,261
2012,1,4,Amy Fleming,2,46,0,42
2012,1,4,Richard Norton-Taylor,5,103,2,84
2012,1,4,World Business Council for Sustainable Development,1,3,0,16
2012,1,4,Alexander Lebedev,1,165,2,65
2012,1,4,Giles Tremlett,4,362,14,116
2012,1,4,Ros Asquith,1,12,0,74
2012,1,4,Dominic Fifield,7,361,0,347
2012,1,4,Caroline Davies,4,219,7,205
2012,1,4,Alexis Petridis,3,421,0,184
2012,1,4,Martha Lane Fox,1,38,1,77
2012,1,4,David Walliams,1,40,2,56
2012,1,4,Adrian Searle,1,216,1,131
2012,1,4,Simon Bowers,7,228,6,109
2012,1,4,Paul Rees,10,26,3,47
2012,1,4,Patrick Kingsley,5,935,16,510
2012,1,4,Rebecca Ratcliffe,1,57,0,101
2012,1,4,Juliette Garside,4,120,5,392
2012,1,4,Mike Baker,1,12,0,68
2012,1,4,John Burnside,3,101,1,80
2012,1,4,Nicholas Watt,10,923,10,677
2012,1,4,Patrick Butler,5,763,4,877
2012,1,4,Randeep Ramesh,7,997,18,746
2012,1,4,Janet Murray,1,16,0,35
2012,1,4,Jason Burke,7,1000,32,574
2012,1,4,Sarah Boseley,3,319,6,253
2012,1,4,David Hytner,5,901,3,364
2012,1,4,Stephanie Northen,1,82,1,132
2012,1,4,Aditya Chakrabortty,1,142,3,66
2012,1,4,Dan Milmo,9,673,7,461
2012,1,4,Phil Daoust,1,54,1,15
2012,1,4,Marcus Christenson,1,25,0,26
2012,1,4,Press Assocation,1,2,0,14
2012,1,4,George Monbiot,1,462,3,211
2012,1,4,Julian Stockwin,1,18,0,36
2012,1,4,Bidisha,1,27,1,15
2012,1,4,Michele Hanson,2,432,1,57
2012,1,4,Claire Stares,1,2,0,34
2012,1,4,Len McCluskey,1,201,1,149
2012,1,4,Andy Hunter,8,379,0,292
2012,1,4,John Ross,1,12,1,35
2012,1,4,Mehdi Hasan,1,3087,54,601
2012,1,4,Anita Chaudhuri,1,78,0,106
2012,1,4,Steve Bell,5,218,2,147
2012,1,4,Interviews by Melissa Denes,1,56,0,23
2012,1,4,Rajeev Syal,11,393,6,529
2012,1,4,Polly Toynbee,2,864,6,474
2012,1,4,Editorial,20,809,19,553
2012,1,4,Gwilym Mumford,2,0,0,21
2012,1,4,Ben Arnold,1,0,0,10
2012,1,4,Richard Vine,3,2,0,20
2012,1,4,Jonathan Wright,3,2,0,27
2012,1,4,Tanya Gold,1,148,1,84
2012,1,4,Simon Burnton,4,89,2,192
2012,1,4,Simon Hoggart,5,49,1,92
2012,1,4,Hugh Muir,5,11,1,86
2012,1,4,Andy Hunter at the DW Stadium,2,41,1,62
2012,1,4,Matt Wells,5,232,4,402
2012,1,4,Donald McRae,1,34,0,33
2012,1,4,Richard Williams,5,1358,12,312
2012,1,4,Sam Wollaston,5,176,0,77
2012,1,4,Alexandra Topping,7,820,9,400
2012,1,4,Daniel Taylor at the DW Stadium,1,3,0,33
2012,1,4,<strong>Alan Travis,1,181,6,164
2012,1,4,Richard Adams,8,447,3,473
2012,1,4,Ewen MacAskill Myrtle Beach,1,35,0,49
2012,1,4,Nick Hopkins,7,346,3,168
2012,1,4,Isabel Choat,3,37,0,96
2012,1,4,Angus McCabe,1,41,0,33
2012,1,4,Susie Steiner,2,68,0,53
2012,1,4,<a href="http://www.artscampaign.org.uk/" title="">The National Campaign for the Arts</a>,1,6,0,33
2012,1,4,Sam West,1,6,0,33
2012,1,4,Peter Beresford,1,19,0,22
2012,1,4,Sue Slipman,1,4,0,13
2012,1,4,Lela Kogbara,1,21,0,23
2012,1,4,Tim Bale,1,6,1,23
2012,1,4,Jo Jones,1,0,0,20
2012,1,4,Jeremy Kuper,1,12,0,12
2012,1,4,Stephen Dunn,1,5,0,20
2012,1,4,Monkey,12,166,1,305
2012,1,4,Mikey Matthews,1,15,1,11
2012,1,4,Elke Loeffler,1,3,0,16
2012,1,4,Staff,23,1654,15,593
2012,1,4,Luke Braidwood,1,203,1,111
2012,1,4,Paul Owen,5,964,1,717
2012,1,4,Heather Stewart,11,417,3,378
2012,1,4,Hari,1,33,0,52
2012,1,4,Jake,1,33,0,52
2012,1,4,Lizzie Enfield,1,57,0,43
2012,1,4,Jonathan Wilson,2,278,4,116
2012,1,4,Gines Haro Pastor,4,1,0,38
2012,1,4,Andy Bull,1,157,1,6
2012,1,4,Jan Goodey,1,10,0,15
2012,1,4,Jill Robinson,1,22,0,10
2012,1,4,David Freud,1,27,0,32
2012,1,4,Sean Michaels,7,1189,5,225
2012,1,4,Rick Gekoski,1,518,7,133
2012,1,4,Joshua Rozenberg,1,8,0,15
2012,1,4,Jason Rodrigues,1,166,0,6
2012,1,4,Philip Ball,1,34,1,16
2012,1,4,Smilez,1,1,0,4
2012,1,4,Phil Hoad,1,10,2,23
2012,1,4,Paul Nettleton,1,0,0,7
2012,1,4,Richard Sprenger,2,232,1,59
2012,1,4,Ashfaq Yusufzai for <a href="http://www.ipsnews.net/environment.asp">IPS</a>,1,28,0,38
2012,1,4,Alan Travis,9,731,2,317
2012,1,4,Julia Raeside,4,30,0,47
2012,1,4,Justine Jordan,1,7,1,24
2012,1,4,contributors,2,284,1,113
2012,1,4,Simon Chilvers,3,32,0,44
2012,1,4,Andy Schwartz via <a href="http://www.rocksbackpages.com/" title="">Rock's Backpages</a>,1,85,1,23
2012,1,4,Jo Best,4,3,0,14
2012,1,4,Will Nichols for <a href="http://www.businessgreen.com">BusinessGreen</a>,1,10,0,27
2012,1,4,Mark Vernon,1,61,3,14
2012,1,4,Benji Lanyado,1,86,2,93
2012,1,4,Guardian Government Computing,4,34,4,75
2012,1,4,Alex Slater,1,35,0,9
2012,1,4,Nicholas Lezard,1,12,0,37
2012,1,4,Jaz Cummins,1,28,0,13
2012,1,4,Claire Provost,1,28,0,13
2012,1,4,Kate McCann,4,6,0,32
2012,1,4,Tim Hayward,3,166,2,136
2012,1,4,Tim Jonze,4,507,4,103
2012,1,4,Sarah McSherry,1,26,0,21
2012,1,4,Katherine Craig,1,26,0,21
2012,1,4,Eric Metcalfe,1,15,0,15
2012,1,4,Simon Rogers,3,79,7,148
2012,1,4,Anne Devailly,1,10,4,41
2012,1,4,Barney Ronay,3,10,0,30
2012,1,4,Lizzy Davies,5,1036,16,401
2012,1,4,Ana Marie Cox,5,144,5,133
2012,1,4,Eric Bourne,1,5,0,14
2012,1,4,Barbara Hilton,1,5,0,14
2012,1,4,Andy Bull (morning,2,36,0,49
2012,1,4,evening sessions),2,36,0,49
2012,1,4,Rob Smyth (afternoon session),2,36,0,49
2012,1,4,Ally Fogg,1,594,1,275
2012,1,4,Tom Kington on Giglio,1,26,0,18
2012,1,4,Italy,1,26,0,18
2012,1,4,,1,26,0,18
2012,1,4,Steven Bloor,2,388,4,66
2012,1,4,Jonny Weeks,2,376,3,77
2012,1,4,Richard Steele,1,4,0,15
2012,1,4,Millan Sachania,1,4,0,15
2012,1,4,Bim Adewunmi,2,657,8,164
2012,1,4,Vic Marks at the Dubai International Cricket Stadium,3,26,1,19
2012,1,4,Christophe Châtelot,1,5,0,6
2012,1,4,Ryan Jones,1,63,0,10
2012,1,4,Ruth Ingram,1,7,0,16
2012,1,4,Marie-Aude Roux,1,4,0,5
2012,1,4,Presented by Aditya Chakrabortty,1,5,0,14
2012,1,4,produced by Phil Maynard,2,13,0,32
2012,1,4,Thea Lim,1,358,4,110
2012,1,4,Paul Mendelle,1,11,0,13
2012,1,4,Greg Barker,1,33,2,128
2012,1,4,Liz Ford,1,15,0,6
2012,1,4,Michael Mansfield,1,13,1,13
2012,1,4,Peter Walker,5,652,6,228
2012,1,4,Vicky Browning,1,16,0,39
2012,1,4,Mike Selvey at the Dubai International Cricket Stadium,3,149,2,41
2012,1,4,David Pugh,1,1,0,10
2012,1,4,Kevin McCarra,3,29,0,77
2012,1,4,Oliver Laughland,1,29,0,24
2012,1,4,Richard Nelsson,1,3,1,13
2012,1,4,Ananyo Bhattacharya,1,495,35,426
2012,1,4,Abby Deveney,1,1,0,1
2012,1,4,Mary O'Hara,1,77,0,35
2012,1,4,Doug Bannerman,1,65,2,45
2012,1,4,David Roberts for the <a href="http://www.guardian.co.uk/guardian-professional" title="Guardian Professional Network">Guardian Professional Network</a>,1,65,2,45
2012,1,4,AP,2,50,0,5
2012,1,4,Open thread,1,34,1,18
2012,1,4,Adam Gabbatt,2,412,8,54
2012,1,4,Michael Semple,1,136,1,17
2012,1,4,Jack Lang for <a href="http://snapkakapop.blogspot.com/" title="">Snap,1,25,0,34
2012,1,4,Kaká,1,25,0,34
2012,1,4,Pop!</a>,1,25,0,34
2012,1,4,part of the Guardian Sport Network,2,43,0,58
2012,1,4,Guardian music,2,227,3,73
2012,1,4,Kate Hodal,1,399,5,56
2012,1,4,Sam Jordison,2,18,0,28
2012,1,4,Kati Whitaker,1,129,1,60
2012,1,4,Rob Evans,2,4411,60,1009
2012,1,4,Stephen Bates,3,108,4,93
2012,1,4,Stephen Curry,1,14,1,20
2012,1,4,Maggie Brown,2,44,4,48
2012,1,4,Richard Orange,1,47,0,80
2012,1,4,Jim Falzarano,1,0,0,4
2012,1,4,Paul Doyle,4,85,1,78
2012,1,4,Charles Gant,1,11,0,13
2012,1,4,Eve Ensler,1,55,0,9
2012,1,4,Louise Taylor,3,72,1,93
2012,1,4,Helen Carter,6,456,6,287
2012,1,4,Mark King,6,96,20,236
2012,1,4,Michael Chessum,1,111,0,39
2012,1,4,Robert Booth,4,910,15,264
2012,1,4,Michael Ezra,1,72,1,20
2012,1,4,Leon Kaye for the <a href="http://www.guardian.co.uk/guardian-professional" title="Guardian Professional Network">Guardian Professional Network</a>,1,122,1,59
2012,1,4,Henry K Miller,1,258,4,149
2012,1,4,Erwin James,1,36,1,49
2012,1,4,Declan McSweeney,2,28,1,42
2012,1,4,Sarah Crown,2,757,4,87
2012,1,4,Yudit Kiss,1,243,1,15
2012,1,4,Tim Dowling,4,367,7,162
2012,1,4,Danny Quah,1,18,2,21
2012,1,4,Liza Ramrayka,1,33,0,40
2012,1,4,Mark Johnson,1,211,1,55
2012,1,4,Catherine Love,1,67,1,38
2012,1,4,Christine Ockrent,1,26,1,11
2012,1,4,Rebecca Smithers,2,181,19,171
2012,1,4,Vikram Dodd,2,51,0,11
2012,1,4,Karen McVeigh,2,307,9,142
2012,1,4,Wendy Fonarow,1,133,0,39
2012,1,4,Naomi Alderman,1,4,1,62
2012,1,4,Diane Roberts,1,896,11,50
2012,1,4,David Brindle,2,77,0,59
2012,1,4,Jack Shenker,3,279,4,160
2012,1,4,John Burn-Murdoch,2,56,5,159
2012,1,4,Michael Eaude,1,34,0,30
2012,1,4,Ian Gittins,1,6,0,13
2012,1,4,Jonathan Steele,1,2349,9,326
2012,1,4,George Hall,2,2,0,17
2012,1,4,Constanze Letsch,1,90,0,8
2012,1,4,Lionel Salter,1,288,1,27
2012,1,4,Tricia Rose,1,944,11,127
2012,1,4,Judith Mackrell,2,130,0,93
2012,1,4,agency,2,62,0,66
2012,1,4,Gwyn Topham,5,230,4,233
2012,1,4,Dave Simpson,4,18,0,37
2012,1,4,John Fordham,3,2,0,28
2012,1,4,Will Hayler at Cholmondeley,2,0,0,10
2012,1,4,Jon Henley,2,211,9,122
2012,1,4,Jane Martinson,2,28,0,58
2012,1,4,As seen by Catherine Bennett,1,7,0,7
2012,1,4,Andrew Mueller,3,2,0,27
2012,1,4,Phelim O'Neill,5,28,1,55
2012,1,4,Charlie Porter,1,13,0,26
2012,1,4,Tom Phillips,4,956,14,312
2012,1,4,Will Hayler,10,3,0,52
2012,1,4,David Leigh,3,37,4,121
2012,1,4,Simon Jenkins,3,89,0,121
2012,1,4,Helena Smith,4,529,10,219
2012,1,4,Helen Pidd,1,7,0,7
2012,1,4,Paul Evans,1,14,1,38
2012,1,4,Sara Ilyas,1,0,0,19
2012,1,4,Alan Johnson,1,37,0,42
2012,1,4,Allegra Stratton,3,399,5,487
2012,1,4,Dan Gillmor,2,2007,105,656
2012,1,4,Maddy Costa,2,193,1,51
2012,1,4,Seumas Milne,1,142,2,83
2012,1,4,Tamara Winfrey Harris,1,61,2,27
2012,1,4,Zoe Williams,5,1323,8,603
2012,1,4,Daniel Taylor,7,1754,5,1223
2012,1,4,Interview by Laura Barnett,2,15,0,29
2012,1,4,Rich Flower,1,102,0,42
2012,1,4,Rob Bagchi,6,103,3,259
2012,1,4,Matt Williams,7,4681,62,1694
2012,1,4,Tim Rich at the Reebok Stadium,1,0,0,8
2012,1,4,Paul Doyle at Loftus Road,1,0,0,12
2012,1,4,Harry Venning,1,6,0,3
2012,1,4,John Williams,1,12,0,6
2012,1,4,Harriet Sherwood,5,3687,28,1115
2012,1,4,Rob Smyth,2,41,0,40
2012,1,4,Simon Tisdall,2,731,11,212
2012,1,4,David Batty,4,635,8,266
2012,1,4,Efua Baker,5,17,0,35
2012,1,4,Larry Elliott,5,960,9,485
2012,1,4,Kelly Bowerbank,1,46,1,32
2012,1,4,Ken Macfarlane,1,46,1,32
2012,1,4,Virginia Wallis,2,3,0,34
2012,1,4,Presented by Aleks Krotoski,1,2,2,84
2012,1,4,produced by Scott Cawley,2,11,2,104
2012,1,4,Colin Cram,1,1,0,4
2012,1,4,Jon Butterworth,1,48,10,49
2012,1,4,Andrew Cole,2,23,0,36
2012,1,4,Louise Hunt,1,253,3,71
2012,1,4,Eve Richardson,1,42,0,27
2012,1,4,Ian Wylie,1,17,0,28
2012,1,4,Janet Snell,1,34,0,22
2012,1,4,Leanne Judson,1,20,0,21
2012,1,4,Patrick Vernon,1,19,1,45
2012,1,4,BT MyDonate,2,0,0,7
2012,1,4,Colin Horgan,1,5,0,3
2012,1,4,Will Self,2,206,5,103
2012,1,4,Brynmor Adams,1,2,0,21
2012,1,4,Richard Lea,2,90,1,59
2012,1,4,Esther Walker,1,5,2,25
2012,1,4,Mike Harris,1,562,5,62
2012,1,4,Terry Macalister,5,346,11,266
2012,1,4,Andrew Stevens,1,2,0,13
2012,1,4,Debbie Andalo,1,17,0,11
2012,1,4,Tom Beardshaw,1,20,4,47
2012,1,4,Madster,1,0,0,13
2012,1,4,Hugh Fearnley-Whittingstall,9,274,5,116
2012,1,4,Jenny McBain,1,64,1,70
2012,1,4,Jane Dudman,2,1,0,16
2012,1,4,Liam Kelly,4,7,0,106
2012,1,4,Eamonn McCann,1,173,0,5
2012,1,4,Louise Silverton,1,4,0,10
2012,1,4,Matthew Caines,2,29,0,68
2012,1,4,Mychal Denzel Smith,1,303,0,68
2012,1,4,Ollie Flitcroft,1,328,3,103
2012,1,4,Simon Murphy,6,880,7,479
2012,1,4,Richard Jones,1,10,0,36
2012,1,4,Michael Solomon,1,27,1,7
2012,1,4,Jon Dennis,3,33,0,35
2012,1,4,Kate Gould,1,7,2,24
2012,1,4,Lewis Smith,1,214,1,160
2012,1,4,Jamie Jackson,12,226,1,231
2012,1,4,Joan McAlpine,1,47,0,17
2012,1,4,Emma Lundin,1,69,2,32
2012,1,4,Imogen Russell Williams,1,9,0,29
2012,1,4,Ian Stewart,1,159,26,92
2012,1,4,Paula Cocozza,1,5,0,13
2012,1,4,Jessica Fuhl,3,6,0,15
2012,1,4,Andy Bull (morning session),1,17,0,32
2012,1,4,Rob Smyth (afternoon,1,17,0,32
2012,1,4,evening session),1,17,0,32
2012,1,4,Monica Mark,4,308,7,184
2012,1,4,Steve Waters,1,26,0,16
2012,1,4,David Mills,1,10,0,13
2012,1,4,Jill Insley,3,34,0,84
2012,1,4,Elif Shafak,1,239,5,71
2012,1,4,Julian Borger,3,189,3,113
2012,1,4,Angela Hartnett,1,25,0,19
2012,1,4,Juliette Jowit,5,580,17,738
2012,1,4,Paul Wilson,4,92,1,203
2012,1,4,Ian Cobain,2,103,2,77
2012,1,4,Eliza Anyangwe,1,5,0,41
2012,1,4,Dugald Baird,2,46,0,83
2012,1,4,John Elkington for the <a href="http://www.guardian.co.uk/guardian-professional" title="Guardian Professional Network">Guardian Professional Network</a>,1,11,1,27
2012,1,4,Krazy Kesh,2,3,0,18
2012,1,4,Chris Bird,1,31,0,24
2012,1,4,Saeed Kamali Dehghan,2,1061,54,274
2012,1,4,Chris McGreal,8,2218,51,515
2012,1,4,Andrew Gumbel,2,59,0,27
2012,1,4,Duncan Campbell,2,68,0,29
2012,1,4,Stuart Heritage,4,400,2,158
2012,1,4,Michael Hann,3,38,1,44
2012,1,4,Bruce Hood,1,93,3,66
2012,1,4,The Not So Big Society,1,13,0,18
2012,1,4,Haroon Siddique,4,141,4,385
2012,1,4,Syma Mohammed,1,937,2,66
2012,1,4,Robert McCrum,2,26,1,41
2012,1,4,Alison Mackenzie,1,24,0,54
2012,1,4,By <a href="http://www.irinnews.org/" title="">IRIN</a>,2,31,0,63
2012,1,4,part of the <a href="http://www.guardian.co.uk/global-development/series/guardian-development-network" title="">Guardian development network</a>,3,101,0,114
2012,1,4,Brian Braiker,1,211,2,243
2012,1,4,James Ball,4,578,12,600
2012,1,4,John Vidal,3,1779,43,572
2012,1,4,Clay Shirky,1,2560,30,482
2012,1,4,Dean Baker,1,76,2,26
2012,1,4,guardian.co.uk,1,0,0,2
2012,1,4,Andy Wilson at the Dubai International Cricket Stadium,3,13,0,21
2012,1,4,Claire Armitstead,1,98,2,43
2012,1,4,Pete Foster for the <a href="http://www.guardian.co.uk/guardian-professional" title="Guardian Professional Network">Guardian Professional Network</a>,1,6,0,12
2012,1,4,Andy Beckett,1,14,1,27
2012,1,4,Frédéric Filloux,1,12,5,120
2012,1,4,Hugo Slim,1,46,1,42
2012,1,4,Angelique Chrisafis,4,243,8,192
2012,1,4,Paul Harris,5,408,6,133
2012,1,4,Will Hayler at Newbury,2,1,0,14
2012,1,4,Giulio Frigieri,1,24,1,43
2012,1,4,Fiona Harvey,4,1046,36,811
2012,1,4,Nosheen Iqbal,1,5,0,9
2012,1,4,Patrick Barkham,1,123,1,56
2012,1,4,Martin Innes,1,6,0,14
2012,1,4,Richard Wachman,5,249,1,269
2012,1,4,Ian Traynor,2,332,5,45
2012,1,4,Roberto Cintli Rodriguez,1,932,13,75
2012,1,4,Alan Rusbridger,1,2,2,20
2012,1,4,Ryan Devereaux,3,1539,26,517
2012,1,4,Mike Lofgren,1,91,0,27
2012,1,4,Mark Beaumont,1,9,0,8
2012,1,4,Brian Logan,2,1,0,19
2012,1,4,Fiona Walsh,1,35,0,57
2012,1,4,John Harris,2,177,1,121
2012,1,4,Jake Hanrahan,1,566,3,93
2012,1,4,As overheard by John Crace,1,9,0,3
2012,1,4,John Crace,4,248,3,129
2012,1,4,Suzanne Moore,1,293,4,153
2012,1,4,Jonathan Paige,1,85,0,48
2012,1,4,Denis Campbell,4,1082,12,847
2012,1,4,John Robinson,1,0,0,10
2012,1,4,Hannah Verdier,2,3,0,19
2012,1,4,Anna Minton,1,514,0,53
2012,1,4,Sarah Sackman,1,57,0,35
2012,1,4,Phil Gates,1,2,0,25
2012,1,4,Martin Kettle,3,87,0,51
2012,1,4,Jon Boone,2,368,6,124
2012,1,4,Nooruddin Bakhshi,1,259,5,109
2012,1,4,Suzanne Goldenberg,2,671,3,98
2012,1,4,Cameron Robertson,1,21,0,16
2012,1,4,Sadhbh Walshe,1,49,4,26
2012,1,4,Interview by Sarah Phillips,1,50,0,10
2012,1,4,Simon Hattenstone,3,151,3,82
2012,1,4,Timothy Garton Ash,1,201,3,66
2012,1,4,Owen Sheers,1,43,0,21
2012,1,4,Richard Rae at Molineux,1,0,0,14
2012,1,4,Paul Wilson at the Racecourse Ground,1,5,0,7
2012,1,4,Lucy Mangan,2,58,4,356
2012,1,4,Jacob Steinberg,5,222,2,252
2012,1,4,Marina Hyde,4,100,4,252
2012,1,4,Amy Goodman,1,2119,10,523
2012,1,4,Peter Carter,1,261,2,158
2012,1,4,Felicity Cloake,1,263,10,75
2012,1,4,Sid Lowe at Santiago Bernabéu,2,268,3,69
2012,1,4,Michel Gabaudan,1,112,0,60
2012,1,4,Tony Eardley,1,6,0,21
2012,1,4,<a href="http://www.creativeboom.co.uk/" title="">Creative Boom</a>,1,56,0,40
2012,1,4,Katy Cowan,1,56,0,40
2012,1,4,part of the <a href="http://www.guardian.co.uk/culture-professionals-network/culture-professionals-blog/2011/dec/15/twitter-rules-etiquette" title="">Guardian Culture Professionals Network</a>,1,56,0,40
2012,1,4,Tom Lutz,3,13,0,76
2012,1,4,Charlie Kindel,1,214,16,407
2012,1,4,Samantha Bail,1,30,2,73
2012,1,4,Miriam Elder,2,351,6,133
2012,1,4,Hunter Felt,1,3,0,6
2012,1,4,Mockingjay,2,1,0,24
2012,1,4,Blanche Vaughan,1,1,0,5
2012,1,4,Reema Patel,1,5,0,7
2012,1,4,Invisible Woman,1,30,0,21
2012,1,4,Mario Ambrosi,1,10,0,34
2012,1,4,Lee Che Liang,1,4,1,1
2012,1,4,Ken Hom,2,15,0,8
2012,1,4,Word of Mouth,1,34,0,17
2012,1,4,Matthew Wright,1,19,0,97
2012,1,4,Mary Beard,1,17,0,28
2012,1,4,Ray Jones,1,13,0,26
2012,1,4,Mark Say,1,3,1,14
2012,1,4,Annalisa Barbieri,2,2871,6,148
2012,1,4,Trevor Hercules,1,20,0,18
2012,1,4,Amelia Hill,6,227,11,343
2012,1,4,Ben Kape,1,111,0,16
2012,1,4,Andy Gallagher,3,142,0,43
2012,1,4,Sue Marsh,1,137,1,52
2012,1,4,Tom Service,3,91,1,47
2012,1,4,Robert Shiller,1,11,0,10
2012,1,4,Jean-Louis Gassée,1,16,6,116
2012,1,4,Alex von Tunzelmann,1,3,1,11
2012,1,4,Roger Tooth,1,193,0,87
2012,1,4,Edward Peck,1,7,0,17
2012,1,4,Adam Corner for the <a href="http://www.guardian.co.uk/guardian-professional" title="Guardian Professional Network">Guardian Professional Network</a>,1,8,0,15
2012,1,4,Thomas Hoblyn,1,17,0,20
2012,1,4,Jonny Brownlee,1,156,0,86
2012,1,4,Tony Butler,1,27,0,15
2012,1,4,Ryan Enn Hughes,2,182,0,32
2012,1,4,Lauren Niland,1,42,3,81
2012,1,4,Helienne Lindvall,1,295,8,161
2012,1,4,Hannah Fearn,2,6,0,29
2012,1,4,Simon Waldman,1,233,10,112
2012,1,4,Jack Schofield,1,4,3,37
2012,1,4,Skye Sherwin,2,52,0,27
2012,1,4,Khaled Diab,1,47,2,77
2012,1,4,Presented by Jason Solomons,1,7,0,16
2012,1,4,produced by Jason Phipps,1,7,0,16
2012,1,4,with Xan Brooks,1,7,0,16
2012,1,4,David Barnett,1,199,5,94
2012,1,4,Brian Cathcart,1,8,0,78
2012,1,4,undefined,1,7,1,14
2012,1,4,Julian Baggini,1,381,6,55
2012,1,4,Max Lawson,1,117,0,84
2012,1,4,David Hearst,1,47,0,39
2012,1,4,Tjala,1,8,1,17
2012,1,4,Elly Nowell,1,1784,13,159
2012,1,4,Emma G Keller,1,12,0,22
2012,1,4,Neil Rose,1,3,0,33
2012,1,4,Interview by Steve Feekins,1,5,0,22
2012,1,4,Peter Singer,1,508,14,245
2012,1,4,Denis MacShane,1,0,0,5
2012,1,4,Joan Smith,1,0,0,3
2012,1,4,Tabatha Leggett,1,147,1,40
2012,1,4,Guardian US,1,7,0,1
2012,1,4,Equatorial Guinea,1,58,2,29
2012,1,4,Huma Qureshi,1,52,0,37
2012,1,4,Flavia Dzodan,1,214,0,40
2012,1,4,Amy Lawrence,3,316,11,112
2012,1,4,Rian Evans,1,1,0,7
2012,1,4,By Miriam Gathigah for <a href="http://www.ips.org/institutional/" title="">IPS</a>,1,70,0,51
2012,1,4,Douglas Engle,1,711,13,253
2012,1,4,Produced by Iain Chambers,1,10,0,15
2012,1,4,Jonathan Bartley,1,90,2,76
2012,1,4,Guardian readers,4,1143,8,439
2012,1,4,Fazel Hawramy,1,98,0,44
2012,1,4,Sue Littlemore,1,29,1,20
2012,1,4,Bertie Bosrédon,1,0,0,3
2012,1,4,Catherine Nelson,2,14,0,41
2012,1,4,David Craig,1,0,0,3
2012,1,4,Linda Richardson,1,0,0,8
2012,1,4,Greg Brooks,1,0,0,0
2012,1,4,Julie Bindel,1,51,0,15
2012,1,4,Elain Harwood,1,15,0,34
2012,1,4,Jo Confino for the <a href="http://www.guardian.co.uk/guardian-professional" title="Guardian Professional Network">Guardian Professional Network</a>,1,6,0,30
2012,1,4,Lucy Scott-Moncrieff,1,41,0,46
2012,1,4,William Davison,1,42,1,18
2012,1,4,Len Wardle for the <a href="http://www.guardian.co.uk/guardian-professional" title="Guardian Professional Network">Guardian Professional Network</a>,1,35,0,14
2012,1,4,Tom Clark,1,15,0,16
2012,1,4,Caroline Sullivan,2,1,0,15
2012,1,4,Robin Denselow,3,30,1,24
2012,1,4,Jayati Ghosh,1,3196,14,335
2012,1,4,Garth Cartwright,2,1895,8,189
2012,1,4,David Stubbs,1,3,0,9
2012,1,4,Rebecca Nicholson,3,20,0,34
2012,1,4,Anatol Lieven,1,110,1,35
2012,1,4,Jonathan Freedland,3,806,10,155
2012,1,4,Ann Robinson,1,83,0,69
2012,1,4,Anne Billson,1,140,1,58
2012,1,4,Elisabeth Mahoney,1,5,0,18
2012,1,4,Dan Hancox,1,397,2,77
2012,1,4,Tom Meltzer,1,27,0,38
2012,1,4,Susie White,1,2,0,28
2012,1,4,Andrew Clements,6,7,3,49
2012,1,4,Joe Queenan,1,7,0,19
2012,1,4,Jamie Thomson,1,6,0,10
2012,1,4,Stephen Lee,1,3,0,3
2012,1,4,Paul MacInnes,2,23,2,28
2012,1,4,Bernard Harcourt,1,1939,16,195
2012,1,4,Harry Pearson,1,12,0,12
2012,1,4,Miles Brignall,3,70,2,231
2012,1,4,Shaun Edwards,1,14,0,13
2012,1,4,Martin Rowson,3,89,2,71
2012,1,4,Interview by Laura Wakelin,2,61,0,34
2012,1,4,Laura Wakelin,3,53,0,60
2012,1,4,James Richardson,1,18,0,15
2012,1,4,Matt Hall,1,18,0,15
2012,1,4,Gary Younge,1,7,1,18
2012,1,4,Laura Dixon,1,30,0,60
2012,1,4,Carlos Miranda,1,25,0,44
2012,1,4,Marc Lockley,1,9,0,24
2012,1,4,Renee Giovarelli,1,248,2,213
2012,1,4,Lucy Series,1,2,0,9
2012,1,4,James Poskett,1,21,1,34
2012,1,4,Harry White,1,12,0,24
2012,1,4,Julian Todd,1,2,2,16
2012,1,4,Scott Murray,4,52,1,203
2012,1,4,Alex Budak,1,13,1,12
2012,1,4,Alison Rourke,1,1539,15,114
2012,1,4,Roger Kline,1,9,0,18
2012,1,4,Eric Augenbraun,1,101,5,22
2012,1,4,George Bouras,1,0,0,5
2012,1,4,Keith Cooper,1,0,0,14
2012,1,4,Ruth Jamieson,1,386,1,69
2012,1,4,Richard Vize,1,3,1,10
2012,1,4,Lanre Bakare,1,0,0,1
2012,1,4,Oliver Thring,1,31,3,39
2012,1,4,Mohamed el-Erian,1,22,0,19
2012,1,4,Alain de Botton,1,711,15,210
2012,1,4,Sarah Churchwell,1,5,0,16
2012,1,4,Steve Atkinson,1,0,1,6
2012,1,4,Jill Berry,1,12,0,8
2012,1,4,Sali Hughes,2,32,0,37
2012,1,4,Presented by John Plunkett,1,5,0,15
2012,1,4,produced by Simon Barnard,1,5,0,15
2012,1,4,David Barrett,1,14,0,56
2012,1,4,Graham Hayday,1,9,1,86
2012,1,4,Helen Powell,1,408,8,104
2012,1,4,Laurence Topham,1,26,0,1
2012,1,4,Raphael Honigstein,1,6,0,25
2012,1,4,Andrew Dickson,1,110,0,45
2012,1,4,Aatish Taseer,1,42,1,33
2012,1,4,Jon Trickett,1,22,0,22
2012,1,4,David Bevan for <a href="http://theseventytwo.com/" title="">The Seventy Two</a>,1,18,0,24
2012,1,4,Martin Harper,1,105,2,68
2012,1,4,David Marsh,1,1,0,13
2012,1,4,Gavin O'Toole,2,88,0,59
2012,1,4,Ed Jacobs,1,3,0,8
2012,1,4,Wayne Gooderham,1,1,0,10
2012,1,4,Frances Booth,1,0,0,13
2012,1,4,Tim Radford,1,32,0,25
2012,1,4,David Lacey,1,22,0,27
2012,1,4,Lisa Evans,2,9,3,24
2012,1,4,Luke Harding,1,56,0,17
2012,1,4,Presented by Claire Armitstead,1,15,0,18
2012,1,4,produced by Tim Maby,1,15,0,18
2012,1,4,George Barda,1,28,0,24
2012,1,4,James Dart,1,0,0,6
2012,1,4,Laura Oliver,1,0,0,3
2012,1,4,Hannah Waldram,2,36,1,50
2012,1,4,Gordon Kerr,1,24,1,40
2012,1,4,Bernie Sanders,1,2491,56,335
2012,1,4,Alex Aldridge,1,16,2,23
2012,1,4,Jonathan Glancey,2,95,1,48
2012,1,4,Priscilla Kwateng,1,18,2,20
2012,1,4,Elliot Smith,1,18,2,20
2012,1,4,Jonathan Jenkins,1,25,0,53
2012,1,4,Rupert Sawyer,1,4,0,31
2012,1,4,Martin Belam,1,8,0,47
2012,1,4,Diarmaid MacCulloch,1,143,3,51
2012,1,4,Vulpes,1,111,1,14
2012,1,4,Presented by Tom Clark,1,8,0,18
2012,1,4,Kim Catcheside,1,7,0,17
2012,1,4,Alistair Smith,1,5,0,7
2012,1,4,David Walker,1,9,0,18
2012,1,4,Benedicte Page,1,7,0,83
2012,1,4,Mary Ellen O'Connell,1,473,12,141
2012,1,4,Maria Gallucci for <a href="http://insideclimatenews.org/">InsideClimate News</a>,1,27,0,56
2012,1,4,Dahlia Lithwick,1,33,1,19
2012,1,4,Rosemary Randall for the <a href="http://www.guardian.co.uk/guardian-professional" title="Guardian Professional Network">Guardian Professional Network</a>,1,8,0,19
2012,1,4,Jean Hannah Edelstein,1,66,0,34
2012,1,4,Photographs: Lee Jefferies.  Commentary: Hannah Booth,1,1278,12,605
2012,1,4,Kat Keene Hogue,1,25,0,6
2012,1,4,Guardian,1,25,0,6
2012,1,4,Stuart Jeffries,3,3097,33,417
2012,1,4,The Co-operative Group,1,1,0,0
2012,1,4,Esther Addley,4,430,6,140
2012,1,4,Jonathan Portes,1,81,2,53
2012,1,4,Damon Wise,1,17,0,21
2012,1,4,Ian Malin,1,0,0,4
2012,1,4,Loz Kaye,1,86,4,179
2012,1,4,Frances Moore,1,86,4,179
2012,1,4,Harriet Monkhouse,1,2,0,10
2012,1,4,Fearlessknits,1,74,7,49
2012,1,4,Jasmine Huggins,1,21,0,22
2012,1,4,Presented by Alexis Petridis,1,9,0,20
2012,1,4,Tariq Ali,1,67,1,18
2012,1,4,Interview by Susanna Rustin,1,69,0,28
2012,1,4,Paul Lewis,1,4364,59,980
2012,1,4,Deborah Orr,2,28,1,39
2012,1,4,Andrew Martin,1,50,1,17
2012,1,4,Graham Long,1,3,0,23
2012,1,4,Interview by Alexandra Topping,1,4,0,8
2012,1,4,Janine Gibson,1,216,2,27
2012,1,4,Harry J Enten,1,27,0,15
2012,1,4,Conal Urquhart,3,149,6,136
2012,1,4,Robert Kitson at Kingsholm,1,11,0,4
2012,1,4,Tristram Hunt,1,305,6,148
2012,1,4,Alan Pickup,1,0,2,10
2012,1,4,Leonard Barden,1,1,0,3
2012,1,4,Bob Garfield,1,63,0,21
2012,1,4,Dixe Wills,1,31,0,7
2012,1,4,Chloe McCloskey,1,106,1,75
2012,1,4,The Gentle Author,1,106,1,75
2012,1,4,The Greenwich Phantom,1,106,1,75
2012,1,4,Matt Brown,1,106,1,75
2012,1,4,Eleanor Morgan,2,141,0,79
2012,1,4,Kate Fenhalls,1,31,0,23
2012,1,4,Claire Wrathall,1,17,0,20
2012,1,4,Fiona Quinn,1,19,0,33
2012,1,4,Mark Henshall,1,19,0,33
2012,1,4,Patrick Ness,1,9,0,14
2012,1,4,Blake Morrison,1,8,0,5
2012,1,4,Jad Adams,1,7,0,4
2012,1,4,Alex Clark,2,17,0,5
2012,1,4,Clare Clark,1,6,0,4
2012,1,4,Kapka Kassabova,1,7,0,1
2012,1,4,Steven Poole,1,3,1,3
2012,1,4,Isabel Hilton,1,4,0,1
2012,1,4,John O'Connell,1,5,0,15
2012,1,4,Adam Newey,1,5,0,1
2012,1,4,John Mullan,1,8,2,8
2012,1,4,David Lodge,1,15,0,1
2012,1,4,Sue Arnold,1,0,0,5
2012,1,4,Margaret Atwood,1,813,23,185
2012,1,4,Sukhdev Sandhu,1,166,0,28
2012,1,4,Andrew Miller,1,11,3,17
2012,1,4,Stephen Hoare,1,44,1,37
2012,1,4,Anna Tims,1,22,0,7
2012,1,4,Laura Marcus,1,23,1,6
2012,1,4,Emma Lunn,1,5,0,11
2012,1,4,Jeremy Bullmore,1,0,0,0
2012,1,4,Lisa Bachelor,3,340,6,1134
2012,1,4,Jill Papworth,1,5,0,7
2012,1,4,Tony Levene,1,3,0,2
2012,1,4,Alys Fowler,1,32,0,7
2012,1,4,Tom Dyckhoff,1,7909,50,592
2012,1,4,Interview: Becky Barnicoat. Portrait:<a href="http://www.emilystein.co.uk/" title=""> Emily Stein</a>,1,3,0,1
2012,1,4,Dan Lepard,1,53,2,35
2012,1,4,Yotam Ottolenghi,1,40,0,18
2012,1,4,Thomas Eaton,1,1,0,0
2012,1,4,Oliver Burkeman,3,114,4,102
2012,1,4,Fiona Beckett,1,11,0,1
2012,1,4,Lyn Balfour,1,23,0,8
2012,1,4,Duncan Goodhew,1,6,1,3
2012,1,4,John Lanchester,1,5,0,6
2012,1,4,Emma Brockes,1,4,0,8
2012,1,4,Larry Elliot,1,10,0,10
2012,1,4,Marina O'Loughlin,1,24,0,46
2012,1,4,Jon Ronson,1,112,9,144
2012,1,4,Grace Dent,2,129,0,113
2012,1,4,Geoffrey Wadhurst,1,1,0,41
2012,1,4,As told to Angela Foster,1,19,1,19
2012,1,4,Stephen Collins,1,96,0,19
2012,1,4,Vicky Shaw,1,40,1,58
2012,1,4,The Secret Footballer,1,6,0,12
2012,1,4,Andrew Collins,1,13,0,12
2012,1,4,The Guide,5,708,6,80
2012,1,4,Charlie Condou,1,3,0,4
2012,1,4,Noel Fielding,2,157,2,10
2012,1,4,Johnny Dee,1,4,0,2
2012,1,4,Robert Clark &amp; Skye Sherwin,1,16,0,12
2012,1,4,Robert Clark,1,37,0,17
2012,1,4,Jon &amp; Mick/moderntoss.com,1,2,0,1
2012,1,4,Martin Horsfield,1,89,0,18
2012,1,4,Nikki Spencer,1,0,0,2
2012,1,4,Jenny Colgan,1,317,5,85
2012,1,4,Kate Purdy,1,28,0,12
2012,1,4,Gavin Newsham,1,181,1,29
2012,1,4,Deborah Dooley,1,8,0,8
2012,1,4,Gareth Aveyard,1,8,0,30
2012,1,4,Steve Rose,2,19,0,20
2012,1,4,John Patterson,1,5,0,4
2012,1,4,John Fordham &amp; John Robinson,1,1,0,3
2012,1,4,The Guider,1,0,0,3
2012,1,4,Andy Capper,1,6,0,10
2012,1,4,James Kettle,1,1,0,2
2012,1,4,Patric Baird,1,14,0,4
2012,1,4,John Mitchell,1,14,0,4
2012,1,4,Sam Richards &amp; Marc Rowlands,1,14,0,4
2012,1,4,Ian Jack,1,221,7,76
2012,1,4,Sam Richards,1,12,2,18
2012,1,4,Mark Cook,1,9,0,13
2012,1,4,Lyn Gardner &amp; Judith Mackrell,1,9,0,13
2012,1,4,Iain Aitch,1,4,0,1
2012,1,4,Colette Bernhardt &amp; Katrina Dixon,1,4,0,1
2012,1,4,Joe Berger &amp; Pascal Wyse,1,1,0,0
2012,1,4,Jasmine Coleman,7,293,7,202
2012,1,4,Sara Khorshid,1,290,3,58
2012,1,4,Paul Harris New York,1,2064,11,303
2012,1,4,Stephen Kelly,1,40,0,38
2012,1,4,Debbie Codd,1,10,0,19
2012,1,4,Amy Lawrence at Carrow Road,1,8,0,30
2012,1,4,Peter Halstead,1,59,5,38
2012,1,4,Ewan Murray at St Mirren Park,1,2,0,17
2012,1,4,Steven Appleby,1,6,0,8
2012,1,4,Gethin Chamberlain,1,194,2,92
2012,1,4,Joe Lovejoy at Molineux,2,7,0,23
2012,1,4,Rob Smyth at Craven Cottage,2,33,1,35
2012,1,4,Georgina Turner at Goodison Park,2,0,0,23
2012,1,4,Jamie Jackson at Loftus Road,2,2,0,26
2012,1,4,Tom Jenkins,2,23,0,68
2012,1,4,Joanne O'Connor,2,38,0,28
2012,1,4,Observer travel columnist,1,38,0,20
2012,1,4,Jay Rayner,3,137,2,184
2012,1,4,James Callow at Upton Park,1,4,0,13
2012,1,4,David Smith Johannesburg,1,7,0,14
2012,1,4,Greg Wood at Ascot,1,0,0,3
2012,1,4,Nial Briggs,1,0,0,11
2012,1,4,Kim Willsher,1,361,3,69
2012,1,4,Paul Wilson at the Reebok Stadium,2,101,2,95
2012,1,4,Jamie Doward,5,521,19,247
2012,1,4,Lucy Fulford,3,501,18,222
2012,1,4,David Conn at the Darlington Arena,1,3,0,13
2012,1,4,Toby Helm,2,730,3,436
2012,1,4,Eddie Butler at stadium mk,1,12,0,4
2012,1,4,Michael Aylwin at Welford Road,1,0,0,2
2012,1,4,Robin McKie,4,270,11,331
2012,1,4,Catherine Bennett,1,93,1,14
2012,1,4,Daniel Boffey,3,707,1,394
2012,1,4,Tracy McVeigh,4,696,3,312
2012,1,4,David Hills,1,22,0,19
2012,1,4,Vanessa Thorpe,2,127,0,88
2012,1,4,arts,2,127,0,88
2012,1,4,Paul Webster,1,518,25,334
2012,1,4,Giles Richards,1,2,0,12
2012,1,4,Lawrence Donegan,1,3,0,18
2012,1,4,Eddie Butler,1,7,1,16
2012,1,4,Margaret Dibben,3,7,0,14
2012,1,4,Rosanna Greenstreet,1,45,4,34
2012,1,4,Viv Groskop,1,103,2,50
2012,1,4,Tom O'Malley,1,184,2,43
2012,1,4,Susannah Clapp,3,561,5,199
2012,1,4,Killian Fox,2,9,0,45
2012,1,4,Kitty Empire,3,130,1,18
2012,1,4,Peter Preston,3,15,2,42
2012,1,4,Antonio Olmos,1,220,1,24
2012,1,4,Luke Jennings,1,6,0,2
2012,1,4,Fuchsia Dunlop,1,162,2,74
2012,1,4,Stewart Lee,1,1458,9,746
2012,1,4,Lakshmi Sandhana,1,820,12,197
2012,1,4,Nigel Slater,3,65,1,19
2012,1,4,Rachel Cooke,1,5,0,1
2012,1,4,Megan Conner,1,9,0,4
2012,1,4,David Williams,2,11,0,60
2012,1,4,Tim Lewis,2,190,3,15
2012,1,4,Eva Wiseman,3,19,2,39
2012,1,4,Elizabeth Day,2,647,12,258
2012,1,4,Philip French,9,138,2,67
2012,1,4,Stephen Pritchard,3,2,0,9
2012,1,4,Daniel A Bell,1,16,0,9
2012,1,4,Fiona Maddocks,2,14,0,32
2012,1,4,Ally Carnwath,1,2,0,2
2012,1,4,Dan Pearson,1,11,0,9
2012,1,4,Chris Riddell,1,54,0,7
2012,1,4,Phil Mongredien,1,7,1,3
2012,1,4,Isaac McHale,1,0,0,5
2012,1,4,James Lowe,1,0,0,5
2012,1,4,Mark Kermode,1,1,0,7
2012,1,4,Ariel Leve,1,8,1,1
2012,1,4,Tom Lamont,1,192,5,170
2012,1,4,Peter Ho Davies,1,15,0,17
2012,1,4,Rol,1,14,0,10
2012,1,4,Elliott Brown,1,14,0,10
2012,1,4,Dave Gelly,1,2,0,0
2012,1,4,Richard Coles,1,30,2,10
2012,1,4,Molloy Woodcraft,1,12,0,4
2012,1,4,Neil Spencer,1,9,0,5
2012,1,4,Gay Dad,1,2,0,2
2012,1,4,Terry Tom Brown,1,25,2,21
2012,1,4,Katharine Whitehorn,1,1,0,1
2012,1,4,Luke Bainbridge,1,407,2,69
2012,1,4,Observer staff,2,14,1,19
2012,1,4,Kate Kellaway,1,7,0,8
2012,1,4,Laura Cumming,1,92,1,15
2012,1,4,Interview by Natalie Woolman,1,3,0,6
2012,1,4,Lauren Laverne,1,11,0,17
2012,1,4,Germaine Greer,1,128,1,33
2012,1,4,Quentin Wheeler,1,18,2,35
2012,1,4,Will Freeman,1,0,0,16
2012,1,4,Nicholas Kenyon,1,2,0,8
2012,1,4,Simon Caulkin,1,111,0,89
2012,1,4,John Naughton,2,219,14,347
2012,1,4,Euan Ferguson,1,1,0,12
2012,1,4,Toby Moses,1,8,0,46
2012,1,4,Joan Bakewell,1,10,0,5
2012,1,4,Miranda Sawyer,1,1,0,24
2012,1,4,Jason Solomons,1,0,0,5
2012,1,4,Victoria Coren,1,33,1,10
2012,1,4,Carole Cadwalladr,1,929,30,380
2012,1,4,Kevin McKenna,1,21,0,8
2012,1,4,Will Hutton,1,152,4,92
2012,1,4,Michael Cohen,1,30,1,23
2012,1,4,Barbara Ellen,1,81,2,45
2012,1,4,Nick Cohen,1,230,0,64
2012,1,4,Yvonne Roberts,1,720,6,74
2012,1,4,<a href="http://www.guardian.co.uk/profile/hanna-tuomisto">Hanna Tuomisto</a>,1,422,26,163
2012,1,4,Avijit Roy,1,422,26,163
2012,1,4,Harriet Sherwood Gaza City,1,96,0,42
2012,1,4,John Hind,2,14,0,32
2012,1,4,Mariella Frostrup,1,35,0,15
2012,1,4,Lucy Siegle,1,11,1,45
2012,1,4,Alex Preston,1,12,0,15
2012,1,4,Donald Sassoon,1,16,0,19
2012,1,4,Andrew Anthony,1,38,3,33
2012,1,4,Cate,1,2,0,21
2012,1,4,Wendy Berliner,1,0,0,1
2012,1,4,Ian Paulsen,1,3,4,11
2012,1,4,Edward Greenfield,1,0,0,2
2012,1,4,Alexander Maitland,1,5,0,43
2012,1,4,Steven Hill,1,17,1,20
2012,1,4,Becky Hogge,1,64,2,68
2012,1,4,Cheri Jacobus,1,9,0,30
2012,1,4,Matt Lewis,1,9,0,30
2012,1,4,Tim Montgomerie,1,9,0,30
2012,1,4,Michael Wissot,1,9,0,30
2012,1,4,David Glyn,1,7,0,7
2012,1,4,Kevin McCarra at Etihad Stadium,1,22,0,23
2012,1,4,William Fotheringham,1,6,0,21
2012,1,4,Guardian staff,1,6,0,21
2012,1,4,Andy Hunter at Etihad Stadium,2,59,0,69
2012,1,4,Tim Leunig,1,655,7,855
2012,1,4,Gavin Stamp,1,35,1,49
2012,1,4,Julian Treuherz,1,20,1,30
2012,1,4,Hari Kunzru,1,326,6,79
2012,1,4,Gareth McLean,1,53,0,32
2012,1,4,Daniel Taylor at the Emirates Stadium,1,44,0,81
2012,1,4,Kate Molleson,1,0,0,14
2012,1,4,Dominic Fifield at the Emirates Stadium,1,4,0,36
2012,1,4,Lizz Winstead,1,471,6,76
2012,1,4,Richard Williams at Etihad Stadium,1,9,1,26
2012,1,4,Ewan Murray at Murrayfield,1,4,0,5
2012,1,4,David Pleat,1,3,0,32
2012,1,4,Paul Rees at Cardiff City Stadium,1,0,0,4
2012,1,4,Steve Hewlett,1,3,0,13
2012,1,4,Chris Elliott,1,4,1,17
2012,1,4,Hamish McKenzie,1,50,1,30
2012,1,4,Decca Aitkenhead,1,40,0,34
2012,1,4,Charlie Brooker,1,2540,35,332
2012,1,4,Jeremy Paxman,1,151,4,75
2012,1,4,Mark Cocker,1,1,0,16
2012,1,4,clarifications,1,4,0,2
2012,1,4,Agnès Poirier,1,189,0,72
2012,1,4,David Hytner at the Emirates Stadium,1,28,0,54
2012,1,4,Dominic Fifield at Emirates Stadium,1,117,0,79
2012,1,4,Luisa Dillner,1,78,1,13
2012,1,4,Pamela Stephenson Connolly,1,17,0,5
2012,1,4,Emma Cook,1,16,0,21
2012,1,4,Ray Galton,1,70,4,49
2012,1,4,Alan Simpson,1,70,4,49
2012,1,4,Laura Barton,1,29,1,25
2012,1,4,Chika Unigwe,1,70,0,26
2012,1,4,Mike Averis at Stadium MK,1,2,0,4
2012,1,4,Kate Ravilious,1,4,0,25
2012,1,4,Stephen Moss,1,5,6,46
2012,1,4,Karen Armstrong,1,596,2,78
2012,1,4,Mark Tallentire at Cardiff City Stadium,1,0,0,4
2012,1,4,Louise Taylor at Reebok Stadium,1,10,0,24
2012,1,4,Paul Doyle at Carrow Road,1,8,0,36
