year,month,week,name,articles,facebook,googleplus,twitter
2011,9,37,Dan Sabbagh,11,3413,46,1041
2011,9,37,James Riach,1,117,1,86
2011,9,37,Jo Adetunji,3,46,0,67
2011,9,37,Kevin Mitchell at Flushing Meadows,15,4214,13,251
2011,9,37,Jack Scriven,1,39,0,5
2011,9,37,James Gray,1,7,0,20
2011,9,37,Charles Arthur,12,840,155,2350
2011,9,37,Michael A Clemens,1,934,25,180
2011,9,37,Ben Dowell,2,313,5,123
2011,9,37,Damian Carrington,7,976,19,504
2011,9,37,Sarah Hartley,2,6,1,22
2011,9,37,Associated Press,43,10470,100,1971
2011,9,37,Tracey Caldwell,1,0,0,4
2011,9,37,Frederika Whitehead,6,77,1,105
2011,9,37,Kate Carter,5,154,1,117
2011,9,37,Laurence Topham,2,389,1,65
2011,9,37,Ed Pilkington,13,1986,15,423
2011,9,37,Reuters,31,1057,12,573
2011,9,37,Roy Greenslade,27,170,4,631
2011,9,37,Paul Swinney,1,0,0,0
2011,9,37,Clare Horton,10,30,0,25
2011,9,37,Press Association,113,2398,12,1706
2011,9,37,Andrew Sparrow,7,381,2,512
2011,9,37,Mary Kaldor,1,142,2,18
2011,9,37,Hannah Fearn,4,22,0,37
2011,9,37,Frédéric Filloux,1,14,0,81
2011,9,37,Josh Halliday,17,373,30,1244
2011,9,37,Matthew Weaver,6,154,4,180
2011,9,37,irav,1,2,0,5
2011,9,37,Jean-Louis Gassée,1,8,3,120
2011,9,37,Malcolm James,1,343,0,47
2011,9,37,Hannah Jones,1,103,0,17
2011,9,37,Michael Riley,1,103,0,17
2011,9,37,Dick Vinegar,1,1,0,6
2011,9,37,David Cox,1,19,2,26
2011,9,37,Monkey,8,679,2,225
2011,9,37,John Ashdown,8,166,5,265
2011,9,37,Deborah Hargreaves,1,19,0,12
2011,9,37,Alexandra Topping,12,5264,20,992
2011,9,37,Nick Fletcher,24,139,2,254
2011,9,37,Stuart Dredge,12,329,7,896
2011,9,37,Kate McCann,4,6,0,40
2011,9,37,Alan Gardner,6,76,1,95
2011,9,37,Padraig Reidy,1,43,0,18
2011,9,37,Oliver Thring,3,329,1,93
2011,9,37,Bella Mackie,4,4,0,4
2011,9,37,Graham Snowdon,3,93,0,125
2011,9,37,Sean Michaels,8,3357,4,270
2011,9,37,By Marcela Valente of <a href="http://ipsnews.net/" title="">IPS</a> for the <a href="http://www.guardian.co.uk/global-development/series/guardian-development-network" title="">Guardian development network</a>,1,1948,5,82
2011,9,37,Molly Flatt,1,49,0,18
2011,9,37,Martin Wainwright,13,691,3,439
2011,9,37,Geoff Dyer,1,39,1,23
2011,9,37,Richard Lea,1,25,2,35
2011,9,37,Martyn Hart,1,0,0,14
2011,9,37,Graeme Wearden,10,1032,13,450
2011,9,37,Jonathan Wilson,1,8,1,6
2011,9,37,Paddy Allen,5,56,0,78
2011,9,37,Kevin Mitchell,1,1,0,1
2011,9,37,James Ball,5,699,13,413
2011,9,37,Rejina Sabur,1,219,4,140
2011,9,37,Naaz Rashid,1,105,0,19
2011,9,37,Peter Lazenby,1,52,0,30
2011,9,37,Mark Sweney,13,506,11,510
2011,9,37,Hannah Freeman,2,2,0,17
2011,9,37,Alan Connor,2,67,1,50
2011,9,37,Johnny Dee,3,58,0,9
2011,9,37,guardian.co.uk/music,2,3743,13,478
2011,9,37,Martin Robbins,3,758,16,189
2011,9,37,Jonathan Jones,10,1173,20,280
2011,9,37,Guardian Government Computing,2,0,0,8
2011,9,37,Leon Kaye for <a href="http://www.guardian.co.uk/guardian-professional" title="">Guardian Professional Networks</a>,1,11,1,32
2011,9,37,Larry Elliott,13,1297,6,816
2011,9,37,Jeremy Kay,1,53,0,18
2011,9,37,Tania Branigan,3,307,8,116
2011,9,37,agencies,26,2216,23,1121
2011,9,37,Dave Hill,7,43,1,108
2011,9,37,Alison Adburgham,1,17,0,7
2011,9,37,Xan Brooks,7,2048,14,349
2011,9,37,Corrections,6,2,0,9
2011,9,37,Andy Bull,1,8,0,2
2011,9,37,Sunny Hundal,1,77,0,33
2011,9,37,Chris Cook,4,4,0,17
2011,9,37,Presented by James Richardson,2,30,0,25
2011,9,37,produced by Ben Green,2,30,0,25
2011,9,37,Tim Ashley,10,52,0,71
2011,9,37,Michael Cragg,4,159,1,54
2011,9,37,Mark King,8,116,0,230
2011,9,37,Keith Stuart,9,171,6,399
2011,9,37,Simon Jenkins,5,717,8,227
2011,9,37,Jonathan Powell,1,240,2,51
2011,9,37,Mohammed Hanif,1,240,2,51
2011,9,37,PJ Crowley,1,240,2,51
2011,9,37,Orzala Ashraf Nemat,1,240,2,51
2011,9,37,George Galloway,1,240,2,51
2011,9,37,Aditya Chakrabortty,1,240,2,51
2011,9,37,Inayat Bunglawala,1,240,2,51
2011,9,37,Carne Ross,1,240,2,51
2011,9,37,Sade Laja,6,22,1,42
2011,9,37,Guardian Fashion,4,125,0,72
2011,9,37,Rosie Bristow for the <a href="http://www.guardian.co.uk/guardian-professional" title="Guardian Professional Network">Guardian Professional Network</a>,1,56,2,90
2011,9,37,Gill Hitchcock,9,64,1,88
2011,9,37,Helen Carter,15,480,2,327
2011,9,37,Paul Edmonson,1,345,5,89
2011,9,37,Mark Tran,7,626,6,311
2011,9,37,Open thread,3,71,0,39
2011,9,37,Sarah Crown,2,31,0,36
2011,9,37,Paul Weaver,7,6,0,51
2011,9,37,Paul Dix,1,25,0,20
2011,9,37,Paul Lester,7,2875,22,346
2011,9,37,Carol Rumens,1,9,0,19
2011,9,37,Clancy Sigal,1,1184,2,53
2011,9,37,Jemima Kiss,11,115,19,1033
2011,9,37,David Colquhoun,1,2335,50,345
2011,9,37,Andrew Dickson,1,376,3,40
2011,9,37,Lindsay Poulton,8,1659,11,213
2011,9,37,Ekaterina Ochagavia,7,1418,9,201
2011,9,37,Chris McGreal,4,1019,5,301
2011,9,37,Allan Jenkins,2,2,0,29
2011,9,37,Harriet Sherwood,12,4052,17,661
2011,9,37,Henry Porter,1,506,6,63
2011,9,37,Martin Belam,1,0,1,0
2011,9,37,Ian Gittins,2,15,0,21
2011,9,37,Richard Norton-Taylor,13,818,3,435
2011,9,37,Andrew Pulver,9,624,2,158
2011,9,37,Saeed Shah,2,36,0,38
2011,9,37,Hugh Muir,9,356,1,199
2011,9,37,Paul Lewis,5,1563,13,700
2011,9,37,Mustafa Khalili,2,904,4,648
2011,9,37,Matthew Taylor,4,518,6,350
2011,9,37,Gary Younge,1,255,4,46
2011,9,37,Tim Newburn,1,83,0,20
2011,9,37,Sam Jordison,3,99,1,41
2011,9,37,Sarah Hughes,1,8,0,6
2011,9,37,Lisa Evans,1,18,1,38
2011,9,37,Garry Blight,2,677,10,240
2011,9,37,John Burn-Murdoch,1,172,4,55
2011,9,37,Mark McCormick,1,172,4,55
2011,9,37,Patrick Wintour,9,629,3,463
2011,9,37,Rob Evans,1,3,0,16
2011,9,37,Hilary Osborne,1,104,2,61
2011,9,37,Luke Harding,1,51,0,20
2011,9,37,Hélène Mulholland,8,957,0,413
2011,9,37,political reporter,6,783,0,307
2011,9,37,Presented by Hugh Muir,1,13,1,16
2011,9,37,produced by Peter Sale,1,13,1,16
2011,9,37,Madeleine Bunting,4,498,3,116
2011,9,37,Nicholas Watt,22,2426,4,1027
2011,9,37,David Torrance,1,5,0,17
2011,9,37,Chris O'Gorman,2,24,0,40
2011,9,37,Mark Brown,7,1582,11,340
2011,9,37,Paul Doyle,5,53,0,74
2011,9,37,Elliot Smith,6,3846,22,503
2011,9,37,Helen Seamons,2,12,0,24
2011,9,37,Patrick McGuinness,1,33,0,14
2011,9,37,Maev Kennedy,8,1372,3,316
2011,9,37,Giles Tremlett,4,794,5,150
2011,9,37,Agencies,12,162,4,201
2011,9,37,Marc Abrahams,1,29,0,16
2011,9,37,Killian Fox,2,271,1,42
2011,9,37,Henry McDonald,7,62,0,124
2011,9,37,Irel,6,56,0,107
2011,9,37,Constanze Letsch,1,70,1,45
2011,9,37,John Vidal,8,3550,36,1680
2011,9,37,Hannah Booth,1,17,0,18
2011,9,37,Sophia Deboick,1,42,0,40
2011,9,37,Ros Asquith,1,9,0,6
2011,9,37,Chris Arnot,1,31,0,54
2011,9,37,Will Nichols for <a href="http://www.businessgreen.com">BusinessGreen</a>,1,41,0,65
2011,9,37,part of the <a href="http://www.guardian.co.uk/environment/network" title="Guardian Environment Network">Guardian Environment Network</a>,1,41,0,65
2011,9,37,Paul MacInnes,1,126,0,17
2011,9,37,David Walker for the <a href="http://www.guardian.co.uk/guardian-professional" title="">Guardian Professional Network</a>,1,26,0,19
2011,9,37,Owen Gibson,6,177,2,166
2011,9,37,Chris Fenn,1,505,6,185
2011,9,37,Guardian Research Department,1,505,6,185
2011,9,37,Maseeh Rahman,2,110,3,56
2011,9,37,Matt Hall,2,31,0,17
2011,9,37,Ian Black,5,362,7,235
2011,9,37,Issandr El Amrani,1,19,0,15
2011,9,37,Eric Allison,2,57,0,46
2011,9,37,Sara Mansoori for the <a href="http://inforrm.wordpress.com/" title="">Inforrm blog</a>,1,72,2,138
2011,9,37,part of the <a href="http://www.guardian.co.uk/law/series/guardian-legal-network" title="">Guardian Legal Network</a>,1,72,2,138
2011,9,37,Jonathan Glancey,5,289,3,125
2011,9,37,Sabina Castelfranco,1,49,2,14
2011,9,37,Allegra Stratton,4,403,2,390
2011,9,37,Ewen MacAskill,12,1367,19,542
2011,9,37,Alex Hawkes,4,30,0,116
2011,9,37,Mark Wagland,1,0,0,1
2011,9,37,Harry Gibson,1,0,0,1
2011,9,37,Jane Sarmezey,1,3,0,1
2011,9,37,Michael Hann,6,225,1,104
2011,9,37,David Katz,1,14,1,11
2011,9,37,Kate Molleson,2,39,0,20
2011,9,37,Tom Fawthrop,1,117,2,25
2011,9,37,Peter Walker,6,419,6,277
2011,9,37,Alice Bain,1,6,0,5
2011,9,37,John Fordham,7,257,1,69
2011,9,37,David Smith,8,636,3,301
2011,9,37,Martin Chulov,5,426,4,214
2011,9,37,Libya,2,186,0,90
2011,9,37,Stuart Agnew,1,19,0,37
2011,9,37,Emily Drabble,1,13,0,19
2011,9,37,Alan Smith,1,30,0,23
2011,9,37,Severin Carrell,10,813,4,332
2011,9,37,Scotl,10,813,4,332
2011,9,37,Greg Wood,2,0,0,9
2011,9,37,Simon Bowers,4,6,0,37
2011,9,37,Dominic Fifield,6,75,0,108
2011,9,37,Ken Clarke,1,152,0,64
2011,9,37,Anna Bawden,1,86,2,45
2011,9,37,Siraj Datoo,2,1267,4,68
2011,9,37,David Batty,8,750,9,472
2011,9,37,Patrick Butler,4,183,1,129
2011,9,37,Peter Scott,1,13,0,35
2011,9,37,Simon Goodley,6,330,2,186
2011,9,37,Rachel Williams,2,42,1,45
2011,9,37,George Monbiot,2,574,0,326
2011,9,37,Paul Harris,8,1952,20,438
2011,9,37,Dominic Rushe,10,356,20,819
2011,9,37,Oliver Burkeman,2,206,4,95
2011,9,37,Joanna Moorhead,1,887,13,334
2011,9,37,Janet Murray,1,10,1,22
2011,9,37,Staff,5,298,3,157
2011,9,37,Juliette Garside,15,215,23,970
2011,9,37,Saeed Kamali Dehghan,5,4286,21,739
2011,9,37,Elisabeth Mahoney,3,26,1,43
2011,9,37,Hadley Freeman,3,98,3,43
2011,9,37,Marian Fontana,1,215,0,9
2011,9,37,Emma Brockes,1,8,0,1
2011,9,37,Clare Algar,1,67,1,26
2011,9,37,David Hytner,3,21,0,59
2011,9,37,Phillip Inman,16,310,2,277
2011,9,37,Lizzy Davies,4,419,3,199
2011,9,37,Nick Hopkins,5,225,4,239
2011,9,37,Ian Cobain,2,696,4,683
2011,9,37,As told to Patrick Kingsley,1,81,0,25
2011,9,37,Randeep Ramesh,6,751,3,357
2011,9,37,Ronan Bennett,1,1,0,14
2011,9,37,Daniel King,1,1,0,14
2011,9,37,Gwilym Mumford,3,19,0,15
2011,9,37,Rebecca Nicholson,4,413,2,80
2011,9,37,Hannah Verdier,4,19,0,23
2011,9,37,Ben Arnold,3,1,0,16
2011,9,37,Duncan Campbell,1,11,0,20
2011,9,37,James Robinson,6,818,5,406
2011,9,37,Steve Bell,8,330,1,123
2011,9,37,Sarah Wollaston,1,11,0,29
2011,9,37,Editorial,15,1096,5,382
2011,9,37,Esther Addley,4,53,0,76
2011,9,37,Robert Kitson,21,276,2,177
2011,9,37,Seumas Milne,1,491,4,97
2011,9,37,Sam Wollaston,5,115,4,90
2011,9,37,Ewan Murray,7,45,1,36
2011,9,37,Paul Doyle at Craven Cottage,1,26,1,18
2011,9,37,Daniel Taylor,9,1037,5,1386
2011,9,37,Donald McRae,1,31,1,4
2011,9,37,Richard Williams,4,702,6,139
2011,9,37,Kevin McCarra,2,2,0,21
2011,9,37,Matt Scott,4,29,0,43
2011,9,37,Aisling Creevey (MeteoGroup),1,0,0,20
2011,9,37,John Vallins,1,1,0,24
2011,9,37,Alok Jha,5,4519,60,619
2011,9,37,Sarah Boseley,6,1327,5,598
2011,9,37,Allie Dickinson,1,4,0,7
2011,9,37,Dame Jane Roberts,1,1,0,8
2011,9,37,Alison Hutchinson,1,23,0,22
2011,9,37,Jill Insley,7,190,1,278
2011,9,37,Richard M Kavuma,2,182,2,125
2011,9,37,Kailash Ch,1,166,0,51
2011,9,37,,4,430,0,135
2011,9,37,JS Bamrah,1,166,0,51
2011,9,37,Suzanne Lowry,1,157,0,36
2011,9,37,Diane Abbott,1,16,0,32
2011,9,37,Nathan Crawley-Lyons,1,7,0,7
2011,9,37,Nigel Devereux,1,21,0,33
2011,9,37,Polly Curtis,5,320,4,455
2011,9,37,Richard Bramwell,1,20,0,16
2011,9,37,Scott Anthony,1,26,0,14
2011,9,37,Kamila Shamsie,1,185,1,62
2011,9,37,Paul Owen,5,324,8,216
2011,9,37,Colin Cram,1,4,0,11
2011,9,37,Hari,2,34,0,57
2011,9,37,Jake,2,34,0,57
2011,9,37,Guy Goodwin-Gill,1,67,0,45
2011,9,37,Chris Harding,1,1073,15,83
2011,9,37,Phil Hoad,1,51,0,39
2011,9,37,Michael White,2,118,0,23
2011,9,37,Jess Cartner-Morley,10,268,3,236
2011,9,37,Lisa O'Carroll,16,513,8,875
2011,9,37,Richard Smith,1,108,5,45
2011,9,37,Philippe Martin for the <a href="http://www.guardian.co.uk/guardian-professional" title="Guardian Professional Network">Guardian Professional Network</a>,1,5,0,48
2011,9,37,Jessica Reed,1,0,0,2
2011,9,37,Barney Ronay,5,74,0,58
2011,9,37,James Meikle,4,203,0,84
2011,9,37,Owen Jones,1,538,2,58
2011,9,37,Sally Shalam,1,2,0,6
2011,9,37,Tony Paley,3,2,0,18
2011,9,37,Jeremy Hart,1,511,3,85
2011,9,37,Scott Manson,2,786,6,124
2011,9,37,Lee Marshall,1,511,3,85
2011,9,37,Michael Dillon,1,92,0,20
2011,9,37,Sivamohan Valluvan,1,78,0,17
2011,9,37,Amy Fleming,1,136,2,46
2011,9,37,Charles Gant,1,28,0,43
2011,9,37,Rajeev Syal,2,461,0,97
2011,9,37,Steven Morris,12,742,2,218
2011,9,37,Andy Wilson,13,29,0,96
2011,9,37,Andrew Clements,4,13,0,24
2011,9,37,Alice Evans,1,89,1,145
2011,9,37,Alison Flood,7,2825,63,1170
2011,9,37,John Healey,1,153,1,34
2011,9,37,Jason Phipps,1,6,0,2
2011,9,37,Hugh Stephenson,1,0,0,10
2011,9,37,Jane Dudman,1,5,0,8
2011,9,37,Rosie Swash,2,158,0,62
2011,9,37,Tariq Ali,1,272,2,22
2011,9,37,Tara Conlan,5,210,1,176
2011,9,37,Camilla Phelps,1,305,0,91
2011,9,37,Lisa Villani,1,305,0,91
2011,9,37,Imogen Russell Williams,1,29,0,13
2011,9,37,Rob Smyth,5,141,1,143
2011,9,37,Nafeesa Syeed,1,165,0,36
2011,9,37,Guardian Sustainable Business,1,5,0,32
2011,9,37,Justin McGuirk,1,233,1,73
2011,9,37,Stuart Heritage,3,320,0,114
2011,9,37,Justine Jordan,2,36,1,44
2011,9,37,Sarah Phillips,1,128,1,59
2011,9,37,Zara Aziz,1,2,0,10
2011,9,37,Mark Beaumont,4,195,0,95
2011,9,37,Clare Allan,1,253,1,38
2011,9,37,Jamie Jackson,10,548,1,378
2011,9,37,Vikram Dodd,4,163,1,146
2011,9,37,Heidi Stephens,4,117,0,63
2011,9,37,Liz Ford,1,4,0,14
2011,9,37,Pierre Lepidi,1,136,1,55
2011,9,37,Sandrine Morel,1,22,0,18
2011,9,37,Joanna Hartford,1,8,0,3
2011,9,37,Chrystelle Barbier,1,11,0,18
2011,9,37,Amelia Gentleman,1,229,0,52
2011,9,37,Wendy M Grossman,1,1001,25,442
2011,9,37,John Hooper,1,76,1,21
2011,9,37,Roger East,1,18,1,29
2011,9,37,<a href="http://www.forumforthefuture.org/greenfutures" title="">Green Futures</a> part of the <a href="http://www.guardian.co.uk/sustainable-business/gsb-network" title="">Guardian Sustainable Business Network</a>,1,18,1,29
2011,9,37,Jim Falzarano,1,1,0,4
2011,9,37,David Banks,1,31,0,22
2011,9,37,John Domokos,2,415,1,48
2011,9,37,Sandra Laville,9,314,3,296
2011,9,37,Richard Patey,1,10,0,28
2011,9,37,Lucy Findlay,1,4,0,46
2011,9,37,James Donaghy,2,153,1,35
2011,9,37,Barry Glendenning,5,100,6,68
2011,9,37,Tim Smedley,1,3,0,14
2011,9,37,Richard Seymour,1,33,0,28
2011,9,37,Abby Deveney,1,0,1,1
2011,9,37,Steve Boxer,1,1,0,36
2011,9,37,Nicholas Lezard,1,33,1,3
2011,9,37,Vijaya Ramachandran,1,9,0,17
2011,9,37,Julie Walz,1,9,0,17
2011,9,37,Hannah Jones for the <a href="http://www.guardian.co.uk/guardian-professional" title="Guardian Professional Network">Guardian Professional Network</a>,1,209,0,46
2011,9,37,Adam Boult,4,163,1,82
2011,9,37,Rebecca Smithers,3,42,0,64
2011,9,37,Andrew Jones,1,61,0,41
2011,9,37,Paul O'Brien,1,7,0,12
2011,9,37,Eddie Butler,7,36,0,15
2011,9,37,Martin Pengelly,21,122,3,56
2011,9,37,Evan Fanning,21,119,2,61
2011,9,37,Mike Averis,7,38,1,27
2011,9,37,Paul Rees,12,80,1,66
2011,9,37,Presented by Eddie Butler,1,17,0,5
2011,9,37,produced by Jason Phipps,3,34,0,50
2011,9,37,Claire Provost,2,270,0,122
2011,9,37,Jaz Cummins,2,104,0,78
2011,9,37,Matt Wrack,1,51,0,26
2011,9,37,Mary O'Hara,1,11,0,13
2011,9,37,Alan Sykes,2,63,0,34
2011,9,37,midnightghost,1,0,0,1
2011,9,37,Alicia Canter,2,113,0,39
2011,9,37,Ian Traynor,2,64,0,36
2011,9,37,Tim Jonze,4,663,4,184
2011,9,37,Peter Hetherington,1,50,0,22
2011,9,37,Paul Weaver at The Rose Bowl,2,2,0,12
2011,9,37,Presented by Claire Armitstead,2,50,0,32
2011,9,37,produced by Tim Maby,2,50,0,32
2011,9,37,Martin Kettle,1,54,1,12
2011,9,37,Andrea LeBlanc,1,54,1,12
2011,9,37,Wajahat Ali,1,54,1,12
2011,9,37,Michael Ratner,1,54,1,12
2011,9,37,Peter Preston,5,116,1,74
2011,9,37,Carie Lemack,1,54,1,12
2011,9,37,Paul Pillar,1,54,1,12
2011,9,37,Steve Reicher,1,67,0,16
2011,9,37,Alex Haslam,1,67,0,16
2011,9,37,Helen Pidd,4,173,3,88
2011,9,37,Berlin,1,17,0,11
2011,9,37,Kieran Yates,1,19,1,15
2011,9,37,Dominic Joyeux,1,2,0,11
2011,9,37,Maggie Brown,2,62,0,84
2011,9,37,Bernard McAlinden,1,1,0,4
2011,9,37,Jane Kell,1,0,0,0
2011,9,37,Barry Millington,1,11,0,13
2011,9,37,Declan Walsh,3,164,2,111
2011,9,37,Lisa Appignanesi,1,483,4,124
2011,9,37,Michael Billington,6,266,0,64
2011,9,37,Jeremy Kelly,3,475,1,516
2011,9,37,David Hytner at Luzhniki Stadium,1,17,0,2
2011,9,37,Moscow,1,17,0,2
2011,9,37,Richard Wachman,5,13,0,107
2011,9,37,Brian Logan,2,3,0,5
2011,9,37,Bruce Scott,1,82,0,33
2011,9,37,John L Walters,1,8,0,15
2011,9,37,Dan Milmo,9,674,3,355
2011,9,37,Denis Campbell,3,643,9,267
2011,9,37,Vicky Frost,4,257,6,205
2011,9,37,Kira Cochrane,2,201,3,37
2011,9,37,Franklyn Addo,1,29,0,20
2011,9,37,Kim Willsher,1,16,2,19
2011,9,37,Jon Henley,2,247,0,62
2011,9,37,Catherine Shoard,14,1171,14,374
2011,9,37,Joshua Rozenberg,3,46,0,59
2011,9,37,Tom Meltzer,5,102,1,175
2011,9,37,Jonathan Freedland,2,451,4,114
2011,9,37,David Hopps,6,5,0,36
2011,9,37,Patrick Collinson,3,127,1,92
2011,9,37,Rupert Jones,3,15,0,66
2011,9,37,Miles Brignall,1,2,0,18
2011,9,37,Imogen Fox,2,8,0,37
2011,9,37,Sarah Miller,1,4324,15,255
2011,9,37,Amelia Hill,2,1217,10,368
2011,9,37,Tom Jenkins,2,2,0,30
2011,9,37,Richard Curtis,1,607,0,45
2011,9,37,Victoria Coren,2,67,5,49
2011,9,37,Soumaya Ghannoushi,1,319,1,94
2011,9,37,Kevin McCarra at Wembley,1,16,0,20
2011,9,37,Rob Bagchi,4,91,0,73
2011,9,37,Maddy Costa,2,124,1,42
2011,9,37,Nosheen Iqbal,1,3,0,6
2011,9,37,Jonathan Wright,2,3,0,8
2011,9,37,Ali Catterall,2,3,0,8
2011,9,37,Phelim  O'Neill,1,3,0,6
2011,9,37,Alex Slater,1,10,0,31
2011,9,37,Ewan Murray at Hampden Park,1,0,0,3
2011,9,37,Joanna Briscoe,1,14,0,15
2011,9,37,Gwyneth Jones,1,7,0,5
2011,9,37,James Flint,1,12,0,2
2011,9,37,M Wynn Thomas,1,26,0,20
2011,9,37,Philip Ardagh,1,4,0,10
2011,9,37,Shaun Edwards,2,21,1,9
2011,9,37,David Conn,2,14,0,30
2011,9,37,Dominic Fifield at Wembley,3,345,0,100
2011,9,37,Alan Pickup,2,67,2,28
2011,9,37,Paul Evans,1,5,0,29
2011,9,37,Richard Williams at Wembley,1,16,0,9
2011,9,37,John Crace,4,104,2,65
2011,9,37,Paul Hayward at Wembley,1,7,0,4
2011,9,37,David Pleat,2,400,0,99
2011,9,37,Vic Marks at the Rose Bowl,1,15,0,7
2011,9,37,Neil Reeder,1,3,0,12
2011,9,37,Anita Higham,1,0,0,4
2011,9,37,Alexis Petridis,7,864,4,202
2011,9,37,Julian Glover,2,145,1,58
2011,9,37,Geoff Major,1,25,0,65
2011,9,37,Virginia Wallis,2,2,0,34
2011,9,37,Leo Hickman,5,355,1,349
2011,9,37,Fiona Harvey,3,263,2,290
2011,9,37,Jonathan Calder,1,26,0,27
2011,9,37,Philippa Briscoe,1,8,0,9
2011,9,37,Jon Kingsbury,1,0,0,26
2011,9,37,Debbie Andalo,1,1,0,7
2011,9,37,Caroline Hawkings,1,0,0,24
2011,9,37,Lawrie Phipps,1,5,0,7
2011,9,37,Paolo Bandini,7,106,3,204
2011,9,37,Compiled by Ben Whitelaw,1,61,0,73
2011,9,37,Lucy Glennon,1,87,0,77
2011,9,37,Adam Vaughan,1,13,0,43
2011,9,37,Will Hayler,5,1,0,30
2011,9,37,Helon Habila,1,35,0,21
2011,9,37,Simon Hattenstone,3,109,1,67
2011,9,37,Tom Kington,1,85,0,14
2011,9,37,Jim Griffin,1,30,0,28
2011,9,37,Ajmal Hussain,1,21,0,6
2011,9,37,Farah Jassat,1,28,1,28
2011,9,37,Saskia Sassen,1,90,2,55
2011,9,37,Shiv Malik,7,784,0,366
2011,9,37,Tom Cox,2,164,1,95
2011,9,37,MillaMia,1,321,1,33
2011,9,37,David Goodway,1,2023,27,163
2011,9,37,Noah Payne-Frank,1,594,0,26
2011,9,37,Lanre Bakare,1,278,1,99
2011,9,37,Lisa Bachelor,3,45,0,75
2011,9,37,Guardian readers,1,53,9,205
2011,9,37,Jonathan Spyer,1,32,1,22
2011,9,37,Amanda Conroy,1,89,0,10
2011,9,37,Guardian Healthcare Network,1,0,0,7
2011,9,37,Henry Barnes,5,273,2,103
2011,9,37,ijaz,1,2,0,7
2011,9,37,Charity Celebrity,1,1,0,17
2011,9,37,By <a href="http://www.irinnews.org/" title="">IRIN</a>,2,27,2,31
2011,9,37,part of the <a href="http://www.guardian.co.uk/global-development/series/guardian-development-network" title="">Guardian development network</a>,2,27,2,31
2011,9,37,Leigh Phillips,1,1623,4,221
2011,9,37,Guy Dammann,2,11,0,27
2011,9,37,Bernadine Lawrence,1,19,0,32
2011,9,37,Jon Ronson,1,266,4,117
2011,9,37,Lucy Greenwell,1,266,4,117
2011,9,37,Remy Lamont,1,266,4,117
2011,9,37,Sam Jones,5,238,0,175
2011,9,37,Alix Fazzina,1,14,0,39
2011,9,37,Katy Stoddard,1,19,1,13
2011,9,37,Anna Tims,2,28,0,44
2011,9,37,Sarah Simmonds,1,5,0,7
2011,9,37,Megan Abbott,1,140,1,37
2011,9,37,Helienne Lindvall,4,205,6,200
2011,9,37,Suzanne Goldenberg,2,125,0,103
2011,9,37,Jonathan Crowther,1,0,0,8
2011,9,37,Hélène Mulholl,2,247,0,73
2011,9,37,Daniel Fiott,1,37,0,21
2011,9,37,Eric Hilaire,1,67,0,84
2011,9,37,Jessica Aldred,1,67,0,84
2011,9,37,Catherine Pepinster,1,7,0,25
2011,9,37,Owen Bowcott,9,568,2,315
2011,9,37,David Mills,5,12,0,76
2011,9,37,Stefan Collignon for the <a href="http://www.social-europe.eu/" title="Social Europe Journal">Social Europe Journal</a>,1,30,0,22
2011,9,37,part of the <a href="http://www.guardian.co.uk/commentisfree/series/guardian-comment-network" title="guardian.co.uk: Guardian Comment Network">Guardian Comment Network</a>,1,30,0,22
2011,9,37,James Davidson,1,139,1,33
2011,9,37,guardian.co.uk,2,34,1,20
2011,9,37,Pamela Hutchinson,1,868,2,65
2011,9,37,Kathy Sweeney,2,28,1,26
2011,9,37,Jon Robins,1,89,1,89
2011,9,37,Lawrence Donegan,1,2,0,14
2011,9,37,Amy Goodman,1,126,2,22
2011,9,37,Eliza Anyangwe,2,41,0,45
2011,9,37,Paul Wilson,2,23,0,41
2011,9,37,Thierry Berthoud for the <a href="http://www.guardian.co.uk/guardian-professional" title="Guardian Professional Network">Guardian Professional Network</a>,1,20,0,38
2011,9,37,Chris Salmon,2,914,0,55
2011,9,37,GrrlScientist,15,199,2,200
2011,9,37,Anna Chesters,1,15,0,16
2011,9,37,Jonathan Dean,1,1651,4,178
2011,9,37,Stephen Kinsella,1,2,0,13
2011,9,37,Subhajit Banerjee,1,120,12,181
2011,9,37,Andrew Brown,4,911,46,546
2011,9,37,Jo Confino for the <a href="http://www.guardian.co.uk/guardian-professional" title="Guardian Professional Network">Guardian Professional Network</a>,1,74,1,45
2011,9,37,Presented by Alexis Petridis,1,16,0,6
2011,9,37,produced by Matt Hill,1,16,0,6
2011,9,37,Angela Hartnett,1,20,0,10
2011,9,37,Ken Macfarlane,1,73,0,26
2011,9,37,Sarah Ditum,1,18,0,41
2011,9,37,Stuart Braithwaite,1,2785,20,223
2011,9,37,Liza Ramrayka,2,9,0,54
2011,9,37,Diane Taylor,2,494,0,121
2011,9,37,Nick Spencer,1,18,0,21
2011,9,37,Terry Macalister,6,157,2,268
2011,9,37,Martin Cadman,1,23,0,4
2011,9,37,Simon Burnton,1,10,0,18
2011,9,37,Thea Abbott,1,8,0,9
2011,9,37,Claire Armitstead,1,12,0,18
2011,9,37,Anthony C Thiselton,1,4,0,11
2011,9,37,Sean O'Hagan,2,116,0,49
2011,9,37,Lars Iyer,1,5,0,10
2011,9,37,Bridget Rosewell,1,49,0,38
2011,9,37,Richard Murphy,1,49,0,38
2011,9,37,Harry Venning,1,8,0,2
2011,9,37,Jeevan Vasagar,2,94,0,72
2011,9,37,Manama,1,100,0,43
2011,9,37,Greg Wood at Doncaster,5,3,1,21
2011,9,37,Sarah Pimblett,1,33,0,16
2011,9,37,Alfred Hickling,3,84,0,33
2011,9,37,Lyn Gardner,5,73,0,39
2011,9,37,Andy Hunter,4,168,0,115
2011,9,37,Dave Simpson,4,28,0,22
2011,9,37,Caroline Sullivan,3,96,0,88
2011,9,37,Dan Gillmor,1,22,7,95
2011,9,37,Deborah Orr,3,46,0,78
2011,9,37,Colin Pressdee,2,205,0,79
2011,9,37,Julia Finch,2,1,0,9
2011,9,37,Laura Barton,1,744,5,46
2011,9,37,Tom Parfitt,2,983,2,120
2011,9,37,William Fotheringham,7,120,4,83
2011,9,37,Hina Shamsi,1,76,0,32
2011,9,37,Zoe Williams,4,416,1,138
2011,9,37,Caroline Davies,2,86,2,33
2011,9,37,Andy Wilson at Liverpool,3,0,0,14
2011,9,37,Amitai Winehouse,3,59,0,30
2011,9,37,Paul Weaver at Edgbaston,3,11,0,11
2011,9,37,Phelim O'Neill,3,1,0,15
2011,9,37,David Stubbs,2,18,0,15
2011,9,37,Mosheen Iqbal,1,0,0,8
2011,9,37,Andrew Mueller,2,18,0,15
2011,9,37,Mark Lawson,1,0,0,21
2011,9,37,Adrian Searle,1,23,0,11
2011,9,37,Timothy Garton Ash,1,272,7,67
2011,9,37,Steve Rose,11,265,1,88
2011,9,37,Nouriel Roubini,1,159,3,51
2011,9,37,Nicolas Berggruen,1,159,3,51
2011,9,37,Richard Adams,3,911,24,207
2011,9,37,Interviews by Anna Tims,1,163,0,39
2011,9,37,Felicity Lawrence,2,2995,8,346
2011,9,37,Ray Collier,1,1,0,27
2011,9,37,Marina Hyde,1,31,1,20
2011,9,37,Jeremy Plester,2,110,0,44
2011,9,37,Sid Lowe,1,232,1,137
2011,9,37,Daniel Wellbelove,1,67,1,10
2011,9,37,Jessica Shepherd,3,196,2,190
2011,9,37,Robert Greenwald,1,1024,1,87
2011,9,37,Zia Mahmood,1,1,0,5
2011,9,37,Tony Naylor,2,724,3,178
2011,9,37,Nick Henry,1,2,0,8
2011,9,37,Felicity Cloake,1,198,4,68
2011,9,37,Aaron Porter,1,3,0,15
2011,9,37,Richard Freeman,2,815,9,193
2011,9,37,Neil Bird,1,18,0,64
2011,9,37,Jonathan Glennie,1,18,0,64
2011,9,37,Steve Busfield,5,29,0,40
2011,9,37,David Thomas,1,18,0,18
2011,9,37,Mark Say,1,1,0,10
2011,9,37,Francesca Panetta,1,3011,21,420
2011,9,37,Iain Chambers,1,3011,21,420
2011,9,37,Jim Powell,9,3602,27,641
2011,9,37,Christian Bennett,7,3750,28,523
2011,9,37,the Guardian Interactive team,1,3011,21,420
2011,9,37,Katy Crothall,1,0,0,6
2011,9,37,Baroness Hanham,1,0,0,4
2011,9,37,Lord Beecham,1,2,0,3
2011,9,37,Simon Kent. Joy Turner,1,7,0,10
2011,9,37,Cathy Peters,1,7,0,10
2011,9,37,Mid Staffordshire foundation trust,1,7,0,10
2011,9,37,Jeremy Paxman,1,49,1,32
2011,9,37,Diana Smith,1,3,0,23
2011,9,37,William Feaver,1,81,0,29
2011,9,37,Laila Lalami,1,67,1,27
2011,9,37,Presented by Jason Solomons,1,1,0,10
2011,9,37,with Xan Brooks,1,1,0,10
2011,9,37,Leslie Felperin,1,1,0,10
2011,9,37,John Baron,2,141,1,39
2011,9,37,Scott Murray,4,79,1,69
2011,9,37,Birgitte Andersen,1,10,2,52
2011,9,37,Dogus Simsek,1,91,0,11
2011,9,37,Kate Bradbury,2,45,0,70
2011,9,37,Richard Gibson,2,0,0,17
2011,9,37,Emma Drury,1,12,0,5
2011,9,37,Tom Henri,1,45,0,9
2011,9,37,Stephen Battersby,1,3,0,16
2011,9,37,Laura Smith,1,5,0,9
2011,9,37,Tresa Edmunds,1,82,2,11
2011,9,37,Perri Lewis,1,85,0,24
2011,9,37,Helen Flanagan,1,78,0,18
2011,9,37,Oliver Milman,1,85,2,43
2011,9,37,Lee Gould,1,37,0,14
2011,9,37,Daniel Bettridge,1,15,0,7
2011,9,37,Wayne Gooderham,1,23,0,19
2011,9,37,Simon Rogers,1,5,0,24
2011,9,37,John Kampfner,1,135,2,16
2011,9,37,Ana Marie Cox,2,27,1,52
2011,9,37,Sam Leith,2,257,6,151
2011,9,37,Chris Taylor,1,106,0,70
2011,9,37,Colin Leys,1,1970,4,360
2011,9,37,Rachel Stevenson,1,43,0,4
2011,9,37,Ben Kape,1,241,2,12
2011,9,37,Andy Gallagher,2,257,2,16
2011,9,37,Alice Salfield,2,1962,3,34
2011,9,37,Jorren Knibbe,1,173,2,84
2011,9,37,Guardian Interactive team,2,752,1,225
2011,9,37,Jon Dennis,2,140,0,30
2011,9,37,Sally Scott,2,27,0,9
2011,9,37,Ian Sample,6,3021,27,322
2011,9,37,Alex von Tunzelmann,1,32,0,17
2011,9,37,David Mitchell,2,489,5,175
2011,9,37,Tom Stevens,1,10,0,8
2011,9,37,Peter Bradshaw,8,372,3,123
2011,9,37,Sam Delaney,1,32,0,31
2011,9,37,Caspar Llewellyn Smith,1,1721,1,22
2011,9,37,Richard Sprenger,1,1721,1,22
2011,9,37,Tayo Yusuff,1,1721,1,22
2011,9,37,Neil Rose,1,22,0,19
2011,9,37,Nick Cowen,1,19,0,25
2011,9,37,Julia Unwin,1,18,0,18
2011,9,37,Michael Paarlberg,1,41,1,26
2011,9,37,Clive Baldwin,1,35,0,20
2011,9,37,Mike Anderiesz,1,1,0,18
2011,9,37,Paul Bailey,1,40,0,19
2011,9,37,Presented by Anne Perkins,1,17,1,35
2011,9,37,produced by Phil Maynard,1,17,1,35
2011,9,37,Jack Schofield,1,3,2,62
2011,9,37,Angelique Chrisafis,2,358,2,184
2011,9,37,Skye Sherwin,1,87,0,26
2011,9,37,Interview by John Daniell,1,1,0,7
2011,9,37,Paul Hayward,2,16,0,57
2011,9,37,Jacob Steinberg,5,81,1,71
2011,9,37,Andrew Raingold for the <a href="http://www.guardian.co.uk/guardian-professional" title="Guardian Professional Network">Guardian Professional Network</a>,1,1,0,6
2011,9,37,Potkin Azarmehr,1,325,0,46
2011,9,37,Martin Cross,1,11,0,9
2011,9,37,Margaret Holborn,1,0,0,4
2011,9,37,Elli Narewska,1,0,0,4
2011,9,37,Robert Pacitti,1,28,0,21
2011,9,37,Duncan Clark,2,489,26,522
2011,9,37,Professor Colin Grant,1,0,0,4
2011,9,37,Liam Fox,1,6,0,15
2011,9,37,Jason Burke,3,110,1,84
2011,9,37,Heather Stewart,5,220,1,188
2011,9,37,Robert McCrum,2,30,3,76
2011,9,37,Leo Benedictus,10,152,5,87
2011,9,37,Justin McCurry,4,574,3,293
2011,9,37,Michael Condon,1,212,0,34
2011,9,37,Sadhbh Walshe,1,2,1,17
2011,9,37,Paul Scruton,1,118,0,42
2011,9,37,Will Hayler at Doncaster,1,0,0,6
2011,9,37,Sanjoy Roy,1,12,0,17
2011,9,37,George Hall,2,8,0,19
2011,9,37,John Graham Davies,1,0,0,0
2011,9,37,Anne Deighton,1,0,0,8
2011,9,37,William Doyle,1,2,0,11
2011,9,37,Ian A McMillan,1,31,0,12
2011,9,37,Victoria B Bjorklund,1,24,2,22
2011,9,37,Dan van der Vat,1,75,0,20
2011,9,37,Niki Seth-Smith,1,18,0,12
2011,9,37,Jonathan Watts,4,1945,19,615
2011,9,37,Fukushima prefecture,1,110,0,93
2011,9,37,David Hopps at New Road,1,0,0,7
2011,9,37,Riyadh,1,68,1,43
2011,9,37,Jack Shenker,1,68,1,43
2011,9,37,Kate Hodal,1,68,1,43
2011,9,37,Nora Fakim,1,68,1,43
2011,9,37,Jon Boone,1,68,1,43
2011,9,37,Decca Aitkenhead,1,15,0,50
2011,9,37,Alexander Chancellor,1,9,0,38
2011,9,37,Julia Raeside,3,31,0,46
2011,9,37,Bim Adewunmi,1,98,0,23
2011,9,37,Karen McVeigh,3,521,6,155
2011,9,37,Jill Treanor,6,32,0,78
2011,9,37,Phil Shiner,1,44,0,22
2011,9,37,Pamela Stephenson Connolly,1,13,0,4
2011,9,37,Bidisha,2,102,2,32
2011,9,37,Martin Samuda,1,100,0,19
2011,9,37,Mike Selvey,1,1,0,8
2011,9,37,Iris Mansour,1,145,0,34
2011,9,37,Mehdi Hasan,1,232,1,35
2011,9,37,Alex Needham,1,0,0,8
2011,9,37,Kevin Gallagher,1,151,0,34
2011,9,37,Timothy Wise,1,151,0,34
2011,9,37,David Pountney,1,100,0,13
2011,9,37,Michele Hanson,1,26,0,26
2011,9,37,Dan Hancox,1,435,1,64
2011,9,37,Richard Gibson at Headingley,2,0,0,12
2011,9,37,Adrian McNally,1,73,0,7
2011,9,37,Robin Denselow,2,213,0,68
2011,9,37,Geoffrey Macnab,1,45,2,12
2011,9,37,Melissa Benn,1,149,0,111
2011,9,37,Giles Richards at Monza,4,57,0,41
2011,9,37,Cath Clarke,1,43,0,17
2011,9,37,Tom Ewing,1,5,0,10
2011,9,37,Martin Kelner,2,11,0,36
2011,9,37,David Thomson,1,103,0,13
2011,9,37,Edward Vallance,1,1742,2,31
2011,9,37,Martin Aston,1,134,0,8
2011,9,37,Justin Lee Collins,1,0,0,9
2011,9,37,Peter Paphides,1,72,0,19
2011,9,37,Harry Pearson,1,5,0,7
2011,9,37,Matt Lloyd,1,7,0,9
2011,9,37,Charlotte Richardson Andrews,1,84,0,21
2011,9,37,Christine Smith,1,3,0,35
2011,9,37,James Richardson,1,16,0,4
2011,9,37,Anthony DePalma,1,77,0,17
2011,9,37,ProPublica,1,77,0,17
2011,9,37,Ben Quinn,5,606,9,395
2011,9,37,Brendan Fanning,2,7,0,25
2011,9,37,Katy Murrells,1,4,0,9
2011,9,37,Sally Kohn,1,123,1,41
2011,9,37,James Antle,1,123,1,41
2011,9,37,Velma Hart,1,123,1,41
2011,9,37,Austin King,1,123,1,41
2011,9,37,Naomi Cohn,1,123,1,41
2011,9,37,Richard Wolff,1,123,1,41
2011,9,37,Grover Norquist,1,123,1,41
2011,9,37,Sarahi Uribe,1,123,1,41
2011,9,37,John Challenger,1,123,1,41
2011,9,37,Kevin Rushby,2,260,1,64
2011,9,37,Matthew Caines,1,2,0,32
2011,9,37,Dermot Egan,1,11,0,24
2011,9,37,Tim Jones,1,58,0,8
2011,9,37,Steven Toft,1,2,0,20
2011,9,37,Ben Cook,1,0,0,17
2011,9,37,Duncan Jefferies,1,0,0,21
2011,9,37,Dick Sorabji,1,1,0,3
2011,9,37,Richard Vize,1,41,1,4
2011,9,37,John Dugdale,1,18,1,79
2011,9,37,Andrew Taylor,1,57,0,12
2011,9,37,PJ White,1,4,0,5
2011,9,37,Jared Brown,1,10,0,16
2011,9,37,Ruth Lister,1,39,0,44
2011,9,37,James Dart,1,0,0,6
2011,9,37,Patrick Vernon,1,21,0,8
2011,9,37,Rosie Niven,1,0,0,3
2011,9,37,Leon Kaye for the <a href="http://www.guardian.co.uk/guardian-professional" title="Guardian Professional Network">Guardian Professional Network</a>,1,18,0,42
2011,9,37,Natalie Hardwick,1,101,3,40
2011,9,37,Cody James,1,2,0,7
2011,9,37,Li Datong,1,9,0,4
2011,9,37,Peter Tatchell,1,134,1,63
2011,9,37,Sid Chaplin,1,6,0,19
2011,9,37,Bruce Dessau,1,20,1,15
2011,9,37,Deborah Meaden,1,209,1,59
2011,9,37,Eddie Butler at Eden Park,1,59,0,6
2011,9,37,Alex Wade,1,92,0,20
2011,9,37,Alistair Smith,1,4,0,8
2011,9,37,Sally Muir,1,4440,11,153
2011,9,37,Joanna Osborne,1,4440,11,153
2011,9,37,Gwyn Topham,1,79,0,36
2011,9,37,Kathryn Hughes,2,118,1,38
2011,9,37,Alex Warren,1,12,0,7
2011,9,37,Anthony Quinn,1,7,0,11
2011,9,37,Ed Jacobs,1,4,0,16
2011,9,37,Rob Smyth (first 40 overs),1,6,0,6
2011,9,37,Alan Gardner (after),1,6,0,6
2011,9,37,Lee Pearson,1,0,0,3
2011,9,37,Words: Rob Bagchi,1,70,2,19
2011,9,37,George Bouras,1,70,2,19
2011,9,37,Sachin Nakrani,1,70,2,19
2011,9,37,Peter Nichols,1,70,2,19
2011,9,37,Louise Taylor,2,306,3,92
2011,9,37,Andy Wilson. Interactive: Paddy Allen. Pictures: Jonny Weeks,1,70,2,19
2011,9,37,Steven Bloor,1,70,2,19
2011,9,37,Craig Purshouse,1,246,1,31
2011,9,37,Marc Lockley,1,7,0,27
2011,9,37,Rick Gekoski,1,14,2,12
2011,9,37,Stephen P Groff,1,27,0,11
2011,9,37,Imran Khan,1,85,4,112
2011,9,37,John Nicolson,1,51,0,24
2011,9,37,Simon Hoggart,1,14,0,12
2011,9,37,Heather Brooke,1,49,1,53
2011,9,37,Siobhain Butterworth,1,12,1,18
2011,9,37,Mona Eltahawy,1,383,2,175
2011,9,37,Chloe Stables,1,0,0,10
2011,9,37,Owen Davey,1,671,2,50
2011,9,37,Alex Aldridge,1,37,0,90
2011,9,37,Hannah Waldram,2,4,0,34
2011,9,37,James Walsh,1,0,0,13
2011,9,37,Laura Oliver,1,0,0,13
2011,9,37,Tom Bryant,4,272,2,84
2011,9,37,Richard Nelsson,1,0,0,4
2011,9,37,Gary Calton,1,14,1,9
2011,9,37,David Levene,2,40,2,22
2011,9,37,Antonio Olmos,2,32,1,18
2011,9,37,Alex Graul,1,14,1,9
2011,9,37,Alastair Dant,1,14,1,9
2011,9,37,Leonard Barden,1,5,0,5
2011,9,37,Katherine Rose,2,87,0,18
2011,9,37,Jules Boykoff,1,205,4,118
2011,9,37,Dirk Notz for <a href="http://www.realclimate.org/">RealClimate</a>,1,85,1,79
2011,9,37,part of the <a href="http://www.guardian.co.uk/environment/network">Guardian Environment Network</a>,1,85,1,79
2011,9,37,Giles Richards,4,70,1,44
2011,9,37,Pascal Wise,1,0,0,4
2011,9,37,John Cooper,1,11,0,33
2011,9,37,Danny Leigh,1,109,4,46
2011,9,37,Peter Thompson,1,40,0,17
2011,9,37,Ben Beaumont-Thomas,1,23,0,38
2011,9,37,bookworm11,1,0,0,4
2011,9,37,Alan Gunne-Jones for the <a href="http://www.guardian.co.uk/guardian-professional" title="">Guardian Professional Network</a>,1,6,0,4
2011,9,37,Carlene Thomas-Bailey,2,22,0,38
2011,9,37,Janni Aragon for <a href="http://uvenus.org/" title="">University of Venus</a>,1,24,2,26
2011,9,37,Andrew Haydon,1,45,0,10
2011,9,37,Dan Collyns,1,40,0,32
2011,9,37,Zoe Wood,1,29,0,31
2011,9,37,Saptarshi Ray,1,176,0,22
2011,9,37,Itzik Shmuli,1,95,0,9
2011,9,37,Guardian Healthcare,2,0,0,4
2011,9,37,Mona Mahmood,2,648,2,645
2011,9,37,Sibylla Brodzinsky,1,13,0,23
2011,9,37,Adam Wagner on the <a href='http://ukhumanrightsblog.com/'>UK Human Rights blog</a>,1,12,0,5
2011,9,37,part of the <a href='http://www.guardian.co.uk/legalnetwork'>Guardian Legal Network</a>,1,12,0,5
2011,9,37,Toby Manhire,1,111,1,36
2011,9,37,Stephen Bates,2,228,0,53
2011,9,37,David White,1,2,0,19
2011,9,37,Pat Spallone,1,2,0,19
2011,9,37,Peter Ansorge,1,64,0,15
2011,9,37,Paul Handley,1,12,0,19
2011,9,37,Karen Greenberg,1,12,0,13
2011,9,37,Helena Smith,3,280,1,165
2011,9,37,Suzanne Moore,1,754,9,147
2011,9,37,Dreda Say Mitchell,1,42,0,33
2011,9,37,Ben Goldacre,1,1643,111,282
2011,9,37,Christopher Hitchens,1,800,3,101
2011,9,37,Ian Jack,1,158,0,59
2011,9,37,Gary Barker,1,58,0,26
2011,9,37,John Harris,1,252,0,80
2011,9,37,Interview by Emine Saner,1,7,0,21
2011,9,37,Mike Selvey at The Oval,1,2,1,4
2011,9,37,Sali Hughes,2,36,1,24
2011,9,37,Richard Sennett,1,189,1,74
2011,9,37,John Brunton,2,320,0,46
2011,9,37,Michael Booth,1,7,0,14
2011,9,37,Simon Majumdar,1,7,0,14
2011,9,37,Susan Greenwood,1,130,0,56
2011,9,37,Fiona MacLeod,1,14,0,12
2011,9,37,Lucy Neville,1,33,2,15
2011,9,37,John Mullan,2,22,0,8
2011,9,37,Caryl Phillips,1,33,2,8
2011,9,37,Blake Morrison,1,334,5,74
2011,9,37,Colin Tudge,1,22,0,18
2011,9,37,M John Harrison,1,43,3,8
2011,9,37,Nicholas Wroe,1,205,1,23
2011,9,37,Michael Prodger,1,6,1,15
2011,9,37,Sue Arnold,1,4,1,3
2011,9,37,Steven Poole,1,0,0,0
2011,9,37,Noël Coward,1,67,1,5
2011,9,37,Anna Funder,1,26,0,20
2011,9,37,AD Miller,1,17,0,14
2011,9,37,Dominic Lutyens,1,8,0,4
2011,9,37,John Lanchester,1,10,0,4
2011,9,37,Alys Fowler,3,283,3,55
2011,9,37,Rosanna Greenstreet,1,200,1,20
2011,9,37,Photographs: Sven Jacobsen. Styling: Simon Chilvers,1,4,0,6
2011,9,37,Dan Lepard,1,15,0,8
2011,9,37,Yotam Ottolenghi,1,158,2,30
2011,9,37,Interview by Becky Barnicoat. Portrait by <a href="http://www.emilystein.co.uk/" title="">Emily Stein</a>,1,25,0,3
2011,9,37,Matthew Fort,1,3,0,8
2011,9,37,Lia Leendertz,1,1,0,3
2011,9,37,Jesse Ruiz,1,98,0,11
2011,9,37,Tom Dyckhoff,1,413,0,34
2011,9,37,Fiona Beckett,1,17,0,13
2011,9,37,Thomas Eaton,1,0,0,0
2011,9,37,Hugh Fearnley-Whittingstall,1,127,1,45
2011,9,37,Andrea Wren,1,13,1,33
2011,9,37,Tim Dowling,1,5,0,8
2011,9,37,Tanya de Grunwald,1,113,0,47
2011,9,37,Jeremy Bullmore,1,1,0,13
2011,9,37,Jill Papworth,1,15,0,68
2011,9,37,Stuart James,1,37,0,17
2011,9,37,Brian Masters,1,20,0,50
2011,9,37,David Lacey,1,3,0,2
2011,9,37,The Secret Footballer,1,102,1,68
2011,9,37,Derek Niemann,1,0,0,18
2011,9,37,Tim Radford,1,5,0,35
2011,9,37,Gareth Walker at the KC Stadium,1,7,0,5
2011,9,37,Louis Pattison,1,2160,11,216
2011,9,37,Jonathan Bernstein,1,137,1,30
2011,9,37,Annalisa Barbieri,2,469,1,32
2011,9,37,Oliver James,1,13,0,2
2011,9,37,Stuart Jeffries,2,827,8,118
2011,9,37,John Patterson,2,16,0,8
2011,9,37,Eleanor Morgan,1,97,0,6
2011,9,37,Ian Sansom,1,27,0,3
2011,9,37,Oliver Laughland,1,0,0,14
2011,9,37,Grace Dent,1,24,0,7
2011,9,37,Steven Appleby,1,1,0,0
2011,9,37,Dina Behrman,1,6,0,5
2011,9,37,The Guide,1,0,0,0
2011,9,37,Emine Saner,1,230,2,53
2011,9,37,Sarfraz Manzoor,1,85,0,27
2011,9,37,Lizzie Enfield,1,20,0,4
2011,9,37,Interview by Oliver Laughland,1,0,0,8
2011,9,37,Teri Grenert,1,0,0,7
2011,9,37,Mark Cook &amp; Judith Mackrell,1,23,0,9
2011,9,37,Katrina Dixon &amp; Iain Aitch,1,1,0,0
2011,9,37,Luke Turner,1,22,0,13
2011,9,37,Michael Holden,1,0,0,3
2011,9,37,Robert Clark &amp; Skye Sherwin,2,10,0,30
2011,9,37,John Robinson,1,0,0,10
2011,9,37,Andrew Clements &amp; John Fordham,1,0,0,10
2011,9,37,Patric Baird,1,0,0,2
2011,9,37,Marc Rowlands,1,0,0,2
2011,9,37,Sam Richards &amp; John Mitchell,1,0,0,2
2011,9,37,James Kettle,1,4,0,7
2011,9,37,Interview by Dale Berning,7,413,0,22
2011,9,37,Interactive by Garry Blight,1,378,7,64
2011,9,37,Illustration by Emma Kelly,1,378,7,64
2011,9,37,words by Dale Berning,1,378,7,64
2011,9,37,Jonathan Meades,1,10,1,8
2011,9,37,Germaine Greer,1,30,2,7
2011,9,37,Phil Daoust,3,1,0,8
2011,9,37,Philip Oltermann,1,4,0,1
2011,9,37,Dale Berning,2,40,0,21
2011,9,37,Nicola Jennings,1,12,0,11
2011,9,37,Damon Wise,2,145,1,47
2011,9,37,Joe Berger &amp; Pascal Wyse,1,4,0,5
2011,9,37,Dan Martin,2,43,0,29
2011,9,37,NewYorkGirl,1,41,0,10
2011,9,37,Jon Butterworth,1,3,0,10
2011,9,37,What you're saying,1,1,0,28
2011,9,37,Wendy Berliner,1,0,0,1
2011,9,37,Brian Whitaker,1,398,0,88
2011,9,37,Massimo Franco,1,7,0,29
2011,9,37,Euclides Montes,1,271,7,165
2011,9,37,Khaled Diab,1,117,0,21
2011,9,37,Ewan Murray at Tannadice,1,0,0,10
2011,9,37,Eddie Butler at Otago Stadium,2,35,1,10
2011,9,37,Peter Beaumont,3,3483,18,401
2011,9,37,David Hytner at the Emirates Stadium,1,15,1,35
2011,9,37,Richard Rae at Molineux,2,22,0,25
2011,9,37,Paul Wilson at the Etihad Stadium,1,19,0,20
2011,9,37,Sachin Nakrani at the Britannia Stadium,3,271,1,160
2011,9,37,<strong>Paul Doyle</strong> at Goodison Park,1,1,0,15
2011,9,37,Robert Kitson at Otago Stadium,2,23,0,11
2011,9,37,Jason Mellor at the Stadium of Light,2,108,0,67
2011,9,37,Barney Ronay at St Mary's,1,3,0,2
2011,9,37,Emma John,1,12,0,32
2011,9,37,Ian Malin at the Recreation Ground,1,0,0,3
2011,9,37,Chris Stephen,2,85,1,88
2011,9,37,Abdul Raufund,1,54,1,38
2011,9,37,Vic Marks at Edgbaston,1,0,0,3
2011,9,37,Daniel Boffey,4,737,2,394
2011,9,37,Jamie Doward,5,1303,12,485
2011,9,37,Nial Briggs,1,1,0,1
2011,9,37,Joe Lovejoy at the Reebok Stadium,2,171,4,121
2011,9,37,Paul Hayward at the Emirates Stadium,1,24,0,28
2011,9,37,Toby Helm,2,600,0,137
2011,9,37,Tracy McVeigh,3,383,0,136
2011,9,37,Eddie Butler on his travels,1,13,0,21
2011,9,37,Richard Orange,1,564,8,328
2011,9,37,Mark Townsend,2,55,2,103
2011,9,37,Jason Solomons,3,213,0,41
2011,9,37,David Hills,2,185,0,59
2011,9,37,Vic Marks,1,0,0,11
2011,9,37,Dean Ryan,1,5,0,2
2011,9,37,Wayne Gardiner at Ell,1,8,0,13
2011,9,37,Road,1,8,0,13
2011,9,37,Brian Williams,1,6,0,23
2011,9,37,Margaret Dibben,3,0,0,18
2011,9,37,David James,1,8,0,12
2011,9,37,Observer staff,1,1,0,10
2011,9,37,Matthew Oakeshott,1,9,0,13
2011,9,37,Barbara Ellen,1,15,0,9
2011,9,37,Robin McKie,2,748,9,184
2011,9,37,Alex Clark,2,51,0,45
2011,9,37,Clare Brennan,1,1,0,2
2011,9,37,Chris Riddell,1,31,1,4
2011,9,37,Emily Rees,1,221,1,29
2011,9,37,Peter Conrad,1,279,0,42
2011,9,37,Denis MacShane,1,10,0,14
2011,9,37,Neil Spencer,1,5,0,2
2011,9,37,Hermione Hoby,3,342,1,57
2011,9,37,Lindsey Bareham,1,64,2,15
2011,9,37,Nathan Brown,1,7,1,8
2011,9,37,Martin Love,1,5,0,24
2011,9,37,Philip French,7,115,1,37
2011,9,37,Miranda Sawyer,1,7,0,9
2011,9,37,Rowan Moore,3,68,2,65
2011,9,37,Dr Gerry Mander,1,1,0,2
2011,9,37,AN Wilson,1,21,0,11
2011,9,37,Nick Cohen,2,141,0,30
2011,9,37,The Observer,3,53,0,44
2011,9,37,Patrick Wolf,1,6,0,1
2011,9,37,Margaret Howell,1,256,1,79
2011,9,37,Neal Ascherson,1,109,1,42
2011,9,37,Akin Ojumu,1,52,1,45
2011,9,37,Tim Lewis,1,40,1,10
2011,9,37,Olivia Laing,1,18,0,10
2011,9,37,Kristen Treen,1,16,0,6
2011,9,37,Rachel Cooke,1,7,0,2
2011,9,37,Dave Gelly,1,0,0,8
2011,9,37,Phil Mongredien,1,2,0,3
2011,9,37,Tom Lamont,1,34,0,7
2011,9,37,Fiona Maddocks,3,19,0,25
2011,9,37,Jay Rayner,1,21,1,29
2011,9,37,Anthony Cummins,1,1,0,6
2011,9,37,Mark Kermode,1,42,0,13
2011,9,37,Mariella Frostrup,1,1,0,8
2011,9,37,Euan Ferguson,1,9,0,4
2011,9,37,Will Freeman,1,1,0,8
2011,9,37,Chris Schilling,1,6,1,8
2011,9,37,Eva Wiseman,2,113,1,26
2011,9,37,Toby Moses,1,0,0,30
2011,9,37,Molloy Woodcraft,1,5,0,5
2011,9,37,Penny Vincenzi,1,2,0,18
2011,9,37,Elizabeth Day,1,38,0,35
2011,9,37,Shahesta Shaitly,1,1,0,16
2011,9,37,Aaron Hicklin,1,1017,4,49
2011,9,37,Laura Cumming,1,59,1,10
2011,9,37,Katharine Whitehorn,1,1,1,0
2011,9,37,Luke Bainbridge,1,65,1,25
2011,9,37,Kitty Empire,3,56,0,31
2011,9,37,Lucy Siegle,1,6,0,35
2011,9,37,Megan Conner,1,186,0,63
2011,9,37,Dalya Alberge,1,40,2,13
2011,9,37,Jo Jones,1,0,0,1
2011,9,37,Carole Cadwalladr,1,8244,68,392
2011,9,37,William Skidelsky,1,10,0,12
2011,9,37,Grace Harper,1,239,9,174
2011,9,37,Nicholas Kenyon,1,6,0,6
2011,9,37,Phil Hogan,1,5,0,12
2011,9,37,Interview by Ian Tucker,1,5,0,49
2011,9,37,William Keegan,1,4,0,4
2011,9,37,Andrew Rawnsley,2,121,0,59
2011,9,37,Luke Jennings,1,8,0,11
2011,9,37,Interview by Euan Ferguson,1,32,0,12
2011,9,37,Dan Cruickshank,1,3,0,5
2011,9,37,Lara Fiegel,1,5,0,1
2011,9,37,Dr Philip Howes,1,74,2,59
2011,9,37,Ian Birrell,1,10,0,27
2011,9,37,Kate Kellaway,1,8,0,5
2011,9,37,Susannah Clapp,1,9,1,13
2011,9,37,John Naughton,1,38,3,237
2011,9,37,Viv Groskop,1,313,1,104
2011,9,37,Christian Sylt,1,15,0,34
2011,9,37,Will Hutton,1,370,2,79
2011,9,37,Vanessa Thorpe,1,100,2,62
2011,9,37,arts,1,100,2,62
2011,9,37,Kevin McKenna,1,4,0,16
2011,9,37,Catherine Bennett,1,25,0,23
2011,9,37,Isabel Hilton,1,35,0,45
2011,9,37,Charleyxo,1,0,0,11
2011,9,37,Brendan Fanning at Stadium Taranaki,1,32,0,12
2011,9,37,Rob Smyth (India innings),1,2,0,22
2011,9,37,Alan Gardner (Engl,1,2,0,22
2011,9,37,innings),1,2,0,22
2011,9,37,Mike Averis at the Wellington Regional Stadium,1,28,0,14
2011,9,37,Andrew Copson,1,327,2,73
2011,9,37,Jonny Weeks,2,24,0,18
2011,9,37,Julie Bindel,1,11,0,26
2011,9,37,Adam Gabbatt,1,157,1,55
2011,9,37,Omar Benhalim,1,90,0,24
2011,9,37,Stephen Reid,1,902,0,52
2011,9,37,Erica Jeal,1,11,1,20
2011,9,37,Introduction by Ed Pilkington,1,0,0,0
2011,9,37,Yves Engler,1,273,4,85
2011,9,37,Russell Kempson at St Andrew's,1,18,0,11
2011,9,37,John Ashdown at Carrow Road,1,6,0,20
2011,9,37,Miriam Elder,2,57,0,72
2011,9,37,Riazat Butt,1,16,0,21
2011,9,37,Dominic Fifield at Craven Cottage,1,5,0,16
2011,9,37,Greg Wood at Longchamp,1,0,0,6
2011,9,37,Roger Simpson,1,18,0,5
2011,9,37,Catherine Clarke,1,0,0,0
2011,9,37,Andrew Phillip Smith,1,19,0,1
2011,9,37,Anthony Hayward,1,3,0,11
2011,9,37,Stephen Chan,1,1,0,3
2011,9,37,Brian Baxter,1,28,0,29
2011,9,37,Chris Elliott,1,3,0,19
2011,9,37,Richard Rae at Adams Park,1,10,0,9
2011,9,37,Charlie Brooker,1,1740,51,331
2011,9,37,Yvette Cooper,1,19,0,28
2011,9,37,Patrick Barkham,1,87,6,28
2011,9,37,Rachel Roberts,1,6,0,35
2011,9,37,Patrick Kingsley,1,53,0,30
2011,9,37,Alistair Darling,1,13,0,26
2011,9,37,Cherry Wilson,3,53,0,73
2011,9,37,David Hopps at Lord's,2,11,0,18
2011,9,37,Jackie Ashley,1,24,0,19
2011,9,37,Mike Selvey at Lord's,1,5,0,11
2011,9,37,Flora Bagenal,2,70,0,94
2011,9,37,Sarah Dempster,1,0,0,7
2011,9,37,Interview by Eric Hilaire,1,7,2,19
2011,9,37,Paul Rees at Wellington Regional Stadium,1,12,0,10
2011,9,37,Murithi Mutiga,1,22,0,22
2011,9,37,Joe Moran,1,28,1,68
2011,9,37,Jeremy Alexander at Home Park,1,13,0,11
2011,9,37,Daniel Taylor at the Etihad Stadium,1,14,0,18
2011,9,37,Kevin McCarra at the Emirates Stadium,1,25,1,29
2011,9,37,Andy Hunter at Goodison Park,1,1,0,7
2011,9,37,Tim Glanfield,1,0,0,23
2011,9,37,Paul Brown,1,1,0,20
2011,9,37,Ben Jennings,1,10,0,14
2011,9,37,Presented by Alok Jha,1,16,0,35
2011,9,37,with Ian Sample,1,16,0,35
2011,9,37,Charlie Skelton,1,70,1,14
