year,month,week,name,articles,facebook,googleplus,twitter
2011,8,35,Kevin Mitchell,13,60,0,144
2011,8,35,Martin Chulov,11,1158,16,445
2011,8,35,,2,744,6,128
2011,8,35,Chris Stephen,9,1093,12,411
2011,8,35,Rupert Scofield,1,26,1,54
2011,8,35,Matilda Beach,1,8815,1,51
2011,8,35,Jonathan Glennie,3,313,3,95
2011,8,35,Andrew Sparrow,10,743,12,462
2011,8,35,Mark Sweney,23,441,7,1256
2011,8,35,Julia Kollewe,17,260,5,464
2011,8,35,Charles Arthur,21,3244,120,3622
2011,8,35,Associated Press,34,3379,35,1348
2011,8,35,Sarah Hartley,2,16,1,29
2011,8,35,Matthew Weaver,5,837,17,1381
2011,8,35,Paul Owen,7,1324,22,1607
2011,8,35,David Batty,5,863,15,950
2011,8,35,GrrlScientist,5,114,5,68
2011,8,35,Mark Say,10,19,1,117
2011,8,35,Penny Woods,1,25,1,127
2011,8,35,Gregg Roughley,1,25,1,127
2011,8,35,Ian McCourt,1,25,1,127
2011,8,35,Evan Fanning,1,25,1,127
2011,8,35,Nick Spencer,1,23,0,27
2011,8,35,Roy Greenslade,10,76,5,282
2011,8,35,Frances Booth,1,90,0,50
2011,8,35,Dominic Miller,1,9,0,28
2011,8,35,Keith Cooper,1,11,0,35
2011,8,35,Nour Ali,5,1565,8,624
2011,8,35,Press Association,118,7895,22,3517
2011,8,35,Dick Vinegar,1,5,0,12
2011,8,35,Cheeky,1,1,0,10
2011,8,35,Barry Glendenning,7,367,2,196
2011,8,35,Josh Halliday,18,2906,88,2899
2011,8,35,Reuters,28,1913,22,1096
2011,8,35,Bella Mackie,5,6,0,25
2011,8,35,Caroline Lucas,1,261,0,108
2011,8,35,Jenny Jones,1,261,0,108
2011,8,35,Jo Khinmaung,1,123,1,35
2011,8,35,Alex Hawkes,9,1078,4,331
2011,8,35,James Hopkin,1,1913,14,154
2011,8,35,Riazat Butt,3,195,0,89
2011,8,35,Rob Smyth (morning session),1,19,1,53
2011,8,35,Alan Gardner (afternoon session),1,19,1,53
2011,8,35,Carol Rumens,1,40,0,17
2011,8,35,Brian Whitaker,2,228,2,64
2011,8,35,Michael MacLeod,9,483,7,219
2011,8,35,The question,1,4,0,20
2011,8,35,Jemima Kiss,11,571,40,1328
2011,8,35,Richard Sprenger,13,659,6,173
2011,8,35,Sean Michaels,7,741,10,328
2011,8,35,John Plunkett,14,2005,14,725
2011,8,35,Frédéric Filloux,1,9,0,41
2011,8,35,Keith Stuart,14,243,16,643
2011,8,35,Richard Barnish,1,0,0,1
2011,8,35,David Cox,2,108,2,48
2011,8,35,Dave Hill,8,151,0,147
2011,8,35,Michael Cragg,7,33294,13,409
2011,8,35,Bella Bathurst,1,0,0,8
2011,8,35,Lizzy Davies,11,670,7,278
2011,8,35,Nigel Seaton,1,0,0,3
2011,8,35,Gill Hitchcock,3,5,0,36
2011,8,35,Ben Child,10,777,7,309
2011,8,35,Debbie Andalo,1,24,1,30
2011,8,35,George Hall,3,67,0,24
2011,8,35,Matthew Pennycook,1,105,0,33
2011,8,35,Agencies,15,2758,61,1035
2011,8,35,Michael Cox,1,19,0,102
2011,8,35,Alex Healey,2,87,2,17
2011,8,35,Andrew Dickson,5,165,2,51
2011,8,35,Monkey,13,107,4,308
2011,8,35,Sade Laja,3,3,0,58
2011,8,35,Blair McPherson,1,1,0,9
2011,8,35,Mark King,13,147,2,449
2011,8,35,Polly Curtis,17,4014,24,2209
2011,8,35,Helienne Lindvall,2,180,0,84
2011,8,35,Megan Clarke,1,5,0,16
2011,8,35,Patrick Butler,5,7,0,14
2011,8,35,Ally Carnwath,2,21,2,33
2011,8,35,Albert Radcliffe,1,17,1,23
2011,8,35,Jessica Shepherd,6,257,8,347
2011,8,35,Chris Cook,3,2,0,28
2011,8,35,Jean-Louis Gassée,1,7,4,57
2011,8,35,Jonathan Jones,9,1042,8,458
2011,8,35,Michael White,4,49,2,169
2011,8,35,By <a href="http://www.irinnews.org/" title="">IRIN</a>,1,24,0,42
2011,8,35,part of the <a href="http://www.guardian.co.uk/global-development/series/guardian-development-network" title="">Guardian development network</a>,1,24,0,42
2011,8,35,Alan Connor,2,60,1,61
2011,8,35,guardian.co.uk/music,2,220,4,62
2011,8,35,Heidi Stephens,1,14,0,15
2011,8,35,Diana VerdeNieto for <a href="http://www.guardian.co.uk/guardian-professional" title="">Guardian Professional Network</a>,1,146,0,83
2011,8,35,Rosie Swash,4,886,1,219
2011,8,35,Suvendrini Kakuchi,1,155,0,97
2011,8,35,part of the <a href="http://www.guardian.co.uk/environment/network">Guardian Environment Network</a>,2,952,5,369
2011,8,35,Corrections,6,0,0,8
2011,8,35,David Cameron,1,31,0,17
2011,8,35,Helen Carter,9,1196,6,573
2011,8,35,Raphael Honigstein,1,20,0,8
2011,8,35,Richard Stallman,1,164,80,262
2011,8,35,Charlotte Higgins,9,4173,25,777
2011,8,35,chief arts writer,5,3482,22,490
2011,8,35,Robin Hough,1,20,0,23
2011,8,35,Helen Pidd,7,2306,17,324
2011,8,35,Open thread,5,180,1,147
2011,8,35,Jeremy Kay,1,1,1,14
2011,8,35,Isabel Choat,2,32,0,43
2011,8,35,Sam Jordison,2,45,1,34
2011,8,35,Rosie Bristow for the <a href="http://www.guardian.co.uk/guardian-professional" title="Guardian Professional Network">Guardian Professional Network</a>,1,19,0,39
2011,8,35,Jon Butterworth,3,471,17,105
2011,8,35,Henry Barnes,6,527,7,108
2011,8,35,Richard M Kavuma,1,111,0,60
2011,8,35,Jonathan Steele,1,34,1,10
2011,8,35,Luke Harding,14,1849,18,830
2011,8,35,agencies,23,4138,51,1471
2011,8,35,Michael Billington,2,104,0,35
2011,8,35,Claire Armitstead,4,187,1,95
2011,8,35,Sarah Crown,5,225,3,114
2011,8,35,Francesca Panetta,1,31,1,16
2011,8,35,Dr Petroc Sumner,1,342,11,170
2011,8,35,Dr Frederic Boy,1,342,11,170
2011,8,35,Dr Chris Chambers,1,342,11,170
2011,8,35,David Shariatmadari,1,109,0,91
2011,8,35,Alice Salfield,2,421,1,138
2011,8,35,Christian Bennett,1,109,0,91
2011,8,35,Owen Gibson,15,1310,6,547
2011,8,35,Patrick Foster,3,219,5,204
2011,8,35,Paul MacInnes,7,85,2,87
2011,8,35,Daniel Bettridge,1,45,0,9
2011,8,35,Nushin Arbabzadah,1,17,0,6
2011,8,35,Steven Morris,9,1247,18,400
2011,8,35,Guardian Healthcare,3,13,1,92
2011,8,35,ChristopherW,2,12,0,11
2011,8,35,Charley McKenzie,2,77,1,94
2011,8,35,Richard Wolff,1,243,2,52
2011,8,35,Stuart Dredge,8,76,7,479
2011,8,35,John Harris,2,545,7,360
2011,8,35,Julia Langdon,2,2,0,14
2011,8,35,Garry Blight,3,3455,21,1096
2011,8,35,Alastair Dant,1,3203,9,852
2011,8,35,Matt Wells,4,4007,12,1103
2011,8,35,Hilary Osborne,1,2,0,12
2011,8,35,Harriet Sherwood,8,1664,21,624
2011,8,35,Robert Holtum for <a href="http://ourworld.unu.edu/en/">OurWorld 2.0</a>,1,135,2,65
2011,8,35,part of the <a href="http://www.guardian.co.uk/environment/series/guardian-environment-network">Guardian Environment Network</a>,3,374,4,270
2011,8,35,Allegra Stratton,10,1096,14,461
2011,8,35,Guardian Government Computing,2,1,0,21
2011,8,35,Kevin McCarra,4,154,0,291
2011,8,35,Owen Bowcott,2,75,1,74
2011,8,35,Jo Adetunji,5,290,2,278
2011,8,35,Andrew Clements,8,8,1,61
2011,8,35,Miguel-Anxo Murado,1,158,1,35
2011,8,35,David Hopps at The Oval,2,25,1,23
2011,8,35,Alan Penny,1,384,2,54
2011,8,35,Sophie Nield,1,58,1,24
2011,8,35,Dominic Rushe,11,1582,24,775
2011,8,35,Kate Carter,3,490,1,187
2011,8,35,Maggoty Lamb,1,83,1,40
2011,8,35,Paul Doyle,7,93,0,276
2011,8,35,Amanda Feldman,1,23,0,53
2011,8,35,Charmian Love for <a href="http://www.guardian.co.uk/guardian-professional" title="">Guardian Professional Networks</a>,1,23,0,53
2011,8,35,Fiona Harvey,3,341,4,250
2011,8,35,Chris Buxton,1,0,0,2
2011,8,35,Anne Seller,1,15,1,12
2011,8,35,Presented by James Richardson,2,37,1,46
2011,8,35,produced by Matt Hill,2,37,1,46
2011,8,35,Peter Vacher,1,6,0,16
2011,8,35,Carine Minne,1,12,0,14
2011,8,35,Matthias von der Tann,1,12,0,14
2011,8,35,Kim Willsher,5,1392,10,237
2011,8,35,Ruth Jamieson,1,309,6,178
2011,8,35,Ian Sample,5,3664,60,589
2011,8,35,Mark Goodall,1,128,1,44
2011,8,35,Ami Sedghi,3,120,2,127
2011,8,35,Sarah Marsh,2,110,3,76
2011,8,35,Hannah Freeman,1,0,0,9
2011,8,35,Ewan Morrison,1,2525,99,974
2011,8,35,Sarah Boseley,2,634,11,174
2011,8,35,Justin McCurry,4,566,9,290
2011,8,35,in Tokyo,1,286,5,129
2011,8,35,Stewart J Lawrence,2,87,3,81
2011,8,35,Steve Boxer,1,23,0,54
2011,8,35,Sami Abdel-Shafi,1,56,1,25
2011,8,35,Paul Lester,6,292,0,143
2011,8,35,Marc Abrahams,1,371,7,82
2011,8,35,Dan Sabbagh,9,554,9,711
2011,8,35,Jane Kinninmont,1,39,1,30
2011,8,35,Brian Logan,15,267,0,77
2011,8,35,James Smart,1,73,0,11
2011,8,35,Saeed Kamali Dehghan,5,1130,8,274
2011,8,35,Sid Lowe,3,268,3,202
2011,8,35,Rupert Neate,5,514,6,336
2011,8,35,Peter Walker,10,1290,10,520
2011,8,35,Greg Wood,9,31,0,74
2011,8,35,Tom Kington,8,1572,22,386
2011,8,35,Mark Weisbrot,1,165,3,75
2011,8,35,Haiti,1,165,3,75
2011,8,35,Sam Jones,5,110,4,122
2011,8,35,Christine Oliver,2,207,12,246
2011,8,35,Mark Tran,7,471,5,249
2011,8,35,Tom Bawden,8,256,0,138
2011,8,35,Mark Brown,5,1036,11,267
2011,8,35,Stephen Bates,3,178,2,140
2011,8,35,Estelle Morris,1,31,0,76
2011,8,35,Andrew Brown,1,19,1,15
2011,8,35,Brendan Fanning,3,4,1,38
2011,8,35,Anne McIlroy,1,385,1,20
2011,8,35,Dan Milmo,6,563,1,215
2011,8,35,Robert Booth,4,404,3,193
2011,8,35,Louise Tickle,2,113,0,94
2011,8,35,Lucy Tobin,2,37,0,90
2011,8,35,Giles Tremlett,2,291,17,98
2011,8,35,Simon Bowers,3,583,0,83
2011,8,35,Robert Kitson,6,40,0,75
2011,8,35,Mike Averis,5,123,3,78
2011,8,35,Jason Burke,2,1392,11,206
2011,8,35,Elisabeth Mahoney,5,5,0,61
2011,8,35,Tania Branigan,6,1407,28,863
2011,8,35,Julian Borger,11,739,11,533
2011,8,35,Richard Norton-Taylor,8,739,13,460
2011,8,35,Zoë Corbyn,1,80,1,38
2011,8,35,Phillip Inman,9,193,1,192
2011,8,35,Leo Hickman,4,1750,40,452
2011,8,35,Hisham Matar,1,509,4,46
2011,8,35,Tim Dowling,2,39,0,35
2011,8,35,Andy Wilson,9,3,0,66
2011,8,35,Richard Rae at Trent Bridge,1,0,0,3
2011,8,35,Paul Rees,2,10,0,22
2011,8,35,Paul Weaver at The Oval,2,37,1,22
2011,8,35,Vic Marks at The Oval,1,30,1,10
2011,8,35,Huma Qureshi,2,11110,10,290
2011,8,35,Luisa Dillner,1,67,1,53
2011,8,35,Gabriel Weston,1,13,0,26
2011,8,35,Patrick Kingsley,2,1838,10,270
2011,8,35,Polly Toynbee,2,478,1,194
2011,8,35,John Crace,5,42,1,66
2011,8,35,Editorial,21,1668,12,756
2011,8,35,Sam Wollaston,4,134,0,62
2011,8,35,Dominic Fifield,8,613,0,370
2011,8,35,Ronan Bennett,1,1,0,10
2011,8,35,Daniel King,1,1,0,10
2011,8,35,As told to Patrick Kingsley,1,3,0,10
2011,8,35,Xan Brooks,5,535,6,141
2011,8,35,Colin Horgan,1,266,3,45
2011,8,35,George Monbiot,1,1484,10,441
2011,8,35,Pauline Pearce,1,81,0,15
2011,8,35,Ewan Murray,3,5,1,28
2011,8,35,Jack Shenker,2,172,3,82
2011,8,35,Daniel Taylor at Old Trafford,3,466,3,491
2011,8,35,Daniel Taylor,5,660,6,421
2011,8,35,Andy Hunter,9,1577,2,639
2011,8,35,Interview by Sarah Phillips,1,25,1,12
2011,8,35,Hugh Muir,6,375,1,74
2011,8,35,Donald McRae,2,37,0,53
2011,8,35,Phelim O'Neill,6,26,0,67
2011,8,35,Andrew Mueller,4,22,0,50
2011,8,35,Rebecca Nicholson,4,412,1,56
2011,8,35,Gwilym Mumford,3,112,0,89
2011,8,35,Ben Arnold,3,12,0,26
2011,8,35,Rachel Vince (MeteoGroup),1,0,0,9
2011,8,35,John Vallins,1,0,0,29
2011,8,35,Richard Williams,4,129,2,122
2011,8,35,Bob Moran,2,41,0,50
2011,8,35,Richard Williams at Old Trafford,2,149,0,191
2011,8,35,Oscar Tollast,1,61,0,35
2011,8,35,Eifion Rees,1,10,0,7
2011,8,35,Randeep Ramesh,9,1976,14,546
2011,8,35,Kevin McCarra at Old Trafford,2,973,8,1085
2011,8,35,James Robinson,8,2856,100,1669
2011,8,35,David Hytner,9,1101,5,578
2011,8,35,Rachel Williams,1,518,0,125
2011,8,35,Josh Layton,1,184,0,62
2011,8,35,Chris McGreal,4,627,9,208
2011,8,35,Anne Daguerre,1,81,1,42
2011,8,35,Ian Joseph,1,13,0,42
2011,8,35,Julie Harris,1,32,0,78
2011,8,35,François Thérin,1,17,0,17
2011,8,35,Roz Kaveney,1,60,4,56
2011,8,35,Abigail Davies,1,2,0,43
2011,8,35,David Smith,7,1189,11,515
2011,8,35,Ben Whitelaw,3,12,0,91
2011,8,35,Garath Symonds,1,12,0,20
2011,8,35,Imogen Fox,8,171,1,191
2011,8,35,Lottie Longshanks,1,10,0,12
2011,8,35,Elif Shafak,1,361,2,47
2011,8,35,Graeme Wearden,8,924,21,682
2011,8,35,Scott Murray,8,157,2,373
2011,8,35,Ben Bollig,1,24,0,31
2011,8,35,Oliver Thring,1,42,1,31
2011,8,35,Allan Jenkins,1,1,0,14
2011,8,35,David Miller,1,110,0,47
2011,8,35,Dana Nuccitelli for <a href="http://www.skepticalscience.com/">Skeptical Science</a>,1,797,5,272
2011,8,35,Sophie Atherton,1,92,2,134
2011,8,35,Rebecca Smithers,1,92,2,134
2011,8,35,Allison Ogden-Newton,2,9,0,77
2011,8,35,Carmen Heffernan,1,451,4,66
2011,8,35,Edwin Hasler,1,85,0,12
2011,8,35,Richard Rae,5,2,0,48
2011,8,35,Richard Gibson,3,0,0,33
2011,8,35,James Barker,1,3,0,10
2011,8,35,Leon Kaye for the Guardian Professional Network,1,6,0,17
2011,8,35,Paul Hoggart,1,63,0,21
2011,8,35,Lyn Gardner,12,417,1,86
2011,8,35,Louise Bazalgette,1,21,0,41
2011,8,35,Kate Molleson,4,28,0,31
2011,8,35,AL Kennedy,1,104,1,52
2011,8,35,Josie Long,1,63,0,13
2011,8,35,Fuel,1,63,0,13
2011,8,35,Jonathan Watts,6,1768,40,2380
2011,8,35,Carlene Firmin,1,24,0,21
2011,8,35,Martin Wainwright,2,76,1,52
2011,8,35,Adam Gabbatt,5,2585,8,414
2011,8,35,Larry Elliott,5,208,3,214
2011,8,35,Alaa al-Ameri,1,55,1,35
2011,8,35,Aison Flood,1,31,3,27
2011,8,35,John Ashdown,4,470,2,149
2011,8,35,Philip Ardagh,1,16,0,23
2011,8,35,Alison Cole for the <a href="http://blog.soros.org/" title="">Open Society Blog</a>,1,86,0,23
2011,8,35,part of the <a href="http://www.guardian.co.uk/legalnetwork" title="">Guardian Legal Network</a>,1,86,0,23
2011,8,35,Judy Friedberg,3,25,0,39
2011,8,35,Tim Jonze,4,193,0,96
2011,8,35,Laila Ali,1,191,0,14
2011,8,35,Kathy Sweeney,1,142,1,18
2011,8,35,Adam Williams,1,184,1,56
2011,8,35,Rob Smyth,10,16507,23,412
2011,8,35,Charles Gant,1,51,1,68
2011,8,35,Becky Malby,1,15,0,23
2011,8,35,Irwin Turbitt,1,15,0,23
2011,8,35,Alison Flood,9,8217,51,632
2011,8,35,Caroline Cosgrove,1,59,1,16
2011,8,35,Andrea Booth,1,120,4,86
2011,8,35,Amy Fleming,2,39,0,61
2011,8,35,Neil Willis,1,3,0,9
2011,8,35,Julien Bouissou,1,65,1,39
2011,8,35,Philippe Dagen,1,5,0,10
2011,8,35,Claudia Courtois,1,52,2,70
2011,8,35,James Gard,2,2,0,16
2011,8,35,Benedict Hayes,1,39,0,47
2011,8,35,Patrik Sampler,1,55,2,30
2011,8,35,Julia Raeside,4,1173,1,114
2011,8,35,Felicity Heywood,1,221,0,50
2011,8,35,Guardian Fashion,1,1,0,12
2011,8,35,Steve Davey,1,125,3,14
2011,8,35,Phil Hoad,1,7,1,32
2011,8,35,Max Lawson,1,617,3,122
2011,8,35,Rosie Scammell,1,31,0,20
2011,8,35,zootycoon346,1,0,0,6
2011,8,35,Richard Lea,3,207,0,23
2011,8,35,Charlotte Nathan,1,116,1,120
2011,8,35,Susan Lerner,1,115,1,34
2011,8,35,Dave Laing,1,39,1,38
2011,8,35,Jim Falzarano,1,7,1,6
2011,8,35,Sean O'Hagan,2,299,11,199
2011,8,35,Jonathan Fenby,1,37,2,51
2011,8,35,Eliza Anyangwe,3,131,2,71
2011,8,35,Hadley Freeman,3,1595,6,291
2011,8,35,Eleanor Turney,1,76,0,96
2011,8,35,Bob Stanley,2,164,0,89
2011,8,35,Chris Bryant,1,148,0,65
2011,8,35,Ben Dowell,3,86,2,260
2011,8,35,Andrew Zak Williams,1,349,2,241
2011,8,35,Presented by Aleks Krotoski,1,11,2,123
2011,8,35,produced by Scott Cawley,4,56,6,306
2011,8,35,Ben Quinn,3,863,6,491
2011,8,35,Göran Persson,1,75,1,64
2011,8,35,Janet Ranganathan for the <a href="http://www.guardian.co.uk/guardian-professional" title="Guardian Professional Network">Guardian Professional Network</a>,1,75,1,64
2011,8,35,Paddy Allen,3,534,5,221
2011,8,35,Alison Rourke,1,28,0,11
2011,8,35,Simon Chilvers,1,27,1,27
2011,8,35,Juliette Garside,4,114,5,407
2011,8,35,Steve Negus for <a href="http://www.arabist.net/" title="The Arabist">the Arabist</a>,1,10,1,9
2011,8,35,part of the <a href="http://www.guardian.co.uk/commentisfree/series/guardian-comment-network" title="Guardian Comment Network">Guardian Comment Network</a>,2,186,1,52
2011,8,35,James McMahon,1,87,0,82
2011,8,35,People's panel,1,17,0,15
2011,8,35,Peter Reason,1,64,1,25
2011,8,35,Paul Harris,6,1208,5,362
2011,8,35,Sandra Laville,7,610,2,204
2011,8,35,Martin Woollacott,2,20,1,23
2011,8,35,Suhit Sen,1,147,1,16
2011,8,35,Constanze Letsch,2,2303,4,161
2011,8,35,Lucy Lamble,1,11,1,18
2011,8,35,Shiv Malik,5,1139,8,337
2011,8,35,Ian Gittins,1,398,0,51
2011,8,35,Susan Ward Davies,1,19,0,21
2011,8,35,Patrick Barkham,2,661,4,181
2011,8,35,Rick Jones,1,24,0,24
2011,8,35,Simon Goodley,4,302,2,113
2011,8,35,Stuart Walton,1,51,0,34
2011,8,35,Richard Gibson at Headingley,3,28,0,6
2011,8,35,Andy Wilson at Trent Bridge,2,0,0,6
2011,8,35,Simon Jenkins,2,1162,7,134
2011,8,35,Harry Venning,1,0,0,0
2011,8,35,Victoria Coren,1,0,0,13
2011,8,35,Alexandra Topping,2,159,1,104
2011,8,35,Nancy Banks-Smith,1,36,0,21
2011,8,35,Laura Barton,3,313,1,88
2011,8,35,Severin Carrell,4,292,1,136
2011,8,35,Hannah Pool,1,63,0,26
2011,8,35,Suzanne Goldenberg,8,4575,22,946
2011,8,35,Damian Carrington,4,2016,21,508
2011,8,35,David Hopps,3,15,0,31
2011,8,35,Charlotte Higgiins,1,9,0,18
2011,8,35,David Conn,3,907,11,507
2011,8,35,Richard Rae at Northampton,3,0,0,15
2011,8,35,Dominic Fifield at the Amex Community Stadium,1,101,0,20
2011,8,35,Jonathan Wright,2,1,0,5
2011,8,35,John Robinson,2,32,0,15
2011,8,35,Martin Skegg,4,10,0,42
2011,8,35,Paul Evans,1,3,0,20
2011,8,35,Paul Simons,1,22,0,30
2011,8,35,Simon Tisdall,1,167,1,21
2011,8,35,Phil Disley,1,14,0,15
2011,8,35,Alan Travis,3,281,4,170
2011,8,35,Neil McInroy,1,1,0,47
2011,8,35,Matthew Caines,1,11,0,32
2011,8,35,George Bouras,2,28,0,74
2011,8,35,Paul Doyle at Loftus Road,1,7,0,10
2011,8,35,Sean Smith,2,50,1,36
2011,8,35,Russell Kempson at Villa Park,1,4,0,12
2011,8,35,Niall Smith,1,13,0,27
2011,8,35,Noa Burger,1,21,0,38
2011,8,35,Virginia Wallis,2,2,0,55
2011,8,35,Ellie Mae O'Hagan,1,238,0,55
2011,8,35,Jorren Knibbe,1,33,0,49
2011,8,35,Rick Rowden,1,55,0,7
2011,8,35,Dan Crow,1,26,4,96
2011,8,35,John Vidal,3,439,1,245
2011,8,35,Andrew Copson,1,96,2,44
2011,8,35,Neil Tipton,1,0,0,30
2011,8,35,Nick Morrison,1,1,0,8
2011,8,35,Linda Woodward,1,4,0,16
2011,8,35,Butterfly Rainbow,2,0,0,14
2011,8,35,Sally Whittle,1,5,0,25
2011,8,35,Alix Green,1,0,0,21
2011,8,35,Matthew Adams,1,28,1,35
2011,8,35,Noah Payne-Frank,1,55,1,7
2011,8,35,Mohamed Salem,1,245,1,40
2011,8,35,Catherine Shoard,3,98,0,28
2011,8,35,Erica Jeal,2,10,0,18
2011,8,35,Agnès Poirier,1,276,5,108
2011,8,35,Imogen Russell Williams,1,149,1,50
2011,8,35,Andrew Raingold for the <a href="http://www.guardian.co.uk/guardian-professional" title="Guardian Professional Network">Guardian Professional Network</a>,1,5,0,40
2011,8,35,Kate McCann,3,53,0,73
2011,8,35,Natalie Bennett,1,1,0,1
2011,8,35,Michael D. Lemonick for <a href="http://www.climatecentral.org/">Climate Central</a>,1,70,2,49
2011,8,35,part of the <a href="http://www.guardian.co.uk/environment/network" title="Guardian Environment Network">Guardian Environment Network</a>,2,495,8,225
2011,8,35,Omar Benhalim,1,101,1,5
2011,8,35,Will Hayler,6,11,0,56
2011,8,35,Stuart Clark,1,12,0,17
2011,8,35,Tim Chester,1,161,2,37
2011,8,35,Teju Cole,1,236,2,120
2011,8,35,Chudi Onwuazor,1,61,0,18
2011,8,35,Andy Bull,11,515,7,180
2011,8,35,Amy Goodman,1,248,0,151
2011,8,35,Stuart Heritage,6,397,4,141
2011,8,35,Peter Sale,1,36,0,12
2011,8,35,Jim Powell,1,36,0,12
2011,8,35,Nicola Clark,1,31,0,24
2011,8,35,Kamila Shamsie,1,42,0,21
2011,8,35,Jenny Turner,1,21,1,8
2011,8,35,Matthew Kelly,1,37,0,33
2011,8,35,Martin Belam,1,0,1,0
2011,8,35,Presented by John Mullan,1,151,2,19
2011,8,35,produced by Iain Chambers,1,151,2,19
2011,8,35,Groovy Dhruv,1,7,0,4
2011,8,35,Henry McDonald,3,17,1,69
2011,8,35,Irel,3,17,1,69
2011,8,35,Tony Naylor,1,541,1,10
2011,8,35,Guy Dammann,1,5,0,13
2011,8,35,Janine di Giovanni,1,52,1,21
2011,8,35,Peter Bradshaw,5,1006,7,112
2011,8,35,Michelle Pauli,1,10,0,5
2011,8,35,Chris Salmon,1,13,7,51
2011,8,35,Rob Evans,1,2,0,9
2011,8,35,Dan Gillmor,1,59,12,91
2011,8,35,Angela Hartnett,1,220,5,25
2011,8,35,Jonathan Franklin,1,9025,37,398
2011,8,35,Ashok Bery,1,272,1,12
2011,8,35,John Elkington for the <a href="http://www.guardian.co.uk/guardian-professional" title="Guardian Professional Network">Guardian Professional Network</a>,1,17,0,22
2011,8,35,Christopher Kinch,1,8,0,14
2011,8,35,David Mills,1,2,0,10
2011,8,35,Jon Ronson,1,93,3,53
2011,8,35,Lucy Greenwell,1,93,3,53
2011,8,35,Remy Lamont,1,93,3,53
2011,8,35,Dan Martin,4,216,4,89
2011,8,35,Alex Warren,1,30,0,8
2011,8,35,Scotl,2,144,0,54
2011,8,35,Sally Panter,1,0,0,0
2011,8,35,Sally Kohn,1,271,4,57
2011,8,35,Robert Cruickshank,1,10,0,0
2011,8,35,Jeevan Vasagar,5,245,1,192
2011,8,35,Shaun Spiers,1,31,0,9
2011,8,35,Graham Benson,1,4,0,0
2011,8,35,Chris Hearn,1,2,1,5
2011,8,35,Kate Sheppard,1,65,1,34
2011,8,35,Laura Oliver,3,31,0,80
2011,8,35,Caroline Sullivan,2,9,0,29
2011,8,35,Matthew Sweet,1,134,0,16
2011,8,35,Kit Gillet,1,53,1,11
2011,8,35,Louise Taylor,5,113,2,63
2011,8,35,Alok Jha,2,6386,98,828
2011,8,35,Mark Thompson,1,196,0,83
2011,8,35,Ewen MacAskill,2,282,3,37
2011,8,35,Amanda Marcotte for <a href="http://pandagon.net/">Pandagon</a>,1,801,7,151
2011,8,35,part of the <a href="http://www.guardian.co.uk/commentisfree/series/guardian-comment-network">Guardian Comment Network</a>,1,801,7,151
2011,8,35,Zoe Wood,3,94,0,50
2011,8,35,Deborah Orr,4,137,3,143
2011,8,35,Tom Meltzer,2,572,3,91
2011,8,35,Heather Brooke,1,437,53,411
2011,8,35,Amro Hassan,1,0,0,0
2011,8,35,Christopher Stephen,1,37,0,10
2011,8,35,Pete Cashmore,1,31,0,46
2011,8,35,Brian Unwin,1,4,1,1
2011,8,35,Dorian Lynskey,1,371,3,105
2011,8,35,Sarah Phillips,1,279,1,111
2011,8,35,Dominic Rushe New York,1,8,1,3
2011,8,35,in Tripoli,1,6,0,4
2011,8,35,Emine Saner,1,1145,3,75
2011,8,35,Zoe Williams,2,78,3,42
2011,8,35,Richard Norton Taylor,1,36,0,7
2011,8,35,Mark Lawson,1,6,1,18
2011,8,35,Paul Lewis,3,645,48,922
2011,8,35,James Ball,3,645,48,922
2011,8,35,John Burn-Murdoch,1,176,11,228
2011,8,35,Michael Robinson,1,176,11,228
2011,8,35,Stuart James at St James Park,1,26,0,12
2011,8,35,Kevin McCarra at Stadio Friuli,1,81,0,11
2011,8,35,Everett True,1,1070,5,160
2011,8,35,Zia Mahmood,1,14,0,1
2011,8,35,Seumas Milne,1,1469,4,134
2011,8,35,Andy Hunter at Goodison Park,1,3,0,7
2011,8,35,Tim Rich at Ewood Park,1,2,0,6
2011,8,35,David Hytner at Stadio Friuli,2,52,0,45
2011,8,35,Jon Boone,1,55,1,31
2011,8,35,Stuart James,1,0,0,5
2011,8,35,Leo Benedictus,1,13,0,18
2011,8,35,Shashank Joshi,2,30,0,37
2011,8,35,Marina Hyde,4,325,3,154
2011,8,35,Ali Catterall,2,9,0,22
2011,8,35,Jeremy Plester,1,5,0,1
2011,8,35,Ray Collier,1,21,0,9
2011,8,35,Nick Hayes,1,26,1,12
2011,8,35,Katy Murrells,1,17,0,27
2011,8,35,Carolyn Lyons,1,66,0,33
2011,8,35,Helena Wilkinson,1,2,0,15
2011,8,35,Aaron Porter,1,9,0,8
2011,8,35,Felicity Cloake,1,111,3,66
2011,8,35,Sara Pantuliano,1,52,1,37
2011,8,35,Fielding,1,34,0,30
2011,8,35,Aisha Riaz,1,64,1,21
2011,8,35,Tony Burton,1,3,0,27
2011,8,35,Jeremy Kuper,1,3,0,10
2011,8,35,Jonathan Wilson,1,102,0,26
2011,8,35,Dr Chris Harrison,1,5,0,9
2011,8,35,Professor Tony Rudd,1,5,0,9
2011,8,35,London Health Programmes,1,5,0,9
2011,8,35,Tanvi Vyas,1,130,0,69
2011,8,35,Chris Michael,1,168,0,12
2011,8,35,Hannah Fearn,3,11,0,54
2011,8,35,Rosemary Hill,1,61,2,14
2011,8,35,Nicholas Lezard,1,18,0,18
2011,8,35,Patrick Harvie,1,149,0,48
2011,8,35,Joan Bakewell,1,1,0,13
2011,8,35,Simon Duffy,1,103,0,13
2011,8,35,Marc Burrows,1,20,0,9
2011,8,35,Andrew Haydon,1,31,0,11
2011,8,35,Tim Ashley,3,11,0,33
2011,8,35,Susannah Straughan,1,45,2,32
2011,8,35,Nik Gorecki,1,220,2,167
2011,8,35,James Meikle,4,369,4,121
2011,8,35,Sylvia Rowley for the <a href="http://www.guardian.co.uk/guardian-professional" title="Guardian Professional Network">Guardian Professional Network</a>,1,20,0,83
2011,8,35,Tara Conlan,8,767,1,259
2011,8,35,Adrian Searle,1,18,0,13
2011,8,35,Claire Provost,1,187,1,57
2011,8,35,Julian Gough,1,2,0,10
2011,8,35,Nathan Green,1,25,2,73
2011,8,35,David Mitchell,2,1549,12,212
2011,8,35,Jonathon Porritt for <a href="http://www.forumforthefuture.org.uk/greenfutures/">Green Futures</a>,1,211,1,103
2011,8,35,Chris Power,1,94,0,16
2011,8,35,Skye Sherwin,1,92,0,15
2011,8,35,Imran Khan,1,251,1,47
2011,8,35,Ben Kape,1,252,3,15
2011,8,35,Andy Gallagher,1,252,3,15
2011,8,35,Lindsay Poulton,1,252,3,15
2011,8,35,Jack Schofield,1,3,1,48
2011,8,35,Bim Adewunmi,1,139,0,59
2011,8,35,Joanne O'Connor,1,54,0,44
2011,8,35,Ami Sedghi &amp; Lisa Evans,1,19,1,39
2011,8,35,Jonathan Glancey,3,600,24,413
2011,8,35,Presented by Jason Solomons,1,12,0,6
2011,8,35,produced by Jason Phipps,2,89,0,114
2011,8,35,with Xan Brooks,1,12,0,6
2011,8,35,Sarah Ditum,1,94,0,86
2011,8,35,Presented by Jemima Kiss,1,6,3,50
2011,8,35,Caroline Foley,1,1,0,4
2011,8,35,Andrea Capussela,1,26,0,11
2011,8,35,Heather Stewart,6,120,1,114
2011,8,35,Rowan Moore,3,1287,5,141
2011,8,35,Euan Ferguson,3,52,1,45
2011,8,35,Paul Hayward,4,103,0,97
2011,8,35,doggy,1,0,0,5
2011,8,35,Angelique Chrisafis,4,235,5,125
2011,8,35,Sadhbh Walshe,1,22,1,25
2011,8,35,Kable Healthcare,3,1,0,6
2011,8,35,Tom Ewing,1,80,2,41
2011,8,35,Mark Beaumont,1,134,2,21
2011,8,35,Philip Oltermann,1,150,2,24
2011,8,35,Bill McKibben for <a href="http://www.tomdispatch.com/" title="">TomDispatch</a>,1,357,1,63
2011,8,35,part of the <a href="http://www.guardian.co.uk/commentisfree/series/guardian-comment-network" title="">Guardian Comment Network</a>,1,357,1,63
2011,8,35,Alex von Tunzelmann,1,50,0,14
2011,8,35,Paula Cerutti,1,312,1,47
2011,8,35,Jim Gabour,1,85,1,20
2011,8,35,Jacob Steinberg,5,484,5,366
2011,8,35,<a href="http://www.e360.yale.edu" title="Yale Environment 360">Yale Environment 360</a>,1,425,6,176
2011,8,35,Wendy Grossman,1,13,1,65
2011,8,35,Francesca Leadlay for the <a href="http://www.guardian.co.uk/guardian-professional" title="Guardian Professional Network">Guardian Professional Network</a>,1,36,0,47
2011,8,35,Sustainability report 2011,7,6,1,20
2011,8,35,Brian Williams,1,1,0,26
2011,8,35,joint FoC of the Guardian,1,1,0,26
2011,8,35,Observer NUJ chapel,1,1,0,26
2011,8,35,Lucy Collins Ronowicz,1,1,0,3
2011,8,35,Rob Edwards,2,170,1,132
2011,8,35,Lloyd Bradley,1,34,0,17
2011,8,35,Steve Rose,4,1997,15,124
2011,8,35,Tim Warren,1,1,0,0
2011,8,35,Tony Fitzgerald,1,10,0,1
2011,8,35,Jaroslaw Adamowski,1,1,0,6
2011,8,35,Judy Greenway,1,9,0,1
2011,8,35,Jody McIntyre,1,195,1,104
2011,8,35,Leigh Phillips,1,101,0,15
2011,8,35,Christopher Masters,1,4,0,14
2011,8,35,Assoicated Press,1,40,0,10
2011,8,35,Chris Stephen at Kilometre Sixty,3,363,3,101
2011,8,35,Tom Phillips,1,131,2,57
2011,8,35,Angela Cummine,1,173,4,41
2011,8,35,Esther Addley,1,269,6,111
2011,8,35,Pamela Stephenson Connolly,1,39,1,39
2011,8,35,Alexander Chancellor,1,317,2,38
2011,8,35,Richard Wachman,6,49,2,195
2011,8,35,Phil Mulligan,1,10,1,14
2011,8,35,Pankaj Mishra,1,855,6,123
2011,8,35,Michele Hanson,1,40,0,15
2011,8,35,Chris Mullin,1,52,1,59
2011,8,35,Nick Clegg,1,289,1,226
2011,8,35,John Fordham,4,22,1,30
2011,8,35,Tim Rich at the Britannia Stadium,1,22,0,9
2011,8,35,Ellen E Jones,1,44,0,58
2011,8,35,Martin Kettle,2,118,2,71
2011,8,35,James Donaghy,1,2,0,5
2011,8,35,Andrew Pulver,1,18,0,12
2011,8,35,Alex Macpherson,2,282,1,66
2011,8,35,Paul Doyle at White Hart Lane,1,3,1,9
2011,8,35,Michael Breen,1,54,0,25
2011,8,35,Paul Weaver,1,58,0,8
2011,8,35,Stuart James at St Andrew's,1,22,0,11
2011,8,35,Michaelangelo Matos,1,1190,19,546
2011,8,35,David Thomson,1,5,0,2
2011,8,35,Stephen Kelly,1,110,3,20
2011,8,35,Alfred Hickling,2,40,1,14
2011,8,35,Tom Davies,1,1,0,7
2011,8,35,Nirpal Dhaliwal,1,18,2,22
2011,8,35,Stevie Chick,1,277,0,30
2011,8,35,Robin Denselow,2,7,0,22
2011,8,35,Dave Simpson,2,87,1,60
2011,8,35,Louise Taylor at Glanford Park,1,4,0,5
2011,8,35,Michael Hann,2,1,0,11
2011,8,35,Tim Rich,4,1052,0,426
2011,8,35,Christine Smith,1,0,0,28
2011,8,35,Kate Ravilious,1,1,0,3
2011,8,35,Thomas Hampson,1,129,0,16
2011,8,35,Ben Jennings,1,35,0,22
2011,8,35,Tom Bryant,1,6,0,11
2011,8,35,Jon Dennis,1,2,0,32
2011,8,35,Mark Gaterell,1,0,0,8
2011,8,35,Maggie Gee,1,32,1,12
2011,8,35,Guardian staff,2,66,0,138
2011,8,35,Harry Pearson,1,27,0,15
2011,8,35,Kevin Rushby,4,86,2,51
2011,8,35,John Suart,1,7,0,30
2011,8,35,Nick Eubank,1,963,2,142
2011,8,35,Rob van Tol,1,16,0,87
2011,8,35,Richard Vize,1,3,1,10
2011,8,35,Vicky Frost,1,187,2,63
2011,8,35,Richard Bristow,1,21,0,23
2011,8,35,Itir Toksöz for <a href="http://uvenus.org/" title="">University of Venus</a>,1,35,3,31
2011,8,35,Tehmina Kazi,1,177,0,45
2011,8,35,James Dart,1,2,0,11
2011,8,35,Salwa Ismail,1,519,1,84
2011,8,35,Finbarr Sheehy,1,8,0,8
2011,8,35,Johnny West,1,47,0,30
2011,8,35,Mark lawson,1,0,0,11
2011,8,35,Interview by Rosie Niven,1,36,0,16
2011,8,35,Giles Hutchins for the <a href="http://www.guardian.co.uk/guardian-professional" title="Guardian Professional Network">Guardian Professional Network</a>,1,43,1,53
2011,8,35,Jonathan Richards,1,213,2,56
2011,8,35,Simon Hattenstone,2,1243,10,163
2011,8,35,Paolo Bandini,2,13,2,42
2011,8,35,Chris Harding,1,66,1,42
2011,8,35,James O'Nions,1,380,0,61
2011,8,35,Charles Seaford,1,7,1,30
2011,8,35,Saeed Shah,2,330,0,150
2011,8,35,Damien Walter,1,25,2,77
2011,8,35,Kate Bulkley,1,32,4,206
2011,8,35,Daniel Thomas Moran,1,39,0,13
2011,8,35,James Yorkston,1,8,0,15
2011,8,35,Mark Kermode,2,51,0,32
2011,8,35,Daljit Nagra,1,2,0,6
2011,8,35,Moez Zeiton,1,70,1,9
2011,8,35,Idil Sukan,1,19,0,29
2011,8,35,Danny Leigh,1,104,1,22
2011,8,35,Frederika Whitehead,1,0,0,21
2011,8,35,Philip Connors,1,11,0,58
2011,8,35,Ophelia Field,1,3,0,8
2011,8,35,Vic Marks,3,23,0,40
2011,8,35,David Lacey,1,4,1,9
2011,8,35,Madhvi Pankhania,1,160,1,29
2011,8,35,Khaled Diab,1,53,0,33
2011,8,35,Presented by Alexis Petridis,1,32,0,29
2011,8,35,Matt Hill,1,32,0,29
2011,8,35,Rick Gekoski,1,36,0,38
2011,8,35,Vicky Baker,1,109,2,39
2011,8,35,Alicia Canter,1,30,0,13
2011,8,35,waddleme,1,7,0,3
2011,8,35,Bill Baue,1,26,0,42
2011,8,35,Marcy Murninghan for the <a href="http://www.guardian.co.uk/guardian-professional" title="Guardian Professional Network">Guardian Professional Network</a>,1,26,0,42
2011,8,35,Matthew Wright,1,173,2,70
2011,8,35,Christina McAnea,1,74,0,35
2011,8,35,Paul Weaver at Spa,2,30,1,21
2011,8,35,Kate Hodge,1,4,0,33
2011,8,35,The people's panel,1,91,0,69
2011,8,35,By staff of <a href="http://www.businessgreen.com/">Business Green</a>,1,28,1,102
2011,8,35,Hannah Waldram,1,3,0,35
2011,8,35,James Walsh,1,3,0,35
2011,8,35,Peter Shrubb,1,1,0,9
2011,8,35,Lauren Cochrane,2,135,0,101
2011,8,35,Peter Mason,1,15,0,40
2011,8,35,Wajahat Ali,1,732,3,85
2011,8,35,Daniel Martin,1,4,0,31
2011,8,35,Alistair Smith,1,7,0,4
2011,8,35,Benjamin Runkle,1,15,0,10
2011,8,35,David Tickner for the <a href="http://www.guardian.co.uk/guardian-professional" title="Guardian Professional Network">Guardian Professional Network</a>,1,1,0,9
2011,8,35,Nigel Savage,1,11,0,23
2011,8,35,Holly Kearl,1,142,0,40
2011,8,35,Nick Jowett,1,30,0,17
2011,8,35,Martin Cross,2,0,0,10
2011,8,35,Adekeye Adebajo,1,52,1,21
2011,8,35,<strong>Giles Tremlett</strong>,1,45,0,43
2011,8,35,US environment correspendent,1,105,0,32
2011,8,35,Eric Schmidt,1,39,1,76
2011,8,35,Peter White,1,46,1,24
2011,8,35,Jo Tuckman,1,123,0,32
2011,8,35,Barbara McMahon,1,80,1,37
2011,8,35,Sachin Nakrani,3,240,2,132
2011,8,35,Ben Goldacre,1,550,16,120
2011,8,35,Catherine Taylor,1,8,0,14
2011,8,35,Alex Vines,1,19,0,25
2011,8,35,Interview by Enime Saner,1,21,0,111
2011,8,35,Mona Mahmood,1,27,0,10
2011,8,35,Simon Hoggart,1,9,0,39
2011,8,35,Sali Hughes,2,39,1,140
2011,8,35,Richard J Evans,1,204,0,65
2011,8,35,Sally Shalam,1,21,0,15
2011,8,35,Ben Tarring,1,97,1,12
2011,8,35,Jonathan Knott,1,169,0,27
2011,8,35,Toni Wilson,1,56,0,11
2011,8,35,Jay Parini,1,8,0,2
2011,8,35,Paul Batchelor,1,12,0,1
2011,8,35,Bernard Porter,1,8,0,13
2011,8,35,Alex Rayner,1,0,0,1
2011,8,35,PD Smith,1,6,0,6
2011,8,35,Rachel Cooke,1,34,0,12
2011,8,35,Anna Scott,1,1,0,6
2011,8,35,Sue Arnold,1,4,0,4
2011,8,35,Jane Rogers,1,84,0,49
2011,8,35,Diane Samuels,1,29,0,2
2011,8,35,Steven Poole,1,8,0,29
2011,8,35,John Mullan,1,30,1,38
2011,8,35,James Wood,1,1146,23,200
2011,8,35,David Almond,1,5,1,6
2011,8,35,Leonard Barden,1,1,0,2
2011,8,35,Jill Papworth,1,0,0,130
2011,8,35,Lia Leendertz,2,62,0,56
2011,8,35,Alys Fowler,3,8,0,7
2011,8,35,Zoe Ball,1,3,0,5
2011,8,35,Yotam Ottolenghi,1,48,1,20
2011,8,35,Rosanna Greenstreet,1,74,0,30
2011,8,35,Bob Granleese,1,15,0,8
2011,8,35,Dan Lepard,1,44,0,12
2011,8,35,Tom Dyckhoff,1,5,0,7
2011,8,35,Matthew Fort,1,0,0,1
2011,8,35,Becky Barnicoat,1,90,0,10
2011,8,35,Oliver Burkeman,1,91,1,69
2011,8,35,Lia&nbsp;Leendertz,1,1,0,2
2011,8,35,Thomas Eaton,1,0,0,0
2011,8,35,Harriet Meyer,1,0,0,26
2011,8,35,Hugh Fearnley-Whittingstall,2,3850,11,444
2011,8,35,Alison Campbell,1,46,0,5
2011,8,35,Alexis Petridis,1,0,0,20
2011,8,35,Lauren Millar,1,61,0,5
2011,8,35,Angela Foster,1,7,0,7
2011,8,35,Graham Snowdon,1,19,0,36
2011,8,35,Fiona Beckett,1,23,0,16
2011,8,35,Stephen Overell,1,20,0,24
2011,8,35,Joe Dunthorne,1,27,0,9
2011,8,35,Jeremy Bullmore,1,5,0,24
2011,8,35,Simon Murphy,1,85,3,59
2011,8,35,Miles Brignall,2,24,0,17
2011,8,35,Patrick Collinson,2,52,1,38
2011,8,35,Tanya Gold,1,174,0,57
2011,8,35,Tim Radford,1,0,0,0
2011,8,35,Derek Niemann,1,0,0,29
2011,8,35,The Secret Footballer,1,42,0,31
2011,8,35,Owen Gibson at Stade Louis II,1,81,2,62
2011,8,35,Araucaria,1,1,0,4
2011,8,35,Damon Wise,1,204,1,29
2011,8,35,Sam Wolfson,1,175,1,44
2011,8,35,Stuart Jeffries,1,21,0,14
2011,8,35,Nick McGrath,1,53,0,7
2011,8,35,Matt Gaw,1,66,0,64
2011,8,35,Gaby Koppel,1,26,0,14
2011,8,35,Sarfraz Manzoor,1,43,2,59
2011,8,35,Steven Appleby,1,1,0,0
2011,8,35,Benji B,1,11,0,12
2011,8,35,Ian Sansom,1,10,0,5
2011,8,35,Annalisa Barbieri,1,11,0,8
2011,8,35,Oliver James,1,32,0,17
2011,8,35,Barney Bardsley,1,164,0,15
2011,8,35,Interview by Paula Cerutti,1,1,0,6
2011,8,35,Robert Clark &amp; Skye Sherwin,2,45,0,24
2011,8,35,Oliver Laughland,1,2,0,11
2011,8,35,Grace Dent,1,29,0,67
2011,8,35,Johnny Dee,1,4,0,7
2011,8,35,Issy Sampson,1,15,0,20
2011,8,35,Sam Richards,1,47,0,27
2011,8,35,Patric Baird,1,47,0,27
2011,8,35,Marc Rowlands &amp; John Mitchell,1,47,0,27
2011,8,35,James Kettle,1,7,0,0
2011,8,35,Michael Holden,1,2,0,2
2011,8,35,The Guide,1,2,0,5
2011,8,35,Iain Aitch,1,2,0,25
2011,8,35,Colette Bernhardt &amp; Katrina Dixon,1,2,0,25
2011,8,35,Teri Grenert,1,0,0,6
2011,8,35,Judith Mackrell,2,14,0,17
2011,8,35,Lyn Gardner &amp; Mark Cook,1,1,0,9
2011,8,35,John Fordham &amp; Andrew Clements,1,31,0,11
2011,8,35,John Patterson,1,7,0,20
2011,8,35,Gary Barker,1,123,2,45
2011,8,35,Nick Compton,1,2,0,9
2011,8,35,Mal Peet,1,15,0,11
2011,8,35,D'Artagnan,1,5,0,17
2011,8,35,Bidisha,1,4,0,15
2011,8,35,Andy Williamson,1,36,0,52
2011,8,35,Matt Seaton,1,537,2,140
2011,8,35,Sian Rowe,1,52,0,49
2011,8,35,Mark Townsend,2,284,0,64
2011,8,35,Peter Singer for the <a href="http://www.nybooks.com/blogs/nyrblog/" title="New York Review of Books blog">New York Review of Books blog</a>,1,176,0,43
2011,8,35,Paul Carter-Bowman,1,72,0,43
2011,8,35,Stuart James at Villa Park,2,4,0,81
2011,8,35,Alam Khan at the DW Stadium,1,2,0,74
2011,8,35,Paul Weaver at Spa-Francorchamps,1,7,0,11
2011,8,35,Eddie Butler at the Aviva Stadium,1,30,0,7
2011,8,35,Maggie Brown,1,10,0,32
2011,8,35,<strong>Andy Wilson </strong>at Wembley,1,18,0,9
2011,8,35,Richard Jolly at Ewood Park,2,57,0,138
2011,8,35,David Lacey at Stamford Bridge,1,32,0,103
2011,8,35,Joe Lovejoy at the Liberty Stadium,1,0,1,71
2011,8,35,Karen McVeigh,2,320,7,70
2011,8,35,Jonny Weeks at Selhurst Park,1,0,0,6
2011,8,35,Michael Boyle,1,72,1,71
2011,8,35,<strong>Richard Rae </strong>at Pride Park,1,5,0,6
2011,8,35,Ewan Murray at McDiarmid Park,1,1,0,8
2011,8,35,Chris Cook at Goodwood,1,1,0,13
2011,8,35,Jason Deans,1,30,0,10
2011,8,35,Paul Hayward at Stamford Bridge,1,212,0,53
2011,8,35,Tim Rich at Anfield,2,165,0,160
2011,8,35,Robin McKie,3,2137,29,476
2011,8,35,Nial Briggs,1,0,0,3
2011,8,35,John Harrington at the Aviva Stadium,2,25,0,27
2011,8,35,Paul Doyle at Stamford Bridge,2,65,0,139
2011,8,35,Vic Marks at Edgbaston,3,12,0,26
2011,8,35,Jamie Doward,5,218,3,310
2011,8,35,Daniel Boffey,6,597,6,671
2011,8,35,George Osborne,1,55,0,70
2011,8,35,Michael Aylwin,1,4,0,6
2011,8,35,Observer staff,1,0,0,4
2011,8,35,Cherry Wilson,2,28,0,48
2011,8,35,David Hills,1,8,0,12
2011,8,35,David James,1,40,0,60
2011,8,35,<strong>Daniel Topolski</strong>,1,2,0,4
2011,8,35,Slovenia,1,2,0,4
2011,8,35,Margaret Dibben,2,5,0,24
2011,8,35,Amy Lawrence,1,226,1,163
2011,8,35,Peter Beaumont,1,190,3,17
2011,8,35,Dalya Alberge,1,89,1,34
2011,8,35,Gethin Chamberlain,1,2525,21,441
2011,8,35,John Naughton,2,1109,48,948
2011,8,35,Andrew Rawnsley,1,82,2,54
2011,8,35,Kirsty Gunn,1,2,0,4
2011,8,35,Quentin Wheeler,1,22,0,20
2011,8,35,Carol Sarler,1,9,0,17
2011,8,35,Fiona Maddocks,2,16,0,16
2011,8,35,Dr Gerry Mander,1,1,0,11
2011,8,35,Robert McCrum,2,824,4,157
2011,8,35,Jonathan Ross,1,37,0,16
2011,8,35,Tim Lewis,1,161,0,7
2011,8,35,Peter Preston,2,23,1,128
2011,8,35,Luke Bainbridge,1,26,0,6
2011,8,35,Elizabeth Day,2,302,7,53
2011,8,35,Alex Clark,1,24,0,39
2011,8,35,Kevin McKenna,1,36,1,27
2011,8,35,Peter Conrad,2,888,9,231
2011,8,35,George Pelecanos,1,363,2,72
2011,8,35,Megan Conner,1,28,0,4
2011,8,35,Sigrún Davídsdóttir,1,566,0,58
2011,8,35,Dan Pearson,1,12,1,39
2011,8,35,Eva Wiseman,1,1,0,24
2011,8,35,Philip French,6,251,0,42
2011,8,35,Helen Seamons,2,2,0,16
2011,8,35,Carole Cadwalladr,1,96,1,27
2011,8,35,Alexander Linklater,1,14,3,19
2011,8,35,Hermione Hoby,3,120,3,42
2011,8,35,Paul Mardles,1,3,0,1
2011,8,35,Interview by Elizabeth Day,1,11,0,7
2011,8,35,Phil Mongredien,1,17,0,1
2011,8,35,Dave Gelly,1,37,1,1
2011,8,35,Mariella Frostrup,1,3,1,26
2011,8,35,Jay Rayner,1,34,1,7
2011,8,35,Katharine Whitehorn,1,8,0,1
2011,8,35,Jo Jones,1,0,0,7
2011,8,35,Christopher Bray,1,149,0,8
2011,8,35,Lucy Siegle,1,23,0,56
2011,8,35,Neil Spencer,1,3,0,2
2011,8,35,David Williams,1,3,0,3
2011,8,35,Inez Sarkodee-Adoo,1,1,0,119
2011,8,35,Dipal Acharya,1,0,0,2
2011,8,35,Nigel Slater,2,128,0,52
2011,8,35,Rich Flower,1,4,1,24
2011,8,35,Nathan Brown,1,3,1,8
2011,8,35,Chris Schilling,1,4,0,12
2011,8,35,Gaby Hinsliff,1,7,0,14
2011,8,35,John Llewellyn,1,45,2,55
2011,8,35,Will Freeman,1,0,0,14
2011,8,35,The Observer,1,8,0,5
2011,8,35,Phil Hogan,1,20,0,9
2011,8,35,Interview by Ian Tucker,1,224,8,123
2011,8,35,Clare Brennan,1,15,0,5
2011,8,35,Stephen Pritchard,2,30,0,10
2011,8,35,Susannah Clapp,1,29,0,4
2011,8,35,Nicholas Kenyon,1,0,0,2
2011,8,35,Interview by Gemma Kappala-Ramsamy,1,2,0,4
2011,8,35,Luke Jennings,1,4,0,21
2011,8,35,Tristram Hunt,1,293,2,134
2011,8,35,Observer critics,1,114,0,69
2011,8,35,Jason Solomons,2,58,0,28
2011,8,35,Muhsen al-Gubbi,1,268,5,59
2011,8,35,Stephanie Thompson,1,15,0,12
2011,8,35,Barbara Ellen,1,55,1,50
2011,8,35,Lucy Rock,1,21,0,27
2011,8,35,Michael Jacobs,1,57,0,70
2011,8,35,Chris Riddell,1,174,1,92
2011,8,35,Iain Chambers,1,81,0,47
2011,8,35,John Chalmers,1,46,0,13
2011,8,35,Sandra Marrs,1,46,0,13
2011,8,35,coolkid4488,1,0,0,18
2011,8,35,Staff,2,67,1,71
2011,8,35,Tony Paley,1,0,0,21
2011,8,35,Sean Ingle,1,47,0,8
2011,8,35,Louis Pattison,1,343,0,42
2011,8,35,Tom Rogan,1,190,2,118
2011,8,35,Adam Sweeting,1,22,1,33
2011,8,35,Dreda Say Mitchell,1,1,0,26
2011,8,35,Maseeh Rahman,1,226,1,46
2011,8,35,Presented by John Plunkett,1,7,1,104
2011,8,35,Luke Browne,1,319,0,47
2011,8,35,Louise Taylor at St James' Park,1,11,0,37
2011,8,35,Russell Kempson at City Ground,1,24,1,16
2011,8,35,Dominic Fifield at White Hart Lane,1,65,0,54
2011,8,35,Tom Jenkins,1,71,0,120
2011,8,35,Uki Goni,1,428,2,88
2011,8,35,Adrian Marston,1,3,0,15
2011,8,35,Ronald Bergan,1,48,1,41
2011,8,35,Georgina Turner at The Hawthorns,1,3,0,50
2011,8,35,Libya,1,19,0,18
2011,8,35,Jane Porcheret,1,0,0,8
2011,8,35,Michel Massih,1,83,0,7
2011,8,35,Tamasin Ford,1,68,0,11
2011,8,35,Ed Douglas,1,124,1,42
2011,8,35,Kira Cochrane,1,4557,19,264
2011,8,35,Nigel Willmott,1,6,0,19
2011,8,35,Jackie Ashley,1,93,1,42
2011,8,35,<strong>Paul Harris</strong>,1,107,1,27
2011,8,35,Ian Martin,1,1163,8,407
2011,8,35,Tanith Carey,1,3374,36,212
2011,8,35,Rachel Roberts,1,1,0,39
2011,8,35,Julie Bindel,1,3501,52,830
2011,8,35,Ian Cobain,1,17,1,20
2011,8,35,Geoffrey Robertson,1,112,1,83
2011,8,35,David Pleat,1,13,0,115
2011,8,35,Chris Stephens,1,46,2,46
2011,8,35,Sarah Dempster,1,2,0,18
2011,8,35,Lucy Osborne,1,93,0,78
2011,8,35,Lucy Worsley,1,41,0,24
2011,8,35,Tony Leighton,1,447,0,30
2011,8,35,David Hytner at White Hart Lane,1,23,0,72
2011,8,35,Ewan Murray at Tynecastle,1,12,0,4
2011,8,35,Pico Iyer,1,459,10,112
2011,8,35,Interview by Laura Barnett,1,20,0,11
2011,8,35,Benrik Pitch,1,3,0,7
2011,8,35,Ruth Lister,1,140,2,57
2011,8,35,Robert Kitson at Aviva Stadium,1,6,0,15
2011,8,35,Andy Wilson at Wembley,1,7,0,7
2011,8,35,Andy Hunter at Old Trafford,1,140,1,203
2011,8,35,Sam Leith,1,13,0,26
2011,8,35,Nosheen Iqbal,1,132,1,36
2011,8,35,Jeremy Alexander at <em>Stadium</em>mk,1,4,0,6
2011,8,35,Alam Khan at DW Stadium,1,8,0,31
2011,8,35,Joe Lovejoy at Liberty Stadium,1,4,0,48
2011,8,35,Paul Brown,1,2,0,31
2011,8,35,Susie White,1,1,0,18
2011,8,35,Alan Pickup,1,17,0,10
2011,8,35,Presented by Alok Jha,1,77,0,108
2011,8,35,with Ian Sample,1,77,0,108
2011,8,35,Martin Kelner,1,28,1,66
