year,month,week,name,articles,facebook,googleplus,twitter
2012,5,22,Associated Press,44,5370,139,1572
2012,5,22,Martin Robbins,2,407,37,166
2012,5,22,Ben Quinn,5,1529,43,565
2012,5,22,David Lengel,2,4,0,11
2012,5,22,Nicholas Watt,16,1198,62,1368
2012,5,22,Steve Busfield,4,6,0,17
2012,5,22,agencies,38,2052,82,1654
2012,5,22,Damian Carrington,4,747,38,516
2012,5,22,Richard Brooks,1,0,0,0
2012,5,22,David McHattie,1,4,0,4
2012,5,22,Ewen MacAskill,5,397,18,285
2012,5,22,Simon Rogers,12,2019,115,2010
2012,5,22,Jonathan Glennie,1,241,4,113
2012,5,22,Keith Stuart,6,17,0,239
2012,5,22,Philip Hensher,1,153,1,69
2012,5,22,Mark Sweney,18,439,8,508
2012,5,22,Press Association,131,2208,80,2633
2012,5,22,Tom Midlane,1,86,2,93
2012,5,22,Roy Greenslade,26,180,19,636
2012,5,22,Steve Boxer,1,16,1,53
2012,5,22,Alison Clark-Jenkins,1,7,0,41
2012,5,22,Adam Gabbatt,6,1941,57,427
2012,5,22,Charles Arthur,16,1211,263,3641
2012,5,22,Jessica Reed,1,329,4,36
2012,5,22,Alex Healey,3,961,5,101
2012,5,22,Phil Maynard,1,329,4,36
2012,5,22,Simon Antrobus,1,80,0,33
2012,5,22,Jodie Collins,1,65,2,53
2012,5,22,Tom Lutz,5,322,8,219
2012,5,22,Dick Vinegar,1,7,3,18
2012,5,22,Andrew Sparrow,16,704,39,1033
2012,5,22,GrrlScientist,18,59,37,259
2012,5,22,TheBookThief,1,1,0,15
2012,5,22,Tania Branigan,7,420,37,384
2012,5,22,Adam Boult,8,21,1,98
2012,5,22,Corrections,7,1,0,6
2012,5,22,Patrick Wintour,13,422,42,874
2012,5,22,Giles Tremlett,5,331,16,259
2012,5,22,Bernard Harcourt,1,990,14,96
2012,5,22,Monkey,9,41,1,226
2012,5,22,Alex Thomson,1,10,0,5
2012,5,22,Gareth Morris,1,2,0,27
2012,5,22,Stuart Dredge,10,190,7,668
2012,5,22,Shiv Malik,5,1564,36,1269
2012,5,22,Javier Ruiz,1,5,3,7
2012,5,22,Huw Lewis,1,2,0,24
2012,5,22,Rumer,6,123,3,138
2012,5,22,Roz Kaveney,2,772,10,244
2012,5,22,Richard Butchins,1,126,2,40
2012,5,22,Laurence Topham,1,126,2,40
2012,5,22,Bella Mackie,5,1,0,26
2012,5,22,Joseph Shuldiner,3,755,6,94
2012,5,22,Mark Tran,3,105,6,77
2012,5,22,Andrew Pulver,8,335,9,130
2012,5,22,Joe Jervis,6,0,0,0
2012,5,22,Kate Hodge,8,7,3,79
2012,5,22,Remi Adekoya,1,98,4,35
2012,5,22,Invisible Woman,2,68,0,50
2012,5,22,Paolo Bandini,2,160,4,61
2012,5,22,Xan Brooks,14,497,12,238
2012,5,22,Peter Bradshaw,25,1574,44,632
2012,5,22,Catherine Shoard,10,699,18,297
2012,5,22,Elliot Smith,7,407,10,139
2012,5,22,Henry Barnes,10,527,10,180
2012,5,22,Matthew Appleby,1,10,0,16
2012,5,22,Simon Neville,8,350,14,330
2012,5,22,Erin Hale,3,729,17,233
2012,5,22,Alan Connor,2,23,3,53
2012,5,22,Guardian music,2,404,3,46
2012,5,22,Mark Say,1,0,0,7
2012,5,22,Harriet Sherwood,3,1314,32,334
2012,5,22,Stuart Heritage,8,1499,22,409
2012,5,22,Mind infoline adviser,1,113,0,19
2012,5,22,Katy Murrells,1,63,4,50
2012,5,22,Joanne O'Connell,1,37,2,32
2012,5,22,Peter Walker,9,678,22,588
2012,5,22,John Plunkett,10,146,4,352
2012,5,22,Oliver Thring,2,284,10,138
2012,5,22,Rosecrans Baldwin,1,26,4,25
2012,5,22,Dan Sabbagh,12,407,46,880
2012,5,22,Hans de Wit,1,92,6,71
2012,5,22,Martin Wainwright,19,1188,24,755
2012,5,22,Keith Altham,1,151,2,15
2012,5,22,Guardian Government Computing,6,2,6,28
2012,5,22,Richard Lea,1,61,5,121
2012,5,22,Joshua Rozenberg,1,16,2,44
2012,5,22,Rupert Jones,5,47,2,177
2012,5,22,Tom Finn,2,35,2,86
2012,5,22,,4,86,6,118
2012,5,22,Sam Jones,10,1780,29,686
2012,5,22,Tara,1,1,0,7
2012,5,22,Keeley,1,1,0,7
2012,5,22,aged 4,3,3,1,21
2012,5,22,Summer,1,1,0,7
2012,5,22,aged 1,1,1,0,7
2012,5,22,Steven Morris,12,487,14,359
2012,5,22,Owen Gibson,13,943,15,617
2012,5,22,Greg Wood,10,12,0,62
2012,5,22,Chris Cook,11,5,0,75
2012,5,22,Matthew Elliott for <a href="http://conservativehome.blogs.com/" title="">Conservative Home</a>,1,24,1,28
2012,5,22,part of the <a href="http://www.guardian.co.uk/commentisfree/series/guardian-comment-network" title="">Guardian Comment Network</a>,1,24,1,28
2012,5,22,Michael Cragg,7,327,4,184
2012,5,22,Mia Overall for the <a href="http://www.guardian.co.uk/guardian-professional" title="Guardian Professional Network">Guardian Professional Network</a>,1,15,0,15
2012,5,22,Dan Milmo,11,131,16,360
2012,5,22,Gwyn Topham,6,186,5,167
2012,5,22,Lyn Gardner,8,125,1,183
2012,5,22,Clare Horton,5,45,0,8
2012,5,22,Tom Lingard,1,16,1,13
2012,5,22,Olivia Perrott,1,16,1,13
2012,5,22,Andrew Clements,8,38,3,82
2012,5,22,Michael Billington,8,183,1,117
2012,5,22,Neil Denny,1,190,18,39
2012,5,22,Adam Fineberg,1,0,0,4
2012,5,22,Santorri Chamley,1,239,9,77
2012,5,22,Gill Hitchcock,5,11,5,71
2012,5,22,Reza Mohammadi,1,281,2,41
2012,5,22,Peter Beresford,1,30,3,53
2012,5,22,John Vidal,3,103,11,183
2012,5,22,Tom Kington,7,1409,31,344
2012,5,22,Claudia Cahalane,1,1,0,12
2012,5,22,FPA,1,0,0,0
2012,5,22,Sarah Hughes,3,318,3,73
2012,5,22,Nabila Ramdani,1,51,2,32
2012,5,22,Mee-Lai Stone,2,47,4,35
2012,5,22,Graham Parker,4,95,2,78
2012,5,22,Joe Prince-Wright,1,6,0,15
2012,5,22,Jane Perrone,4,77,6,58
2012,5,22,Ty Francis for the <a href="http://www.guardian.co.uk/guardian-professional" title="Guardian Professional Network">Guardian Professional Network</a>,1,34,0,9
2012,5,22,Emer O'Toole,1,329,4,81
2012,5,22,Fiona Shields,4,318,6,91
2012,5,22,Hannah Freeman,4,317,8,84
2012,5,22,Ben Fogle,1,63,3,78
2012,5,22,Ben Child,10,640,17,548
2012,5,22,Jo Jones,1,4,0,21
2012,5,22,Alan Travis,6,550,17,325
2012,5,22,National Institute for Health Research,2,1,2,5
2012,5,22,Simon Cambers,2,74,2,26
2012,5,22,Jill Treanor,13,588,12,318
2012,5,22,Open thread,2,131,7,131
2012,5,22,Andy Wilson at Lord's,1,0,0,5
2012,5,22,Rob Smyth,2,9,5,30
2012,5,22,The Register,1,3,0,5
2012,5,22,Mark Stephens,1,179,4,53
2012,5,22,Helen Carter,8,639,14,231
2012,5,22,Ed Pilkington,4,1562,40,351
2012,5,22,Missouri,1,86,1,27
2012,5,22,Zoe Wood,9,708,52,718
2012,5,22,Lattice,1,1,1,7
2012,5,22,Mark Lawson,3,279,19,148
2012,5,22,Jeroen Van Godtsenhoven,1,3,0,0
2012,5,22,Dave Boyle,1,99,4,158
2012,5,22,George Hall,1,0,0,4
2012,5,22,Nancy Groves,1,8,0,19
2012,5,22,<strong><a href="http://www2.lse.ac.uk/GranthamInstitute">Grantham Research Institute</a></strong>,1,162,2,62
2012,5,22,Duncan Clark,2,279,3,138
2012,5,22,Claire Armitstead,1,101,5,52
2012,5,22,Henry McDonald,10,404,26,342
2012,5,22,Irel,9,137,12,224
2012,5,22,Adrian Searle,2,88,0,63
2012,5,22,Tom Service,1,88,3,31
2012,5,22,Jonathan Kent,1,206,14,99
2012,5,22,Matt Wells,1,157,5,74
2012,5,22,Damian Burke,1,6,1,19
2012,5,22,David Smith,12,837,32,522
2012,5,22,Lisa O'Carroll,12,309,29,517
2012,5,22,Mike Selvey at Lord's,1,5,0,11
2012,5,22,Jessica Fuhl,3,9,1,84
2012,5,22,Helena Smith,3,696,23,360
2012,5,22,Guardian Professional,1,27,1,10
2012,5,22,Colin Horgan,2,26,1,9
2012,5,22,Douglas Haddow,1,53,2,19
2012,5,22,Marianne Francoise,1,24,0,83
2012,5,22,Suzanne Goldenberg,5,365,27,381
2012,5,22,Leo Benedictus,2,97,1,47
2012,5,22,Vic Marks,3,13,1,20
2012,5,22,Luke Harding,3,76,8,104
2012,5,22,Hilary Osborne,7,218,8,275
2012,5,22,Paul Lester,5,476,5,161
2012,5,22,Guardian healthcare network,6,11,1,120
2012,5,22,Jonathan Jones,7,2721,60,1440
2012,5,22,Will Hayler,5,2,0,32
2012,5,22,Marc Abrahams,1,0,0,10
2012,5,22,Keza MacDonald,1,6,1,61
2012,5,22,Matthew Weaver,5,1430,19,587
2012,5,22,Matthew Herbert,1,870,11,182
2012,5,22,Daniel Bettridge,1,17,0,16
2012,5,22,Theresa Malone,1,103,1,23
2012,5,22,Mike Ives for <a href="http://www.scidev.net/en/" title="">SciDev.net</a>,1,3,0,18
2012,5,22,part of the <a href="http://www.guardian.co.uk/global-development/series/guardian-development-network" title="">Guardian development network</a>,3,89,3,69
2012,5,22,Valerie Hannah,1,59,0,35
2012,5,22,Josh Halliday,11,185,23,573
2012,5,22,Jason Deans,4,76,1,110
2012,5,22,Jessica Shankleman for <a href="http://www.businessgreen.com">BusinessGreen</a>,1,7,0,50
2012,5,22,part of the <a href="http://www.guardian.co.uk/environment/network" title="Guardian Environment Network">Guardian Environment Network</a>,2,161,1,164
2012,5,22,Ros Asquith,1,1,0,9
2012,5,22,Jeevan Vasagar,7,2208,27,898
2012,5,22,John Burn-Murdoch,7,426,43,499
2012,5,22,James Richardson,1,44,2,26
2012,5,22,Matt Hall,1,44,2,26
2012,5,22,Andy Gallagher,3,253,3,61
2012,5,22,Ian Sample,5,1191,144,720
2012,5,22,Edmond Terakopian,1,57,2,34
2012,5,22,Allan Jenkins,1,22,0,30
2012,5,22,Miriam Elder,5,657,27,267
2012,5,22,Ian Black,10,5521,29,575
2012,5,22,Mike Small,1,69,2,44
2012,5,22,David Mills,1,59,1,31
2012,5,22,Graeme Wearden,5,209,23,495
2012,5,22,Simon Hoggart,5,245,4,154
2012,5,22,Gill Parry,1,22,0,11
2012,5,22,Ian Traynor,3,230,18,261
2012,5,22,Matt Williams,9,230,16,374
2012,5,22,Mark Hillsdon for the <a href="http://www.guardian.co.uk/guardian-professional" title="Guardian Professional Network">Guardian Professional Network</a>,1,8,0,31
2012,5,22,Dugald Baird,4,93,16,397
2012,5,22,Nils Pratley,9,48,18,185
2012,5,22,Alfred Hickling,3,14,0,52
2012,5,22,Juliette Garside,8,577,64,829
2012,5,22,Tom Clark,4,619,6,369
2012,5,22,Mihir Bose,1,22,0,11
2012,5,22,Richard Norton-Taylor,3,440,12,193
2012,5,22,Robin Denselow,4,73,0,67
2012,5,22,Phillip Inman,8,343,34,429
2012,5,22,Elisabeth Mahoney,2,88,0,36
2012,5,22,Fiona Harvey,7,330,16,677
2012,5,22,Harry J Enten,5,80,4,67
2012,5,22,Brian Braiker,7,1209,39,397
2012,5,22,Amanda Holpuch,4,298,7,335
2012,5,22,Amy Goodall,1,165,1,34
2012,5,22,Dorian Lynskey,2,2073,28,400
2012,5,22,Louise Tickle,1,2,0,17
2012,5,22,Tim Dowling,3,67,16,43
2012,5,22,Guardian fashion,3,215,9,98
2012,5,22,Kim Willsher,7,909,24,223
2012,5,22,Alison Rourke,2,23,4,38
2012,5,22,Harriet Swain,1,28,3,71
2012,5,22,Estelle Morris,1,5,0,42
2012,5,22,Stefan Stern,1,86,2,98
2012,5,22,<strong>Martin Chulov,1,476,9,52
2012,5,22,Roger Tooth,1,299,6,63
2012,5,22,Monica Mark,2,20,0,66
2012,5,22,Dave Hill,6,51,2,103
2012,5,22,Alexandra Topping,5,1440,21,617
2012,5,22,Patrick Butler,4,761,18,347
2012,5,22,Norman Jay,1,243,1,45
2012,5,22,Lucy Tobin,5,135,0,107
2012,5,22,Jon Henley,2,529,14,70
2012,5,22,Aditya Chakrabortty,1,360,5,112
2012,5,22,Steve Bell,8,200,3,148
2012,5,22,Julia Raeside,1,0,0,11
2012,5,22,Ben Arnold,2,0,0,29
2012,5,22,Jonathan Wright,3,0,0,24
2012,5,22,Gwilym Mumford,3,0,0,20
2012,5,22,John Robinson,2,0,0,29
2012,5,22,Rebecca Nicholson,1,0,0,11
2012,5,22,Charles Ferguson,1,324,11,116
2012,5,22,Dominic Fifield,7,184,6,260
2012,5,22,Andy Wilson,8,15,2,100
2012,5,22,Tanya Gold,1,505,5,118
2012,5,22,David Hytner,8,340,4,464
2012,5,22,George Monbiot,2,1488,32,997
2012,5,22,Hadley Freeman,2,482,8,185
2012,5,22,Paul Rees,7,56,5,48
2012,5,22,Robert Kitson,9,24,0,64
2012,5,22,Juliette Jowit,8,440,28,726
2012,5,22,Claire Stares,1,6,0,28
2012,5,22,Michele Hanson,1,25,2,12
2012,5,22,Katie Burnetts,1,183,0,51
2012,5,22,Sam Wollaston,4,34,1,86
2012,5,22,Chris McGreal,6,771,22,480
2012,5,22,Gaby Hinsliff,2,58,0,72
2012,5,22,Jonathan Steele,1,11,2,21
2012,5,22,Chris Stephen,1,12,1,34
2012,5,22,Jason Burke,3,980,23,163
2012,5,22,Esther Addley,3,18,0,69
2012,5,22,Richard Williams,3,52,3,54
2012,5,22,Urmila Jagannathan,1,63,1,15
2012,5,22,Tom McCarthy,6,601,36,471
2012,5,22,Ed Douglas,1,24,0,35
2012,5,22,Editorial,21,856,36,834
2012,5,22,Andy Hunter,6,1364,23,626
2012,5,22,Rajeev Syal,4,327,17,319
2012,5,22,Ana Marie Cox,3,27,5,70
2012,5,22,Stephen Moss,4,7,0,68
2012,5,22,Donald McRae,1,2,4,14
2012,5,22,Kevin McCarra,2,32,1,83
2012,5,22,Stuart James,8,550,18,505
2012,5,22,David A Love,1,686,5,153
2012,5,22,Denis Campbell,10,1499,55,1014
2012,5,22,Rupert Neate,3,42,5,92
2012,5,22,Katharine Sanderson,1,27,3,15
2012,5,22,Nick Hopkins,3,213,7,116
2012,5,22,James Riach,2,25,3,54
2012,5,22,Ed Pilkington Joplin Missouri,1,4,0,20
2012,5,22,Judy Friedberg,3,17,2,54
2012,5,22,Berlin,3,719,34,420
2012,5,22,Lisa Bachelor,9,1862,16,274
2012,5,22,Greg Rosen,1,0,0,0
2012,5,22,Sam Younger,1,16,0,48
2012,5,22,Diana Hinds,1,7,1,11
2012,5,22,Kevin McCloud,1,198,0,32
2012,5,22,Rebecca Ratcliffe,3,64,3,95
2012,5,22,Susan Young,2,67,0,34
2012,5,22,Stephen Hoare,2,21,4,13
2012,5,22,Barbara Crossette,1,0,0,3
2012,5,22,Edzard Ernst,1,129,9,67
2012,5,22,Cabinet Office open data team,1,18,1,5
2012,5,22,David Bicknell,2,3,0,12
2012,5,22,Vishvapani Blomfield,1,63,6,31
2012,5,22,Sade Laja,3,3,0,21
2012,5,22,Sarah Pickup,1,9,2,20
2012,5,22,OrliTheBookworm,2,2,0,25
2012,5,22,Ian McCourt,3,97,5,117
2012,5,22,Martin Attrill,1,334,3,98
2012,5,22,Monty Halls,1,334,3,98
2012,5,22,Barbara Hibbert,1,10,0,39
2012,5,22,Mark Wilding,1,22,0,33
2012,5,22,Reuters,5,73,10,160
2012,5,22,Keith Cooper,1,8,0,49
2012,5,22,John Ashdown,3,41,2,97
2012,5,22,Nick Fletcher,16,18,4,86
2012,5,22,Mazher Abidi,1,11,6,28
2012,5,22,Hari,2,14,0,51
2012,5,22,Jake,2,14,0,51
2012,5,22,John Wright,1,30,0,29
2012,5,22,Ami Sedghi,2,196,9,201
2012,5,22,Gabrielle Rifkind,1,13,0,14
2012,5,22,Sarah Crown,3,192,3,320
2012,5,22,Charlotte Higgins,8,571,15,305
2012,5,22,Jo Adetunji,3,33,4,59
2012,5,22,Nicola Clark,1,727,6,74
2012,5,22,Jo Confino for the <a href="http://www.guardian.co.uk/guardian-professional" title="Guardian Professional Network">Guardian Professional Network</a>,1,59,7,62
2012,5,22,Peter Carty,1,47,5,53
2012,5,22,Julian Borger,7,228,11,263
2012,5,22,Simon Burnton,2,1084,14,265
2012,5,22,<a href="http://www.irinnews.org/" title="">IRIN</a>,2,86,3,51
2012,5,22,Kate Kellaway,4,277,3,60
2012,5,22,Simon Jablonski,1,69,0,48
2012,5,22,Tony Paley,3,0,0,20
2012,5,22,Katharine Quarmby,1,18,0,22
2012,5,22,Adam Vaughan,5,852,24,678
2012,5,22,Mo Costandi,2,17,8,53
2012,5,22,Jean-Louis Gassée,1,5,0,46
2012,5,22,Sean Michaels,7,296,17,201
2012,5,22,Caspar Llewellyn Smith,1,142,2,29
2012,5,22,Jim Powell,6,178,6,96
2012,5,22,Uma,1,1,1,9
2012,5,22,Desh,1,1,1,9
2012,5,22,aged 5,1,1,1,9
2012,5,22,Megh,1,1,1,9
2012,5,22,Lloyd Shepherd,1,75,12,190
2012,5,22,Johannesburg,1,255,4,76
2012,5,22,Richard Murphy,1,324,4,47
2012,5,22,Laura Laker,1,425,21,124
2012,5,22,Randeep Ramesh,3,236,7,128
2012,5,22,Rachel Dixon,2,221,5,97
2012,5,22,Lewis Smith,1,84,6,91
2012,5,22,Larry Elliott,13,5324,125,1592
2012,5,22,Mike Taylor,1,136,36,101
2012,5,22,Edward Collier,1,209,0,135
2012,5,22,Rian Evans,2,13,0,23
2012,5,22,Stewart Dakers,1,11,0,11
2012,5,22,Linda Grant,1,32,4,63
2012,5,22,Zofeen Ebrahim,1,21,0,17
2012,5,22,Richard Bristow,1,6,0,20
2012,5,22,Anna Kessel,8,73,2,101
2012,5,22,Sid Lowe,4,233,7,157
2012,5,22,Staff,3,41,3,98
2012,5,22,Saba Salman,1,60,4,36
2012,5,22,Nicholas Lezard,1,0,0,4
2012,5,22,Abubakr al-Shamahi,1,58,0,30
2012,5,22,Lucy Mangan,3,59,3,73
2012,5,22,Scott Phillips,1,5,0,9
2012,5,22,Emily Eavis,1,0,0,19
2012,5,22,Ian Rankin,1,7,2,23
2012,5,22,Anna Cutler,1,33,2,26
2012,5,22,Mario Ambrosi,1,0,0,11
2012,5,22,Barney Ronay,4,414,4,120
2012,5,22,Aidan C O'Brien,1,13,0,25
2012,5,22,Noémi Luciani,1,1,0,10
2012,5,22,Rachael Davey,1,11,2,2
2012,5,22,Cain Nunns,1,17,1,23
2012,5,22,Geoff Dobson,1,14,0,45
2012,5,22,Owen Bowcott,9,243,31,326
2012,5,22,Alan Sykes,1,53,5,34
2012,5,22,Liz Ford,1,17,1,7
2012,5,22,Julia Kollewe,4,527,10,627
2012,5,22,Leo Hickman,4,319,23,278
2012,5,22,Paddy Allen,3,276,17,109
2012,5,22,Graeme Robertson,1,10,0,10
2012,5,22,Paul Dinsdale,1,174,10,167
2012,5,22,Matthew Goodwin,1,24,2,29
2012,5,22,Abby Deveney,1,0,0,0
2012,5,22,Hunter Felt,2,11,0,9
2012,5,22,Guardian,1,128,4,15
2012,5,22,Charlotte Gill,1,8,0,47
2012,5,22,Maddy Costa,2,22,0,18
2012,5,22,Martin Wright for the <a href="http://www.guardian.co.uk/guardian-professional" title="Guardian Professional Network">Guardian Professional Network</a>,1,5,2,15
2012,5,22,Maggie Brown,2,14,1,38
2012,5,22,Foreign staff,1,108,3,34
2012,5,22,Tamasin Ford,1,199,7,79
2012,5,22,Scott Lemieux,1,24,1,17
2012,5,22,Kate McCann,2,6,1,49
2012,5,22,Marcus Christenson,1,192,7,90
2012,5,22,David Walker,1,3,0,6
2012,5,22,Mark Brown,7,1155,25,461
2012,5,22,Carol Rumens,1,167,2,32
2012,5,22,Kevin Mitchell,14,424,8,115
2012,5,22,Adam Rutherford,1,158,2,41
2012,5,22,Ben Dowell,3,32,1,111
2012,5,22,Adam Wagner on the <a href="http://ukhumanrightsblog.com/" title="">UK Human Rights blog</a>,1,16,0,18
2012,5,22,part of the <a href="http://www.guardian.co.uk/law/series/guardian-legal-network" title="">Guardian Legal Network</a>,1,16,0,18
2012,5,22,Abdel-Rahman Hussein,1,26,2,17
2012,5,22,Norman Walton,1,32,0,22
2012,5,22,Brian Whitaker,4,1395,18,515
2012,5,22,Shiona Tregaskis,2,150,0,109
2012,5,22,Paula Cocozza,1,128,2,38
2012,5,22,Julia Eccleshare,1,4,0,13
2012,5,22,Gretchen Dobson,1,0,0,14
2012,5,22,Owen Hatherley,1,43,0,43
2012,5,22,Stephen Roberts,1,5,0,18
2012,5,22,Ryan Devereaux,1,312,13,176
2012,5,22,Judith Mackrell,3,101,1,66
2012,5,22,Dan van der Vat,1,43,0,16
2012,5,22,Sue Marsh,1,76,2,36
2012,5,22,Moira Jeffrey,1,33,1,34
2012,5,22,Martin Chulov,4,606,12,255
2012,5,22,Guy Dammann,1,9,0,16
2012,5,22,Cape Town,1,55,0,63
2012,5,22,Daniela Barone Soares,1,0,0,0
2012,5,22,Michael Wolff,1,2,0,24
2012,5,22,Kate Connolly,1,51,0,16
2012,5,22,Nick Davies,4,165,27,561
2012,5,22,John Fordham,4,32,0,53
2012,5,22,Lizzy Davies,3,137,13,146
2012,5,22,Emma Graham-Harrison,3,101,13,87
2012,5,22,Shami Chakrabarti,1,9,1,32
2012,5,22,Harry Venning,1,13,0,3
2012,5,22,Rob Evans,7,673,41,863
2012,5,22,Paul Lewis,7,673,41,863
2012,5,22,Jude Rogers,1,410,5,68
2012,5,22,Michael Mansfield,1,75,4,89
2012,5,22,Ali Catterall,4,0,0,36
2012,5,22,Phelim O'Neill,3,4,0,22
2012,5,22,David Stubbs,1,0,0,9
2012,5,22,Andrew Mueller,3,0,0,18
2012,5,22,Laura Barton,1,8,0,18
2012,5,22,As seen by Catherine Bennett,1,1,0,12
2012,5,22,Michael Hann,6,171,14,100
2012,5,22,Heather Stewart,5,501,27,517
2012,5,22,James Callow,3,42,1,23
2012,5,22,Simon Jenkins,2,129,7,209
2012,5,22,Paul Weaver,9,79,14,151
2012,5,22,Diane Roberts,1,104,2,18
2012,5,22,Simon Bowers,4,6,0,51
2012,5,22,Paul Evans,2,6,0,48
2012,5,22,Sara Ilyas,1,12,0,29
2012,5,22,Jess Cartner-Morley,3,50,2,88
2012,5,22,Dean Baker,1,37,13,107
2012,5,22,Mark Weisbrot,1,69,2,37
2012,5,22,Paul MacInnes,3,20,1,34
2012,5,22,Richard Adams,3,18,0,77
2012,5,22,Seumas Milne,1,429,12,139
2012,5,22,Steven Bloor,2,11,0,44
2012,5,22,Zoe Williams,4,629,22,265
2012,5,22,Rob Bagchi,4,11,3,28
2012,5,22,Jacob Steinberg,6,142,4,143
2012,5,22,William Fotheringham,4,326,1,130
2012,5,22,Guardian staff,3,964,54,326
2012,5,22,Isabel Choat,1,11,1,40
2012,5,22,Emily Ding,1,11,1,40
2012,5,22,James Meikle,2,15,5,51
2012,5,22,Andy Daly,1,0,0,0
2012,5,22,Isabelle de Morlhon,1,0,0,0
2012,5,22,Jill Insley,5,73,2,140
2012,5,22,Cynthia Akinsanya,1,2,0,25
2012,5,22,Virginia Wallis,2,1,0,34
2012,5,22,Samuel Carpenter,1,58,0,42
2012,5,22,Patrick Barkham,2,297,16,145
2012,5,22,Presented by Charles Arthur,1,12,8,60
2012,5,22,produced by Jason Phipps with Keith Stuart,1,12,8,60
2012,5,22,Richard Sprenger,1,27,0,24
2012,5,22,Ken Macfarlane,1,27,0,24
2012,5,22,Elke Loeffler,1,3,0,11
2012,5,22,Allan Glen,1,52,0,76
2012,5,22,Len Merton,1,37,0,33
2012,5,22,Iain McLean,1,46,0,49
2012,5,22,Adrian Pumphrey,1,6,2,41
2012,5,22,Lily Asquith,1,90,9,23
2012,5,22,Valerie Pearce,1,0,2,18
2012,5,22,Magdi Abdelhadi,1,70,2,27
2012,5,22,Alex Marsh,1,3,0,18
2012,5,22,Debbie Andalo,1,16,0,10
2012,5,22,Cara Courage,1,17,5,61
2012,5,22,Hélène Mulholland,5,342,19,438
2012,5,22,political reporter,4,230,12,221
2012,5,22,Mark Samuels,1,0,0,13
2012,5,22,Catherine Shoard Elliot Smith,1,10,0,18
2012,5,22,Liza Ramrayka,1,0,0,13
2012,5,22,Patrick Blessinger,1,70,12,171
2012,5,22,Olga Kovbasyuk,1,70,12,171
2012,5,22,Tony Naylor,1,245,7,89
2012,5,22,Jacopo Ottaviani,1,59,2,85
2012,5,22,Susie Steiner,1,71,4,49
2012,5,22,Patrick Collinson,5,78,2,176
2012,5,22,Jenny Grey,1,0,0,7
2012,5,22,James Dart,1,255,6,78
2012,5,22,Giulio Frigieri,2,93,3,30
2012,5,22,Hannah Waldram,2,90,1,10
2012,5,22,Laura Oliver,2,90,1,10
2012,5,22,Guardian readers,6,186,1,54
2012,5,22,Leonardo Clausi,1,3,3,15
2012,5,22,Laura Goodman,1,185,0,48
2012,5,22,Heidi Stephens,5,1096,12,261
2012,5,22,Priya Virmani,1,58,1,16
2012,5,22,Anna Tims,3,10,0,59
2012,5,22,Don Snowden,1,704,22,120
2012,5,22,Andrew Brown,3,51,4,52
2012,5,22,Angus,1,1,0,5
2012,5,22,Isobel,1,1,0,5
2012,5,22,Ewan Murray,4,25,1,61
2012,5,22,Jack Shenker,2,422,4,63
2012,5,22,Benji Lanyado,1,96,7,102
2012,5,22,David Barnett,1,392,15,44
2012,5,22,Tony Bradman,1,37,1,35
2012,5,22,Sudhir Singh,1,0,2,14
2012,5,22,Jon Boone,4,918,25,479
2012,5,22,Jeffrey Kidder,1,42,1,23
2012,5,22,Angela Hartnett,1,12,0,18
2012,5,22,Mike Anderiesz,1,17,4,54
2012,5,22,Cameron Robertson,5,535,2,95
2012,5,22,Dave Simpson,5,150,2,66
2012,5,22,Sunny Hundal,2,48,3,174
2012,5,22,Jane Earl,1,9,0,26
2012,5,22,Gavin Barlow,1,9,0,26
2012,5,22,Oliver Balch for the <a href="http://www.guardian.co.uk/guardian-professional" title="Guardian Professional Network">Guardian Professional Network</a>,2,25,2,39
2012,5,22,John Bolton,1,14,9,23
2012,5,22,Teresa Smallbone,1,6,0,5
2012,5,22,Roger Protz,1,88,0,31
2012,5,22,Terry Macalister,3,300,0,197
2012,5,22,Sam Kimball,1,41,0,14
2012,5,22,guardian.co.uk,1,0,0,6
2012,5,22,Nigel Jones,1,4,2,19
2012,5,22,Kipper Williams,1,284,14,58
2012,5,22,James Gard,1,284,14,58
2012,5,22,Gina Allum,1,17,0,25
2012,5,22,Dom Robertson,1,13,2,21
2012,5,22,Rebecca Smithers,3,138,11,170
2012,5,22,Richard Baines,1,3,0,61
2012,5,22,Gregg Bakowski,3,44,0,77
2012,5,22,Justice Malala,1,44,2,49
2012,5,22,Paris Lees,1,146,1,33
2012,5,22,Gareth Thomas,1,0,0,0
2012,5,22,Mike Selvey,1,1,0,11
2012,5,22,Simon Hattenstone,1,14,0,39
2012,5,22,Elizabeth Day,2,56,4,55
2012,5,22,Sean O'Hagan,1,65,2,45
2012,5,22,Les Roopanarine,1,76,6,38
2012,5,22,Heidi Moore,1,569,36,280
2012,5,22,David Conn,4,661,28,414
2012,5,22,Paul Harris,11,200,13,184
2012,5,22,Amanda Michel,2,144,2,81
2012,5,22,Ruth Jamieson,1,157,0,28
2012,5,22,Sam Jordison,2,101,6,40
2012,5,22,Amelia Gentleman,2,875,8,253
2012,5,22,Saeed Kamali Dehghan,2,203,16,53
2012,5,22,Stephen Dorrell,1,0,0,10
2012,5,22,Simon Parkin,2,626,13,166
2012,5,22,Alex Aldridge,1,93,2,47
2012,5,22,Alok Jha,2,1011,149,714
2012,5,22,Dominic Rushe,6,385,49,784
2012,5,22,Maev Kennedy,7,1070,35,414
2012,5,22,Andy Bodle,1,5,0,29
2012,5,22,Martin Paul Eve,1,61,4,47
2012,5,22,Aoife Monks,1,57,3,42
2012,5,22,Marcus Thaine,1,57,0,21
2012,5,22,Chris Smith,1,2,0,17
2012,5,22,Martyn Conterio,1,6,2,7
2012,5,22,Andrew Dickson,3,448,0,52
2012,5,22,Michael Burke,1,12,0,22
2012,5,22,Mark Fisher,1,9,1,11
2012,5,22,Jonathan Watts,2,296,12,117
2012,5,22,Harriet Sherwood Jerusalem,1,16,0,31
2012,5,22,Jim Geraghty,1,1,1,16
2012,5,22,Paulo Adario,1,244,11,64
2012,5,22,Simon Tisdall,1,28,1,29
2012,5,22,Andy Cave,1,24,1,29
2012,5,22,Jonathan Bernstein,1,4,0,9
2012,5,22,Eliza Anyangwe,2,31,1,58
2012,5,22,Julian Borger Diplomatic Editor,1,10,0,35
2012,5,22,Amira Nowaira,1,18,0,4
2012,5,22,Padraig Reidy,1,184,5,40
2012,5,22,Public Leaders Network,2,2,0,49
2012,5,22,Jack Schofield,2,25,1,95
2012,5,22,Richard Latham,2,3,0,15
2012,5,22,Brian Halford,3,5,0,22
2012,5,22,Michael McNay,1,25,0,19
2012,5,22,Tom Meltzer,2,9,3,54
2012,5,22,Severin Carrell,5,166,5,230
2012,5,22,Lawrence Donegan at Wentworth,5,21,0,69
2012,5,22,Correspondent,1,20,0,17
2012,5,22,Stuart Jeffries,2,118,1,76
2012,5,22,Katrine Boorman,1,34,0,16
2012,5,22,Steve Rose,7,151,8,139
2012,5,22,Patricia Michelson,1,119,3,66
2012,5,22,Who's hot,1,1,2,14
2012,5,22,what's not at the festival,1,1,2,14
2012,5,22,Vikram Dodd,3,154,9,115
2012,5,22,Jamie Jackson,7,644,20,549
2012,5,22,Muriel Gray,1,39,2,19
2012,5,22,Clare Considine,3,39,1,41
2012,5,22,Rory Carroll,4,305,20,170
2012,5,22,Simon Goodley,1,23,1,17
2012,5,22,Richard Latham at Taunton,2,1,2,11
2012,5,22,Misha Glenny,1,67,3,26
2012,5,22,Matt Shardlow,1,15,0,49
2012,5,22,Suzanne Moore,1,44,0,31
2012,5,22,John Crace,5,109,4,104
2012,5,22,Sadhbh Walshe,1,18,3,36
2012,5,22,Robert Booth,5,379,11,331
2012,5,22,Louise Taylor,3,32,0,51
2012,5,22,Brian Halford at The Oval,2,8,0,15
2012,5,22,Daniel Taylor,5,122,3,94
2012,5,22,Karen McVeigh,2,157,7,40
2012,5,22,Robert Kitson at Mennaye Field,1,2,0,4
2012,5,22,Felicity Cloake,1,171,4,34
2012,5,22,Conal Urquhart,8,2361,40,879
2012,5,22,Kevin Rushby,2,85,5,66
2012,5,22,Marcelle Speller,1,39,2,101
2012,5,22,Celeste Hicks,1,15,1,20
2012,5,22,Peter Jenkins,1,1,0,18
2012,5,22,our Labour Correspondent,1,1,0,18
2012,5,22,Stuart Kelly,1,20,1,39
2012,5,22,David Hall,1,4,0,16
2012,5,22,Peter Crompton,1,26,2,45
2012,5,22,Stephanie Walsh,1,12,2,24
2012,5,22,John Sutherland,1,110,6,60
2012,5,22,Edward Davie,1,19,0,33
2012,5,22,Krazy Kesh,1,2,3,3
2012,5,22,Blair McPherson,1,0,2,6
2012,5,22,Laura Miller,1,31,2,13
2012,5,22,Will Self,1,35,3,47
2012,5,22,Steven Hill,1,24,5,19
2012,5,22,Ed Wallace,1,8,3,101
2012,5,22,Misha Hussain,1,62,2,16
2012,5,22,Josephine Moulds,6,40,0,128
2012,5,22,Rachel Holmes,1,15,3,22
2012,5,22,Chris Michael,2,234,11,201
2012,5,22,Doortje Braeken,1,199,0,87
2012,5,22,Anouchka Grose,1,25,0,102
2012,5,22,John Elkington for the <a href="http://www.guardian.co.uk/guardian-professional" title="Guardian Professional Network">Guardian Professional Network</a>,1,10,0,19
2012,5,22,Mario Kreft,1,8,0,12
2012,5,22,John Harris,1,253,7,268
2012,5,22,Janet Murray,1,17,0,63
2012,5,22,Anna Chesters,1,12,0,27
2012,5,22,John Robb,1,1688,33,222
2012,5,22,Jill Papworth,1,17,0,48
2012,5,22,Seth Freedman,1,52,2,19
2012,5,22,Adam Mars-Jones,1,11,0,20
2012,5,22,Andrew Bibby,1,0,0,0
2012,5,22,Matthew Caines,1,10,0,38
2012,5,22,Kate Murray,1,0,0,13
2012,5,22,Thomas Hoblyn,1,14,0,23
2012,5,22,Tim Ashley,2,430,1,38
2012,5,22,Ben Kape,1,204,1,26
2012,5,22,Lindsay Poulton,1,204,1,26
2012,5,22,Josh Strauss,1,204,1,26
2012,5,22,Alison Flood,1,543,28,339
2012,5,22,Philip Landau,1,5,6,21
2012,5,22,Stephen Kelly,1,324,6,284
2012,5,22,Joanna Ruck,3,40,2,65
2012,5,22,Ian Vince,1,278,7,78
2012,5,22,Jonathan Wilson,1,33,1,28
2012,5,22,Justin McCurry,2,188,14,58
2012,5,22,Liz Horne,1,2,0,11
2012,5,22,John Hilary,1,204,4,54
2012,5,22,Posted by Curt Rice for <a href="http://uvenus.org/" title="">University of Venus</a>,1,6900,98,626
2012,5,22,Alice Fisher,1,14,1,5
2012,5,22,Kate Allen,1,28,8,49
2012,5,22,Skye Sherwin,2,22,0,29
2012,5,22,Richard Seymour,1,256,10,80
2012,5,22,James Smythe,1,4980,8,70
2012,5,22,The people's panel,1,41,0,24
2012,5,22,Martin Belam,1,1,0,5
2012,5,22,Caroline Davies,2,82,5,28
2012,5,22,<a href="http://www.creativeboom.co.uk/" title="">Creative Boom</a>,1,31,2,40
2012,5,22,Katy Cowan,1,31,2,40
2012,5,22,part of the <a href="http://www.guardian.co.uk/culture-professionals-network">Guardian Culture Professionals Network</a>,1,31,2,40
2012,5,22,Donnachadh McCarthy,1,91,2,61
2012,5,22,Helienne Lindvall,1,101,0,42
2012,5,22,Padgett Powell,1,3,0,17
2012,5,22,Jane Dudman,2,0,0,10
2012,5,22,Jeremy Stevens,1,1,0,18
2012,5,22,Joe Moran,1,71,1,19
2012,5,22,Jenny Purt for the <a href="http://www.guardian.co.uk/guardian-professional" title="Guardian Professional Network">Guardian Professional Network</a>,1,30,2,48
2012,5,22,The Landlord,1,31,0,26
2012,5,22,Mary Douglas-Home,2,7,1,24
2012,5,22,Margaret Holborn,2,0,0,2
2012,5,22,Jan Trott,1,0,0,2
2012,5,22,Elli Narewska,1,0,0,2
2012,5,22,Wayne Gooderham,1,9,0,35
2012,5,22,Presented by Tom Clark,1,1,1,22
2012,5,22,produced by Phil Maynard,1,1,1,22
2012,5,22,Ross Griffiths,1,0,0,8
2012,5,22,Shaun Edwards,1,0,0,11
2012,5,22,Jon Dennis,2,11,0,31
2012,5,22,Alex von Tunzelmann,1,35,1,35
2012,5,22,Fernando Meirelles,1,598,10,115
2012,5,22,John Lucas,1,108,3,36
2012,5,22,Martin Lukacs,1,4430,32,184
2012,5,22,Alexis Petridis,2,1638,10,357
2012,5,22,Anya Palmer,1,11,0,49
2012,5,22,Kevin Jones,1,35,8,129
2012,5,22,Penny Woods,1,47,6,61
2012,5,22,Oliver Burkeman,2,194,2,84
2012,5,22,Mike Selvey at Trent Bridge,3,10,0,20
2012,5,22,John  Dugdale,1,128,1,14
2012,5,22,Barbara Young,1,2,0,20
2012,5,22,Tristram Kenton,1,33,0,31
2012,5,22,David Leigh,5,231,30,785
2012,5,22,Staff reporters,2,76,0,54
2012,5,22,Amy Lawrence,1,51,0,26
2012,5,22,Mark Beaumont,1,0,0,0
2012,5,22,Afua Hirsch,1,1,0,1
2012,5,22,Jo Moulds,1,37,3,146
2012,5,22,Thomas Corbett,1,0,0,9
2012,5,22,Michael Carlson,1,83,0,49
2012,5,22,June Clark,1,9,0,17
2012,5,22,Ruth Spencer,1,72,0,18
2012,5,22,Marina Hyde,1,39,6,28
2012,5,22,Scotl,4,152,5,217
2012,5,22,Victoria Bekiempis,1,139,5,29
2012,5,22,Cian Fahey,1,3,2,5
2012,5,22,Richard Schiffman,1,36,3,9
2012,5,22,Sam Delaney,3,520,9,165
2012,5,22,Sarah Teather,1,122,0,50
2012,5,22,Hannah Verdier,2,0,0,9
2012,5,22,Ryan Gilbey,1,1,0,8
2012,5,22,Rob Yarham,1,1,0,17
2012,5,22,Geoffrey Macnab,1,71,1,28
2012,5,22,Andrew Khan,1,715,3,35
2012,5,22,Jonathan Aitken,1,13,0,39
2012,5,22,Naomi Wolf,2,708,10,177
2012,5,22,Christine Ockrent,1,10,2,15
2012,5,22,Mike McCahill,2,10,0,49
2012,5,22,Nicolaus Mills,1,45,8,30
2012,5,22,Caroline Sullivan,3,7,2,41
2012,5,22,Mehdi Hasan,1,368,28,139
2012,5,22,Edwin Smith,1,187,1,80
2012,5,22,Amy Goodman,1,33,2,35
2012,5,22,Christopher Thomond,2,42,0,56
2012,5,22,Giles Simon,1,0,0,0
2012,5,22,Imogen Tilden,1,9,4,22
2012,5,22,Eddie Butler,1,71,1,17
2012,5,22,Harry Pearson,1,18,0,12
2012,5,22,AP,1,1,0,4
2012,5,22,Matthew Taylor,4,1489,29,474
2012,5,22,Ed Jacobs,1,4,0,9
2012,5,22,Baaba Maal,1,232,6,49
2012,5,22,Jamie Wilson,1,1,1,26
2012,5,22,Stuart O'Connor,1,131,0,40
2012,5,22,Jon Butterworth,2,184,15,95
2012,5,22,Sarah Churchwell,1,510,22,161
2012,5,22,Jessica Abrahams,1,73,4,20
2012,5,22,Graham Taylor,1,26,7,69
2012,5,22,Emma Drury,1,117,2,171
2012,5,22,whizzydizzy,2,1,0,14
2012,5,22,Jane Martinson,2,98,2,89
2012,5,22,Hannah Fearn,2,5,2,67
2012,5,22,Richard Vize,1,1,0,29
2012,5,22,Arun Marsh,1,2,1,37
2012,5,22,Kate Bradbury,1,10,2,61
2012,5,22,Ellis Schindler,1,47,4,65
2012,5,22,Sid Lowe Madrid,1,26,2,52
2012,5,22,Paul Doyle,2,36,2,45
2012,5,22,David Hearst,1,43,2,48
2012,5,22,Richard Gormley,1,2,0,14
2012,5,22,Matt Trueman,1,5,0,6
2012,5,22,Gareth Parry,1,11,2,7
2012,5,22,Janice Gwilliam,1,1,0,28
2012,5,22,John Banville,1,46,0,43
2012,5,22,Andrew Jepp,1,0,0,7
2012,5,22,Jonny Weeks,3,41,0,52
2012,5,22,Ed Howker,1,8,0,41
2012,5,22,SA Mathieson,1,3,2,52
2012,5,22,Harry Dalton,1,32,8,104
2012,5,22,Stephen Page,1,54,6,129
2012,5,22,Clar Ni Chonghaile,2,167,3,99
2012,5,22,Kate Duffy,1,0,0,0
2012,5,22,Nick Cohen,2,727,23,535
2012,5,22,Will Nichols for <a href="http://www.businessgreen.com">BusinessGreen</a>,1,154,1,114
2012,5,22,Joe Irvin,1,3,0,20
2012,5,22,World Business Council for Sustainable Development,1,2,2,15
2012,5,22,Donald Strachan,2,555,15,190
2012,5,22,Michelle Chapman,1,25,0,43
2012,5,22,Presented by Claire Armitstead,1,56,2,31
2012,5,22,produced by Tim Maby,1,56,2,31
2012,5,22,Martin Cross,2,61,1,30
2012,5,22,Charlie Lyne,1,30,4,20
2012,5,22,Harriet Powney,1,104,7,228
2012,5,22,Rupert Sawyer,1,1,0,6
2012,5,22,Anita Bhagwandas,1,11,3,34
2012,5,22,Adam Smith,1,25,0,29
2012,5,22,Lauren Miliotis,1,295,10,28
2012,5,22,Press Assocation,1,0,0,2
2012,5,22,Martin Godwin,1,502,5,102
2012,5,22,Iain Chambers,1,502,5,102
2012,5,22,Robin Turner,1,502,5,102
2012,5,22,Ranjit Dhaliwal,1,502,5,102
2012,5,22,Andy Pietrasik,2,559,5,128
2012,5,22,Lisa Croasdale,1,502,5,102
2012,5,22,Matthew Baxter-Reynolds,1,8,6,74
2012,5,22,James Ball,1,23,11,157
2012,5,22,Megan Clarke,1,16,4,9
2012,5,22,Dan Catt,1,16,4,9
2012,5,22,Nicholas Wroe,1,270,6,33
2012,5,22,Simon Crowther,1,14,2,30
2012,5,22,Jo Cleary,1,4,0,13
2012,5,22,Bob Garfield,1,22,0,42
2012,5,22,Dr Anna van der Gaag,1,8,0,15
2012,5,22,Ashley Lambell,1,10,0,8
2012,5,22,Guardian social care network,1,3,0,31
2012,5,22,Joanna Rea,1,38,4,17
2012,5,22,Claudia Leisinger,1,67,4,30
2012,5,22,Kate Adams,3,117,3,72
2012,5,22,David Lan,1,6,0,7
2012,5,22,Vicky Frost,3,78,1,91
2012,5,22,Dan Gillmor,1,27,11,146
2012,5,22,Pete Cashmore,1,12,0,19
2012,5,22,Andy Bull,5,99,1,94
2012,5,22,Carolyn Lyons,1,252,3,28
2012,5,22,Mariam Yamin,1,0,0,0
2012,5,22,Robin Christian,1,0,0,0
2012,5,22,Helen Pidd,3,104,2,129
2012,5,22,Peter Higgin,1,2,5,11
2012,5,22,pollster,1,4,0,9
2012,5,22,Lucy Howard,1,116,0,24
2012,5,22,Jackie Wills for the <a href="http://www.guardian.co.uk/guardian-professional" title="">Guardian Professional Network</a>,1,1,0,3
2012,5,22,Presented by Alexis Petridis,1,17,0,22
2012,5,22,Kieran Yates. Produced by Pascal Wyse,1,17,0,22
2012,5,22,Alistair Smith,1,7,0,16
2012,5,22,SocietyGuardian.co.uk,1,85,4,65
2012,5,22,Myles Allen,1,11,0,59
2012,5,22,Trewin Restorick for the <a href="http://www.guardian.co.uk/guardian-professional" title="Guardian Professional Network">Guardian Professional Network</a>,1,1,0,12
2012,5,22,Jamie Riddell,1,0,0,26
2012,5,22,Liam Kelly,3,33,0,118
2012,5,22,Christine Oliver,1,124,0,61
2012,5,22,Felicity Carus,1,124,0,61
2012,5,22,Jason Rodrigues,1,124,0,61
2012,5,22,Will Greenacre,1,124,0,61
2012,5,22,Sali Hughes,1,10,0,15
2012,5,22,Styling: Priscilla Kwateng. Photographs: David Newby,1,2,0,6
2012,5,22,Photographs by Paul Gore. Styling by Simon Chilvers,1,33,0,35
2012,5,22,Gordon Pearson,1,1,1,0
2012,5,22,Graham Snowdon,1,0,0,16
2012,5,22,Words: Diane Ackerman. Photographs: Joel Sartore,1,329,11,115
2012,5,22,Words: Hannah Booth. Photographs: Tadao Cern,1,731,15,697
2012,5,22,Emma Brockes,1,1,0,21
2012,5,22,The Guardian,1,17,2,16
2012,5,22,Danny Wright,1,151,1,103
2012,5,22,Dawn Foster,1,2,0,31
2012,5,22,Amanda Marcotte,1,43,2,37
2012,5,22,Rachel Williams,1,12,2,22
2012,5,22,Tony Sewell,1,13,0,41
2012,5,22,Tom Dyckhoff,1,107,0,30
2012,5,22,Gary Younge,1,395,8,79
2012,5,22,Andrew Collins,1,5,0,9
2012,5,22,Roger Cowe for the <a href="http://www.guardian.co.uk/guardian-professional" title="Guardian Professional Network">Guardian Professional Network</a>,1,26,1,13
2012,5,22,Tanya Harrod,1,4,0,21
2012,5,22,Melody Hossaini,1,0,0,0
2012,5,22,Tom Shone,1,11,0,20
2012,5,22,Wendy M Grossman,1,5,0,62
2012,5,22,Sarfraz Manzoor,4,425,8,98
2012,5,22,Susan Ringwood,1,35,0,18
2012,5,22,Rob Smyth (morning,3,34,1,135
2012,5,22,afternoon sessions),2,23,1,85
2012,5,22,Rob Bagchi (evening session),2,23,1,85
2012,5,22,Miles Brignall,2,230,10,88
2012,5,22,in Murcia,1,193,7,43
2012,5,22,Vic Marks at Trent Bridge,3,2,0,16
2012,5,22,Richard Rae,1,2,0,7
2012,5,22,Mark Halper,1,332,18,136
2012,5,22,Deborah Orr,1,12,0,74
2012,5,22,Giles Fraser,1,6,0,16
2012,5,22,in Rome,1,253,5,44
2012,5,22,Sanjoy Roy,1,11,0,8
2012,5,22,Julie Bindel,1,485,4,48
2012,5,22,Diane Taylor,1,60,2,52
2012,5,22,in Madrid,1,36,2,52
2012,5,22,Greg Wood at Goodwood,1,0,0,7
2012,5,22,Decca Aitkenhead,3,6186,176,1360
2012,5,22,Richard Rae at Hove,3,3,0,12
2012,5,22,Andy Wilson at Trent Bridge,3,10,0,14
2012,5,22,Interview by Bella Mackie,1,2,0,6
2012,5,22,Interview by Oliver Laughland,1,155,2,43
2012,5,22,Jim Perrin,1,2,1,22
2012,5,22,Patrick Hill,1,41,0,30
2012,5,22,Christian Sylt,1,15,3,23
2012,5,22,Caroline Reid,1,15,3,23
2012,5,22,Jonathan Freedland,1,151,3,110
2012,5,22,Felicity Lawrence,4,325,18,422
2012,5,22,Mary Kenny,1,34,2,38
2012,5,22,Ian Jack,2,21,3,39
2012,5,22,Paul Simons,1,8,0,32
2012,5,22,Rhiannon Batten,1,3,0,6
2012,5,22,Catherine Taylor,1,1,0,7
2012,5,22,Gavin McOwan,2,95,6,50
2012,5,22,Emma Kennedy,1,2,0,10
2012,5,22,Tahir Shah,1,110,4,12
2012,5,22,Mark Porter,1,16,2,29
2012,5,22,Robert Skidelsky,1,18,0,51
2012,5,22,Edmund de Waal,1,13,2,19
2012,5,22,John Mullan,2,3,4,12
2012,5,22,Helen Dunmore,1,0,0,4
2012,5,22,Anthony Quinn,1,3,0,21
2012,5,22,Sue Arnold,1,1,0,5
2012,5,22,Meghan O'Rourke,1,5,0,8
2012,5,22,Daljit Nagra,1,87,4,33
2012,5,22,Steven Poole,2,8,1,13
2012,5,22,Michel Faber,1,9,0,5
2012,5,22,Sukhdev Sandhu,1,16,0,18
2012,5,22,Timothy Mo,1,14,1,6
2012,5,22,Stephen Collins,1,10,0,6
2012,5,22,Thomas Eaton,1,0,0,0
2012,5,22,Rosanna Greenstreet,1,4,0,9
2012,5,22,Fiona Beckett,1,4,0,6
2012,5,22,Donal MacIntyre,1,0,0,12
2012,5,22,Marcel Dicke,1,44,0,44
2012,5,22,Yotam Ottolenghi,1,66,4,7
2012,5,22,Anonymous,1,20,0,12
2012,5,22,Dan Lepard,1,50,2,21
2012,5,22,Interview: <strong>Becky Barnicoat</strong>. Portrait: <a href="http://emilystein.co.uk/" title=""><strong>Emily Stein</strong></a>,1,7,0,13
2012,5,22,Alys Fowler,2,8,0,5
2012,5,22,Trish Lorenz,1,16,0,14
2012,5,22,Leonard Barden,1,2,0,4
2012,5,22,John Lanchester,1,19,0,32
2012,5,22,Hugh Fearnley-Whittingstall,1,82,5,20
2012,5,22,Geoffrey Wadhurst,1,5,0,0
2012,5,22,Laura Marcus,1,17,0,25
2012,5,22,Jeremy Bullmore,1,0,0,0
2012,5,22,David Maraniss,1,594,22,251
2012,5,22,Charlie Ball,1,45,2,49
2012,5,22,As told to Mark King,1,0,0,9
2012,5,22,Dean Macey,1,0,0,11
2012,5,22,Sid Lowe at Vicente Calderón,1,45,0,18
2012,5,22,Damon Wise,1,379,40,144
2012,5,22,Nick Levine,1,66,1,24
2012,5,22,Dale Berning,13,329,4,101
2012,5,22,Kevin McKenna,1,7,0,25
2012,5,22,Ruth Saxelby,1,82,0,11
2012,5,22,Sebastien Tellier,1,52,0,18
2012,5,22,Kate Hilpern,1,1,0,2
2012,5,22,John Patterson,1,78,2,21
2012,5,22,Robert Clark,1,6,0,8
2012,5,22,Peter Robinson,1,0,0,4
2012,5,22,Jon &amp; Mick/moderntoss.com,1,1,0,7
2012,5,22,Dot Rotten,1,0,0,2
2012,5,22,Tim Jonze,2,16,0,22
2012,5,22,Steven Appleby,1,4,0,0
2012,5,22,Johnny Dee,1,0,0,3
2012,5,22,Nick McGrath,2,119,1,45
2012,5,22,Annalisa Barbieri,1,2,0,4
2012,5,22,Sabine Durrant,1,24,0,29
2012,5,22,The Guide,1,0,0,1
2012,5,22,Gwilym Mumford &amp; Sian Rowe,1,0,0,3
2012,5,22,Sian Rowe,2,310,0,60
2012,5,22,John Fordham &amp; John Robinson,1,14,0,1
2012,5,22,Katrina Dixon,1,0,0,1
2012,5,22,Nick Gillett,1,5,0,46
2012,5,22,James Kettle,1,1,0,2
2012,5,22,Patric Baird,1,18,0,2
2012,5,22,John Mitchell,1,18,0,2
2012,5,22,Sam Richards &amp; Marc Rowlands,1,18,0,2
2012,5,22,Sam Richards,4,262,5,96
2012,5,22,Robert Clark &amp; Skye Sherwin,1,3,0,14
2012,5,22,Mark Cook,1,5,0,6
2012,5,22,Lyn Gardner &amp; Judith Mackrell,1,5,0,6
2012,5,22,Katrina Dixon &amp; Skye Sherwin,1,0,0,9
2012,5,22,Tim Lott,1,10,0,9
2012,5,22,Martin Rowson,2,31,2,105
2012,5,22,Louis Pattison,1,74,0,12
2012,5,22,Leonie Cooper,1,39,1,21
2012,5,22,Emily&nbsp;Mackay,1,33,2,19
2012,5,22,Associated press,1,8,2,21
2012,5,22,Joe Berger,1,4,2,5
2012,5,22,Pascal Wyse,1,4,2,5
2012,5,22,Lynn Davies,1,2,0,24
2012,5,22,The Secret Teacher,1,24,3,40
2012,5,22,Helen Babbs,1,13,3,26
2012,5,22,Sharif Nashashibi,1,47,0,34
2012,5,22,David Batty,1,33,3,60
2012,5,22,Graeme Reid,1,44,2,40
2012,5,22,Damien Pearse,6,337,20,368
2012,5,22,Humza Yousaf,1,184,2,25
2012,5,22,Kate Connolly imn Berlin,1,74,5,63
2012,5,22,Paul Harris New York,1,7,2,14
2012,5,22,Jason Solomons,4,374,10,207
2012,5,22,Michael Aylwin at Twickenham,2,7,0,11
2012,5,22,Daniel Topolksi,1,2,0,8
2012,5,22,Tony Leighton at Ashton Gate,2,11,0,22
2012,5,22,Paul Doyle at Wembley,2,24,2,18
2012,5,22,Chris Cook at the Curragh,1,0,0,6
2012,5,22,Quentin Letts,1,20,0,23
2012,5,22,Tracy McVeigh,5,1697,41,428
2012,5,22,James Bloodworth,1,587,8,144
2012,5,22,Barney Ronay at Trent Bridge,2,3,0,16
2012,5,22,Daniel Boffey,4,1178,35,831
2012,5,22,Toby Helm,4,797,18,538
2012,5,22,Paul Rees at Twickenham,2,2,0,16
2012,5,22,Dan Glaister,1,220,8,155
2012,5,22,Agencies,2,16,0,30
2012,5,22,Robin McKie,3,1015,58,452
2012,5,22,Cass Jones,1,92,4,107
2012,5,22,Daniel Taylor at Ullevaal Stadion,1,88,1,15
2012,5,22,Richard Williams at the Ullevaal Stadium,1,13,2,14
2012,5,22,Margaret Dibben,3,1,0,28
2012,5,22,Giles Richards,1,0,0,4
2012,5,22,Yvonne Roberts,2,531,7,145
2012,5,22,Martin Chulov Beirut,1,792,21,860
2012,5,22,Gethin Chamberlain,2,129,4,101
2012,5,22,Mark Kermode,2,137,5,85
2012,5,22,Luke Bainbridge,1,112,2,53
2012,5,22,Gemma Kappala-Ramsamy,2,1238,18,183
2012,5,22,Andrew Rawnsley,1,107,5,92
2012,5,22,Kristen Treen,1,12,2,10
2012,5,22,Matt Kamen,1,0,0,9
2012,5,22,Felix Atkin,1,1,0,10
2012,5,22,Simon Lucas,1,2,2,14
2012,5,22,Peter Preston,5,19,5,79
2012,5,22,Alan Watkins,1,2,0,6
2012,5,22,Victoria Coren,1,26,4,16
2012,5,22,Fiona Maddocks,2,0,0,7
2012,5,22,Nicholas Kenyon,1,0,0,8
2012,5,22,Stephen Pritchard,2,35,0,21
2012,5,22,Nicholas Clee,1,16,6,12
2012,5,22,Anna Baddeley,1,33,6,130
2012,5,22,Robert McCrum,2,59,1,54
2012,5,22,Jay Rayner,2,212,10,243
2012,5,22,Dan Pearson,1,1,1,7
2012,5,22,Rebecca Seal,1,77,3,43
2012,5,22,Philip French,8,82,0,76
2012,5,22,Catherine Bennett,1,14,1,24
2012,5,22,Barbara Ellen,2,246,4,530
2012,5,22,Chris Riddell,1,25,1,34
2012,5,22,Helen Seamons,2,38,1,62
2012,5,22,Rachel Cooke,2,232,12,107
2012,5,22,Martin Love,1,25,2,13
2012,5,22,Interview by William Skidelsky,1,10,3,6
2012,5,22,Nigel Slater,2,46,0,14
2012,5,22,James Purdon,1,2,0,2
2012,5,22,Hermione Hoby,1,1,2,2
2012,5,22,Ally Carnwath,1,2,0,3
2012,5,22,Gareth Grundy,1,1,0,2
2012,5,22,Eva Wiseman,2,15,0,12
2012,5,22,Lucy Siegle,1,8,0,31
2012,5,22,Gay Dad,1,0,0,0
2012,5,22,Jeremy Langmead,1,30,0,25
2012,5,22,Shahesta Shaitly,1,72,0,5
2012,5,22,Megan Conner,2,34,1,28
2012,5,22,David Williams,1,33,0,7
2012,5,22,Interview by Elizabeth Day,1,3,1,6
2012,5,22,Kitty Empire,3,21,4,24
2012,5,22,Neil Spencer,1,3,0,8
2012,5,22,Dave Gelly,1,1,0,3
2012,5,22,Quentin Wheeler,1,7,3,15
2012,5,22,Rowan Moore,1,36,0,39
2012,5,22,Peter Conrad,1,14,0,16
2012,5,22,Clare Brennan,1,54,2,15
2012,5,22,Phil Hogan,1,17,1,17
2012,5,22,John Naughton,1,20,8,79
2012,5,22,Miranda Sawyer,1,0,0,19
2012,5,22,Luke Jennings,1,3,0,4
2012,5,22,Michael Cohen Inside America,1,16,1,22
2012,5,22,Karen Kay,1,12,0,17
2012,5,22,Vanessa Thorpe,1,48,2,38
2012,5,22,Amy Hall,1,8,0,21
2012,5,22,Andrew Anthony,1,12,1,85
2012,5,22,Will Hutton,1,120,6,71
2012,5,22,Vanessa Thorpe Margate,1,59,0,28
2012,5,22,Vaughan Bell,1,266,68,245
2012,5,22,Louise Doughty,1,39,1,22
2012,5,22,Hephzibah Anderson,1,31,0,31
2012,5,22,Mariella Frostrup,1,5,0,3
2012,5,22,Rick Edwards,1,18,0,51
2012,5,22,Katharine Whitehorn,1,4,0,43
2012,5,22,Interviews by Hermione Hoby,1,1217,18,176
2012,5,22,Kathy Sweeney,1,1217,18,176
2012,5,22,Phil Barnett,1,57,0,5
2012,5,22,David Mitchell,1,146,9,108
2012,5,22,Steve Bloom,1,45,2,51
2012,5,22,Wendy Berliner,1,2,0,24
2012,5,22,Jonathan Crowther,1,1,0,15
2012,5,22,Ian Paulsen,1,2,3,14
2012,5,22,Kate Molleson,1,2,0,21
2012,5,22,Gillian Clarke,1,15,1,44
2012,5,22,Niall Griffiths,1,30,2,26
2012,5,22,Heidi Larson,1,212,7,80
2012,5,22,Matt Christie at Nottingham Arena,1,6,0,5
2012,5,22,Ian Gittins,1,2,0,16
2012,5,22,Jonathan Miller,1,248,3,257
2012,5,22,Barry Millington,1,12,0,21
2012,5,22,John Ashdown at Wembley,1,35,0,17
2012,5,22,Laura Barnett,1,77,3,55
2012,5,22,Steve Holland,1,6,2,28
2012,5,22,evening sessions),1,11,0,50
2012,5,22,Rob Bagchi (afternoon session),1,11,0,50
2012,5,22,Nicola Davison,2,800,37,438
2012,5,22,Jonathan Powell,1,46,5,53
2012,5,22,Patrick Seale,1,301,6,85
2012,5,22,Kevin Mitchell at Rol,1,7,0,9
2012,5,22,Garros,1,7,0,9
2012,5,22,Barbara Harper,1,15,3,48
2012,5,22,Hugh Muir,1,6,0,20
2012,5,22,Nathan J Brown,1,82,2,64
2012,5,22,Peter Wilby,1,662,14,126
2012,5,22,Mark Cocker,1,6,2,50
2012,5,22,Luisa Dillner,1,21,2,28
2012,5,22,Pamela Stephenson Connolly,1,14,0,4
2012,5,22,Jim Gallagher,1,13,2,35
2012,5,22,Richard J Evans,1,145,7,116
2012,5,22,David Pleat,1,12,3,12
2012,5,22,Thomas Coward,1,3,2,24
2012,5,22,Alan Pickup,1,13,1,13
2012,5,22,Jeremy Plester,1,16,0,12
2012,5,22,Vaudine Engl,1,129,4,124
2012,5,22,in Hong Kong,1,129,4,124
2012,5,22,David Hytner at Aviva Stadium,1,4,0,2
2012,5,22,Daniel Taylor at the Ullevaal Stadium,1,17,0,11
2012,5,22,Dominic Fifield at the Ullevaal Stadion,1,13,0,8
2012,5,22,Robert Kitson at Twickenham,1,0,0,3
2012,5,22,Presented,1,24,4,55
2012,5,22,produced by Jason Phipps,1,24,4,55
2012,5,22,with Ian Sample,1,24,4,55
