year,month,week,name,articles,facebook,googleplus,twitter
2012,3,12,Maev Kennedy,4,1836,20,283
2012,3,12,Roy Greenslade,29,242,27,1117
2012,3,12,Ben Dowell,3,34,0,107
2012,3,12,Editorial,20,1108,7,721
2012,3,12,Lee Rosborough,2,8,0,37
2012,3,12,John Plunkett,20,501,18,1167
2012,3,12,Dan Sabbagh,10,143,6,379
2012,3,12,Ben Quinn,5,417,7,305
2012,3,12,Patrick Wintour,15,4614,36,2089
2012,3,12,Presented by Alok Jha,1,23,3,36
2012,3,12,produced by Jason Phipps,3,30,3,52
2012,3,12,Andy Bull,3,6,0,54
2012,3,12,Guardian,4,60,1,54
2012,3,12,Julia Kollewe,10,317,6,580
2012,3,12,Steve Busfield,4,17,0,58
2012,3,12,AP,3,15,0,60
2012,3,12,Sam Wollaston,5,32,0,83
2012,3,12,Associated Press,46,6792,72,2288
2012,3,12,Emma Graham-Harrison,7,1424,16,466
2012,3,12,Lawrence Donegan at Doral,1,2,0,19
2012,3,12,Press Association,115,3862,56,3500
2012,3,12,Graeme Wearden,4,55,6,334
2012,3,12,Evan Fanning,7,158,0,336
2012,3,12,Rob Smyth,7,1696,2,769
2012,3,12,Ian McCourt,2,33,0,54
2012,3,12,Sachin Nakrani,2,39,0,60
2012,3,12,Peter Beresford,1,87,2,83
2012,3,12,Rebecca Smithers,6,824,10,352
2012,3,12,Chris Hoy,1,15,0,61
2012,3,12,Stephen Hale,1,18,0,64
2012,3,12,Keith Stuart,12,309,11,911
2012,3,12,Harriet Sherwood,2,309,6,159
2012,3,12,Clive Dickens,1,6,4,19
2012,3,12,Interview by Chris Smith,2,16,0,14
2012,3,12,Andrew Bibby,1,0,0,0
2012,3,12,GrrlScientist,21,196,59,339
2012,3,12,Alison Rourke,1,12,0,44
2012,3,12,Charles Arthur,15,471,47,1612
2012,3,12,agencies,21,1410,24,1521
2012,3,12,Phil Maynard,2,740,3,47
2012,3,12,Andy Gallagher,9,1154,7,149
2012,3,12,SophieDophie,1,0,0,17
2012,3,12,Catherine Staite,1,2,0,9
2012,3,12,Ian Hembrow,1,8,0,29
2012,3,12,Miles Coleman,1,148,1,64
2012,3,12,Cian Fahey,2,2,1,10
2012,3,12,Dick Vinegar,2,10,1,44
2012,3,12,Saba Salman,1,87,0,74
2012,3,12,Philip Monaghan,1,3,0,9
2012,3,12,Barry Glendenning,7,54,2,201
2012,3,12,Jonny Weeks,2,19,0,71
2012,3,12,Rupert Neate,2,140,6,182
2012,3,12,Stuart Dredge,10,321,57,938
2012,3,12,Bill Rogers,1,6,1,11
2012,3,12,Michael Cox,1,49,1,43
2012,3,12,Nick Fletcher,22,56,1,254
2012,3,12,David Bull for UNICEF,1,6,0,12
2012,3,12,Daniel Timme for UNICEF,1,13,2,5
2012,3,12,UNICEF,2,3,0,5
2012,3,12,Ida Margarita Hyllested for UNICEF,1,1,0,0
2012,3,12,Mark Thomas for UNICEF,1,0,1,0
2012,3,12,Maya Faisal for UNICEF,1,1,0,0
2012,3,12,Steve Howard for UNICEF,1,2,0,8
2012,3,12,Michael Hastings for UNICEF,1,6,0,7
2012,3,12,Jo Confino for the <a href="http://www.guardian.co.uk/guardian-professional" title="Guardian Professional Network">Guardian Professional Network</a>,1,15,0,3
2012,3,12,Guy Shrubsole for the <a href="http://www.guardian.co.uk/guardian-professional" title="Guardian Professional Network">Guardian Professional Network</a>,1,52,0,9
2012,3,12,Rosie Bristow for the <a href="http://www.guardian.co.uk/guardian-professional" title="Guardian Professional Network">Guardian Professional Network</a>,1,7,0,24
2012,3,12,Christian Wolmar,1,8,0,38
2012,3,12,Sean Michaels,10,667,8,452
2012,3,12,Martin Wainwright,15,325,7,510
2012,3,12,Gill Hitchcock,9,46,3,124
2012,3,12,Kate Prince,1,19,0,25
2012,3,12,Kate Hodge,7,2,0,44
2012,3,12,Saeed Kamali Dehghan,5,104,8,93
2012,3,12,Richard Norton-Taylor,2,22,4,33
2012,3,12,Bella Mackie,6,1,0,37
2012,3,12,Juliane Kippenberg,1,29,2,34
2012,3,12,Lauren Niland,1,1,0,17
2012,3,12,Simon Rogers,9,2000,56,1342
2012,3,12,Monkey,12,47,0,325
2012,3,12,Paolo Bandini,3,35,0,61
2012,3,12,Eddie Butler,2,8,0,13
2012,3,12,Giles Fraser,3,209,2,120
2012,3,12,Kate McCann,4,13,0,53
2012,3,12,Carol Rumens,1,28,0,49
2012,3,12,Alexandra Topping,6,1280,11,335
2012,3,12,Ben Child,11,1358,14,1102
2012,3,12,Jamie Jackson,12,444,1,470
2012,3,12,Greg Freeman,1,5,0,23
2012,3,12,Libby Powell,1,29,0,2
2012,3,12,Dave Hill,6,68,1,227
2012,3,12,Alan Connor,2,10,0,31
2012,3,12,Frédéric Filloux,1,38,2,126
2012,3,12,Will Hayler,12,42,2,144
2012,3,12,Greg Wood,7,28,2,106
2012,3,12,Chris Cook,8,18,2,117
2012,3,12,Tony Paley,5,17,2,91
2012,3,12,Julie Hodges,1,8,0,22
2012,3,12,Adam Boult,5,45,1,147
2012,3,12,Mark King,7,247,12,416
2012,3,12,Jack Schofield,2,3,1,119
2012,3,12,Polly Curtis,7,1409,7,487
2012,3,12,Gines Haro Pastor,8,0,0,0
2012,3,12,Natalie Hardwick,1,91,4,94
2012,3,12,Adam Vaughan,3,239,9,486
2012,3,12,Josh Halliday,18,1291,28,1384
2012,3,12,Clare Horton,6,53,0,20
2012,3,12,Andrew Pulver,4,1346,13,447
2012,3,12,Armistead Maupin,1,169,0,99
2012,3,12,Open thread,5,193,3,136
2012,3,12,Jean-Louis Gassée,1,1,1,58
2012,3,12,Joris Luyendijk,3,353,21,163
2012,3,12,John Vidal,2,270,1,146
2012,3,12,Fiona Harvey,12,1798,18,1174
2012,3,12,Laura Oliver,5,3,0,42
2012,3,12,Guardian social care network,1,4,0,36
2012,3,12,Owen Gibson,11,353,5,379
2012,3,12,Mike Anderiesz,1,7,1,55
2012,3,12,Presented by Claire Armitstead,1,3,0,2
2012,3,12,produced by Tim Maby,2,8,0,26
2012,3,12,Jonathan Jones,8,289,13,415
2012,3,12,Claire Provost,4,434,6,249
2012,3,12,Stephen Collins,2,319,1,166
2012,3,12,Paul Felton,1,7,0,5
2012,3,12,Crinan Dunbar,1,0,0,15
2012,3,12,Rebecca Russell,1,0,0,15
2012,3,12,David Smith,9,3387,13,563
2012,3,12,Jill Insley,10,92,2,265
2012,3,12,Hannah Cockroft,1,5,0,18
2012,3,12,Tom Kington,2,2097,32,527
2012,3,12,Graham Parker,5,53,0,122
2012,3,12,Joe Prince-Wright,1,18,0,25
2012,3,12,Matthew Goodwin,1,59,0,52
2012,3,12,Alison Flood,12,2825,49,1324
2012,3,12,Ed Pilkington,3,3467,128,1647
2012,3,12,Arianna Huffington for the Huffington Post,1,15,2,32
2012,3,12,Zoe Williams,5,231,3,184
2012,3,12,Phillip Inman,11,244,9,425
2012,3,12,Neil Davey,1,0,0,47
2012,3,12,Sid Lowe,1,61,1,36
2012,3,12,Anna Chesters,2,8,0,24
2012,3,12,Robin Toyne,1,21,0,4
2012,3,12,Kim Willsher,5,1238,19,464
2012,3,12,Simon Lancaster,1,11,1,39
2012,3,12,Dean Baker,1,21,0,34
2012,3,12,Eric Hilaire,1,155,5,42
2012,3,12,Jason Phipps,1,155,5,42
2012,3,12,Allan Jenkins,2,110,1,118
2012,3,12,Henry McDonald,8,206,2,135
2012,3,12,Irel,7,23,0,88
2012,3,12,Stuart O'Connor,2,30,2,140
2012,3,12,Nancy Groves,3,22,2,45
2012,3,12,Crumble,1,0,0,14
2012,3,12,Darina Allen,5,275,2,129
2012,3,12,Andrew Brown,4,1613,8,263
2012,3,12,Michael Rosenblum,3,29,0,22
2012,3,12,Arun Marsh,2,0,0,20
2012,3,12,Miles Edelsten,1,2,0,14
2012,3,12,Matt Trueman,5,137,1,102
2012,3,12,Jo Best,1,0,0,11
2012,3,12,Guardian readers,6,835,6,166
2012,3,12,Hélène Mulholland,13,139,12,356
2012,3,12,political reporter,6,105,6,220
2012,3,12,Bradley Wiggins,1,41,1,48
2012,3,12,<strong><a href="http://www.carbonbrief.org/">Carbon Brief</a></strong>,1,23,0,53
2012,3,12,Duncan Clark,2,54,0,104
2012,3,12,Raphael Honigstein,1,9,0,29
2012,3,12,Sam Jordison,2,45,1,35
2012,3,12,Miriam Elder,3,1135,22,399
2012,3,12,Eliza Anyangwe,2,14,0,66
2012,3,12,Ami Sedghi,3,2735,13,331
2012,3,12,Lisa O'Carroll,14,113,6,667
2012,3,12,Michael Cragg,5,88,0,145
2012,3,12,Ros Asquith,1,7,0,11
2012,3,12,Hunter Felt,5,21,0,59
2012,3,12,Mark Brown,8,963,9,466
2012,3,12,David Cox,1,19,0,23
2012,3,12,Hélène Mulholl,3,165,2,128
2012,3,12,,5,174,4,168
2012,3,12,Barney Ronay,4,46,4,70
2012,3,12,Jessica Shepherd,6,636,6,444
2012,3,12,George Monbiot,2,540,7,577
2012,3,12,Valerie Hannah,1,16,1,24
2012,3,12,Tina Beattie,1,13,1,26
2012,3,12,Andrew Sparrow,4,34,2,335
2012,3,12,Ana Marie Cox,3,34,1,64
2012,3,12,Debbie Andalo,2,30,0,45
2012,3,12,Jason Mark for <a href="http://www.earthisland.org">Earth Isl,1,398,1,74
2012,3,12,Journal</a>,1,398,1,74
2012,3,12,part of the <a href="http://www.guardian.co.uk/environment/network">Guardian Environment Network</a>,1,398,1,74
2012,3,12,Presented by James Richardson,2,21,0,30
2012,3,12,Produced by Iain Chambers,2,21,0,30
2012,3,12,Dugald Baird,5,37,4,189
2012,3,12,Marc Abrahams,1,5,0,16
2012,3,12,Hadley Freeman,3,315,3,132
2012,3,12,Lyn Gardner,5,207,1,94
2012,3,12,Colin Stuart,1,105,3,7
2012,3,12,Paul Lester,5,139,2,148
2012,3,12,Sam Jones,5,210,5,113
2012,3,12,Louise Taylor,3,74,0,95
2012,3,12,Chris McGreal,3,126,3,123
2012,3,12,Ryan J Relly for <a href="http://tpmmuckraker.talkingpointsmemo.com/2012/03/doj_objects_to_texas_voter_id_law_says_it_would_ha.php">Talking Points Memo</a>,1,26,0,14
2012,3,12,Bill McCarthy,1,14,0,16
2012,3,12,Nils Pratley,7,24,2,182
2012,3,12,Jeremy Kay,1,13,0,52
2012,3,12,Steve Holland,1,63,1,52
2012,3,12,Vicky Frost,3,167,0,72
2012,3,12,Mark Fisher,2,56,0,50
2012,3,12,Diane Roberts,1,60,0,34
2012,3,12,Reni Eddo-Lodge,1,56,0,50
2012,3,12,Donald McRae,1,4,0,17
2012,3,12,Mark Sweney,15,145,11,855
2012,3,12,Michael Billington,8,288,4,121
2012,3,12,Dave Simpson,4,32,0,29
2012,3,12,Rian Evans,1,1,0,8
2012,3,12,Alfred Hickling,3,16,0,36
2012,3,12,Louise Tickle,2,28,0,57
2012,3,12,Agencies,4,208,4,62
2012,3,12,Polly Toynbee,4,698,8,634
2012,3,12,Fiona Millar,1,142,2,134
2012,3,12,Josephine Moulds,9,14,0,114
2012,3,12,Geoffrey Alderman,1,43,0,32
2012,3,12,Thomas Nicholson,1,11,0,7
2012,3,12,Matthew Weaver,5,298,6,548
2012,3,12,Monica Mark,1,149,0,71
2012,3,12,Jill Treanor,16,1339,25,486
2012,3,12,Janet Murray,1,10,0,34
2012,3,12,Geraldine Hackett,1,10,0,34
2012,3,12,David Grossman,1,204,7,106
2012,3,12,Adrian Searle,1,74,0,34
2012,3,12,Joanna Walters,2,59,2,75
2012,3,12,Simon Bowers,8,85,4,219
2012,3,12,Graeme Robertson,2,276,3,71
2012,3,12,Jim Powell,3,553,1,120
2012,3,12,Tom Bennett,1,22,1,40
2012,3,12,Patrick Barkham,5,441,6,276
2012,3,12,Rachel Williams,2,108,1,89
2012,3,12,David Stubbs,3,17,2,40
2012,3,12,Gwilym Mumford,3,110,2,66
2012,3,12,Jonathan Wright,3,17,0,26
2012,3,12,Julia Raeside,4,17,2,45
2012,3,12,Phelim O'Neill,4,6,0,50
2012,3,12,Corrections,6,1,0,8
2012,3,12,Linda Grant,1,2760,14,672
2012,3,12,Sophie Heawood,2,198,4,85
2012,3,12,Nicholas Watt,21,665,15,1164
2012,3,12,Adam Gabbatt,4,96,3,282
2012,3,12,Paddy Allen,4,299,5,92
2012,3,12,Stephen Graham,1,3255,61,915
2012,3,12,Harry J Enten,5,18,0,84
2012,3,12,Paul Rees,10,135,0,98
2012,3,12,Helena Smith,3,25,2,71
2012,3,12,Richard Williams,6,51,3,90
2012,3,12,Denis Campbell,8,2284,13,961
2012,3,12,Dorian Lynskey,3,1255,4,239
2012,3,12,Michele Hanson,1,5,0,14
2012,3,12,Claire Stares,1,1,0,48
2012,3,12,Laura Barnett,6,106,3,206
2012,3,12,Maddy Costa,3,14,0,57
2012,3,12,Esther Addley,2,5,0,24
2012,3,12,Judith Weir,1,4,1,29
2012,3,12,Patrick Diamond,1,24,1,49
2012,3,12,Michael Kenny,1,24,1,49
2012,3,12,Steve Bell,8,246,7,156
2012,3,12,Interview by Laura Barnett,3,48,0,65
2012,3,12,David Conn,2,43,2,153
2012,3,12,Richard Adams,5,50,3,335
2012,3,12,Dana Lone Hill,1,102,1,40
2012,3,12,Rob Bagchi,10,112,4,502
2012,3,12,Ryan Devereaux,5,8697,28,660
2012,3,12,Tim Dowling,3,36,2,66
2012,3,12,Paul Weaver,17,202,4,290
2012,3,12,Robert Kitson,10,32,0,63
2012,3,12,Interview by Kate Abbott,1,70,0,74
2012,3,12,Tim Rich,1,938,1,310
2012,3,12,Ewen MacAskill,5,188,4,202
2012,3,12,Hugh Muir,8,34,0,89
2012,3,12,Kevin McCarra,1,16,0,40
2012,3,12,Barack Obama,1,52,1,49
2012,3,12,David Cameron,1,52,1,49
2012,3,12,Larry Elliott,7,235,4,271
2012,3,12,Amelia Gentleman,4,381,2,138
2012,3,12,Richard Sprenger,5,26,1,53
2012,3,12,Giles Richards,6,74,1,142
2012,3,12,Nick Hopkins,5,330,5,372
2012,3,12,Gwyn Topham,5,44,1,161
2012,3,12,John Crace,3,43,4,67
2012,3,12,Amy Lawrence at the Emirates Stadium,1,62,1,57
2012,3,12,David Hytner at the Emirates Stadium,1,55,1,57
2012,3,12,David Hytner at the Emirates,1,7,0,44
2012,3,12,Caroline Fiennes,1,1,0,29
2012,3,12,Ian Sample,3,3136,91,778
2012,3,12,Jonathan Glennie,1,94,0,50
2012,3,12,Juliette Garside,4,1372,33,698
2012,3,12,John Halton,1,14,0,37
2012,3,12,Jon Butterworth,1,39,5,23
2012,3,12,Simon Read,1,42,1,34
2012,3,12,Dan Ridler,1,0,0,0
2012,3,12,Dr Abhay Adhikari,1,18,3,95
2012,3,12,David Brindle,2,106,0,48
2012,3,12,Jon Henley,18,8864,169,1433
2012,3,12,Roy Williams,2,4,0,62
2012,3,12,Tintin,2,3,1,28
2012,3,12,Rex Osborn,1,3,0,16
2012,3,12,Viola Caon,1,17,0,29
2012,3,12,Vikram Dodd,8,987,23,844
2012,3,12,Catharine Howard,1,4,1,24
2012,3,12,guardian.co.uk,2,119,0,42
2012,3,12,Hari,2,7,0,87
2012,3,12,Jake,2,7,0,87
2012,3,12,Rosie Bristow for the <a href="http://www.guardian.co.uk/guardian-professional"> Guardian Professional Network</a>,1,31,0,48
2012,3,12,David Marsh,2,59,2,86
2012,3,12,Alastair Sawday,2,249,1,81
2012,3,12,Christian Bennett,2,113,1,43
2012,3,12,Sade Laja,6,7,3,46
2012,3,12,Lisa Evans,4,2037,13,308
2012,3,12,Richard Corrigan,2,15,0,12
2012,3,12,World Business Council for Sustainable Development,1,18,0,11
2012,3,12,Lemn Sissay,1,271,2,54
2012,3,12,David Harrop,1,11,0,15
2012,3,12,Hermione Hoby,2,502,8,258
2012,3,12,Michael Harris,1,1,0,9
2012,3,12,Jaz Cummins,1,39,1,51
2012,3,12,James Murray for <a href="http://www.businessgreen.com">BusinessGreen</a>,1,19,0,74
2012,3,12,part of the <a href="http://www.guardian.co.uk/environment/network" title="Guardian Environment Network">Guardian Environment Network</a>,2,36,0,108
2012,3,12,Chris Stokel-Walker,1,14,0,39
2012,3,12,Abdel-Rahman Hussein,1,211,2,54
2012,3,12,James Mackay,1,166,2,12
2012,3,12,Alan Travis,8,1062,38,512
2012,3,12,Charles Gant,1,14,0,16
2012,3,12,Matthew Caines,2,25,2,96
2012,3,12,Sarfraz Manzoor,1,87,0,42
2012,3,12,Gregg Roughley,3,657,4,190
2012,3,12,Liz Ford,2,125,3,54
2012,3,12,Lucy Mangan,3,113,2,47
2012,3,12,Staff,8,459,0,454
2012,3,12,Lizzy Davies,3,326,4,187
2012,3,12,Mark Vlasic,1,36,0,27
2012,3,12,Angela Patrick on the <a href="http://ukhumanrightsblog.com" title="">UK Human Rights blog</a>,1,6,0,12
2012,3,12,part of the <a href="http://www.guardian.co.uk/law/series/guardian-legal-network" title="">Guardian Legal Network</a>,1,6,0,12
2012,3,12,Alex Aldridge,1,47,2,48
2012,3,12,Tom Gash,1,1,0,15
2012,3,12,Jonathon Porritt,2,179,5,175
2012,3,12,Oliver Milman,1,375,5,228
2012,3,12,Caspar Llewellyn Smith,3,626,5,199
2012,3,12,Phil Hoad,1,50,1,65
2012,3,12,Keza MacDonald,1,62,4,72
2012,3,12,Peter Hetherington,1,15,0,30
2012,3,12,John Bird,1,383,5,165
2012,3,12,Patrick Collinson,4,39,3,146
2012,3,12,Owen Bowcott,7,429,10,285
2012,3,12,Catherine Dupré,1,24,1,21
2012,3,12,William Patry,1,61,9,206
2012,3,12,Jonathan Wilson,1,55,2,26
2012,3,12,Liam Kelly,3,15,0,76
2012,3,12,Elise Vincent,1,6,3,17
2012,3,12,Chaz Pugliese,1,177,0,42
2012,3,12,Amy Lightfoot,1,19,1,63
2012,3,12,Judyth Gregory-Smith,1,11,1,5
2012,3,12,Max de Lotbinière,2,28,1,11
2012,3,12,Robert Phillipson,1,772,2,69
2012,3,12,Nik Peachey,1,107,1,40
2012,3,12,Chris Tribble,1,8,2,25
2012,3,12,Pauline Blake-Johnston,1,1,0,6
2012,3,12,Florence Evin,1,45,1,33
2012,3,12,Janet Hardy-Gould,2,16,0,16
2012,3,12,Amelia Hill,6,640,8,446
2012,3,12,Christophe Châtelot,1,8,0,6
2012,3,12,Leon Kaye for the <a href="http://www.guardian.co.uk/guardian-professional" title="Guardian Professional Network">Guardian Professional Network</a>,1,13,1,29
2012,3,12,Chris Cook at Cheltenham,10,311,0,150
2012,3,12,Adrian Craddock,1,17,0,55
2012,3,12,Guardian Government Computing,1,5,0,13
2012,3,12,Nicholas Lezard,2,75,0,46
2012,3,12,Martin Reeves,1,5,1,22
2012,3,12,Prospery Raymond,1,19,1,25
2012,3,12,Rory Weal,1,11,0,58
2012,3,12,Julia Eccleshare,2,38,1,58
2012,3,12,Jessica Fuhl,2,4,0,39
2012,3,12,Catherine Shoard,2,31,1,37
2012,3,12,Kat Keene Hogue,1,46,1,12
2012,3,12,Gary Younge,2,84,4,61
2012,3,12,Sam Haddad,1,53,4,84
2012,3,12,Ranjit Dhaliwal,1,61,2,48
2012,3,12,Mick Farren,1,50,0,26
2012,3,12,Tom Rogan,1,7,0,38
2012,3,12,Lilybelle,1,2,1,14
2012,3,12,Susie Steiner,1,169,4,52
2012,3,12,Sarah Ditum,1,139,1,78
2012,3,12,Jason Burke,4,269,2,102
2012,3,12,Camilla Tenn,1,17,0,60
2012,3,12,Peter Dawson,1,11,0,13
2012,3,12,Avinash Persaud,1,42,4,67
2012,3,12,Chris Smith,1,1,0,20
2012,3,12,Julian Borger,1,11,0,12
2012,3,12,Will Hayler at Cheltenham,10,30,1,91
2012,3,12,Ben Crang,1,16,0,23
2012,3,12,Duncan Campbell,1,5,1,18
2012,3,12,Alexis Soloski,1,22,0,31
2012,3,12,Leo Hickman,2,327,11,240
2012,3,12,Justin McCurry,1,10,0,16
2012,3,12,Sally Gillen,1,36,0,32
2012,3,12,Fiachra Gibbons,1,138,3,62
2012,3,12,Michael Pinto-Duschinsky,1,17,0,18
2012,3,12,Joan Rapaport,1,9,0,26
2012,3,12,Paul Doyle,8,299,4,391
2012,3,12,Tim Jonze,3,234,1,122
2012,3,12,Rebecca Nicholson,3,57,1,87
2012,3,12,Junction,1,44,0,80
2012,3,12,the Museum of London,1,44,0,80
2012,3,12,Elisabeth Mahoney,1,16,0,11
2012,3,12,Ian Traynor,3,465,8,146
2012,3,12,Mary O'Hara,1,147,0,137
2012,3,12,Aleks Krotoski,1,0,0,46
2012,3,12,Kevin Mitchell,6,24,0,38
2012,3,12,Helen Nugent,7,403,1,99
2012,3,12,Mark Weisbrot,1,220,6,76
2012,3,12,Becky Barnicoat,1,7,0,18
2012,3,12,Andrew Deutz for the <a href="http://www.guardian.co.uk/guardian-professional" title="Guardian Professional Network">Guardian Professional Network</a>,1,92,0,21
2012,3,12,Tom Jenkins,6,87,1,104
2012,3,12,Interview by Patrick Kingsley,1,163,3,81
2012,3,12,Kenneth Roy,1,16,0,9
2012,3,12,Simon Goodley,3,16,1,79
2012,3,12,Randeep Ramesh,3,328,3,433
2012,3,12,Ken Burnett,1,0,0,28
2012,3,12,Hannah Freeman,1,8,0,21
2012,3,12,Steven Morris,9,306,5,133
2012,3,12,Kira Cochrane,2,753,7,99
2012,3,12,Paul Harris,8,25487,92,1310
2012,3,12,Andrew Clements,8,65,0,76
2012,3,12,Rupert Jones,3,95,2,130
2012,3,12,Shiv Malik,6,1820,3,496
2012,3,12,Peter Beaumont,4,242,4,198
2012,3,12,Michael White,1,33,0,47
2012,3,12,Robin Denselow,5,629,3,163
2012,3,12,Simon Hoggart,4,54,0,44
2012,3,12,Brendan Fanning,1,0,0,9
2012,3,12,The people's panel,1,58,1,79
2012,3,12,Ross Caputi,1,370,6,194
2012,3,12,Cass Jones,5,877,24,580
2012,3,12,Marina Warner,1,165,4,78
2012,3,12,Sam Richards,3,42,0,39
2012,3,12,Nosheen Iqbal,2,6,0,28
2012,3,12,Ben Arnold,3,17,2,46
2012,3,12,Ali Catterall,2,1,2,41
2012,3,12,Andrew Mueller,2,1,2,41
2012,3,12,Emine Saner,5,47,2,106
2012,3,12,Patrick Kingsley,3,57,1,57
2012,3,12,Jess Cartner-Morley,4,390,0,163
2012,3,12,Claire Phipps,3,288,2,133
2012,3,12,Paul Owen,1,26,0,22
2012,3,12,Greg Wood at Cheltenham,7,35,0,41
2012,3,12,Simon Jenkins,2,160,3,237
2012,3,12,Kate Connolly,4,366,5,123
2012,3,12,Paul Evans,1,5,1,46
2012,3,12,Harry Venning,1,2,0,7
2012,3,12,Steven Bloor,4,40,0,89
2012,3,12,As seen by Catherine Bennett,1,1,0,22
2012,3,12,Dominic Fifield,6,114,3,218
2012,3,12,Juliette Jowit,1,103,2,61
2012,3,12,Michael Wolff,1,26,1,40
2012,3,12,Anthony Lester,1,15,0,33
2012,3,12,Tim Hill,1,46,1,25
2012,3,12,Daniel Taylor,4,534,4,511
2012,3,12,Kevin McCarra at Anfield,2,272,0,67
2012,3,12,Jamie Jackson at Anfield,1,22,0,43
2012,3,12,Tom McCarthy,4,1437,82,1754
2012,3,12,Seumas Milne,1,538,8,177
2012,3,12,David Hytner,2,99,0,64
2012,3,12,Frank Keating,1,5,0,17
2012,3,12,Roger Howard,1,51,0,56
2012,3,12,Richard Wachman,3,50,0,75
2012,3,12,Paul Lewis,5,314,10,227
2012,3,12,Alabama,1,19,2,23
2012,3,12,Cathy Sullivan,1,1,0,6
2012,3,12,Dan Corry,1,1,0,23
2012,3,12,Virginia Wallis,2,1,0,23
2012,3,12,Hilary Osborne,1,7,0,33
2012,3,12,Phoebe Greenwood,2,3151,55,680
2012,3,12,Zachary Weiner,1,12,4,25
2012,3,12,Damian Carrington,6,1027,16,1009
2012,3,12,Rotterdam,3,181,12,543
2012,3,12,James Davies,1,80,0,18
2012,3,12,<em>Matt Jarratt </em>,1,0,0,0
2012,3,12,Huma Qureshi,1,40,0,23
2012,3,12,Ross Griffiths,1,0,0,4
2012,3,12,Helen Dunmore,1,6,0,11
2012,3,12,Jeremy Kuper,1,9,0,30
2012,3,12,Charlie Skelton,1,146,3,123
2012,3,12,David Behan,1,6,0,26
2012,3,12,3micermine,1,2,0,17
2012,3,12,Craig Dearden-Phillips,1,0,0,10
2012,3,12,Jared Brown,1,3,0,22
2012,3,12,Noah Payne-Frank,1,39,0,35
2012,3,12,Rajan Zaveri,1,39,0,35
2012,3,12,Severin Carrell,5,270,2,174
2012,3,12,Scotl,5,270,2,174
2012,3,12,John Wright,1,91,1,35
2012,3,12,Mark McCormick,3,36,0,75
2012,3,12,Jenny Purt for the <a href="http://www.guardian.co.uk/guardian-professional" title="Guardian Professional Network">Guardian Professional Network</a>,1,83,0,69
2012,3,12,Imogen Fox,5,62,0,159
2012,3,12,Stefanie Van de Peer,1,64,2,28
2012,3,12,Carrie Dunn,1,3,0,19
2012,3,12,Christine Ottery,1,23,1,33
2012,3,12,Tania Branigan,6,684,22,409
2012,3,12,David Runciman,1,75,4,40
2012,3,12,<strong><a href="http://www.pik-potsdam.de">Potsdam Institute</a></strong>,1,31,0,51
2012,3,12,Jeffrey Archer,1,17,0,46
2012,3,12,Vera Baird,1,108,3,52
2012,3,12,Guardian.co.uk,1,1,1,3
2012,3,12,Jason Davis for <a href="http://runofplay.tumblr.com/" title="">Run of Play</a>,1,48,0,40
2012,3,12,part of the Guardian Sport Network,1,48,0,40
2012,3,12,Xan Brooks,4,1576,10,467
2012,3,12,Guardian reader,1,56,0,123
2012,3,12,Mya Guarnieri,1,30,1,86
2012,3,12,By Terry Macalister,1,0,0,44
2012,3,12,Will Nichols for <a href="http://www.businessgreen.com">BusinessGreen</a>,1,17,0,34
2012,3,12,Colin Horgan,1,0,0,4
2012,3,12,Santander,1,0,0,0
2012,3,12,Marc Burrows,1,8,0,34
2012,3,12,Simon Burnton,1,45,0,20
2012,3,12,Henry Barnes,5,460,2,193
2012,3,12,Jonathan Watts,2,149,17,218
2012,3,12,David Mills,3,19,0,70
2012,3,12,Lesley Gillilan,2,81,0,16
2012,3,12,Ismay Atkins,2,99,0,61
2012,3,12,Hayley Spurway,2,68,2,75
2012,3,12,Jim Pascoe,2,65,1,44
2012,3,12,Martin Shuttleworth,1,130,0,50
2012,3,12,Jonathan Richards,1,130,0,50
2012,3,12,Isabel Choat,1,130,0,50
2012,3,12,Andy Pietrasik,1,130,0,50
2012,3,12,Benji Lanyado,1,130,0,50
2012,3,12,the Guardian Interactive Team,1,130,0,50
2012,3,12,Simon Woodward,1,1,0,13
2012,3,12,Amanda Marcotte with Nancy Cohen,1,2,0,30
2012,3,12,Stuart Heritage,4,346,1,194
2012,3,12,Mark Tran,4,544,7,156
2012,3,12,Georgia Brown,1,63,0,37
2012,3,12,Paul Wilson,3,24,0,59
2012,3,12,Morven Crumlish,1,21,1,36
2012,3,12,Stefan Collini,1,69,1,62
2012,3,12,Eleanor Morgan,1,111,1,81
2012,3,12,James Walsh,2,18,0,44
2012,3,12,James Donaghy,1,52,1,15
2012,3,12,Luke Chaput,1,4,0,9
2012,3,12,Amy Fleming,2,145,2,90
2012,3,12,Natalie Bennett,1,1,0,1
2012,3,12,Amy Byard,1,1,0,26
2012,3,12,Jonathan Portes,1,2,0,13
2012,3,12,Terry Macalister,5,859,9,521
2012,3,12,Katy Stoddard,1,5,0,6
2012,3,12,Heather Stewart,8,710,6,732
2012,3,12,James Antle,1,3,0,10
2012,3,12,Cheri Jacobus,1,3,0,10
2012,3,12,Matt Lewis,1,3,0,10
2012,3,12,Michael Wissot,1,3,0,10
2012,3,12,Nicholas de Jongh,1,0,0,2
2012,3,12,Delroy Corinaldi,1,6,0,32
2012,3,12,Marina Hyde,5,785,7,375
2012,3,12,OrliTheBookworm,1,3,0,29
2012,3,12,Catherine Heard,1,44,2,135
2012,3,12,Wayne Gooderham,1,6,0,40
2012,3,12,Eugene Suggett,1,7,0,19
2012,3,12,Howard Rosen,1,3,0,41
2012,3,12,Julian Borger with David Rohde,1,1,0,21
2012,3,12,Sarah Morris,1,21,3,24
2012,3,12,Jane Dudman,2,2,0,22
2012,3,12,John Burn-Murdoch,1,32,2,31
2012,3,12,Tom Phillips,1,57,2,29
2012,3,12,Alison Cole for the <a href="http://blog.soros.org/" title="">Open Society Blog</a>,1,31,1,11
2012,3,12,part of the <a href="http://www.guardian.co.uk/legalnetwork" title="">Guardian Legal Network</a>,1,31,1,11
2012,3,12,John Elkington for the <a href="http://www.guardian.co.uk/guardian-professional" title="Guardian Professional Network">Guardian Professional Network</a>,1,15,0,7
2012,3,12,Clar Ni Chonghaile,1,26,0,17
2012,3,12,in Nairobi,1,26,0,17
2012,3,12,Posted by Afshan Jafar for <a href="http://uvenus.org/" title="">University of Venus</a>,1,15,1,34
2012,3,12,Dan Gillmor,1,22,5,144
2012,3,12,Michael Hann,4,1104,8,430
2012,3,12,Sufiya Ahmed,1,21,2,17
2012,3,12,Charlotte Jones,1,0,0,4
2012,3,12,Nick Fletche,1,0,0,1
2012,3,12,Interview by Sarah Phillips,1,47,0,52
2012,3,12,Mike Selvey,2,156,3,30
2012,3,12,Judith Mackrell,4,29,0,50
2012,3,12,Andrew Khan,1,25,2,31
2012,3,12,Michelle Thew,1,264,0,51
2012,3,12,Rosebell Kagumire,1,2385,2,131
2012,3,12,Zoe Wood,6,113,1,231
2012,3,12,Steve Rose,2,236,2,114
2012,3,12,Duncan Brack,1,1,0,64
2012,3,12,Caroline Sullivan,3,19,0,41
2012,3,12,Alexis Petridis,3,183,2,92
2012,3,12,Robert Booth,7,6757,78,3199
2012,3,12,Luke Harding,5,6743,75,2781
2012,3,12,Joshua Rozenberg,1,15,0,20
2012,3,12,Matthew Taylor,4,1406,10,488
2012,3,12,Foreign staff,1,24,0,4
2012,3,12,Mona Mahmood,2,5251,59,2247
2012,3,12,Mustafa Khalili,1,89,1,53
2012,3,12,Angelique Chrisafis,3,676,12,244
2012,3,12,Jeevan Vasagar,4,1473,13,561
2012,3,12,Brian Logan,3,8,0,41
2012,3,12,Jo Wood,1,12,0,30
2012,3,12,Mark Rice-Oxley,1,1017,7,300
2012,3,12,Naomi Wolf,2,597,10,252
2012,3,12,Brian Braiker,1,6,0,75
2012,3,12,Timothy Garton Ash,1,271,2,97
2012,3,12,Pete Jones,1,35,0,10
2012,3,12,Bim Adewunmi,1,34,3,41
2012,3,12,Suzanne Moore,1,108,3,65
2012,3,12,Pankaj Mishra,1,182,0,33
2012,3,12,Stuart James,5,123,0,190
2012,3,12,Phil Gates,1,7,0,26
2012,3,12,Kevin Powell,1,313,2,93
2012,3,12,Martin Kettle,2,27,0,41
2012,3,12,Aditya Chakrabortty,1,16,1,31
2012,3,12,Daniel Taylor at Stamford Bridge,1,85,0,89
2012,3,12,Dominic Fifield at Stamford Bridge,2,66,0,86
2012,3,12,Alice Salfield,2,29,1,11
2012,3,12,Peter Sale,1,25,1,3
2012,3,12,Rajeev Syal,1,3,0,8
2012,3,12,Patrick Butler,9,1195,10,418
2012,3,12,Sid Lowe at the Bernabéu,1,12,0,24
2012,3,12,Design: Paul Scruton,1,529,4,77
2012,3,12,Christine Oliver,1,529,4,77
2012,3,12,Michael Robinson. Words: James Ball,1,529,4,77
2012,3,12,Felicity Cloake,1,384,4,71
2012,3,12,Richard Williams at Stamford Bridge,1,10,0,46
2012,3,12,Sarah Boseley,6,780,5,232
2012,3,12,Samantha Sparrow,1,11,1,55
2012,3,12,Anna da Costa,1,559,4,113
2012,3,12,Paul Webster,1,1,1,29
2012,3,12,Ben Hicks,1,12,0,18
2012,3,12,Chris French,1,207,26,126
2012,3,12,Malcolm Press,1,8,1,11
2012,3,12,Christine Ennew,1,8,1,11
2012,3,12,Tony McAleavy,1,4,0,26
2012,3,12,Neil Merrick,1,4,0,13
2012,3,12,Russell Parton,1,21,0,56
2012,3,12,Anke Holst,1,4,0,18
2012,3,12,Sara,1,0,0,4
2012,3,12,John Burnside,1,59,2,33
2012,3,12,Scott Murray,6,114,1,125
2012,3,12,Jules Acton,1,4,2,20
2012,3,12,Don Redding,1,4,2,20
2012,3,12,Melissa McClements,1,483,2,96
2012,3,12,Lisa De Bode,1,41,0,45
2012,3,12,Linda Nylind,1,57,0,22
2012,3,12,Michelle Pauli,1,57,0,22
2012,3,12,Sam Sharps,1,8,0,23
2012,3,12,Peter Salter,1,171,2,68
2012,3,12,Tim Radford,3,376,17,186
2012,3,12,Oliver Laughl,1,4,0,8
2012,3,12,Imogen Russell Williams,1,99,3,65
2012,3,12,<a href="http://www.creativeboom.co.uk/" title="">Creative Boom</a>,1,39,0,22
2012,3,12,Katy Cowan,1,39,0,22
2012,3,12,part of the <a href="http://www.guardian.co.uk/culture-professionals-network" title="">Guardian Culture Professionals Network</a>,1,39,0,22
2012,3,12,Justin McGuirk,1,161,1,59
2012,3,12,Jon Ronson,1,21,0,45
2012,3,12,Lucy Greenwell,1,21,0,45
2012,3,12,Remy Lamont,1,21,0,45
2012,3,12,Lisa Bachelor,7,33,2,209
2012,3,12,Annabel Short for the <a href="http://www.guardian.co.uk/guardian-professional" title="Guardian Professional Network">Guardian Professional Network</a>,1,41,1,26
2012,3,12,Andy Cawthray,1,7,0,32
2012,3,12,Jonny Brownlee,1,20,0,12
2012,3,12,George Chesterton,1,20,0,26
2012,3,12,John Kampfner,1,10,0,25
2012,3,12,Meg Gagnard or <a href="http://www.vingtparismagazine.com/" title="">Vingt Paris</a>,1,125,3,95
2012,3,12,part of the <a href="http://www.guardian.co.uk/travel/series/guardian-travel-network" title="">Guardian Travel Network</a>,1,125,3,95
2012,3,12,David Hills,2,33,0,54
2012,3,12,Vic Marks,2,0,1,17
2012,3,12,James Grant,1,6,0,41
2012,3,12,Nicola Clark,1,197,2,35
2012,3,12,Alex von Tunzelmann,1,5,0,27
2012,3,12,Arwa Mahdawi,1,65,4,53
2012,3,12,Peter Madden for the <a href="http://www.guardian.co.uk/guardian-professional" title="Guardian Professional Network">Guardian Professional Network</a>,1,8,0,23
2012,3,12,Jamie Skinner,1,64,0,59
2012,3,12,Kat Austen,1,50,4,89
2012,3,12,Luis Henrique Pontes,1,1,0,0
2012,3,12,Lisa Allardice,2,35,0,55
2012,3,12,Produced by Tim Maby,1,25,0,45
2012,3,12,Marilyn Daish,1,0,0,2
2012,3,12,Allyson Pollock,1,132,1,152
2012,3,12,BT MyDonate,1,5,0,2
2012,3,12,Castle Galleries,1,60,0,31
2012,3,12,Cameron Robertson,2,65,0,54
2012,3,12,Magdalena Glowacka,1,157,5,56
2012,3,12,Ralph J Cicerone,1,23,0,30
2012,3,12,Skye Sherwin,1,4,0,33
2012,3,12,Rory Carroll,2,49,0,23
2012,3,12,Virginia Lopez,1,22,0,8
2012,3,12,Paul MacInnes,1,5,0,23
2012,3,12,Felicity Lawrence,4,1644,9,779
2012,3,12,Simon Parker,1,0,0,4
2012,3,12,Graeme Walker,1,0,0,4
2012,3,12,Zammy Fairhurst,2,34,0,51
2012,3,12,Ben Kape,1,375,3,35
2012,3,12,Mary Douglas-Home,2,376,3,48
2012,3,12,<a href="http://www.museumsassociation.org/home" title="">Museums Association</a>,1,1,0,4
2012,3,12,Maurice Davies,1,1,0,4
2012,3,12,part of the <a href="http://www.guardian.co.uk/culture-professionals-network" title="">Guardian Culture Professionals Network </a>,1,1,0,4
2012,3,12,Simon Chilvers,1,62,1,30
2012,3,12,William Perrin,1,1,0,50
2012,3,12,Dan Martin,1,59,1,33
2012,3,12,Karen McVeigh,3,788,12,240
2012,3,12,Crazy Maisie Moo,1,0,0,5
2012,3,12,Alan Sykes,1,27,0,12
2012,3,12,Richard Seymour for <a href="http://leninology.blogspot.com/" title="">Lenin's Tomb</a>,1,1158,3,123
2012,3,12,part of the <a href="http://www.guardian.co.uk/commentisfree/series/guardian-comment-network" title="">Guardian Comment Network </a>,1,1158,3,123
2012,3,12,Sean O'Hagan,1,439,7,171
2012,3,12,Jon Dennis,2,31,0,24
2012,3,12,Amy Goodman,1,48,0,22
2012,3,12,Amy Lawrence,5,613,3,294
2012,3,12,Andy Barber,1,5,0,9
2012,3,12,Peter Bradshaw,8,459,2,180
2012,3,12,Giulio Frigieri,2,117,3,79
2012,3,12,David Vincent,1,79,1,35
2012,3,12,Kris Kotarski,1,29,0,21
2012,3,12,Helienne Lindvall,1,182,1,55
2012,3,12,Sarah Phillips,2,10,0,0
2012,3,12,Joanna Clarke-Jones,1,1,0,0
2012,3,12,Nicole Jackson,2,0,0,3
2012,3,12,Barbara Ehrenreich for <a href="http://www.tomdispatch.com/archive/175516/">TomDispatch</a>,1,194,5,39
2012,3,12,part of the <a href="http://www.guardian.co.uk/commentisfree/series/guardian-comment-network">Guardian Comment Network</a>,1,194,5,39
2012,3,12,Claire Armitstead,1,20,0,2
2012,3,12,Leslie Plommer,1,0,0,1
2012,3,12,Homa Khaleeli,1,2,0,1
2012,3,12,Lindesay Irvine,1,1,0,0
2012,3,12,Mat Smith,1,0,0,0
2012,3,12,James Meikle,3,8,0,6
2012,3,12,Hannah Fearn,1,0,0,4
2012,3,12,Pamela Hutchinson,1,0,0,3
2012,3,12,Sally Cameron Griffiths,1,0,0,5
2012,3,12,Jeremy Corbyn,1,185,2,47
2012,3,12,Jonathan Paige,1,0,0,0
2012,3,12,Susanna Rustin,3,41,2,53
2012,3,12,Clare Flowers,1,0,0,0
2012,3,12,Gregory Callus,1,0,0,1
2012,3,12,Hannah Booth,3,54,0,14
2012,3,12,Ruth Pallesen-Mustikay,2,4,0,5
2012,3,12,James Ball,1,6,0,0
2012,3,12,Merope Mills,1,0,0,2
2012,3,12,Oren Gruenbaum,1,3,0,8
2012,3,12,Sarah Jewell,3,14,0,11
2012,3,12,Becky Gardiner,1,1,0,1
2012,3,12,Alison Benjamin,2,432,1,104
2012,3,12,Caroline Hunter,1,2,0,0
2012,3,12,Liese Spencer,1,0,0,6
2012,3,12,Jane Martinson,1,0,0,2
2012,3,12,Oliver Laughland,1,0,0,6
2012,3,12,Rachel Dixon,4,203,3,153
2012,3,12,Steve Chamberlain,1,0,0,1
2012,3,12,Maxton Walker,2,1,0,1
2012,3,12,Sarah Crown,1,1,0,5
2012,3,12,Ian Katz,1,0,0,1
2012,3,12,Andrea Chapman,1,0,0,1
2012,3,12,Haroon Siddique,2,30,2,69
2012,3,12,Garry Blight,2,415,2,248
2012,3,12,Chris Fenn,1,405,2,232
2012,3,12,Constanze Letsch,2,39,3,47
2012,3,12,Stephen Moss,4,58,1,86
2012,3,12,Philip Oltermann,2,148,4,79
2012,3,12,Alok Jha,1,0,0,3
2012,3,12,Simon Hattenstone,1,2,0,11
2012,3,12,Jonathan Freedland,1,4,0,11
2012,3,12,Louise Christian,1,47,2,42
2012,3,12,Robert McCrum,1,7,1,19
2012,3,12,Julian Baggini,1,118,2,21
2012,3,12,Steven Schwartz,1,18,2,55
2012,3,12,Presented by Hugh Muir,1,5,0,18
2012,3,12,produced by Phil Maynard,1,5,0,18
2012,3,12,Finbarr Sheehy,1,37,0,17
2012,3,12,Graphic News,1,37,0,17
2012,3,12,Katie Allen,2,5,0,34
2012,3,12,Ronald Bergan,1,11,2,8
2012,3,12,Becky Allen,1,16,0,1
2012,3,12,Angela Hartnett,1,57,0,20
2012,3,12,Nadira Isaeva,1,16,0,25
2012,3,12,Simon Tisdall,4,390,2,176
2012,3,12,Frank Biermann,1,93,0,69
2012,3,12,Steven Bernstein,1,93,0,69
2012,3,12,Geoffrey Dear,1,3,0,12
2012,3,12,John Fordham,5,69,1,42
2012,3,12,James Schofield,1,25,0,42
2012,3,12,guardian.co.uk/music,1,46,0,7
2012,3,12,Michael Williams,1,43,0,19
2012,3,12,Tom Meltzer,1,3,0,52
2012,3,12,The Invisible Woman,1,20,0,29
2012,3,12,Professor Steve Tsang,1,14,4,44
2012,3,12,Anne Billson,1,32,1,16
2012,3,12,Stuart James at the Estadio San Mamés,2,394,0,146
2012,3,12,John Robinson,2,1,0,11
2012,3,12,David Laws,1,23,0,50
2012,3,12,Tim Farron,1,23,0,50
2012,3,12,Susie White,1,6,0,56
2012,3,12,Michael Cohen,1,8,1,13
2012,3,12,Martin Chulov,2,42,0,53
2012,3,12,Kevin McCarra at the Etihad Stadium,1,60,0,25
2012,3,12,Harry Pearson,1,2,0,10
2012,3,12,Barry Neild,2,56,1,127
2012,3,12,Picaroon,1,1,0,0
2012,3,12,Morwenna Ferrier,1,226,4,87
2012,3,12,James Richardson,1,21,1,16
2012,3,12,Matt Hall,1,21,1,16
2012,3,12,Jamie Jackson at the Etihad Stadium,2,93,0,62
2012,3,12,Anonymous,2,125,0,80
2012,3,12,David Lengel,3,16,0,41
2012,3,12,Michael Solomon,2,14,0,29
2012,3,12,Rosie Niven,1,32,0,16
2012,3,12,Francis Boyd,1,0,0,4
2012,3,12,Kevin Gallagher,1,33,0,41
2012,3,12,Alain Damond,1,3,0,4
2012,3,12,Gordon Birtwistle MP,1,2,0,6
2012,3,12,Catrin Griffiths,1,17,0,6
2012,3,12,Jon Harvey,1,8,0,73
2012,3,12,Marianne Brown,1,107,1,71
2012,3,12,Ed Jacobs,1,2,0,7
2012,3,12,James Wharton MP,1,2,0,10
2012,3,12,Rachel Reeves MP,1,6,0,26
2012,3,12,TigerLily,1,0,0,12
2012,3,12,Chuka Umunna,1,41,0,30
2012,3,12,Mike Harris,1,4,0,7
2012,3,12,Cathy Ashley,1,14,0,13
2012,3,12,Mark Samuels,1,0,0,3
2012,3,12,Jamie Day,2,1,0,32
2012,3,12,Craig Felts,1,6,0,19
2012,3,12,Tom Service,1,92,0,35
2012,3,12,Andy Nicolson,1,22,0,25
2012,3,12,Tom Coleman,1,10,0,16
2012,3,12,Stella Medlicott,1,2,0,6
2012,3,12,Dr Jane Collins,1,0,0,15
2012,3,12,Richard Vize,1,1,0,16
2012,3,12,Ruth Jamieson,1,19,0,29
2012,3,12,Sophie Mackenzie,1,24,0,32
2012,3,12,Ethan Goffman for the World Business Council for Sustainable Development,1,16,2,8
2012,3,12,Geoff Dyer,1,69,3,92
2012,3,12,Emma Howard-Boyd for the <a href="http://www.guardian.co.uk/guardian-professional" title="Guardian Professional Network">Guardian Professional Network</a>,1,0,0,5
2012,3,12,Rees Arnott-Davies,1,255,0,62
2012,3,12,Sali Hughes,2,24,0,33
2012,3,12,Nat Saunders,1,11,0,20
2012,3,12,Peter Forbes,1,21,2,20
2012,3,12,Lloyd Shepherd,1,300,25,320
2012,3,12,The Guardian,1,0,0,4
2012,3,12,Tim Lewis,2,4,0,47
2012,3,12,Imogen Sanders,1,7,0,9
2012,3,12,Max Harlow,1,17,4,100
2012,3,12,Lindsey Dew,1,17,4,100
2012,3,12,William Fotheringham,1,9,0,17
2012,3,12,Guardian Fashion,1,1,0,27
2012,3,12,Chris Michael,1,124,1,76
2012,3,12,Allison Ogden Newton,1,0,0,0
2012,3,12,William Skidelsky,1,22,2,35
2012,3,12,Jackie Ashley,2,81,1,80
2012,3,12,Elliot Smith,1,9,1,15
2012,3,12,Tom Cox,1,1,0,11
2012,3,12,Anna Baddeley,1,16,4,111
2012,3,12,Colm Tóibín,1,62,0,5
2012,3,12,David Lacey,1,8,0,38
2012,3,12,Janette Owen,1,101,2,53
2012,3,12,Graham Snowdon,1,132,0,19
2012,3,12,Silvia Giovannoni for the <a href="http://www.guardian.co.uk/guardian-professional" title="Guardian Professional Network">Guardian Professional Network</a>,1,90,0,97
2012,3,12,Rupert Sawyer,1,0,0,15
2012,3,12,Simon Amstell,1,29,0,24
2012,3,12,Daniel Simonsen,1,29,0,24
2012,3,12,Jessie Cave,2,40,0,82
2012,3,12,Peter Singer,1,38,0,25
2012,3,12,Charles Secrett,1,111,4,109
2012,3,12,Tom Burke,1,111,4,109
2012,3,12,Tony Juniper,1,111,4,109
2012,3,12,James Dart,1,1,0,20
2012,3,12,John Harris,3,2912,19,517
2012,3,12,John Domokos,1,368,1,68
2012,3,12,Ryan Gallagher,1,194,0,42
2012,3,12,Jerome Bossuet,1,188,2,226
2012,3,12,Richard Nelsson,1,11,0,38
2012,3,12,Andy Hall,1,281,0,75
2012,3,12,Unknown social worker,1,9,0,8
2012,3,12,Jo Confino,1,16,1,28
2012,3,12,Ben Beaumont-Thomas,1,16,1,28
2012,3,12,Spencer Woodcock,1,42,0,18
2012,3,12,Presented by John Plunkett,1,1,0,14
2012,3,12,with Vicky Frost,1,1,0,14
2012,3,12,Leonard Barden,1,0,0,3
2012,3,12,John Ashton,1,355,0,69
2012,3,12,Maggi Morris,1,355,0,69
2012,3,12,Sadhbh Walshe,1,71,3,49
2012,3,12,Tim Maby,1,4,0,8
2012,3,12,Matthew Baxter-Reynolds,1,4,2,83
2012,3,12,Alex Healey,1,7,0,17
2012,3,12,Ken Macfarlane,1,7,0,17
2012,3,12,Johannesburg,1,37,2,35
2012,3,12,Aiman.A,1,0,0,7
2012,3,12,Richard Conway,1,439,1,47
2012,3,12,Juliette Jowitt,1,4,0,28
2012,3,12,Presented by Jason Solomons,1,6,0,2
2012,3,12,Delhi,1,54,1,12
2012,3,12,Presented by Tim Jonze,1,2,0,15
2012,3,12,Rebecca Nicholson. Produced by Pascal Wyse,1,2,0,15
2012,3,12,Nesrine Malik,1,227,1,28
2012,3,12,Carlene Thomas-Bailey,1,124,5,90
2012,3,12,Alistair Smith,1,0,0,17
2012,3,12,Rupert Shortt,1,49,0,23
2012,3,12,Kim Catcheside,1,8,0,24
2012,3,12,Kamilla Baiden,1,24,1,29
2012,3,12,Robbie Wojciechowski,1,24,1,29
2012,3,12,Omar Shahid,1,24,1,29
2012,3,12,Martin Farrer,2,26,0,72
2012,3,12,Maura Kelly,1,101,0,23
2012,3,12,Stylist: Priscilla Kwateng,1,6,0,10
2012,3,12,Anna Tims,3,8,0,35
2012,3,12,Richard Lea,1,2,0,10
2012,3,12,Giles Tremlett,1,143,2,103
2012,3,12,Ian Malin,1,3,0,6
2012,3,12,Simon McMahon,1,18,1,15
2012,3,12,SE Smith,1,45,6,52
2012,3,12,Andrew Collins,1,1,0,13
2012,3,12,Sanjoy Roy,1,2,0,10
2012,3,12,Shaun Edwards,2,14,0,13
2012,3,12,Jill Filipovic,1,44,1,33
2012,3,12,Lawrence McNamara,1,35,1,47
2012,3,12,Vishvapani Blomfield,1,178,9,48
2012,3,12,Stephen Bates,2,153,0,28
2012,3,12,Jason Farago,1,10,1,16
2012,3,12,Ian Birrell,1,9,1,32
2012,3,12,Martin Rowson,2,26,1,55
2012,3,12,<strong>Decca Aitkenhead</strong>,1,127,0,118
2012,3,12,Ian Jack,1,42,3,110
2012,3,12,Shirley Williams,1,36,2,59
2012,3,12,Jonathan Freedl,1,114,2,61
2012,3,12,in Munich,1,114,2,61
2012,3,12,Deborah Orr,2,82,0,141
2012,3,12,Simon Parkin,1,28,1,85
2012,3,12,Gabriel Dance,1,2,0,12
2012,3,12,Graham Long,1,3,0,26
2012,3,12,Interview by Emine Saner,1,268,6,99
2012,3,12,Ruth Spencer,1,136,4,74
2012,3,12,Alan Pickup,1,8,3,12
2012,3,12,Paul Richardson,1,581,1,81
2012,3,12,Laura Dixon,2,167,0,26
2012,3,12,Richard Eilers,1,36,0,14
2012,3,12,Patricia Gosálvez,1,217,0,26
2012,3,12,Alison Broom,1,84,1,37
2012,3,12,David Eyre,1,54,0,36
2012,3,12,Anne&nbsp;Enright,1,0,0,4
2012,3,12,Graham Robb,1,86,5,32
2012,3,12,Harry Ritchie,1,2,0,4
2012,3,12,Hari Kunzru,1,1199,4,422
2012,3,12,David Wheatley,1,90,2,20
2012,3,12,Samanth Subramanian,1,94,2,28
2012,3,12,Paul&nbsp;Batchelor,1,100,0,23
2012,3,12,John Mullan,1,5,0,9
2012,3,12,Tom Holland,1,14,0,5
2012,3,12,Christopher Hope,1,29,0,6
2012,3,12,Samantha Harvey,1,4,1,3
2012,3,12,Steven Poole,1,3,0,25
2012,3,12,Ursula K Le Guin,1,64,2,3
2012,3,12,Nicholas Wroe,1,61,0,34
2012,3,12,Laura Wilson,1,1,0,7
2012,3,12,Patrick Gale,1,133,0,6
2012,3,12,Marilynne Robinson,1,40,6,45
2012,3,12,Gillian Clarke,1,29,2,5
2012,3,12,Jeremy Bullmore,1,8,0,2
2012,3,12,Natasha Wynarczyk,1,55,0,55
2012,3,12,Geoffrey Wadhurst,1,1,0,80
2012,3,12,Dan Lepard,1,36,0,24
2012,3,12,Thomas Eaton,1,1,0,0
2012,3,12,Helen Pidd,1,23,3,52
2012,3,12,Alexander Arguelles,1,1508,2,71
2012,3,12,Fiona Beckett,1,11,1,4
2012,3,12,Yotam Ottolenghi,1,96,0,16
2012,3,12,Rosanna Greenstreet,1,42,0,19
2012,3,12,Deborah Meaden,1,0,0,6
2012,3,12,Alys Fowler,2,38,0,7
2012,3,12,Jane Perrone,1,14,0,2
2012,3,12,John Lanchester,1,13,0,25
2012,3,12,Tom Dyckhoff,1,40,0,5
2012,3,12,Becky Barnicoat. Portrait by <a href="http://emilystein.co.uk" title="">Emily Stein</a>,1,92,0,11
2012,3,12,Oliver Burkeman,1,203,5,81
2012,3,12,Lauren Roberts,1,15,0,80
2012,3,12,Emma Brockes,1,112,0,43
2012,3,12,SJ Butler,1,169,1,72
2012,3,12,As told to Graham Snowdon,1,0,0,48
2012,3,12,Miles Brignall,1,19,2,36
2012,3,12,Shane Williams,1,7,0,4
2012,3,12,Ewan Murray,3,41,0,62
2012,3,12,The Secret Footballer,1,60,3,20
2012,3,12,Richard Vine,2,107,1,39
2012,3,12,Grace Dent,1,1,0,20
2012,3,12,John Patterson,1,8,0,4
2012,3,12,The Guide,2,1,0,11
2012,3,12,Skye Sherwin &amp; Stuart Goodwin,1,0,1,30
2012,3,12,Steven Appleby,1,1,0,0
2012,3,12,Annalisa Barbieri,1,20,0,7
2012,3,12,Charlie Condou,1,10,0,1
2012,3,12,Nick Griffiths,1,30,0,7
2012,3,12,Elaine Lipworth,1,436,3,153
2012,3,12,Peter Lennon,1,6,1,9
2012,3,12,Louis Pattison,1,1,0,3
2012,3,12,Sian Rowe,1,27,0,8
2012,3,12,Mark Cook &amp; Judith Mackrell,1,25,0,4
2012,3,12,Clare Considine,1,6,0,27
2012,3,12,Nick Gillett,1,0,0,29
2012,3,12,Sam Richards &amp; Sarah Deen,1,0,0,19
2012,3,12,Stuart Goodwin,1,6,0,5
2012,3,12,Damon Wise,1,1,0,10
2012,3,12,Robert Clark &amp; Skye Sherwin,1,12,0,12
2012,3,12,Johnny Dee,1,2,0,63
2012,3,12,Marc Rowlands,1,43,0,7
2012,3,12,John Mitchell,1,43,0,7
2012,3,12,Sam Richards &amp; Patric Baird,1,43,0,7
2012,3,12,Andrew Clements &amp; John Fordham,1,1,0,6
2012,3,12,James Kettle,1,1,0,4
2012,3,12,Jon &amp; Mick/moderntoss.com,1,13,0,4
2012,3,12,Skye Sherwin &amp; Robert Clark,1,36,0,31
2012,3,12,Bob Garfield,1,94,4,169
2012,3,12,Joe Berger,1,9,0,9
2012,3,12,Pascal Wyse,1,9,0,9
2012,3,12,Mark Vernon,1,38,1,24
2012,3,12,Phoebe Doyle,1,204,2,206
2012,3,12,Melody David,1,87,0,26
2012,3,12,Damien Pearse,3,19155,219,1983
2012,3,12,Stuart McAllister at Stadio Olimpico,1,30,0,5
2012,3,12,Paul Wilson at Goodison Park,2,5,0,26
2012,3,12,Ewan Murray at Tannadice,1,5,0,9
2012,3,12,Richard Williams at the Millennium Stadium,2,74,0,34
2012,3,12,Joe Lovejoy at the DW Stadium,2,4,0,47
2012,3,12,Jamie Jackson at Craven Cottage,2,45,0,50
2012,3,12,Scott Anthony,1,2,0,9
2012,3,12,John Ashdown at Fratton Park,1,3,0,9
2012,3,12,Richard Rae at Esher,2,4,0,7
2012,3,12,Nial Briggs,1,2,0,7
2012,3,12,Matt McGeehan,1,0,0,5
2012,3,12,Paul Rees at Millennium Stadium,1,27,0,8
2012,3,12,Eddie Butler at the Millennium Stadium,1,14,0,10
2012,3,12,Michael Aylwin at Twickenham,2,52,0,22
2012,3,12,Kevin Mitchell at Twickenham,1,0,0,5
2012,3,12,Mike Averis,1,3,0,5
2012,3,12,Ruaridh Nicoll,1,217,4,117
2012,3,12,Emma John,1,10,0,28
2012,3,12,Claire Tolley,1,1,0,4
2012,3,12,David Owen,1,218,2,139
2012,3,12,Toby Helm,2,216,1,276
2012,3,12,Daniel Boffey,5,2175,30,1550
2012,3,12,Andy Wilson at Odsal,1,7,0,7
2012,3,12,Lucy Rock,1,2768,7,274
2012,3,12,Tracy McVeigh,2,452,1,111
2012,3,12,Chris Cook at Jackdaws Castle,1,4,0,5
2012,3,12,Yvonne Roberts,1,577,8,360
2012,3,12,Dean Ryan,1,2,0,3
2012,3,12,Andrew Rawnsley,1,17,1,47
2012,3,12,Will Hutton,1,61,3,70
2012,3,12,Plan B,1,1705,9,608
2012,3,12,Patrick Ness,1,2,0,17
2012,3,12,Richard Williams at the Millenium Stadium,1,0,0,7
2012,3,12,Margaret Dibben,2,0,0,4
2012,3,12,Jeff Forshaw,1,69,5,31
2012,3,12,Tom Lamont,1,271,2,27
2012,3,12,Rowan Moore,3,656,5,132
2012,3,12,Henry Krempels,1,1,1,7
2012,3,12,Interview by Gemma Kappala-Ramsamy,2,15,0,5
2012,3,12,Natasha Edwards,3,89,0,2
2012,3,12,John Brunton,2,5,0,0
2012,3,12,Nicola Iseard,1,7,0,0
2012,3,12,Max Woolridge,1,3,0,0
2012,3,12,Laura Cumming,1,28,1,10
2012,3,12,Max Wooldridge,1,4,0,1
2012,3,12,Fiona Maddocks,2,8,0,23
2012,3,12,Stephen Pritchard,2,6,0,8
2012,3,12,Philip French,9,339,5,73
2012,3,12,Peter Preston,3,1,0,30
2012,3,12,Killian Fox,2,4,0,2
2012,3,12,Clare Brennan,1,20,0,7
2012,3,12,Vanessa Thorpe Arts Correspondent,1,79,4,11
2012,3,12,Interview by Natalie Woolman,1,1,0,4
2012,3,12,Sophia Martelli,1,1,0,2
2012,3,12,Kristen Treen,1,19,0,1
2012,3,12,JS Tennant,1,1,0,0
2012,3,12,Quentin Wheeler,1,14,0,6
2012,3,12,Kitty Empire,2,11,1,3
2012,3,12,Dave Gelly,1,0,0,0
2012,3,12,Jason Solomons,2,516,4,124
2012,3,12,Nicholas Kenyon,1,0,0,3
2012,3,12,Tim Adams,1,220,10,193
2012,3,12,John Hind,2,7,1,7
2012,3,12,Nigel Slater,3,47,0,24
2012,3,12,Chris Riddell,1,4,0,3
2012,3,12,Luke Jennings,1,6,0,0
2012,3,12,Rachel Cooke,2,188,0,36
2012,3,12,Claudia Roden,2,79,0,12
2012,3,12,Miranda Sawyer,1,26,0,22
2012,3,12,Sara Maitland,1,26,0,22
2012,3,12,Nathan Brown,3,0,0,41
2012,3,12,Ally Carnwath,1,2,0,1
2012,3,12,Megan Conner,2,461,0,165
2012,3,12,Mariella Frostrup,1,10,0,3
2012,3,12,Robin McKie,2,204,1,134
2012,3,12,Rachel Reeves,1,3,0,12
2012,3,12,shadow chief secretary to the Treasury,1,3,0,12
2012,3,12,Denis Campbell Health Correspondent,1,31,0,33
2012,3,12,Barbara Ellen,1,5,0,4
2012,3,12,Leah Jewett,1,106,3,24
2012,3,12,David Williams,2,34,0,32
2012,3,12,Mark Kermode,1,83,0,8
2012,3,12,Andrew Anthony,1,0,0,2
2012,3,12,Jo Jones,1,5,0,3
2012,3,12,Shahesta Shaitly,3,567,1,174
2012,3,12,Eva Wiseman,2,632,0,212
2012,3,12,Interview by Tim Lewis,1,9,1,11
2012,3,12,Jay Rayner,2,169,1,90
2012,3,12,Nick Cohen,2,144,1,59
2012,3,12,Kate Kellaway,2,23,0,11
2012,3,12,Anthony Cummins,1,7,0,2
2012,3,12,Neil Spencer,1,6,0,2
2012,3,12,Katharine Whitehorn,1,1,0,2
2012,3,12,Martin Love,1,7,0,62
2012,3,12,Terry Tom Brown,1,28,3,23
2012,3,12,Toby Moses,1,0,0,22
2012,3,12,George Freeman,1,36,1,93
2012,3,12,John Naughton,1,55,6,269
2012,3,12,Elizabeth Day,1,3,0,5
2012,3,12,Stephanie Merritt,1,116,1,19
2012,3,12,Nicola Byrne,1,110,0,9
2012,3,12,Robin McKie Science Editor,1,2999,94,774
2012,3,12,Catherine Bennett,1,159,1,48
2012,3,12,Geraldine Brennan,1,133,5,42
2012,3,12,David Mitchell,1,288,6,148
2012,3,12,Victoria Coren,1,38,0,22
2012,3,12,Christopher Stevens,1,18,0,7
2012,3,12,Ed Vulliamy,1,941,9,106
2012,3,12,Dan Poulter,1,4,0,39
2012,3,12,Mark Townsend,1,145,2,50
2012,3,12,Kevin McKenna,1,2,0,13
2012,3,12,Frank Cottrell Boyce,1,81,3,170
2012,3,12,Vanessa Thorpe,1,11,0,47
2012,3,12,arts,1,11,0,47
2012,3,12,Dan Pearson,1,3,0,16
2012,3,12,Mark Honigsbaum,1,71,1,35
2012,3,12,Carole Cadwalladr,1,39,0,10
2012,3,12,Interview by Eleanor Morgan,1,12,0,9
2012,3,12,Lucy Scholes,1,10,0,6
2012,3,12,Alice Fisher,1,2,1,9
2012,3,12,Lauren Laverne,1,13,0,28
2012,3,12,Gay Dad,1,0,0,2
2012,3,12,Afua Hirsch,2,90,0,72
2012,3,12,Joanne O'Connor,1,5,0,28
2012,3,12,Observer Sport staff,2,165,1,147
2012,3,12,Chris Stephen,1,212,10,103
2012,3,12,Observer,1,3,0,20
2012,3,12,Paul Doyle at White Hart Lane,1,273,2,88
2012,3,12,Read by Helen Simpson,1,5,0,24
2012,3,12,Wendy Berliner,1,3,0,5
2012,3,12,Erika Watson,1,20,0,49
2012,3,12,Scott Long,1,300,2,82
2012,3,12,Billy Briggs,1,105,2,53
2012,3,12,John Knott,1,10,0,110
2012,3,12,Dave Silverman,1,206,3,57
2012,3,12,Daniel Taylor at Molineux,1,28,0,74
2012,3,12,Mike Daisey,1,11,0,82
2012,3,12,George Hall,1,11,0,3
2012,3,12,Tim Ashley,1,11,0,6
2012,3,12,Maurice Richardson,1,1,0,21
2012,3,12,David Hytner at Stamford Bridge,3,139,0,145
2012,3,12,Viv Groskop,2,93,3,36
2012,3,12,Richard Luscombe,1,148,0,53
2012,3,12,Yuras Karmanau,1,152,2,72
2012,3,12,Ewan Murray at Hampden Park,1,28,0,7
2012,3,12,Lawrence Joffe,1,120,1,23
2012,3,12,Guy Hands,1,3,0,34
2012,3,12,Dr Tom Riddington,1,278,2,92
2012,3,12,Maggie Brown,1,21,1,29
2012,3,12,Louise Taylor at St James' Park,1,2,0,25
2012,3,12,Chris Elliott,1,0,0,19
2012,3,12,Charlie Brooker,1,4608,36,726
2012,3,12,Decca Aitkenhead,1,646,7,351
2012,3,12,Aisha Gani,1,1427,6,313
2012,3,12,Sarah Hughes,1,24,1,12
2012,3,12,Hannah Verdier,1,16,0,5
2012,3,12,Martin Skegg,1,16,0,5
2012,3,12,Richard Rae at Sixways,1,2,0,4
2012,3,12,Michael Mansfield,1,17,0,42
2012,3,12,Matthew Sinclair,1,1,0,25
2012,3,12,Stefan Stern,1,1,0,25
2012,3,12,Alex Rayner,1,648,10,276
2012,3,12,Cornwall,1,204,0,78
2012,3,12,Guardian staff,1,4,0,17
2012,3,12,Pamela Stephenson Connolly,1,23,0,2
2012,3,12,Luisa Dillner,1,48,0,21
2012,3,12,Joanna Moorhead,1,273,3,40
2012,3,12,Mark Cocker,1,24,0,45
2012,3,12,Amy Lawrence at White Hart Lane,1,72,1,51
2012,3,12,Iain Morrison at the Stadio Olimpico,1,0,0,2
2012,3,12,David Pleat at Molineux,1,56,0,51
2012,3,12,Martin Jacques,1,15,3,30
2012,3,12,Paul Rees at the Millennium Stadium,1,4,0,9
2012,3,12,Robert Kitson at Twickenham,1,9,0,3
2012,3,12,Thomas Coward,1,0,0,7
2012,3,12,Kate Ravilious,1,1,0,7
2012,3,12,Andy Wilson,1,9,0,6
2012,3,12,Jeremy Alexander at Meadow Lane,1,3,0,13
