year,month,week,name,articles,facebook,googleplus,twitter
2012,3,10,James Meikle,6,267,16,348
2012,3,10,agencies,42,2754,72,2069
2012,3,10,Dr Jennifer Dixon,1,7,0,28
2012,3,10,director of the Nuffield Trust,1,7,0,28
2012,3,10,presented by Alok Jha,1,503,6,91
2012,3,10,produced by Jason Phipps,3,520,7,125
2012,3,10,Press Association,107,1345,32,2782
2012,3,10,Guardian Government Computing,3,1,0,16
2012,3,10,David Leigh,7,1234,24,1317
2012,3,10,Suzanne Goldenberg,6,633,10,454
2012,3,10,Lawrence Donegan,4,21,0,60
2012,3,10,Martin Rowson,2,32,2,47
2012,3,10,Andrew Pulver,7,429,3,197
2012,3,10,Martin Chulov,9,641,23,536
2012,3,10,Editorial,21,332,10,673
2012,3,10,Roy Greenslade,25,91,7,746
2012,3,10,Stuart James,4,13,0,72
2012,3,10,Andy Hunter,7,200,3,361
2012,3,10,Henry Barnes,4,251,3,81
2012,3,10,Alison Rourke,1,39,2,68
2012,3,10,James Ball,9,1240,36,1025
2012,3,10,Jess Cartner-Morley,3,248,2,175
2012,3,10,guardian.co.uk,2,400,3,145
2012,3,10,Xan Brooks,7,399,18,295
2012,3,10,Marc Kalinsky,1,14,0,22
2012,3,10,Kate Hodal,3,394,13,120
2012,3,10,Felicity Lawrence,2,266,6,316
2012,3,10,Giles Fraser,2,279,6,206
2012,3,10,Jonathan Glennie,2,158,2,50
2012,3,10,Keith Stuart,10,131,7,594
2012,3,10,Adam Boult,6,33,0,143
2012,3,10,GrrlScientist,17,71,38,255
2012,3,10,Stuart Dredge,12,310,54,1067
2012,3,10,Mark Sweney,29,896,23,1284
2012,3,10,Denis Campbell,6,1189,16,786
2012,3,10,Michele Hanson,2,27,0,36
2012,3,10,Oliver Laughl,1,106,0,65
2012,3,10,,10,544,14,487
2012,3,10,Phil Maynard,2,134,0,74
2012,3,10,Miriam Elder,11,814,16,494
2012,3,10,Saeed Kamali Dehghan,10,618,12,278
2012,3,10,Jacob Steinberg,5,65,4,197
2012,3,10,Evan Fanning,6,48,0,139
2012,3,10,John Ashdown,4,40,0,124
2012,3,10,Rob Bagchi,3,35,0,112
2012,3,10,John Plunkett,14,462,9,845
2012,3,10,Kevin Beirne,1,0,0,35
2012,3,10,Daniel Fluskey,1,3,1,9
2012,3,10,Wendy Berliner,2,12,0,14
2012,3,10,David Rowland,1,9,1,43
2012,3,10,Isaac260,1,0,0,14
2012,3,10,Leo Hickman,5,122,4,264
2012,3,10,Damian Carrington,9,657,14,873
2012,3,10,Kevin Mitchell,10,118,1,102
2012,3,10,Jill Treanor,10,174,14,300
2012,3,10,Paul Dix,1,16,2,7
2012,3,10,Susie Steiner,1,49,1,32
2012,3,10,Nick Fletcher,23,71,2,308
2012,3,10,Jessie Brady,1,0,0,29
2012,3,10,Sam Jones,7,507,11,209
2012,3,10,Juliette Jowit,13,1053,34,1064
2012,3,10,Guardian Interactive team,1,30,0,5
2012,3,10,Gines Haro Pastor,7,0,0,1
2012,3,10,Peter Bradshaw,10,256,1,158
2012,3,10,Sally Butcher,6,156,0,71
2012,3,10,Katy Stoddard,1,27,1,74
2012,3,10,Iris Chapman,1,18,0,9
2012,3,10,Bella Mackie,6,131,0,40
2012,3,10,Jason Rodrigues,2,8,0,44
2012,3,10,Severin Carrell,10,235,9,310
2012,3,10,Scotl,10,235,9,310
2012,3,10,<strong><a href="http://www2.lse.ac.uk/GranthamInstitute">Grantham Research Institute</a></strong>,2,40,0,140
2012,3,10,Duncan Clark,3,63,1,204
2012,3,10,Ali Schofield,1,353,5,129
2012,3,10,Presented by John Vidal,1,188,0,119
2012,3,10,produced by Vivienne Perry,1,188,0,119
2012,3,10,Tina Beattie,1,30,2,26
2012,3,10,Carol Rumens,1,26,0,24
2012,3,10,Helen Crane,1,403,2,52
2012,3,10,David Walker,1,1,2,4
2012,3,10,Emma Graham-Harrison,3,116,2,76
2012,3,10,Jaz Cummins,5,24,1,68
2012,3,10,Lisa O'Carroll,13,198,24,595
2012,3,10,Hélène Mulholl,7,342,11,302
2012,3,10,Nicholas Watt,21,1401,35,1099
2012,3,10,Matt Fulford,1,0,0,4
2012,3,10,Alan Connor,2,17,1,23
2012,3,10,Jessica Fuhl,3,6,0,36
2012,3,10,Jonathan Crowther,1,0,0,16
2012,3,10,Dea Birkett,1,206,3,96
2012,3,10,Ryan Gallagher,1,76,3,153
2012,3,10,Fiona Harvey,2,388,6,292
2012,3,10,Michael White,11,305,8,356
2012,3,10,Toby Muse,1,32,0,13
2012,3,10,Paddy Allen,3,296,5,128
2012,3,10,Paolo Bandini,2,152,3,124
2012,3,10,Charles Arthur,19,1883,127,3512
2012,3,10,Josh Halliday,2,1,2,131
2012,3,10,Jacqui Kean,1,2,0,5
2012,3,10,Sean Michaels,11,1474,12,463
2012,3,10,Chris Cook,15,11,1,147
2012,3,10,Will Hayler,13,5,2,100
2012,3,10,Monkey,14,160,2,280
2012,3,10,Mary Hennock,6,356,26,323
2012,3,10,Ben Cardew,1,11,0,20
2012,3,10,Tracey Caldwell,1,13,3,55
2012,3,10,Martin Wainwright,7,165,4,344
2012,3,10,Michael Cox,1,44,0,60
2012,3,10,Ben Child,10,693,6,351
2012,3,10,Geoff Layer,1,4,0,13
2012,3,10,Andy Westwood,1,4,0,13
2012,3,10,Clare Horton,7,25,2,28
2012,3,10,Catherine Shoard,2,27,1,36
2012,3,10,Paul Scruton,2,91,4,89
2012,3,10,Jacqueline Broadhead,1,3,0,13
2012,3,10,John Harris,2,56,3,60
2012,3,10,Angelique Chrisafis,6,1291,21,550
2012,3,10,Sharon Cannings,1,0,0,0
2012,3,10,Michael Hann,4,621,3,166
2012,3,10,Matt Trueman,5,104,0,105
2012,3,10,Alison Flood,10,2995,67,1010
2012,3,10,Pamela Hutchinson,3,226,6,148
2012,3,10,Michael Cragg,5,545,4,250
2012,3,10,Frédéric Filloux,1,59,2,242
2012,3,10,James Garvey,1,66,1,63
2012,3,10,Hélène Mulholland,9,399,17,368
2012,3,10,Barbara Young,1,19,2,21
2012,3,10,Jean-Louis Gassée,1,8,1,51
2012,3,10,Associated Press,53,1746,77,1421
2012,3,10,Chris Buckley,1,1,0,6
2012,3,10,Richard Seymour,1,49,4,25
2012,3,10,Elsbeth Lindner,1,0,0,6
2012,3,10,Eva Bredsdorff,1,1,0,14
2012,3,10,Rashik Parmar for the <a href="http://www.guardian.co.uk/guardian-professional" title="Guardian Professional Network">Guardian Professional Network</a>,1,16,0,21
2012,3,10,Sid Lowe,4,493,12,324
2012,3,10,Helen Pidd,3,111,3,161
2012,3,10,Maureen Johnson,1,153,2,216
2012,3,10,Steven Morris,12,501,12,452
2012,3,10,Imran Khan,1,4,0,32
2012,3,10,Stephen Curry,1,4,0,32
2012,3,10,Dan Collyns,1,69,3,79
2012,3,10,Peru,1,69,3,79
2012,3,10,Vikram Dodd,5,408,4,323
2012,3,10,Jonathan Jones,6,339,11,283
2012,3,10,Seth Freedman,1,12,2,22
2012,3,10,Mario Ambrosi,1,0,0,34
2012,3,10,Agencies,4,6,1,121
2012,3,10,Raphael Honigstein,1,11,0,23
2012,3,10,Celeste Hicks,2,53,1,35
2012,3,10,Mangaize,2,53,1,35
2012,3,10,Niger,2,53,1,35
2012,3,10,Hunter Felt,2,3,0,10
2012,3,10,Louise Kirsh,1,29,0,51
2012,3,10,John Vidal,6,692,22,583
2012,3,10,Richard Lea,1,17,0,15
2012,3,10,Paul Lester,5,106,4,182
2012,3,10,Flame Lily,1,1,0,12
2012,3,10,Bim Adewunmi,2,48,0,79
2012,3,10,Ed Gillespie,1,34,2,122
2012,3,10,Katy Murrells,1,11,0,57
2012,3,10,Lyn Gardner,9,144,0,166
2012,3,10,Karen McVeigh,5,101,1,77
2012,3,10,Julie Bindel,1,29,1,20
2012,3,10,Dean Baker,1,6,0,22
2012,3,10,Anthony Horowitz,1,772,24,711
2012,3,10,Fiona Murphy,1,2,0,14
2012,3,10,Ros Asquith,1,0,0,10
2012,3,10,Ed Pilkington,5,635,15,223
2012,3,10,Patrick Kingsley,3,67,0,50
2012,3,10,Joris Luyendijk,1,19,2,32
2012,3,10,Sarah Hughes,3,17,0,42
2012,3,10,Kim Catcheside,1,15,0,25
2012,3,10,Presented by James Richardson,2,17,1,25
2012,3,10,produced by Ben Green,2,17,1,25
2012,3,10,Mark Brown,6,457,10,409
2012,3,10,The Aurora Orchestra,1,35,1,76
2012,3,10,guardian.co.uk/music,1,35,1,76
2012,3,10,Dan Milmo,12,633,19,620
2012,3,10,Sam Jordison,3,42,0,87
2012,3,10,Antoine Buyse for the <a href="http://echrblog.blogspot.com/">ECHR blog</a>,1,17,0,31
2012,3,10,part of the <a href="http://www.guardian.co.uk/law/series/guardian-legal-network">Guardian Legal Network</a>,1,17,0,31
2012,3,10,Max Stafford-Clark,1,11,0,20
2012,3,10,Valerie Hannah,1,43,0,51
2012,3,10,Ellen Gandy,1,7,0,10
2012,3,10,Ryan Devereaux,3,461,8,147
2012,3,10,Malcolm Hayday for the <a href="http://www.guardian.co.uk/guardian-professional" title="Guardian Professional Network">Guardian Professional Network</a>,1,19,0,19
2012,3,10,Kate McCann,3,8,1,44
2012,3,10,Toks Majek-Akisanya,1,14,0,38
2012,3,10,Hadley Freeman,3,192,2,163
2012,3,10,Dan Sabbagh,7,402,18,432
2012,3,10,Nils Pratley,8,12,1,78
2012,3,10,Lemn Sissay,1,153,0,47
2012,3,10,Dominic Rushe,7,461,21,265
2012,3,10,Tennessee,1,102,3,32
2012,3,10,Dave Hill,7,51,1,150
2012,3,10,Julia Eccleshare,2,82,0,50
2012,3,10,Marc Abrahams,1,22,0,23
2012,3,10,Mark Tran,4,290,4,81
2012,3,10,Owen Gibson,15,225,3,419
2012,3,10,Jon Savage,1,11,0,17
2012,3,10,Phillip Inman,5,68,2,123
2012,3,10,Mary Holland,1,0,0,17
2012,3,10,Corrections,6,0,0,20
2012,3,10,World Business Council for Sustainable Development,2,1,0,22
2012,3,10,Helen Carter,2,41,2,38
2012,3,10,Olly Hunter,2,3,0,16
2012,3,10,Giles Tremlett,4,1571,14,292
2012,3,10,Tony Russell,1,35,1,28
2012,3,10,Andy Wilson,12,9,0,99
2012,3,10,Louise Taylor,6,165,3,301
2012,3,10,Brian Boyd,1,28,0,26
2012,3,10,Dugald Baird,5,207,7,556
2012,3,10,Juliette Garside,6,48,4,446
2012,3,10,Kat Keene Hogue,3,91,0,16
2012,3,10,Rupert Neate,4,130,5,124
2012,3,10,Ewen MacAskill,8,113,7,145
2012,3,10,Nikita Lalwani,1,35,1,24
2012,3,10,Julia Kollewe,8,156,2,221
2012,3,10,Will Hayler at Plumpton,1,0,0,4
2012,3,10,Lucy Tobin,1,7,0,29
2012,3,10,Tim Ashley,2,14,0,34
2012,3,10,Daniel Taylor,12,337,8,350
2012,3,10,David Nicholl,1,227,0,99
2012,3,10,Don Nutbeam,1,5,0,32
2012,3,10,Rian Evans,1,0,0,14
2012,3,10,Rob Smyth,7,73,0,347
2012,3,10,David Hearst,2,157,6,77
2012,3,10,Estelle Morris,1,12,1,42
2012,3,10,Elisabeth Mahoney,2,21,0,35
2012,3,10,Andrew Sparrow,8,580,11,563
2012,3,10,Nick Davies,1,48,1,100
2012,3,10,Brian Cathcart,2,21,1,41
2012,3,10,Dave Simpson,4,76,1,51
2012,3,10,Janet Murray,1,2,0,29
2012,3,10,Michael Boyle,1,86,1,59
2012,3,10,Harriet Swain,3,129,8,180
2012,3,10,Arizona,1,8,0,7
2012,3,10,Uki Goni,5,1308,21,518
2012,3,10,David Conn,11,278,3,487
2012,3,10,Tom Kington,6,428,17,261
2012,3,10,Guardian staff,1,3,0,17
2012,3,10,Ian Sample,5,2117,64,702
2012,3,10,Peter Wilby,1,27,0,40
2012,3,10,Zoe Williams,5,7360,112,2667
2012,3,10,Tim Dowling,3,437,13,362
2012,3,10,Paul Rees,8,22,1,79
2012,3,10,Patrick Butler,4,138,6,253
2012,3,10,Simon Hoggart,4,19,0,74
2012,3,10,Saad al-Faqih,1,219,1,217
2012,3,10,George Monbiot,2,1096,7,597
2012,3,10,Mike Selvey,3,13,0,31
2012,3,10,Ed Douglas,1,4,0,39
2012,3,10,Kimberley Long,1,197,1,57
2012,3,10,Riazat Butt,1,95,0,43
2012,3,10,Jamie Jackson,19,914,8,1055
2012,3,10,Patrick Wintour,13,733,27,749
2012,3,10,Polly Toynbee,2,459,10,262
2012,3,10,Steve Bell,8,292,6,254
2012,3,10,Richard Flanagan,1,32,0,20
2012,3,10,Chris Michael,1,15,0,65
2012,3,10,Graeme Wearden,3,72,4,197
2012,3,10,Adrian Searle,1,33,1,28
2012,3,10,Barney Ronay,5,85,3,67
2012,3,10,Interviews by Anna Tims,1,53,1,49
2012,3,10,Stuart Jeffries,4,220,1,86
2012,3,10,Harry J Enten,4,11,3,40
2012,3,10,Richard Adams,8,30,5,283
2012,3,10,Clare Considine,2,0,0,27
2012,3,10,Ali Catterall,3,0,0,34
2012,3,10,Jonathan Wright,4,0,0,44
2012,3,10,Andrew Mueller,3,0,0,29
2012,3,10,Ben Arnold,2,0,0,17
2012,3,10,Phelim O'Neill,4,1,0,58
2012,3,10,Dominic Fifield,9,426,6,490
2012,3,10,Ruth Spencer,4,48,2,260
2012,3,10,Hugh Muir,5,75,0,84
2012,3,10,Richard Williams,4,259,6,261
2012,3,10,David Hytner,6,160,4,190
2012,3,10,Ana Marie Cox,2,17,0,28
2012,3,10,Matthew Weaver,7,260,11,896
2012,3,10,Brian Whitaker,5,213,8,832
2012,3,10,Tom McCarthy,8,273,2,646
2012,3,10,Sarah Boseley,8,1037,45,506
2012,3,10,Martin Robbins,2,64,9,142
2012,3,10,Alan Travis,7,8866,126,2999
2012,3,10,Intelligent Metrix,1,0,0,1
2012,3,10,Ben Quinn,9,1185,29,894
2012,3,10,Dave Johnson,1,164,10,77
2012,3,10,Evan McMorris-Santoro for <a href="http://2012.talkingpointsmemo.com/2012/02/dirty-trick-santorum-targets-michigan-dems-with-robobcall-that-sounds-like-it-came-from-uaw.php?ref=fpa">Talking Points Memo</a>,1,21,2,20
2012,3,10,Alex Olorenshaw,1,70,0,87
2012,3,10,Lee Glendinning,1,70,0,87
2012,3,10,Frederika Whitehead,1,0,0,14
2012,3,10,Leo Cutting,1,173,0,47
2012,3,10,Jamie Sport,1,16,2,90
2012,3,10,Judy Friedberg,1,35,2,31
2012,3,10,Tamasin Ford,2,106,2,64
2012,3,10,Jeevan Vasagar,5,413,6,573
2012,3,10,Maev Kennedy,3,68,1,140
2012,3,10,Stephen Cook,1,10,0,15
2012,3,10,Catherine Mitchell,1,23,0,55
2012,3,10,Matthew Abrams,1,0,0,0
2012,3,10,Marcus Hobley,1,3,1,20
2012,3,10,Mark Lawson,2,11,0,58
2012,3,10,Nushin Arbabzadah,1,172,2,59
2012,3,10,Ben Reeve-Lewis,1,4,2,31
2012,3,10,Neil Sinden,1,7,0,7
2012,3,10,SuperBen,1,0,0,16
2012,3,10,Robert Booth,1,32,0,57
2012,3,10,Dick Vinegar,1,0,0,11
2012,3,10,Tom Lutz,2,9,0,42
2012,3,10,Anne Wollenberg,1,64,1,43
2012,3,10,Dan Roberts,1,1,0,9
2012,3,10,Pollyanna Perkins,1,1,0,12
2012,3,10,Jason N Parkinson/reportdigital.co.uk,1,143,0,31
2012,3,10,Joanna Killian,1,0,0,13
2012,3,10,Michael MacLeod,1,19,0,47
2012,3,10,Alex Healey,3,204,0,93
2012,3,10,Tatiana Chmarova,3,204,0,93
2012,3,10,Morven Crumlish,1,7,0,19
2012,3,10,Sarah Thelwall,1,13,0,28
2012,3,10,Rachel Holmes,1,1982,6,327
2012,3,10,Liz Newbon,1,7,0,7
2012,3,10,Kate Hodge,6,8,0,95
2012,3,10,Chandu Krishnan,1,63,0,27
2012,3,10,Andrew Dickson,2,402,7,86
2012,3,10,Cameron Robertson,5,335,3,103
2012,3,10,Andy Gallagher,6,498,4,164
2012,3,10,Ruth Thorlby,1,1,0,10
2012,3,10,Daniel Kalder,1,50,3,51
2012,3,10,Interview by Laura Barnett,3,247,10,245
2012,3,10,Hilary Osborne,7,89,1,211
2012,3,10,Andrew Brown,3,124,3,77
2012,3,10,David Hockney,1,301,5,293
2012,3,10,Tom Williams for <a href="http://www.tomwfootball.com/" title="">Football Further</a>,1,4,0,13
2012,3,10,part of the Guardian Sport Network,2,9,0,34
2012,3,10,Tony Paley,1,0,0,12
2012,3,10,Katie Allen,12,151,7,233
2012,3,10,Nicholas Lezard,1,13,0,18
2012,3,10,Jo Best,6,6,4,36
2012,3,10,Jonathan Wilson,1,14,0,15
2012,3,10,Guardian readers,7,156,3,129
2012,3,10,Colin Leys,1,729,2,120
2012,3,10,Stuart Heritage,4,394,2,234
2012,3,10,James Randerson,1,404,36,188
2012,3,10,Matthew Caines,2,10,0,56
2012,3,10,Haroon Siddique,1,71,0,41
2012,3,10,Rob Edwards,1,43,1,65
2012,3,10,Mark King,4,30,0,81
2012,3,10,Anna Chesters,1,2,0,25
2012,3,10,Chris Wiegand,1,54,1,43
2012,3,10,Ewan Murray,4,24,0,73
2012,3,10,Georgina Stevens for the <a href="http://www.guardian.co.uk/guardian-professional" title="Guardian Professional Network">Guardian Professional Network</a>,1,56,0,50
2012,3,10,Rachel Beer,1,17,0,33
2012,3,10,Joe Saxton,1,17,0,33
2012,3,10,David Smith,7,435,18,298
2012,3,10,Tom Davenport,1,129,11,381
2012,3,10,Ann Widdecombe,1,200,0,70
2012,3,10,Gregg Roughley,1,4,0,16
2012,3,10,Robin Seamer,1,3,0,20
2012,3,10,Robert Kitson,5,3,0,35
2012,3,10,Sally Sheldon,1,23,0,42
2012,3,10,Dianne Thomas,1,29,0,34
2012,3,10,Frédéric Bobin,1,38,0,30
2012,3,10,Eric Augenbraun,1,28,0,10
2012,3,10,Caroline Davies,5,318,8,254
2012,3,10,Tom Clark,1,13,0,24
2012,3,10,Liz Ford,1,16,0,16
2012,3,10,Simon Burnton,4,163,4,148
2012,3,10,Paul Rowlinson,1,1,0,6
2012,3,10,Simon Rogers,7,802,93,1136
2012,3,10,Jon Butterworth,1,27,5,55
2012,3,10,Jay Rosen,1,0,0,13
2012,3,10,Studio 20 NYU,1,0,0,13
2012,3,10,Peter Beaumont,10,510,28,723
2012,3,10,Michael Meadowcroft,1,5,0,6
2012,3,10,David Cox,1,23,0,36
2012,3,10,Alan Kirkham,1,1,0,1
2012,3,10,Chris White,1,0,0,0
2012,3,10,John Crace,1,14,0,38
2012,3,10,David Brindle,2,105,3,123
2012,3,10,Guardian music,1,0,0,14
2012,3,10,Vidhya Alakeson,1,1,1,49
2012,3,10,Hannah Freeman,3,38,0,39
2012,3,10,Jason Deans,2,101,4,136
2012,3,10,Presented by John Mullan,1,15,0,25
2012,3,10,produced by Simon Barnard,1,15,0,25
2012,3,10,Jill Insley,10,222,5,452
2012,3,10,Mark Espiner,1,14,0,42
2012,3,10,Matthew Spencer,1,22,2,61
2012,3,10,Joshua Rozenberg,3,33,3,91
2012,3,10,Helen Seamons,1,36,1,20
2012,3,10,Vicky Frost,5,287,4,243
2012,3,10,Suma Chakrabarti,1,0,0,16
2012,3,10,Andrew Clements,10,41,0,103
2012,3,10,Owen Smith,1,4,0,27
2012,3,10,Steve Busfield,3,28,0,15
2012,3,10,Ian Traynor,6,161,8,169
2012,3,10,Priscilla Dorrance,1,1,0,14
2012,3,10,Tom Meltzer,3,186,7,276
2012,3,10,Billy Briggs,1,19,2,23
2012,3,10,Gabby Koppel,1,20,0,36
2012,3,10,Will Hayler at Lambourn,2,4,0,17
2012,3,10,Natalie Bennett,1,0,0,1
2012,3,10,Pedro Santos Guerreiro,1,133,2,30
2012,3,10,Joshua Alston,1,2,0,20
2012,3,10,Rohan Gunatillake,1,7,0,58
2012,3,10,Paul Nettleton,1,4,0,16
2012,3,10,Michael Wolff,2,47,2,64
2012,3,10,Amelia Hill,4,183,1,245
2012,3,10,Lizzy Davies,3,407,4,380
2012,3,10,Simon Goodley,3,33,1,99
2012,3,10,Chris Pattinson,1,34,0,52
2012,3,10,Philip Norman,1,70,1,19
2012,3,10,Pratap Chatterjee,1,175,3,201
2012,3,10,Charles Gant,2,53,0,26
2012,3,10,Michael Billington,7,252,1,206
2012,3,10,Ben &amp; Jerry's,2,2,2,23
2012,3,10,Juliette Garside at the Mobile World Congress,1,19,7,113
2012,3,10,Tara Conlan,1,0,0,27
2012,3,10,Lesley Riddoch,1,12,0,11
2012,3,10,John Hood,1,82,0,35
2012,3,10,Patrick Barkham,3,636,4,280
2012,3,10,Caroline Sullivan,5,332,0,153
2012,3,10,George Hall,1,8,0,7
2012,3,10,Alfred Hickling,2,2,0,18
2012,3,10,Ian Gittins,1,46,0,27
2012,3,10,AP,1,11,3,52
2012,3,10,Janez Potočnik for the <a href="http://www.guardian.co.uk/guardian-professional" title="Guardian Professional Network">Guardian Professional Network</a>,1,15,0,20
2012,3,10,Simon Bowers,2,51,1,66
2012,3,10,Peter Weiss,1,92,2,44
2012,3,10,Eliza Anyangwe,1,22,2,165
2012,3,10,Abdel Bari Atwan,1,33,1,26
2012,3,10,Heather Stewart,7,363,11,381
2012,3,10,Henry McDonald,10,520,15,329
2012,3,10,Richard Wachman,4,294,3,130
2012,3,10,Guardian,1,20,0,63
2012,3,10,Justin McCurry,4,256,9,299
2012,3,10,Fukushima prefecture,1,59,0,49
2012,3,10,Owen Bowcott,6,362,16,418
2012,3,10,Gaby Hinsliff,1,75,1,170
2012,3,10,David Stubbs,3,0,0,23
2012,3,10,Martin Skegg,3,0,0,30
2012,3,10,Julia Raeside,5,3,0,66
2012,3,10,Sara Ilyas,1,0,0,22
2012,3,10,Naomi Colvin,1,107,3,63
2012,3,10,George Barda,1,107,3,63
2012,3,10,Harry Venning,1,8,0,9
2012,3,10,Simon Jenkins,2,469,11,289
2012,3,10,Paul Evans,1,5,2,24
2012,3,10,As seen by Catherine Bennett,1,2,0,5
2012,3,10,Jo Tuckman,1,103,3,85
2012,3,10,Brian Braiker,2,107,2,55
2012,3,10,Alexandra Topping,8,1081,22,392
2012,3,10,Alexis Petridis,3,484,6,283
2012,3,10,Rajeev Syal,3,99,9,128
2012,3,10,Matt Seaton,1,145,1,61
2012,3,10,Mike Averis,1,0,0,7
2012,3,10,Julian Borger,4,178,7,103
2012,3,10,John Carvel,1,8,1,37
2012,3,10,Alex Needham,2,245,6,151
2012,3,10,Carole Cadwalladr,7,299,18,1629
2012,3,10,Terry Macalister,7,118,7,317
2012,3,10,Tom Levitt,1,2,1,16
2012,3,10,Mattia Cabitza,2,92,4,40
2012,3,10,Caroline Flint,1,14,0,34
2012,3,10,Dilys Rowe,1,0,0,8
2012,3,10,By Fiona Harvey,1,4,0,77
2012,3,10,Steph Gill,1,2,0,20
2012,3,10,Alan Leaman,1,0,0,6
2012,3,10,Arun Marsh,1,6,0,6
2012,3,10,Geoff Mulgan,1,9,0,15
2012,3,10,mariakozhuhar,1,0,0,15
2012,3,10,John Little,1,1,0,18
2012,3,10,Debbie Andalo,1,8,0,23
2012,3,10,Colin Horgan,1,0,0,5
2012,3,10,Andrew Holding,1,43,4,31
2012,3,10,Virginia Wallis,2,3,0,30
2012,3,10,By Naomi Alderman,1,11,0,25
2012,3,10,Matthew Thrift,1,15,0,35
2012,3,10,Phil Hoad,1,3,0,49
2012,3,10,Colin Cram,1,1,0,8
2012,3,10,Huma Qureshi,2,78,1,54
2012,3,10,John Wright,1,102,0,47
2012,3,10,Peter Fleming,1,2,0,3
2012,3,10,Hannah Fearn,4,12,3,40
2012,3,10,Kate Allen,1,10,1,15
2012,3,10,Mark Greif,1,10,1,21
2012,3,10,Phoebe Doyle,1,6,1,3
2012,3,10,Dick Philbrick,1,0,0,0
2012,3,10,Aleks Krotoski,1,1,0,70
2012,3,10,Denis MacShane,1,10,1,19
2012,3,10,Shalom Auslander,1,139,2,52
2012,3,10,Sandra Laville,4,134,6,119
2012,3,10,Clar Ni Chonghaile,1,18,0,10
2012,3,10,Kefi Chadwick,1,31,0,28
2012,3,10,Ermintrude,1,7,0,26
2012,3,10,Bruce Dessau,1,7,1,22
2012,3,10,Sam Leith,1,10,0,29
2012,3,10,John Baron,1,40,0,39
2012,3,10,Lizzie Crump,1,16,1,29
2012,3,10,David Lloyd,1,1,0,13
2012,3,10,Hilary Graham,1,8,0,16
2012,3,10,Guardian fashion,2,17,0,42
2012,3,10,Mark C O'Flaherty,1,73,0,43
2012,3,10,Laura Jones,1,2,0,2
2012,3,10,Caroline Foley,1,2,1,21
2012,3,10,Helen Higson,1,9,1,26
2012,3,10,David Rogers,1,2,0,10
2012,3,10,Belinda Phipps,1,554,2,163
2012,3,10,Martin Kettle,4,138,10,100
2012,3,10,Martin Belam,2,32,2,168
2012,3,10,Lynne Berry,1,5,0,34
2012,3,10,Kelly Bowerbank,1,109,1,24
2012,3,10,Alya Kirillova,1,88,0,33
2012,3,10,Helen Babbs,1,26,4,64
2012,3,10,Ines Pohl,1,10,0,37
2012,3,10,Sade Laja,3,1,2,23
2012,3,10,Brady Haran,1,96,9,130
2012,3,10,Gwyn Topham,4,115,6,151
2012,3,10,Gary Younge,2,200,1,63
2012,3,10,Jonny Weeks,2,55,2,63
2012,3,10,Michael Burke,1,142,1,58
2012,3,10,political reporter,1,9,2,34
2012,3,10,Lindesay Irvine,1,28,6,108
2012,3,10,Open thread,2,5,0,57
2012,3,10,Noah Payne-Frank,1,52,1,20
2012,3,10,Paul Wilson,3,30,1,149
2012,3,10,Mike Peek for <a href="http://amsterdam-magazine.com/">Amsterdam Magazine</a>,1,18,0,42
2012,3,10,part of the <a href="http://www.guardian.co.uk/travel/series/guardian-travel-network">Guardian Travel Network</a>,3,31,2,98
2012,3,10,The Gentle Author for <a href="http://spitalfieldslife.com">Spitalfields Life</a> part of the <a href="http://www.guardian.co.uk/travel/series/guardian-travel-network">Guardian Travel Network</a>,1,0,0,21
2012,3,10,Angela Hartnett,1,17,1,18
2012,3,10,The people's panel,1,0,0,12
2012,3,10,Michael Bonnet,2,280,10,266
2012,3,10,Jo Jones,3,53,0,79
2012,3,10,Adam Roberts for <a href="http://parisisinvisible.blogspot.com/" title="">Invisible Paris</a>,1,6,0,18
2012,3,10,Ansel Mullins for <a href="http://istanbuleats.com/" title="">Istanbul Eats</a>,1,7,2,38
2012,3,10,Phil Daoust,1,10,2,28
2012,3,10,Gavin McOwan,1,45,4,49
2012,3,10,Judith Catty,1,0,0,2
2012,3,10,Barry Millington,1,27,0,9
2012,3,10,Anthony Hayward,1,8,1,16
2012,3,10,Luke Harding,4,137,2,94
2012,3,10,Michael Hogan,2,35,8,349
2012,3,10,Kathryn Haynes,1,6,0,31
2012,3,10,Lisa Evans,1,3,0,85
2012,3,10,Lottie Longshanks,4,2,0,0
2012,3,10,Harriet Sherwood,5,369,13,188
2012,3,10,Aggie Doodles,1,0,0,0
2012,3,10,pinkbookworm,1,1,0,0
2012,3,10,Brett Scott,1,5,3,12
2012,3,10,EllaBella,1,0,0,0
2012,3,10,Butterfly Rainbow,2,0,1,0
2012,3,10,Krazy Kesh,2,0,0,15
2012,3,10,MG Adler,2,0,0,0
2012,3,10,Kate Gould,1,5,0,21
2012,3,10,Patrick,1,1,0,0
2012,3,10,Sarah Ditum,1,62,0,27
2012,3,10,James Antle,1,2,1,17
2012,3,10,Cheri Jacobus,1,2,1,17
2012,3,10,Matt Lewis,1,2,1,17
2012,3,10,Tim Montgomerie,1,2,1,17
2012,3,10,Grover Norquist,1,2,1,17
2012,3,10,Michael Wissot,1,2,1,17
2012,3,10,John Elkington for the <a href="http://www.guardian.co.uk/guardian-professional" title="Guardian Professional Network">Guardian Professional Network</a>,1,8,5,27
2012,3,10,Owen Hatherley,1,6,1,58
2012,3,10,Interview by Sarah Phillips,1,16,0,25
2012,3,10,Wendy Fonarow,1,21,0,38
2012,3,10,Chris Taylor,1,4,0,32
2012,3,10,Paul Doyle,3,136,3,133
2012,3,10,Will Hayler at Cheltenham,1,0,0,10
2012,3,10,Carl Heneghan,1,5,0,11
2012,3,10,Joe Taylor,1,9,0,33
2012,3,10,Peter Vacher,1,3,0,11
2012,3,10,Fares Chamseddine,1,63,1,25
2012,3,10,Richard Norton-Taylor,3,477,8,173
2012,3,10,Cian Fahey,1,7,1,9
2012,3,10,Guy Dammann,2,5,0,27
2012,3,10,John Fordham,4,59,0,62
2012,3,10,Michael McNay,1,9,0,15
2012,3,10,Muriel Gray,1,9,0,27
2012,3,10,Diane Taylor,1,78,0,53
2012,3,10,Chris Cook at Cheltenham,1,1,0,5
2012,3,10,Lucy Mangan,4,617,6,295
2012,3,10,Naomi Wolf,1,3290,138,942
2012,3,10,Chris McGreal,4,923,23,273
2012,3,10,Tania Branigan,1,125,7,66
2012,3,10,Rosie Bristow,1,1,0,13
2012,3,10,Jenny Purt for the <a href="http://www.guardian.co.uk/guardian-professional"> Guardian Professional Network</a>,1,1,0,13
2012,3,10,Ana Marie Cox with Jim Geraghty,1,1,0,14
2012,3,10,Andy Beckett,1,291,3,127
2012,3,10,Emine Saner,2,78,0,149
2012,3,10,Laura Barnett,1,19,1,108
2012,3,10,Leo Benedictus,1,145,4,48
2012,3,10,Suzanne Moore,2,133,7,210
2012,3,10,Paul Owen,4,162,5,425
2012,3,10,Tom Jenkins,3,10,0,72
2012,3,10,Dave Laing,1,79,0,39
2012,3,10,Timothy Garton Ash,1,105,4,93
2012,3,10,Hannah Verdier,1,0,0,12
2012,3,10,Gwilym Mumford,1,0,0,12
2012,3,10,Matt Shardlow,1,3,0,39
2012,3,10,Stuart James at Cardiff City Stadium,1,12,0,27
2012,3,10,David Hytner at Aviva Stadium,1,3,0,19
2012,3,10,Daniel Taylor at Wembley,1,35,0,23
2012,3,10,Andy Pietrasik,2,45,2,46
2012,3,10,Elliot Smith,8,272,3,163
2012,3,10,Chavala Madlena,3,47,3,70
2012,3,10,Alan Rusbridger,2,286,19,295
2012,3,10,Shiv Malik,1,72,4,126
2012,3,10,Owen Gibson at Wembley,1,2,0,31
2012,3,10,Ian Katz,1,15,0,11
2012,3,10,Ben Kape,2,187,0,49
2012,3,10,Christian Bennett,2,10,0,35
2012,3,10,Mustafa Khalili,1,7,0,26
2012,3,10,Sean Ingle,1,3,0,9
2012,3,10,Ole Alsaker,1,3,0,9
2012,3,10,Becky Gardiner,1,6,1,7
2012,3,10,Simon Hattenstone,1,0,0,14
2012,3,10,Richard Williams at Wembley,1,8,0,23
2012,3,10,David Pleat,2,11,0,78
2012,3,10,Dominic Fifield at Wembley,2,16,0,35
2012,3,10,Sarah Crown,2,49,1,25
2012,3,10,Derek Landy,1,19,1,26
2012,3,10,Felicity Cloake,1,91,0,57
2012,3,10,Beatrice Woolf,4,248,7,258
2012,3,10,Staff,8,660,23,646
2012,3,10,Mandeep Hothi,1,46,1,184
2012,3,10,Alma Whitten,1,4,1,78
2012,3,10,Jon Henley,1,14,0,18
2012,3,10,Andrew Simms,1,129,1,61
2012,3,10,Ben Dowell,2,30,0,54
2012,3,10,Simon Winchester,1,1,0,12
2012,3,10,Peter Fuchs,3,55,0,48
2012,3,10,David Docherty,1,9,0,29
2012,3,10,Mike Griffiths,1,10,0,57
2012,3,10,Adam Freeman,1,4,0,2
2012,3,10,Samir Sinha,1,15,0,18
2012,3,10,Ekaterina Ochagavia,1,172,0,38
2012,3,10,Sean O'Hagan,3,818,10,190
2012,3,10,Jane Campbell,1,182,0,78
2012,3,10,Invisible Woman,1,11,0,24
2012,3,10,KrazyKesh,1,1,0,12
2012,3,10,David Marlow,1,3,0,11
2012,3,10,Kathryn Hughes,1,56,2,18
2012,3,10,Philip Newbold,1,9,0,23
2012,3,10,By Sarfraz Manzoor,1,3,1,10
2012,3,10,Julian Trent,1,2,0,11
2012,3,10,Neil Darlison,1,18,0,26
2012,3,10,Scott Murray,5,66,1,174
2012,3,10,Madeleine Bunting,1,0,0,4
2012,3,10,Nora Hassanaien,1,104,1,31
2012,3,10,Purva Mehra,1,16,0,8
2012,3,10,Nayantara Kilachand,1,55,1,21
2012,3,10,Zia Basrai,1,1,0,3
2012,3,10,Monisha Rajesh,2,290,0,68
2012,3,10,Malcolm Burgess,1,70,2,7
2012,3,10,<a href="http://mumbaiboss.com/">Mumbai Boss</a>,1,38,2,27
2012,3,10,<a href="http://www.80trains.com/">Monisha Rajesh</a>,1,38,2,27
2012,3,10,<a href="http://www.oxygenbooks.co.uk/">Malcolm Burgess</a>,1,38,2,27
2012,3,10,Lindsay Poulton,1,38,2,27
2012,3,10,Michael Tait,1,38,2,27
2012,3,10,Benji Lanyado,1,38,2,27
2012,3,10,the Guardian Interactive team,1,38,2,27
2012,3,10,Julian Baggini,1,161,13,53
2012,3,10,Toby Manhire,2,75,4,124
2012,3,10,Amit Gurbaxani,1,64,1,42
2012,3,10,Philip Leach,1,24,0,25
2012,3,10,Mary Hamilton,1,260,2,145
2012,3,10,Jo Confino for the <a href="http://www.guardian.co.uk/guardian-professional" title="Guardian Professional Network">Guardian Professional Network</a>,1,61,2,53
2012,3,10,Gaza City,1,75,0,29
2012,3,10,Ami Sedghi,2,262,7,105
2012,3,10,Bobby White,1,7,0,8
2012,3,10,Alan Sykes,1,248,1,67
2012,3,10,<a href="http://www.creativeboom.co.uk/" title="">Creative Boom</a>,1,15,1,29
2012,3,10,Katy Cowan,1,15,1,29
2012,3,10,part of the <a href="http://www.guardian.co.uk/culture-professionals-network" title="">Guardian Culture Professionals Network</a>,1,15,1,29
2012,3,10,Presented by Jason Solomons,1,17,1,28
2012,3,10,with Xan Brooks,1,17,1,28
2012,3,10,James Walsh,2,36,0,53
2012,3,10,Catherine Hakim,1,67,1,36
2012,3,10,The Art Fund,1,61,0,23
2012,3,10,Rob Evans,1,12,1,88
2012,3,10,Lanre Bakare,2,103,1,87
2012,3,10,Mark Rice-Oxley,1,13,0,11
2012,3,10,Anil Seth,1,583,58,225
2012,3,10,Dr Laurence Buckman,1,49,0,53
2012,3,10,Shashank Joshi,1,14,0,23
2012,3,10,Colin Irwin,1,27,0,27
2012,3,10,Tim Anderson,1,11,2,85
2012,3,10,Neil Rose,1,6,0,19
2012,3,10,Patrick Connolly,1,0,0,6
2012,3,10,Robert McCrum,2,38,3,80
2012,3,10,Bob Stanley,1,307,1,90
2012,3,10,Skye Sherwin,2,14,2,39
2012,3,10,Josephine Moulds,4,37,1,77
2012,3,10,Mariella Frostrup,2,38,0,24
2012,3,10,Giles Richards,1,3,1,9
2012,3,10,Chris Cook at Wroughton,1,1,0,8
2012,3,10,Sachin Nakrani,3,136,3,136
2012,3,10,Graham Parker,3,80,4,76
2012,3,10,Jack Schofield,3,166,9,366
2012,3,10,Natalia Antonova,1,15,1,17
2012,3,10,Sam McCumiskey,1,21,0,12
2012,3,10,Freya Berry,1,44,0,26
2012,3,10,Amelia Gentleman,2,142,3,256
2012,3,10,Lucy Halsall,1,32,1,51
2012,3,10,Gill Hitchcock,3,6,0,36
2012,3,10,DavidTennantFan23,1,0,0,9
2012,3,10,Jean La Fontaine,1,507,3,48
2012,3,10,Amy Lawrence,4,31,2,145
2012,3,10,Philip Purser,1,1,0,13
2012,3,10,Chris Woolgar,1,14,0,10
2012,3,10,Pamela Ravasio for the <a href="http://www.guardian.co.uk/guardian-professional" title="Guardian Professional Network">Guardian Professional Network</a>,1,49,0,47
2012,3,10,Ibn Thabit,1,112,0,43
2012,3,10,Amy Goodman,1,585,9,293
2012,3,10,Marcus Christenson,1,12,0,37
2012,3,10,Shaun Edwards,1,1,0,8
2012,3,10,William Fotheringham,1,9,0,21
2012,3,10,Gwyneth Lewis,1,32,0,8
2012,3,10,The Observer,2,18,3,52
2012,3,10,Alex von Tunzelmann,1,7,0,10
2012,3,10,Josh Marshall for <a href="http://talkingpointsmemo.com/archives/2012/03/breitbart_rip.php?ref=fpblg">Talking Points Memo</a>,1,3,0,9
2012,3,10,Alex Johnson,1,994,11,288
2012,3,10,Tatyana Antipyeva,1,7,0,47
2012,3,10,Kate Connolly,3,1724,18,617
2012,3,10,Nick Cowen,1,10,2,60
2012,3,10,Graeme Le Saux,1,13,0,24
2012,3,10,Ros Taylor,1,2,0,15
2012,3,10,Caspar Llewellyn Smith,1,3,0,6
2012,3,10,Jeffrey Lewis,1,178,2,47
2012,3,10,Jenny Purt for the <a href="http://www.guardian.co.uk/guardian-professional" title="Guardian Professional Network">Guardian Professional Network</a>,1,15,0,18
2012,3,10,Jon Dennis,2,16,0,41
2012,3,10,Joshua Treviño,1,38,1,163
2012,3,10,Alexandra Heminsley,1,10,0,27
2012,3,10,Richard Luscombe,1,81,0,51
2012,3,10,Peter White,1,23,0,32
2012,3,10,Simon Davies,1,32,6,115
2012,3,10,John L Walters,1,58,0,41
2012,3,10,Maria McCaffery,1,12,0,55
2012,3,10,Alexei Sayle,1,127,2,19
2012,3,10,Tim Jonze,4,125,3,100
2012,3,10,Amy Raphael,1,12,1,23
2012,3,10,John Robinson,1,0,0,10
2012,3,10,Steve Rose,4,61,2,61
2012,3,10,Grace Dent,4,122,9,402
2012,3,10,Mona Mahmood,3,112,8,149
2012,3,10,Paul Weaver,4,30,0,39
2012,3,10,Rob Yarham,1,4,0,59
2012,3,10,Maddy Costa,1,8,0,8
2012,3,10,Sadhbh Walshe,2,105,2,78
2012,3,10,Tom Hughes,1,4,0,6
2012,3,10,Chuck DeVore,1,58,1,53
2012,3,10,Rob Taylor,1,1,0,28
2012,3,10,Sarah Bakewell,1,29,3,103
2012,3,10,Imogen Tilden,1,1,0,53
2012,3,10,Robin Denselow,2,4,0,21
2012,3,10,Constanze Letsch,1,445,7,86
2012,3,10,Harry Pearson,1,1,0,8
2012,3,10,Northern Irel,1,4,0,10
2012,3,10,David Batty,2,88,4,186
2012,3,10,Imogen Fox,2,15,0,44
2012,3,10,James Richardson,1,10,2,14
2012,3,10,Matt Hall,1,10,2,14
2012,3,10,Warren Murray,1,8,0,45
2012,3,10,Anita Pati,1,1,1,20
2012,3,10,Bo Jayatilaka,1,30,5,16
2012,3,10,Tom Midlane,2,227,8,130
2012,3,10,Liz Alden Wily,1,131,1,90
2012,3,10,Polly Curtis,1,3,0,33
2012,3,10,Laura Oliver,1,3,0,33
2012,3,10,Janette Owen,2,139,1,118
2012,3,10,Steven Bloor,1,3,0,16
2012,3,10,Claudia Cahalane,1,0,0,0
2012,3,10,Mike Slade,1,170,3,114
2012,3,10,Gayle Rice,1,5,0,26
2012,3,10,Mark Wilding,1,2,0,19
2012,3,10,happygirl165,1,0,0,4
2012,3,10,Jenny Diski,1,61,2,41
2012,3,10,James Hilsum,1,1,0,10
2012,3,10,Richard Vize,1,2,0,3
2012,3,10,Helen Nugent,2,21,0,58
2012,3,10,Petra McQueen,1,103,3,31
2012,3,10,Kailash Chand,1,97,1,48
2012,3,10,Jon Norris,1,9,5,28
2012,3,10,Richard Wilson,1,12,1,3
2012,3,10,Tony Naylor,1,93,2,53
2012,3,10,James Dart,1,0,0,8
2012,3,10,Chris Cook at Wincanton,1,3,0,8
2012,3,10,Vicky Smith,1,0,0,24
2012,3,10,Alan O'Donohoe,1,3,1,58
2012,3,10,Lloyd Salmons,1,35,5,64
2012,3,10,Ronnie Crosbie,1,35,5,64
2012,3,10,Beibei Yin,1,70,2,39
2012,3,10,MLL Telecom,1,0,0,0
2012,3,10,Ed Jacobs,1,2,0,15
2012,3,10,Michael Rosen,1,997,14,232
2012,3,10,Diana Johnson,1,7,0,38
2012,3,10,Alan Johnson,1,7,0,38
2012,3,10,Karl Turner,1,7,0,38
2012,3,10,Jack Lang for <a href="http://snapkakapop.blogspot.com/" title="">Snap,1,5,0,21
2012,3,10,Kaká,1,5,0,21
2012,3,10,Pop!</a>,1,5,0,21
2012,3,10,Cory Doctorow,1,152,24,639
2012,3,10,Irel,3,9,0,50
2012,3,10,David Lacey,1,1,0,12
2012,3,10,Charlotte Jones,2,16,0,21
2012,3,10,Ally Kennen,2,5,0,15
2012,3,10,Ken Blakeson,1,0,0,21
2012,3,10,Andy Lynch,1,0,0,21
2012,3,10,Chris Thompson,1,0,0,21
2012,3,10,Presented by John Plunkett,1,0,0,6
2012,3,10,Guardian Fashion,1,1,0,19
2012,3,10,Graham Snowdon,2,39,0,61
2012,3,10,<strong><a href="http://www.carbonbrief.org/">Carbon Brief</a></strong>,1,23,1,64
2012,3,10,Chris Frith,1,123,6,74
2012,3,10,Helienne Lindvall,1,13,3,45
2012,3,10,John Plunket,1,10,3,117
2012,3,10,Jessie Cave,1,15,0,73
2012,3,10,Terry Williams for the <a href="http://www.guardian.co.uk/guardian-professional" title="Guardian Professional Network">Guardian Professional Network</a>,1,62,2,62
2012,3,10,David Boyle,1,27,6,30
2012,3,10,Rupert Sawyer,1,1,0,7
2012,3,10,Presented by Alexis Petridis,1,91,0,62
2012,3,10,Liam Kelly,2,5,0,53
2012,3,10,Chitra Sundaram,1,9,0,5
2012,3,10,Judith Mackrell,3,9,1,33
2012,3,10,Stuart O'Connor,1,3,1,61
2012,3,10,Ewan Morrison,1,82,3,153
2012,3,10,Jackie Ashley,2,37,0,44
2012,3,10,Alistair Smith,1,0,0,11
2012,3,10,Presented by Sarah Crown,1,23,0,39
2012,3,10,produced by Tim Maby,1,23,0,39
2012,3,10,Tam Eastley for <a href="http://www.slowtravelberlin.com/" title="">Slow Travel Berlin</a>,1,42,0,42
2012,3,10,part of the <a href="http://www.guardian.co.uk/travel/series/guardian-travel-network" title="">Guardian Travel Network</a>,1,42,0,42
2012,3,10,Lijia Zhang,1,26,0,29
2012,3,10,David Hearst  Miriam Elder,1,3,0,7
2012,3,10,John Brunton,2,111,3,75
2012,3,10,Yevgeny Chichvarkin,1,77,0,30
2012,3,10,Kenneth Rogoff,1,14,0,17
2012,3,10,Jenny Ridley,1,156,1,73
2012,3,10,Jessica Weisberg,1,110,1,64
2012,3,10,Ciara Leeming,1,29,0,26
2012,3,10,David McKee,1,635,3,96
2012,3,10,John Harrington,1,2,0,10
2012,3,10,SophieDophie,1,0,0,13
2012,3,10,Sandrine Dixson-Declève for the <a href="http://www.guardian.co.uk/guardian-professional" title="Guardian Professional Network">Guardian Professional Network</a>,1,9,0,33
2012,3,10,Luke Coffey,1,41,1,39
2012,3,10,John Lucas,1,43,1,19
2012,3,10,Interviews by Charlotte Abrahams,1,2,0,12
2012,3,10,Rebecca Smithers,1,21,0,61
2012,3,10,Cathy Togher,1,8,0,0
2012,3,10,David Mills,1,0,0,6
2012,3,10,Caroline Fiennes,1,1,0,9
2012,3,10,Ulrike Guérot,1,26,0,23
2012,3,10,Sebastian Dullien,1,26,0,23
2012,3,10,Lars Eriksen,1,646,11,165
2012,3,10,Jacob Steinberg (then),1,1,0,23
2012,3,10,Tom Lutz (for a bit),1,1,0,23
2012,3,10,Paul Doyle (now),1,1,0,23
2012,3,10,Andrew Collins,1,6,0,26
2012,3,10,James Eder,1,7,0,17
2012,3,10,World Business Council on Sustainable Development,1,9,1,21
2012,3,10,the US Green Building Council,1,9,1,21
2012,3,10,the United Nations Environment Programme,1,9,1,21
2012,3,10,Roger Tooth,2,65,0,15
2012,3,10,Presented by Tom Clark,1,6,0,14
2012,3,10,produced by Phil Maynard,1,6,0,14
2012,3,10,Azadeh Moaveni,1,17,0,18
2012,3,10,Mo Costandi,1,702,5,96
2012,3,10,Brian Dean,1,2,0,8
2012,3,10,Megan Carpentier,1,5,0,20
2012,3,10,Graham Hayday,1,4,2,71
2012,3,10,Saeed Shah,1,167,3,69
2012,3,10,Matt Parker,1,50,9,196
2012,3,10,Anna Tims,2,17,0,36
2012,3,10,Jim Griffin,1,6,0,27
2012,3,10,Vanessa Thorpe,3,100,4,78
2012,3,10,Jennifer Weiner,1,41,16,59
2012,3,10,John Fullerton,1,85,0,86
2012,3,10,Peter Malik for the <a href="http://www.guardian.co.uk/guardian-professional" title="Guardian Professional Network">Guardian Professional Network</a>,1,85,0,86
2012,3,10,Kirsty Scott,1,2,0,11
2012,3,10,Ian Malin,1,0,0,4
2012,3,10,Stylist: Priscilla Kwateng,1,2,0,18
2012,3,10,Jim Murphy,1,6,1,26
2012,3,10,Dan Gillmor,1,17,19,144
2012,3,10,Jon Simons,1,154,8,157
2012,3,10,Yasemin Yazar,1,154,8,157
2012,3,10,Zara Bergström,1,154,8,157
2012,3,10,Charles Fernyhough,1,154,8,157
2012,3,10,Martin Farrer,1,10,0,55
2012,3,10,Victor Fraga,1,1,0,5
2012,3,10,Tom Phillips,1,28,0,34
2012,3,10,David Goldberg,1,27,1,14
2012,3,10,Chris Cook at Newbury,1,0,0,7
2012,3,10,Betty Clarke,1,3,0,6
2012,3,10,Tanya Gold,1,160,6,111
2012,3,10,Nick Mathiason,1,52,0,46
2012,3,10,Laura Barton,1,8,0,27
2012,3,10,Paul Weaver at the Circuit de Catalunya,2,24,1,33
2012,3,10,Albert Tucker,1,39,0,36
2012,3,10,Michael Cohen,1,21,0,44
2012,3,10,Jon Ronson,1,397,6,127
2012,3,10,Deborah Orr,3,225,1,129
2012,3,10,Jane Eisner for <a href="http://forward.com/articles/152330/">the Forward</a>,1,21,6,26
2012,3,10,Interview by Alexandra Topping,1,3,0,5
2012,3,10,Jim Perrin,1,2,0,30
2012,3,10,Ian Jack,1,81,3,56
2012,3,10,Adam Gabbatt,2,6,1,12
2012,3,10,Ohio,1,3,0,8
2012,3,10,Interview by Susanna Rustin,1,81,2,39
2012,3,10,Andy Wilson at City of Salford Stadium,1,6,1,7
2012,3,10,Lisa Bachelor,5,4,0,39
2012,3,10,Paul Simons,1,7,0,41
2012,3,10,Indra Sinha,1,248,2,190
2012,3,10,John Self,1,33,0,5
2012,3,10,Eric Brown,1,13,0,15
2012,3,10,Helen Oyeyemi,1,15,0,13
2012,3,10,Liz Boulter,1,38,0,14
2012,3,10,Alastair Sawday,1,8,0,14
2012,3,10,Susanna Rustin,1,2,0,5
2012,3,10,Steven Poole,1,1,0,9
2012,3,10,Sarah Waters,1,126,4,69
2012,3,10,Rhiannon Batten,1,116,3,31
2012,3,10,Frances Stonor Saunders,1,21,0,28
2012,3,10,Will Hide,1,16,0,7
2012,3,10,Sophie Crockett,1,2,0,11
2012,3,10,Amanda Vickery,1,17,0,42
2012,3,10,Rachel Dixon,1,21,1,54
2012,3,10,Thomas Penn,1,32,0,31
2012,3,10,Lucy Cavendish,1,25,0,4
2012,3,10,Mark Weisbrot,1,49,0,82
2012,3,10,Nicholas Wroe,1,158,1,91
2012,3,10,Chris Ross,1,6,0,8
2012,3,10,Lila Azam Zanganeh,1,12,0,6
2012,3,10,Anthony McGowan,1,2,0,12
2012,3,10,Sean O'Brien,1,8,0,2
2012,3,10,Geoff Dyer,1,122,6,73
2012,3,10,James Buchan,1,45,1,18
2012,3,10,John Mullan,1,2,0,4
2012,3,10,Sue Townsend,1,33,0,16
2012,3,10,Hugo Hamilton,1,6,0,36
2012,3,10,Leonard Barden,1,8,0,6
2012,3,10,Rupert Jones,1,7,0,1
2012,3,10,Stephen Collins,1,4,0,6
2012,3,10,Anonymous,1,5,0,1
2012,3,10,Dan Lepard,1,74,0,28
2012,3,10,Yotam Ottolenghi,1,143,2,33
2012,3,10,Dominic Murphy,1,13,0,10
2012,3,10,Jane Perrone,1,3,0,2
2012,3,10,Rosanna Greenstreet,1,35,0,18
2012,3,10,Thomas Eaton,1,0,0,1
2012,3,10,Rebecca Kiessling,1,221,1,30
2012,3,10,Tom Dyckhoff,1,9,0,15
2012,3,10,Kate Garraway,1,1,0,21
2012,3,10,John Lanchester,1,6,0,17
2012,3,10,Alys Fowler,2,6,0,5
2012,3,10,Oliver Burkeman,1,30,0,14
2012,3,10,Fiona Beckett,1,16,1,8
2012,3,10,Interview: <strong>Becky Barnicoat</strong>. Portrait: <a href="http://www.emilystein.co.uk/" title=""><strong>Emily Stein</strong></a>,1,9,0,4
2012,3,10,Sam Wollaston,1,0,0,32
2012,3,10,Sali Hughes,1,15,0,7
2012,3,10,Jess Cartner Morley,1,0,0,4
2012,3,10,Melanie Stern,1,53,1,88
2012,3,10,As told to Mark King,1,0,0,0
2012,3,10,Jill Papworth,1,2,0,4
2012,3,10,Miles Brignall,2,19,0,13
2012,3,10,Geoffrey Wadhurst,1,0,0,8
2012,3,10,Jeremy Bullmore,1,1,0,0
2012,3,10,Arthur Neslen,1,227,3,41
2012,3,10,Patrick Collinson,3,20,0,116
2012,3,10,Tony Levene,1,5,0,50
2012,3,10,Jonathan Freedland,2,271,15,251
2012,3,10,Bradley Wiggins,1,12,2,31
2012,3,10,The Secret Footballer,1,22,1,15
2012,3,10,John Patterson,1,14,0,6
2012,3,10,Mike Diver,1,31,3,71
2012,3,10,Nosheen Iqbal,1,4,0,4
2012,3,10,Francesca Babb,1,88,1,21
2012,3,10,Richard Vine,1,16,1,21
2012,3,10,Christina Hopkinson,1,24,0,19
2012,3,10,Sarah Dempster,1,1,0,8
2012,3,10,Nick McGrath,1,126,0,41
2012,3,10,Roz Lewis,1,2,0,1
2012,3,10,John Fordham &amp; John Robinson,1,0,0,2
2012,3,10,Sam Richards,2,19,0,36
2012,3,10,Stuart Goodwin,1,5,0,8
2012,3,10,Robert Clark,1,9,0,17
2012,3,10,Martin Horsfield &amp; Richard Vine,1,9,0,6
2012,3,10,Johnny Dee,1,10,0,3
2012,3,10,James Kettle,1,2,0,8
2012,3,10,Robert Clark &amp; Skye Sherwin,1,1,0,3
2012,3,10,Jon &amp; Mick/moderntoss.com,1,8,0,3
2012,3,10,Annalisa Barbieri,1,2,0,1
2012,3,10,Will Eaves,1,0,0,13
2012,3,10,Charlie Condou,1,0,0,11
2012,3,10,The Guide,1,0,0,1
2012,3,10,Gareth Aveyard,1,14,0,92
2012,3,10,Nick Gillett,1,0,0,54
2012,3,10,Patric Baird,1,3,0,5
2012,3,10,John Mitchell,1,3,0,5
2012,3,10,Sam Richards &amp; Marc Rowlands,1,3,0,5
2012,3,10,Mark Cook,1,5,0,8
2012,3,10,Lyn Gardner &amp; Judith Mackrell,1,5,0,8
2012,3,10,Colette Bernhardt,1,12,0,29
2012,3,10,Katrina Dixon &amp; Stuart Goodwin,1,12,0,29
2012,3,10,Mark Garrod,1,0,0,15
2012,3,10,Nicola Jennings,1,0,0,13
2012,3,10,Joe Berger,1,3,0,7
2012,3,10,Pascal Wyse,1,3,0,7
2012,3,10,Paul Harris,2,91,3,96
2012,3,10,Tim Leunig,1,0,2,14
2012,3,10,Ruth Lydall,1,4,1,7
2012,3,10,Martin Dunne,1,198,1,87
2012,3,10,Robin McKie,2,922,37,277
2012,3,10,Remi Adekoya,1,39,0,23
2012,3,10,Paul Harris New York,1,39,1,45
2012,3,10,Viv Groskop,3,39,0,61
2012,3,10,Paolo Bandini at the Aquatics Centre,1,2,0,18
2012,3,10,Damien Pearse,5,666,20,647
2012,3,10,Paul Wilson at Anfield,2,61,0,98
2012,3,10,Kevin Powell,1,31,1,64
2012,3,10,Bob Garfield,1,160,1,62
2012,3,10,Sarah Hartley,1,3,0,8
2012,3,10,Tom Bryant,2,291,8,204
2012,3,10,Tracy McVeigh,4,467,8,253
2012,3,10,Richard Gibson at the DW Stadium,2,0,0,28
2012,3,10,Jamie Jackson at The Hawthorns,2,59,0,141
2012,3,10,Paul Doyle at the Etihad Stadium,2,8,0,51
2012,3,10,Richard Jolly at Ewood Park,2,1,0,57
2012,3,10,Mike Averis at The Rec,1,0,0,9
2012,3,10,Paul Rees at Adams Park,1,0,0,6
2012,3,10,Nial Briggs,1,5,0,18
2012,3,10,Daniel Boffey,4,2212,35,1760
2012,3,10,Jamie Doward,5,695,13,420
2012,3,10,Ewan Murray at Ibrox,1,3,0,18
2012,3,10,Stephen McPherson,1,20,0,36
2012,3,10,Kevin O'Flynn,2,33,0,47
2012,3,10,Jonny Weeks at Dean Court,1,1,0,14
2012,3,10,David Clark at Fratton Park,1,3,0,20
2012,3,10,Joss Wright,1,239,26,342
2012,3,10,Tom Chatfield,1,239,26,342
2012,3,10,Observer Sport staff,1,1,0,25
2012,3,10,Toby Helm,4,197,6,224
2012,3,10,Paolo Bandini at the Olympic Aquatics Centre,1,3,0,8
2012,3,10,Vicky Unwin,1,40,1,21
2012,3,10,Eddie Butler,1,0,0,5
2012,3,10,Andy Bull,1,1,0,2
2012,3,10,Michael Aylwin,1,1,0,2
2012,3,10,Chris Cook at Kelso,1,6,0,11
2012,3,10,Margaret Dibben,3,4,0,22
2012,3,10,David Hills,1,17,0,12
2012,3,10,Gethin Chamberlain,1,558,3,168
2012,3,10,Mark Townsend,1,134,0,57
2012,3,10,Richard Orange,1,134,0,57
2012,3,10,Peter Preston,3,17,0,38
2012,3,10,Rosie Boycott,1,567,7,86
2012,3,10,Hannah Waldram,1,9,0,99
2012,3,10,Interview by Ian Tucker,2,96,14,301
2012,3,10,Anna Baddeley,1,32,2,113
2012,3,10,Max Harlow,1,12,5,13
2012,3,10,Lindsey Dew,1,12,5,13
2012,3,10,Jessica Holland,1,4,0,3
2012,3,10,Anthony Burgess,1,8,0,10
2012,3,10,William Leith,1,20,2,7
2012,3,10,Monique Roffey,1,17,0,12
2012,3,10,Rachel Johnson,1,8,0,7
2012,3,10,Catherine Bennett,1,16,0,40
2012,3,10,Lettie Ransley,1,11,0,11
2012,3,10,Phil Mongredien,2,1,0,6
2012,3,10,Henry Krempels,1,3,0,1
2012,3,10,Jason Solomons,1,1,0,1
2012,3,10,Andrew Rawnsley,1,6,1,56
2012,3,10,Elizabeth Day,1,15,0,3
2012,3,10,Katie Burnetts,1,22,0,3
2012,3,10,Ed Vulliamy,1,369,7,86
2012,3,10,Nicola Barr,1,2,0,0
2012,3,10,Euan Ferguson,2,40,0,15
2012,3,10,Fiona Maddocks,2,8,0,12
2012,3,10,Eva Wiseman,2,301,2,77
2012,3,10,Philip French,8,45,3,48
2012,3,10,Kate Kellaway,1,17,0,3
2012,3,10,David Mitchell,1,114,2,206
2012,3,10,Dr Gerry Mander,1,1,0,9
2012,3,10,Victoria Coren,1,198,3,163
2012,3,10,Susannah Clapp,1,14,0,6
2012,3,10,Nick Cohen,1,103,0,136
2012,3,10,Chris Riddell,1,45,0,11
2012,3,10,Ally Carnwath,1,4,1,4
2012,3,10,Nigel Slater,2,35,0,22
2012,3,10,Claire Tomalin,1,25,0,17
2012,3,10,Joe Burgis,1,0,0,0
2012,3,10,Ben Hutchinson,1,5,1,5
2012,3,10,David Thomson,1,2,0,1
2012,3,10,Interview by Jane Mulkerrins,1,37,0,19
2012,3,10,Kitty Empire,3,32,2,8
2012,3,10,Quentin Wheeler,1,5,0,19
2012,3,10,Hermione Hoby,2,117,2,32
2012,3,10,Dave Gelly,1,2,0,2
2012,3,10,Interview by William Skidelsky,1,8,2,22
2012,3,10,Lucy Siegle,1,17,0,24
2012,3,10,Dan Pearson,1,6,0,12
2012,3,10,Gay Dad,1,1,0,0
2012,3,10,Shahesta Shaitly,1,6,0,7
2012,3,10,David Williams,1,1,0,1
2012,3,10,Katharine Whitehorn,1,9,0,5
2012,3,10,Joanne O'Connor,1,14,1,31
2012,3,10,Nicolas Stavros Niarchos,1,5,1,4
2012,3,10,Mark Kermode,1,1,0,7
2012,3,10,Neil Spencer,1,0,0,1
2012,3,10,Laura Cumming,1,15,0,1
2012,3,10,Rowan Moore,1,13,0,15
2012,3,10,Tim Adams,1,73,0,28
2012,3,10,Matt Kamen,1,1,0,6
2012,3,10,William Skidelsky,1,45,2,29
2012,3,10,Serge Pennings,1,2,0,8
2012,3,10,Interview by Natalie Woolman,1,4,0,12
2012,3,10,Toby Moses,1,0,1,9
2012,3,10,John Naughton,2,258,28,718
2012,3,10,Andrew Anthony,2,10,2,28
2012,3,10,Tom Lamont,1,8,0,10
2012,3,10,Killian Fox,1,4,0,3
2012,3,10,Stephen Pritchard,1,1,0,3
2012,3,10,Nicholas Kenyon,1,0,0,2
2012,3,10,Observer,1,1,0,23
2012,3,10,Dominic Simpson,1,202,2,45
2012,3,10,Luke Jennings,1,8,0,5
2012,3,10,Miranda Sawyer,1,0,0,15
2012,3,10,Sarah Butler,1,27,0,38
2012,3,10,Jay Rayner,2,42,0,129
2012,3,10,Dalya Alberge,1,103,1,50
2012,3,10,Kevin McKenna,1,9,0,20
2012,3,10,Masha Gessen,1,97,1,27
2012,3,10,Henry Porter,1,158,1,178
2012,3,10,Chris Stephen Tripoli,1,204,2,54
2012,3,10,Rob Penn,1,24,0,24
2012,3,10,Vanessa Thorpe Arts,1,18,2,106
2012,3,10,Media Correspondent,1,18,2,106
2012,3,10,Barbara Ellen,1,231,8,43
2012,3,10,Jason Burke,1,1192,11,261
2012,3,10,Lauren Laverne,1,13,0,61
2012,3,10,Alex Clark,1,7,0,20
2012,3,10,Bella Bathurst,1,105,0,121
2012,3,10,Peter Jinks,1,376,4,116
2012,3,10,Hephzibah Anderson,1,24,0,33
2012,3,10,QuantumFireDragons,1,35,0,17
2012,3,10,Javier Espinosa,1,160,13,87
2012,3,10,Ian Paulsen,1,3,3,14
2012,3,10,Chris Stephen,2,126,4,110
2012,3,10,Louise Taylor at St James' Park,2,15,0,36
2012,3,10,Joe Lovejoy at Cardiff City Stadium,1,7,0,21
2012,3,10,Ian Blair,1,32,0,50
2012,3,10,Helen MacKintosh,1,2,0,23
2012,3,10,Feraya Ullathorne,1,6,0,4
2012,3,10,Tom Service,1,559,3,89
2012,3,10,Robert Kitson at the Stade de France,1,3,0,7
2012,3,10,Natasha Vargas-Cooper,1,49,1,42
2012,3,10,Ron Quenby,1,20,0,16
2012,3,10,Bob Chaundy,1,3,0,50
2012,3,10,John Rawling,1,6,0,13
2012,3,10,John Lewis,1,32,0,19
2012,3,10,Mike Averis at Welford Road,1,0,0,5
2012,3,10,Nadifa Mohamed,1,20,0,17
2012,3,10,Andy Wilson at DW Stadium,1,0,0,9
2012,3,10,Jane Eisner,1,9,0,34
2012,3,10,Leslie Plommer,1,0,0,12
2012,3,10,Dominic Fifield at The Hawthorns,1,3,0,48
2012,3,10,Peter Lazenby,1,33,1,70
2012,3,10,Decca Aitkenhead,1,10,0,64
2012,3,10,Maggie Brown,1,1,0,22
2012,3,10,Daniel Taylor at White Hart Lane,2,39,0,101
2012,3,10,David Hytner at Craven Cottage,1,13,0,19
2012,3,10,Brian Paddick,1,22,0,38
2012,3,10,Antonia Senior,1,39,2,152
2012,3,10,Ian Malin at Vicarage Road,1,0,0,6
2012,3,10,Pamela Stephenson Connolly,1,20,0,16
2012,3,10,Mark Cocker,1,8,0,49
2012,3,10,Luisa Dillner,1,54,0,35
2012,3,10,Mehdi Hasan,1,274,4,167
2012,3,10,Johnjoe McFadden,1,788,22,124
2012,3,10,Rebecca Nicholson,1,3,0,11
2012,3,10,Barry Smith,1,583,12,197
2012,3,10,Andy Bull at the Aquatics Centre,1,2,0,10
2012,3,10,Becky Newham (<em>MeteoGroup</em>),1,0,0,6
2012,3,10,Paul Brown,1,0,0,2
2012,3,10,Martin Kelner,1,6,0,36
2012,3,10,Andy Hunter at Anfield,1,8,0,31
