year,month,week,name,articles,facebook,googleplus,twitter
2012,5,21,Ian Traynor,6,1088,48,634
2012,5,21,Lawrence Donegan at Sawgrass,1,2,0,14
2012,5,21,Helen Nugent,2,67,2,85
2012,5,21,Press Association,136,5570,77,3766
2012,5,21,Tessa Blunden,1,0,0,0
2012,5,21,Louise Hunt,1,3,0,11
2012,5,21,Jonathan Glennie,1,261,2,85
2012,5,21,S.Barry Cooper,1,76,15,214
2012,5,21,Richard Adams,5,35,3,190
2012,5,21,Tara Conlan,1,11,0,45
2012,5,21,Keith Stuart,12,507,17,844
2012,5,21,Roy Greenslade,22,1027,30,727
2012,5,21,GrrlScientist,11,12,32,177
2012,5,21,Matthew Engelke,1,148,4,35
2012,5,21,Gwyn Topham,3,110,5,149
2012,5,21,Jacob Steinberg,4,157,8,156
2012,5,21,Simon Burnton,5,228,6,169
2012,5,21,Charles Arthur,15,779,134,3217
2012,5,21,Associated Press,47,2299,57,1404
2012,5,21,Shiv Malik,6,638,18,291
2012,5,21,agencies,26,2401,61,2097
2012,5,21,Michael Hann,5,3480,21,209
2012,5,21,Philip Oltermann,1,469,5,129
2012,5,21,Phil Maynard,2,484,5,156
2012,5,21,Flame LilY,1,1,0,15
2012,5,21,Barry Glendenning,4,52,7,143
2012,5,21,Mark Wilding,1,2,0,19
2012,5,21,Paul Swinney,1,10,0,25
2012,5,21,Paul Lester,6,541,3,164
2012,5,21,Alex Healey,2,78,4,64
2012,5,21,Christian Bennett,1,57,1,29
2012,5,21,Robert Tapsfield,1,43,4,46
2012,5,21,Reuters,4,1074,26,329
2012,5,21,Rupert Neate,9,263,27,308
2012,5,21,Nick Fletcher,14,45,10,213
2012,5,21,Sir Nicholas Young,1,142,0,35
2012,5,21,Nick Spencer,1,7,2,11
2012,5,21,Harry Slater,1,267,4,60
2012,5,21,Joe Jervis,7,1,0,2
2012,5,21,Graeme Wearden,10,695,65,1065
2012,5,21,Helena Smith,13,4087,116,879
2012,5,21,Brahima Ouédraogo for <a href="http://www.ips.org/institutional/" title="">IPS</a>,1,83,0,32
2012,5,21,part of the <a href="http://www.guardian.co.uk/global-development/series/guardian-development-network" title="">Guardian development network</a>,3,302,7,210
2012,5,21,Caspar Llewellyn Smith,4,776,7,163
2012,5,21,Nichola Fletcher,2,528,7,124
2012,5,21,Rick Peters,2,561,10,148
2012,5,21,Bella Mackie,5,1,0,9
2012,5,21,Kate Hodge,8,18,2,150
2012,5,21,Jean-Louis Gassée,1,4,5,80
2012,5,21,Sean Michaels,10,585,14,294
2012,5,21,Guardian staff,5,705,11,253
2012,5,21,Nick Poole,1,27,0,18
2012,5,21,<a href="http://www.collectionslink.org.uk/" title="">Collections Link</a>,1,27,0,18
2012,5,21,Ben Child,16,1837,78,779
2012,5,21,Dick Vinegar,2,9,3,28
2012,5,21,John Plunkett,21,2693,21,1148
2012,5,21,Erin Hale,7,1932,63,753
2012,5,21,Martin Wainwright,9,153,1,391
2012,5,21,Stuart Dredge,8,221,20,648
2012,5,21,Oliver Milman,1,103,4,91
2012,5,21,Eric Todd,1,26,2,39
2012,5,21,Lisa O'Carroll,11,166,13,346
2012,5,21,Khaled Diab,1,39,0,33
2012,5,21,Chris Cook,6,5,0,45
2012,5,21,Will Hayler,12,10,0,97
2012,5,21,Tony Paley,6,11,0,51
2012,5,21,Raphael Honigstein,3,121,15,134
2012,5,21,Frank Land,1,8,0,67
2012,5,21,Tom,1,0,0,6
2012,5,21,Daisy,1,0,0,6
2012,5,21,aged five,1,0,0,6
2012,5,21,Dan Sabbagh,10,524,41,583
2012,5,21,Clare Horton,5,27,2,12
2012,5,21,Nick Cowen,1,5,0,53
2012,5,21,Andrew Brown,4,475,13,124
2012,5,21,Corrections,5,1,0,6
2012,5,21,Robin Denselow,3,72,0,35
2012,5,21,Helen Pidd,4,157,14,140
2012,5,21,Paolo Bandini,2,660,8,112
2012,5,21,Jamie Jackson,18,1864,21,970
2012,5,21,Julia Eccleshare,1,1,2,12
2012,5,21,Simon Rogers,7,2126,118,1507
2012,5,21,Emma John,1,112,0,42
2012,5,21,Mark Tran,3,89,2,76
2012,5,21,Helen Babbs,2,35,0,54
2012,5,21,Mike Harris,1,13,0,20
2012,5,21,Martin Belam,1,8,0,24
2012,5,21,Jim Jepps for <a href="http://liberalconspiracy.org/" title="">Liberal Conspiracy</a>,1,20,0,16
2012,5,21,part of the <a href="http://www.guardian.co.uk/commentisfree/series/guardian-comment-network" title="">Guardian Comment Network</a>,2,137,3,50
2012,5,21,Nick Hopkins,5,67,10,223
2012,5,21,Jason Atkinson,1,2,0,7
2012,5,21,John Beddington,1,18,2,15
2012,5,21,Patrick Wintour,26,3030,148,2642
2012,5,21,Alan Connor,2,25,1,43
2012,5,21,John Vidal,2,418,15,125
2012,5,21,David Gaffney,3,397,34,247
2012,5,21,Presented by James Richardson,3,46,8,91
2012,5,21,produced by Ben Green,2,28,6,48
2012,5,21,Dave Hill,6,55,4,141
2012,5,21,Mark Lawson,3,105,2,70
2012,5,21,Jogchum Vrielink for the <a href="http://inforrm.wordpress.com/2012/05/10/freedom-of-expression-the-adventures-of-tintin-in-the-land-of-the-law-jogchum-vrielink/" title="">Inforrm blog</a>,1,60,1,72
2012,5,21,part of the <a href="http://www.guardian.co.uk/law/series/guardian-legal-network" title="">Guardian Legal Network</a>,1,60,1,72
2012,5,21,Jess Thom,1,206,4,62
2012,5,21,Matthew Caines,3,97,2,102
2012,5,21,Natalie Haynes,1,263,2,38
2012,5,21,Alan Travis,7,388,5,369
2012,5,21,Jim Witkin for the <a href="http://www.guardian.co.uk/guardian-professional" title="Guardian Professional Network">Guardian Professional Network</a>,1,36,13,157
2012,5,21,Tony Coll,1,40,0,20
2012,5,21,David Cox,2,9,1,52
2012,5,21,Amelia Gentleman,2,2969,71,596
2012,5,21,Guardian fashion,2,95,0,55
2012,5,21,Robert Booth,5,355,10,272
2012,5,21,Graham Parker,4,39,0,54
2012,5,21,Joe Prince-Wright,1,3,0,8
2012,5,21,John Harris,3,335,5,199
2012,5,21,Steven Morris,9,1377,18,362
2012,5,21,Tom Bryant,1,190,7,51
2012,5,21,Peter Walker,4,375,13,382
2012,5,21,Carol Rumens,1,73,2,34
2012,5,21,Ellie Mae O'Hagan,1,190,2,141
2012,5,21,Adam Boult,5,478,0,86
2012,5,21,Michael Cox,2,75,4,79
2012,5,21,Kurt Hoffman,1,5,0,40
2012,5,21,Ian Griffiths,1,16,4,32
2012,5,21,Dan Milmo,10,830,21,441
2012,5,21,MrModenait,1,4,3,16
2012,5,21,Hunter Felt,4,17,3,22
2012,5,21,Stuart Heritage,6,299,6,214
2012,5,21,Dominic Rushe,14,1034,105,1468
2012,5,21,Lyn Gardner,7,271,0,131
2012,5,21,Mark Sweney,14,471,7,671
2012,5,21,Jessica Reed,1,11,1,41
2012,5,21,Jill Insley,8,407,24,373
2012,5,21,Suzanne Goldenberg,7,1334,85,605
2012,5,21,Monkey,8,44,0,147
2012,5,21,Tom Service,3,155,2,68
2012,5,21,Sid Lowe,2,110,5,146
2012,5,21,Jo Jones,1,7,1,21
2012,5,21,Helen Seamons,1,7,1,21
2012,5,21,Kate Connolly,4,175,10,83
2012,5,21,Saeed Kamali Dehghan,3,1017,21,295
2012,5,21,Haroon Siddique,4,500,7,206
2012,5,21,Bob Garfield,1,18,0,27
2012,5,21,Michael Cragg,5,359,5,121
2012,5,21,Damian Carrington,6,1070,49,784
2012,5,21,Andy Wilson,11,49,2,106
2012,5,21,Guy Dammann,1,0,0,6
2012,5,21,Jonathan Jones,6,366,10,152
2012,5,21,Tim Murrah,1,3,0,21
2012,5,21,Cory Doctorow,1,254,95,432
2012,5,21,Andrew Sparrow,9,704,33,639
2012,5,21,Fiona Shields,4,68,2,128
2012,5,21,Matt Trueman,6,255,5,92
2012,5,21,Marc Abrahams,1,0,0,8
2012,5,21,Ed Pilkington,7,10359,305,1924
2012,5,21,Amanda Michel,2,330,32,483
2012,5,21,James Walsh,2,2,0,13
2012,5,21,Emily Drabble,1,10,1,20
2012,5,21,Alison Flood,10,1186,74,1059
2012,5,21,Brian Braiker,9,962,20,346
2012,5,21,Richard Nelsson,1,20,0,9
2012,5,21,Beverley Cuddy,1,1660,6,117
2012,5,21,Gill Hitchcock,5,6,1,22
2012,5,21,Maev Kennedy,5,309,5,201
2012,5,21,Thomas Lingard for the <a href="http://www.guardian.co.uk/guardian-professional" title="Guardian Professional Network">Guardian Professional Network</a>,1,24,3,56
2012,5,21,Sarah Hughes,5,104,2,65
2012,5,21,Hannah Freeman,3,16,2,37
2012,5,21,Guardian readers,6,194,5,119
2012,5,21,Mark Brown,7,1028,20,235
2012,5,21,Sade Laja,2,5,1,49
2012,5,21,Jon Russell,1,10,2,12
2012,5,21,<a href="http://thenextweb.com/" title="">The Next Web</a>,1,10,2,12
2012,5,21,part of the <a href="http://www.guardian.co.uk/media-network" title="">Guardian Media Network</a>,2,27,2,19
2012,5,21,Oliver Burkeman,2,273,20,97
2012,5,21,Richard Norton-Taylor,2,8,6,18
2012,5,21,Thalif Deen for <a href="http://www.ips.org/institutional/" title="">IPS</a>,1,30,2,54
2012,5,21,Severin Carrell,8,718,16,355
2012,5,21,Scotl,6,654,7,231
2012,5,21,Guardian healthcare network,5,12,3,65
2012,5,21,Liz Hall for the <a href="http://www.guardian.co.uk/guardian-professional" title="Guardian Professional Network">Guardian Professional Network</a>,1,18,3,25
2012,5,21,Ben Myers,1,999,29,417
2012,5,21,Harriet Sherwood,6,2768,41,387
2012,5,21,Chris Cook at Ballydoyle,2,1,1,29
2012,5,21,Rebecca Smithers,3,170,7,316
2012,5,21,Anne Bedos,1,97,1,16
2012,5,21,John Holloway,1,730,4,112
2012,5,21,Elisabeth Mahoney,3,131,0,36
2012,5,21,Andrew Clements,8,84,2,79
2012,5,21,Rian Evans,1,3,0,12
2012,5,21,Jane Martinson,1,24,2,22
2012,5,21,Mark Fisher,1,53,0,16
2012,5,21,Lizzy Davies,2,18,1,64
2012,5,21,Elaine Doyle,1,10,1,5
2012,5,21,Alex Needham,3,1502,13,240
2012,5,21,David Bicknell,3,20,0,22
2012,5,21,Owen Gibson,14,524,7,430
2012,5,21,Henry McDonald,7,171,5,126
2012,5,21,Ros Asquith,1,1,0,15
2012,5,21,Henning Meyer,1,24,2,20
2012,5,21,Andrea Vogt,4,770,36,173
2012,5,21,Compiled by Fiona Shields,1,218,4,50
2012,5,21,Jane Tully,1,0,0,34
2012,5,21,Jason Burke,2,52,2,23
2012,5,21,Dave Laing,1,71,0,23
2012,5,21,Angelique Chrisafis,8,476,14,171
2012,5,21,Josh Halliday,8,1200,23,815
2012,5,21,Dugald Baird,4,993,14,703
2012,5,21,Juliette Jowit,5,315,4,299
2012,5,21,Ben Quinn,6,993,27,527
2012,5,21,David Smith,6,720,22,394
2012,5,21,George Irvin,1,14,1,8
2012,5,21,Amy Lawrence,2,102,1,38
2012,5,21,David Bell,1,6,0,41
2012,5,21,Laura Barton,1,91,2,24
2012,5,21,John Ashdown,5,89,6,205
2012,5,21,Matt Hall,1,24,6,78
2012,5,21,Richard Sprenger,4,727,20,210
2012,5,21,Simon Neville,4,11,1,48
2012,5,21,Tim Dowling,3,877,16,314
2012,5,21,Patrick Barkham,3,130,1,254
2012,5,21,Ian Black,5,202,13,143
2012,5,21,Catherine Shoard,6,115,14,130
2012,5,21,Vikram Dodd,1,81,3,76
2012,5,21,Owen Bowcott,9,1731,15,397
2012,5,21,legal affairs corespondent,1,1319,2,57
2012,5,21,Denis Campbell,8,1652,37,936
2012,5,21,Interviews by Dave Simpson,1,288,2,39
2012,5,21,Mike Baker,1,29,2,163
2012,5,21,Anna Vignoles,1,16,0,39
2012,5,21,,2,125,11,60
2012,5,21,Jessica Shepherd,7,1140,11,695
2012,5,21,Louise Tickle,1,306,11,115
2012,5,21,Julia Kollewe,4,67,7,99
2012,5,21,Robin Wells,1,236,30,108
2012,5,21,Andy Hunter,9,3163,30,1147
2012,5,21,Rob Smyth,3,232,25,135
2012,5,21,Michael White,5,31,2,91
2012,5,21,David Stubbs,3,1,0,21
2012,5,21,Martin Skegg,1,0,0,5
2012,5,21,Andrew Mueller,5,1,0,39
2012,5,21,Gwilym Mumford,2,0,0,8
2012,5,21,Julia Raeside,5,14,0,82
2012,5,21,Phelim O'Neill,4,32,2,44
2012,5,21,Leo Hickman,3,104,1,179
2012,5,21,Aditya Chakrabortty,1,55,6,67
2012,5,21,Sam Jones,3,308,9,139
2012,5,21,David Mepham,1,252,7,14
2012,5,21,George Monbiot,1,1155,21,302
2012,5,21,Esther Addley,2,33,3,38
2012,5,21,Paul Rees,5,4,0,43
2012,5,21,Phillip Inman,3,20,0,68
2012,5,21,John Vallins,1,4,0,40
2012,5,21,Michele Hanson,1,72,0,23
2012,5,21,Hadley Freeman,2,102,4,154
2012,5,21,Sandra Laville,8,4503,67,913
2012,5,21,Audrey Gillan,2,273,8,129
2012,5,21,Ian Katz,1,21,0,67
2012,5,21,Simon Bowers,4,41,4,68
2012,5,21,Jo Tuckman,2,121,7,49
2012,5,21,Ewen MacAskill,15,1037,53,896
2012,5,21,Steve Bell,8,405,16,227
2012,5,21,Paul Weaver,3,35,6,58
2012,5,21,Harry J Enten,4,88,6,85
2012,5,21,Polly Toynbee,1,736,15,228
2012,5,21,Sam Wollaston,5,144,1,177
2012,5,21,Editorial,20,698,47,634
2012,5,21,Tom McCarthy,9,3085,67,644
2012,5,21,Dominic Fifield,21,754,38,904
2012,5,21,Stuart James,7,575,4,202
2012,5,21,David Conn,3,186,5,174
2012,5,21,Adam Gabbatt,7,462,21,308
2012,5,21,Stephen Moss,8,194,3,191
2012,5,21,Louise Taylor,2,26,2,80
2012,5,21,Gary Younge,6,1117,28,273
2012,5,21,Richard Williams,6,186,18,246
2012,5,21,Larry Elliott,14,3387,173,1813
2012,5,21,Ed Yong,1,19,0,10
2012,5,21,Kevin McCarra,4,50,0,197
2012,5,21,Nicholas Watt,15,1408,50,1106
2012,5,21,Crane.tv,1,136,5,73
2012,5,21,Staff,8,1525,23,856
2012,5,21,David Floyd,1,0,0,0
2012,5,21,Michael Green,1,41,3,137
2012,5,21,Kate Hodal,2,403,12,111
2012,5,21,Jane Dudman,7,12,4,94
2012,5,21,Ewan Murray,7,101,1,103
2012,5,21,Sajeela Shah,1,42,0,29
2012,5,21,Nickie Aiken,1,47,0,36
2012,5,21,Agencies,7,138,8,191
2012,5,21,Aseem Malhotra,1,175,3,69
2012,5,21,SA Mathieson,2,23,7,73
2012,5,21,ChristopherW,1,1,0,2
2012,5,21,Paul Broadbent,1,1,1,7
2012,5,21,Nicholas Lezard,1,19,0,22
2012,5,21,Tony Brown,1,4,0,14
2012,5,21,Ben Higham,1,4,0,14
2012,5,21,Anne Snowden,1,17,2,40
2012,5,21,Chris Elliott,2,12,0,24
2012,5,21,James Meikle,9,784,21,455
2012,5,21,Hari,2,90,2,86
2012,5,21,Jake,2,90,2,86
2012,5,21,Edward Helmore,1,113,8,39
2012,5,21,New Mexico,1,113,8,39
2012,5,21,Juliet Jacques,1,66,6,32
2012,5,21,Kelly Donaldson,1,56,0,30
2012,5,21,Alex English,1,108,7,80
2012,5,21,Jessica Fuhl,2,110,4,112
2012,5,21,Rhik Samadder,1,30,0,38
2012,5,21,Ami Sedghi,2,464,15,270
2012,5,21,Sarah Ditum,1,24,4,183
2012,5,21,Katy Murrells,2,453,1,133
2012,5,21,Guardian Government Computing,7,2,1,70
2012,5,21,Toby Manhire,1,42,3,19
2012,5,21,Public leaders network,1,0,0,5
2012,5,21,Jason Deans,3,25,2,74
2012,5,21,Andreas Kortenkamp,1,194,4,92
2012,5,21,Robert Kitson,4,11,1,31
2012,5,21,Jill Dawson,1,5,0,11
2012,5,21,John M Morrison,1,176,3,83
2012,5,21,Michael Billington,6,167,3,137
2012,5,21,Caroline Lucas,1,356,9,104
2012,5,21,Kevin Meagher,1,1,0,11
2012,5,21,Nicki,2,1,0,14
2012,5,21,Luke,2,1,0,14
2012,5,21,aged 4,5,9,0,43
2012,5,21,Barney Hoskyns,1,97,1,30
2012,5,21,Imogen Russell Williams,1,8,1,11
2012,5,21,David Brindle,4,104,2,89
2012,5,21,Alex Aldridge,1,128,2,24
2012,5,21,Roel Janssen,1,53,3,22
2012,5,21,Simon Rawles,1,90,0,43
2012,5,21,Noah Payne-Frank,1,90,0,43
2012,5,21,Jon Boone,2,127,17,312
2012,5,21,Mariana Santos,1,1611,49,448
2012,5,21,Fiona Harvey,2,57,8,251
2012,5,21,Mayur Lakhani,1,87,0,27
2012,5,21,Sara Schonhardt for the <a href="http://www.guardian.co.uk/guardian-professional" title="Guardian Professional Network">Guardian Professional Network</a>,1,15,4,16
2012,5,21,Mark King,4,112,3,112
2012,5,21,Owen Hatherley,1,282,5,127
2012,5,21,Zara Aziz,1,1,0,12
2012,5,21,Mo Costandi,2,716,45,251
2012,5,21,<a href="http://www.businessgreen.com/">BusinessGreen</a>,1,40,5,133
2012,5,21,part of the <a href="http://www.guardian.co.uk/environment/network">Guardian Environment Network </a>,1,40,5,133
2012,5,21,Presented by Aleks Krotoski,1,11,0,71
2012,5,21,produced by Jason Phipps,2,26,3,134
2012,5,21,with Charles Arthur,1,11,0,71
2012,5,21,Juliette Garside,5,180,15,510
2012,5,21,Nik Peachey,1,315,24,45
2012,5,21,Julien Bouissou,1,194,3,61
2012,5,21,Marie Delcas,1,9,0,31
2012,5,21,Barney Ronay,4,38,1,65
2012,5,21,Max de Lotbinière,4,167,4,110
2012,5,21,Maseeh Rahman,1,57,2,23
2012,5,21,Chris Tribble,1,3,1,7
2012,5,21,Carla D'Elia,1,51,0,6
2012,5,21,Theresa Allain,1,7,0,1
2012,5,21,Johnny Blades,1,22,2,5
2012,5,21,Anne Pélouas,1,14,1,19
2012,5,21,Emmanuelle Lequeux,1,1,0,20
2012,5,21,Janet Hardy-Gould,2,4,1,16
2012,5,21,Nicolas Bourcier,1,64,7,7
2012,5,21,Clar Ni Chonghaile,1,425,4,149
2012,5,21,Jill Treanor,16,2187,127,1138
2012,5,21,David Lengel,1,24,0,7
2012,5,21,Robert Smith,1,509,2,68
2012,5,21,Steve Busfield,5,17,0,23
2012,5,21,Kate McCann,6,339,10,189
2012,5,21,Jonny Weeks,3,97,0,102
2012,5,21,Darian Pavli for the <a href="http://blog.soros.org" title="">Open Society blog</a>,1,30,0,10
2012,5,21,part of the <a href="htttp://www.guardian.co.uk/law/series/guardian-legal-network" title="">Guardian Legal Network</a>,1,30,0,10
2012,5,21,Geof Ellingham,1,3,0,31
2012,5,21,ThePinkElephant,3,0,0,16
2012,5,21,Phil Hoad,1,8,3,48
2012,5,21,Paul Owen,2,67,2,49
2012,5,21,Martine Valo,1,2,0,40
2012,5,21,La Barbe,1,122,3,87
2012,5,21,signatories,1,122,3,87
2012,5,21,Helen Carter,5,317,2,102
2012,5,21,Dave Penman,1,1,0,5
2012,5,21,Bella Todd,1,123,0,55
2012,5,21,Charles Gant,1,4,2,12
2012,5,21,Jo Confino for the <a href="http://www.guardian.co.uk/guardian-professional" title="Guardian Professional Network">Guardian Professional Network</a>,1,386,55,247
2012,5,21,Andrew Ryvkin,1,57,7,42
2012,5,21,John Stoehr,1,11,1,7
2012,5,21,Kim Willsher,4,285,8,116
2012,5,21,Ruth Spencer,5,22,0,135
2012,5,21,Paul Doyle,5,167,9,176
2012,5,21,Professor Pongoo,1,454,9,67
2012,5,21,Joanna Moorhead,1,32,2,17
2012,5,21,Mike Herd,1,60,1,21
2012,5,21,Hannah Waldram,2,63,1,23
2012,5,21,Martin Robbins,3,959,60,381
2012,5,21,Monica Mark,1,38,5,42
2012,5,21,Charles Geisst,1,8,5,16
2012,5,21,Abby Deveney,1,0,0,0
2012,5,21,Luis Hernández Navarro,1,115,0,44
2012,5,21,Caroline Sullivan,4,116,5,56
2012,5,21,Randeep Ramesh,5,388,6,414
2012,5,21,Sarfraz Manzoor,1,752,24,244
2012,5,21,Matthew Weaver,4,128,12,391
2012,5,21,Brian Whitaker,4,128,12,391
2012,5,21,Greg Clark,1,3,0,22
2012,5,21,Joe Anderson,1,3,0,22
2012,5,21,Sarah Crown,3,131,4,92
2012,5,21,John Prescott,1,110,16,693
2012,5,21,Paddy Allen,4,74,6,97
2012,5,21,Francis Gilbert,1,19,0,47
2012,5,21,World Business Council for Sustainable Development,2,3,0,17
2012,5,21,Eliza Anyangwe,3,177,33,463
2012,5,21,Adam Smith,2,130,10,98
2012,5,21,Tanya Filer,1,281,3,97
2012,5,21,Imogen Fox,1,33,0,38
2012,5,21,UNICEF,1,1,0,8
2012,5,21,Graeme Virtue,1,4,3,15
2012,5,21,Lynn Forester de Rothschild,1,9,3,13
2012,5,21,Dominic Barton,1,9,3,13
2012,5,21,Nils Pratley,7,13,6,112
2012,5,21,Open thread,5,906,14,198
2012,5,21,Jonathan Portes,2,5,0,36
2012,5,21,Mark Henderson,1,21,1,60
2012,5,21,Interview by Laura Barnett,2,199,2,53
2012,5,21,Simon Hoggart,4,56,3,111
2012,5,21,James Macintyre,1,22,4,187
2012,5,21,Darius Charney,1,135,2,30
2012,5,21,Emma Graham-Harrison,4,498,27,169
2012,5,21,Ronald Bergan,1,13,0,17
2012,5,21,Jon Robins,1,17,0,16
2012,5,21,Andrew Pulver,7,39,8,82
2012,5,21,Xan Brooks,11,372,28,237
2012,5,21,Harry Venning,1,9,0,3
2012,5,21,Kate Pickett,1,225,8,128
2012,5,21,Richard Wilkinson,1,225,8,128
2012,5,21,Tim Ashley,3,16,0,40
2012,5,21,Karen McVeigh,2,84,6,49
2012,5,21,Richard Hoggart,1,71,0,52
2012,5,21,Alfred Hickling,2,16,0,19
2012,5,21,Ian Sample,3,2820,71,600
2012,5,21,Mike Selvey,4,14,2,29
2012,5,21,Ana Marie Cox,3,19,5,39
2012,5,21,Paula Cocozza,1,1561,15,431
2012,5,21,Ben Arnold,2,0,0,8
2012,5,21,Ali Catterall,2,0,0,18
2012,5,21,John Robinson,2,1,0,16
2012,5,21,Stuart Jeffries,4,3688,55,382
2012,5,21,Simon Cambers,3,14,0,45
2012,5,21,Simon Jenkins,2,444,20,162
2012,5,21,Paul Evans,1,12,2,31
2012,5,21,David Davis,1,60,0,55
2012,5,21,Sara Ilyas,1,18,3,24
2012,5,21,Simon Chilvers,3,275,3,146
2012,5,21,Tanya Gold,1,56,5,66
2012,5,21,As seen by Catherine Bennett,1,3,0,40
2012,5,21,Nick Caistor,1,811,23,176
2012,5,21,Paul MacInnes,2,179,5,358
2012,5,21,Michael Wolff,2,57,12,279
2012,5,21,Seumas Milne,1,524,11,240
2012,5,21,Daniel Taylor,4,309,10,301
2012,5,21,Rob Bagchi,4,9,0,39
2012,5,21,Andy Bull,2,10,0,13
2012,5,21,Afua Hirsch,1,12,0,12
2012,5,21,Mary O'Hara,1,129,3,36
2012,5,21,Evan Fanning,4,39,1,129
2012,5,21,Peter Collett,1,40,4,31
2012,5,21,Julian Borger,7,516,12,306
2012,5,21,Amy Hale,1,0,0,0
2012,5,21,Joel Carter,1,21,0,52
2012,5,21,Virginia Wallis,2,4,0,27
2012,5,21,Maggie Brown,1,1,0,26
2012,5,21,Vera Brittain,1,55,0,32
2012,5,21,Rupert Jones,3,2,0,36
2012,5,21,Caroline Spelman,1,41,0,77
2012,5,21,John Clark,1,15,0,18
2012,5,21,Nicola Hartley,1,15,0,18
2012,5,21,Colin Wiles,1,12,1,66
2012,5,21,Colin Horgan,2,15,0,9
2012,5,21,James Lasdun,1,32,1,15
2012,5,21,Richard Gott,1,416,9,88
2012,5,21,David Wootton,1,35,4,33
2012,5,21,Hannah Cockroft,1,22,0,13
2012,5,21,Ian McCourt,4,100,8,110
2012,5,21,Arun Marsh,2,3,0,8
2012,5,21,Hannah Fearn,2,10,0,30
2012,5,21,Andy Hamilton,1,6,0,23
2012,5,21,Hilary Osborne,5,54,9,160
2012,5,21,Richard Johnson,1,104,0,86
2012,5,21,Angus McCarey,1,1,2,4
2012,5,21,UK retail director,1,1,2,4
2012,5,21,eBay,5,19,10,24
2012,5,21,Katy Cowan,1,17,0,7
2012,5,21,<a href="http://www.creativeboom.co.uk/" title="">Creative Boom</a>,1,17,0,7
2012,5,21,Phil Stewart,1,14,5,55
2012,5,21,Olivier Ropars,2,17,8,18
2012,5,21,senior director for mobile,2,17,8,18
2012,5,21,Delphine Remy-Boutang,1,18,10,37
2012,5,21,Alasdair McGowan,1,0,0,2
2012,5,21,UK head of public affairs,1,0,0,2
2012,5,21,Debbie Andalo,1,16,0,12
2012,5,21,Miles Berry,1,46,5,42
2012,5,21,Guardian Sport,1,26,3,21
2012,5,21,George Amponsah,1,10,1,16
2012,5,21,Gaby Hinsliff,1,12,2,31
2012,5,21,Peter Bradshaw,18,1636,50,442
2012,5,21,Elliot Smith,5,174,13,108
2012,5,21,Henry Barnes,7,176,14,131
2012,5,21,Patrick Wells,1,125,0,27
2012,5,21,David Walker,1,2,0,8
2012,5,21,Nick Mead,2,141,9,89
2012,5,21,Matthew van Poortvliet,1,4,0,15
2012,5,21,Fred Pearce,2,381,12,222
2012,5,21,Richard Rae,3,1,0,18
2012,5,21,Richard Gibson,3,1,0,18
2012,5,21,Anna Tims,2,6,0,36
2012,5,21,Susan Jones,1,63,1,101
2012,5,21,Greg Wood,7,14,0,53
2012,5,21,Rachel Holmes,1,133,0,64
2012,5,21,Reviewed by Read by Emma,1,0,0,4
2012,5,21,Daisy (5),1,0,0,4
2012,5,21,Olive (3),1,0,0,4
2012,5,21,Tony Juniper,1,26,1,59
2012,5,21,Ben Caldecott,1,55,4,93
2012,5,21,Mike Anderiesz,1,68,6,102
2012,5,21,Alex von Tunzelmann,1,12,0,14
2012,5,21,Angela Hartnett,2,25,2,35
2012,5,21,Mee-Lai Stone,2,20,3,28
2012,5,21,Bridget Coaker,3,50,2,97
2012,5,21,Jaap Spoorenberg,1,1,0,1
2012,5,21,Martin Kettle,3,19,0,45
2012,5,21,Lawrence McNamara,1,1,2,15
2012,5,21,Public Leaders Network,1,0,0,4
2012,5,21,Winston Hide,1,1175,171,568
2012,5,21,Robin Quax,1,0,0,0
2012,5,21,Rosie Swash,1,144,8,71
2012,5,21,Greg Freeman,1,53,3,40
2012,5,21,Peter Den Hond,1,3,0,0
2012,5,21,Ian Gittins,2,126,1,73
2012,5,21,Liz Ford,2,191,10,181
2012,5,21,David Hill,1,36,2,50
2012,5,21,Wouter Durville,1,0,1,4
2012,5,21,Momtaz Begum-Hossain,1,19,0,178
2012,5,21,Catherine Pepinster,1,71,7,25
2012,5,21,Eirian Walsh Atkins,1,4,0,8
2012,5,21,Mohammed Ajeeb,1,39,1,13
2012,5,21,Sam Jordison,2,120,1,62
2012,5,21,Hossam el-Hamalawy,1,221,3,53
2012,5,21,Jorg Rijkschroeff,1,0,0,1
2012,5,21,Pete Clemons,1,93,0,36
2012,5,21,People's panel,1,4,0,20
2012,5,21,Roger Cowe for the <a href="http://www.guardian.co.uk/guardian-professional" title="Guardian Professional Network">Guardian Professional Network</a>,1,24,0,20
2012,5,21,Eric Hilaire,2,477,25,125
2012,5,21,Toby Chasseaud,1,32,2,54
2012,5,21,Grant Howitt,1,19,0,45
2012,5,21,Matt Grist,1,1,0,32
2012,5,21,Maddy Costa,3,180,0,50
2012,5,21,Vic Marks,2,12,1,13
2012,5,21,Paul Wilson,5,49,5,98
2012,5,21,Interview by Sarah Phillips,1,216,2,97
2012,5,21,Nikos Chrysoloras for <a href="http://www.ekathimerini.com/" title="">Kathimerini</a>,1,117,3,34
2012,5,21,Les Roopanarine,1,49,2,24
2012,5,21,John Fordham,4,15,0,47
2012,5,21,James Murray for <a href="http://www.businessgreen.com">BusinessGreen</a>,1,4,2,45
2012,5,21,part of the <a href="http://www.guardian.co.uk/environment/network" title="Guardian Environment Network">Guardian Environment Network</a>,2,23,4,95
2012,5,21,Terry Macalister,5,42,2,114
2012,5,21,Chris Cross,1,269,39,611
2012,5,21,Leon Kaye for the <a href="http://www.guardian.co.uk/guardian-professional" title="Guardian Professional Network">Guardian Professional Network</a>,1,10,1,8
2012,5,21,Johan Wendt,1,0,0,3
2012,5,21,Jonathan Knott,2,278,11,94
2012,5,21,Fazel Hawramy,1,199,2,41
2012,5,21,Sadhbh Walshe,1,3,0,11
2012,5,21,Soledad Pinero Misa,1,31,0,8
2012,5,21,Jon Savage,2,390,12,125
2012,5,21,Veronica D'Souza,1,12,0,5
2012,5,21,Simon Tisdall,1,61,0,81
2012,5,21,in Mahache,1,61,0,81
2012,5,21,Gaza province,1,61,0,81
2012,5,21,Mozambique,1,61,0,81
2012,5,21,Cyrus Hirjibehedin,1,21,4,33
2012,5,21,David Shariatmadari,1,29,6,38
2012,5,21,Charlie English,1,10,0,43
2012,5,21,Richard Luscombe,3,552,23,130
2012,5,21,Jakob Lund,1,110,0,3
2012,5,21,Jon Henley,2,266,11,189
2012,5,21,Edgardo Ayala,1,189,5,124
2012,5,21,Claudia Ávalos for <a href="http://www.ipsnews.net/" title="">IPS</a>,1,189,5,124
2012,5,21,Ian Cobain,1,27,0,30
2012,5,21,Jonathan Bernstein,1,2,0,16
2012,5,21,Guy Grandjean,1,183,3,43
2012,5,21,Josh Strauss,2,183,3,54
2012,5,21,Jane Perrone,4,100,4,83
2012,5,21,Charlotte Higgins,6,287,10,156
2012,5,21,Joshua Rozenberg,1,23,4,30
2012,5,21,Heather Stewart,7,226,17,178
2012,5,21,Andy Wilson at Lord's,4,10,1,29
2012,5,21,Caryn Mandabach,1,0,0,23
2012,5,21,Frederika Whitehead,1,51,3,73
2012,5,21,Oliver Balch for the <a href="http://www.guardian.co.uk/guardian-professional" title="Guardian Professional Network">Guardian Professional Network</a>,1,11,0,19
2012,5,21,Greg Wood at York,3,0,0,17
2012,5,21,Emily Cleaver,1,19,5,14
2012,5,21,Barney Ronay at Wembley,1,11,1,12
2012,5,21,Kira Cochrane,3,264,5,72
2012,5,21,Judith Mackrell,1,15,0,19
2012,5,21,Ryan Devereaux,2,375,4,66
2012,5,21,Rodney Hinds,1,8,0,27
2012,5,21,Will Hayler at York,3,0,1,23
2012,5,21,Maggie O'Kane,1,48,2,22
2012,5,21,Timothy Garton Ash,1,73,5,47
2012,5,21,Zoe Wood,3,19,2,66
2012,5,21,Jonathan Wright,2,0,0,18
2012,5,21,Rachael Hogg,1,0,0,13
2012,5,21,Rebecca Nicholson,3,1,0,33
2012,5,21,Lucy Mangan,3,36,4,64
2012,5,21,Suzanne Moore,1,788,16,268
2012,5,21,Sachin Nakrani,8,208,16,321
2012,5,21,Guardian Sport staff,1,37,3,25
2012,5,21,Richard Rae at Edgbaston,3,9,0,16
2012,5,21,Philippe Sands,1,40,1,40
2012,5,21,Marcel Theroux,2,201,11,67
2012,5,21,Suemay Oram,1,22,0,8
2012,5,21,Zoe Williams,3,741,15,468
2012,5,21,Pete Cashmore <a href="http://twitter.com/#!/TweetCashmore" title="">@tweetcashmore</a>,1,52,0,31
2012,5,21,Ray Collier,1,2,0,14
2012,5,21,Richard Gibson at Headingley,3,3,0,14
2012,5,21,Paul Harris,8,2487,72,862
2012,5,21,Guy Walters,1,264,1,118
2012,5,21,John Crace,2,11,1,40
2012,5,21,Malalai Joya,1,260,5,68
2012,5,21,Zoë Blackler,3,86,10,50
2012,5,21,Heidi Stephens,1,15,0,9
2012,5,21,Daniel Taylor at Wembley,2,66,1,90
2012,5,21,Marina Hyde,4,143,6,161
2012,5,21,Giles Tremlett,5,460,34,366
2012,5,21,Amelia Hill,1,7,0,13
2012,5,21,Felicity Cloake,1,583,9,128
2012,5,21,Sally Higham,1,0,0,0
2012,5,21,Marishka Van Steenbergen,2,71,5,99
2012,5,21,Caroline Davies,4,379,14,156
2012,5,21,W J Weatherby,1,1,0,24
2012,5,21,Alison Rourke,1,618,47,345
2012,5,21,Matthew Knight,1,3,0,25
2012,5,21,Victoria Buxton,1,58,0,33
2012,5,21,John Lanchester,3,416,16,257
2012,5,21,Elizabeth Laird,2,62,0,34
2012,5,21,Kate Pullinger,2,62,6,138
2012,5,21,Nicky Woolf,1,29,0,14
2012,5,21,Invisible Woman,1,27,0,37
2012,5,21,Janet Foulds,1,81,5,27
2012,5,21,David Mills,1,0,0,14
2012,5,21,Paul Nettleton,1,1,0,21
2012,5,21,Justin McCurry,2,444,10,92
2012,5,21,Martin Godwin,2,63,2,66
2012,5,21,Pascal Wyse,2,28,0,41
2012,5,21,Nicky Rojas,1,25,0,35
2012,5,21,Sparclear,1,5,0,15
2012,5,21,James Derounian,1,4,0,16
2012,5,21,Ian Hembrow,1,1,0,25
2012,5,21,Thomas Hoblyn,1,3,0,22
2012,5,21,Stevie Chick,1,37,2,36
2012,5,21,Tony Myers,1,14,0,15
2012,5,21,John Baron,1,15,0,46
2012,5,21,Johnny Langenheim,1,365,7,103
2012,5,21,Hugh Williamson,1,148,3,51
2012,5,21,Anthony Hurndall,1,6,0,11
2012,5,21,Ruth Margrove,1,350,3,102
2012,5,21,Alain de Botton,1,140,6,49
2012,5,21,Kevin Rushby,2,53,4,69
2012,5,21,Abigail Williams,1,7,0,14
2012,5,21,Richard Vize,1,4,1,26
2012,5,21,Jon Dennis,2,4,0,22
2012,5,21,Ruth Jamieson,2,115,3,99
2012,5,21,Frederik Wiedemann,1,8,0,3
2012,5,21,Paul Goodman,1,1,0,8
2012,5,21,Alan Sykes,2,24,0,53
2012,5,21,Laura Barnett,2,208,2,99
2012,5,21,John Elkington for the <a href="http://www.guardian.co.uk/guardian-professional" title="Guardian Professional Network">Guardian Professional Network</a>,1,3,4,13
2012,5,21,Stephen Kelly,1,71,2,46
2012,5,21,Charlie Cunningham,1,24,3,79
2012,5,21,Jenny Ridley,1,14,0,9
2012,5,21,Anita Pati,1,41,2,47
2012,5,21,David Hytner,5,239,8,229
2012,5,21,Tom Cox,1,87,0,16
2012,5,21,Ben Kape,1,430,8,69
2012,5,21,Andy Gallagher,3,693,13,127
2012,5,21,Mustafa Khalili,1,430,8,69
2012,5,21,Lindsay Poulton,1,430,8,69
2012,5,21,Shaun Edwards,1,2,0,6
2012,5,21,Alan Armstrong,1,0,0,6
2012,5,21,Shaun Mooney,1,15,1,22
2012,5,21,Rosie Campbell,1,35,2,64
2012,5,21,Sarah Childs,1,35,2,64
2012,5,21,guardian.co.uk,2,27,2,45
2012,5,21,Peter Conrad,1,28,0,28
2012,5,21,Kim Evans,1,127,7,81
2012,5,21,Irel,5,77,4,98
2012,5,21,James Wilsdon,1,46,1,61
2012,5,21,Jack Schofield,1,13,4,89
2012,5,21,Laura Swan,1,53,2,51
2012,5,21,Jeremy Cliffe,1,80,1,10
2012,5,21,Anna Chesters,1,10,0,32
2012,5,21,Skye Sherwin,2,76,0,26
2012,5,21,Robert McCrum,2,76,3,127
2012,5,21,Graham Hayday,1,11,0,35
2012,5,21,Peter Jenkins,1,35,1,50
2012,5,21,Photographs by Euan Baxter,1,367,0,50
2012,5,21,Kate Bradbury,1,46,3,79
2012,5,21,Aaron Goddard,1,3,0,3
2012,5,21,Jonathan Wilson,1,226,8,59
2012,5,21,Syed Azmatullah for the <a href="http://www.guardian.co.uk/guardian-professional" title="Guardian Professional Network">Guardian Professional Network</a>,1,13,5,40
2012,5,21,Alexis Petridis,1,16,1,17
2012,5,21,Jody Day,1,7,0,16
2012,5,21,Leo Benedictus,2,140,7,71
2012,5,21,Fiona Dunbar,1,13,0,11
2012,5,21,Juan Gabriel Vásquez,1,85,8,24
2012,5,21,Helen Beckett,1,14,0,23
2012,5,21,Lisa Bachelor,1,6,1,40
2012,5,21,Slavenka Drakulić,1,30,0,14
2012,5,21,Tom Lutz,1,1,1,15
2012,5,21,Mark Lynas,1,129,12,94
2012,5,21,Nick Dearden,1,219,6,60
2012,5,21,Liam Kelly,3,32,0,166
2012,5,21,Amy Goodman,1,271,3,61
2012,5,21,Catherine Love,1,43,1,84
2012,5,21,Greg Smith,1,68,0,29
2012,5,21,Lalitha Vaidyanathan for the <a href="http://www.guardian.co.uk/guardian-professional" title="Guardian Professional Network">Guardian Professional Network</a>,1,10,0,28
2012,5,21,Helienne Lindvall,1,8,4,21
2012,5,21,Presented by Tom Clark,1,2,1,14
2012,5,21,produced by Phil Maynard,1,2,1,14
2012,5,21,Adrian Searle,1,74,5,55
2012,5,21,Ben Dowell,2,109,3,126
2012,5,21,Sidney Holt,1,43,2,45
2012,5,21,Siobhan Dowling,1,49,4,14
2012,5,21,Mark Swift,1,77,0,5
2012,5,21,Jean Hannah Edelstein,1,235,5,37
2012,5,21,John Hardie,1,0,0,17
2012,5,21,Luke Harding,3,290,6,124
2012,5,21,Fiachra Gibbons,1,642,7,161
2012,5,21,Brian Logan,1,71,0,34
2012,5,21,Mark Beaumont,1,10,0,15
2012,5,21,Sean O'Hagan,2,282,6,83
2012,5,21,Mary Douglas-Home,2,266,5,72
2012,5,21,Naomi Wolf,2,1950,36,195
2012,5,21,Felix von Geyer,1,189,1,111
2012,5,21,in Montreal,1,189,1,111
2012,5,21,Rob Smyth (morning,2,55,3,89
2012,5,21,afternoon session),1,20,1,49
2012,5,21,Rob Bagchi (evening session),1,20,1,49
2012,5,21,Agnès Poirier,1,303,5,58
2012,5,21,Katie Rogers,1,51,0,20
2012,5,21,Vic Marks at Lord's,4,3,2,30
2012,5,21,Chris McGreal,1,35,0,4
2012,5,21,Tom Kington,7,1102,36,329
2012,5,21,Oliver Burkeman:,1,3,1,11
2012,5,21,Richard Cromelin,1,25,0,18
2012,5,21,Isabel Choat,1,143,3,42
2012,5,21,Hannah Verdier,1,0,0,5
2012,5,21,Guy Lodge,1,9,1,10
2012,5,21,Mike Selvey at Lord's,2,7,0,13
2012,5,21,Dave Simpson,3,90,4,37
2012,5,21,Adam Sweeting,2,1039,11,163
2012,5,21,Katherine Stewart,1,827,54,131
2012,5,21,John Sentamu,1,528,6,360
2012,5,21,Mariana Mazzucato,1,34,1,37
2012,5,21,Jamie Thomson,1,1,0,14
2012,5,21,Christine Smith,1,7,0,62
2012,5,21,Dan Gillmor,1,49,22,99
2012,5,21,Mike McCahill,2,15,0,14
2012,5,21,Peter Riddell,1,5,1,28
2012,5,21,<strong>John Fordham</strong>,1,32,0,10
2012,5,21,Steve Rose,5,112,5,42
2012,5,21,Mike&nbsp;McCahill,1,4,0,14
2012,5,21,Jude Rogers,1,0,0,5
2012,5,21,Jeevan Vasagar,1,49,1,61
2012,5,21,Harry Pearson,1,35,3,15
2012,5,21,Nicholas Godden,1,16,0,29
2012,5,21,Jonathan Watts,5,110,13,258
2012,5,21,Edwin Broni-Mensah,1,0,0,0
2012,5,21,Vasileios Kospanos,1,1,2,7
2012,5,21,Jack Watling,1,264,9,87
2012,5,21,Edward Davie,1,18,2,38
2012,5,21,Derek Brown,1,6,0,13
2012,5,21,Ed Jacobs,1,1,2,19
2012,5,21,Diana Johnson,1,37,0,59
2012,5,21,Andrew Percy,1,37,0,59
2012,5,21,Gill Leng,1,3,0,24
2012,5,21,Corrinne Burns,1,733,4,74
2012,5,21,Carrie Wilson,1,61,4,43
2012,5,21,Mike Hewitson,1,27,1,16
2012,5,21,Matthew Tariq Wilkinson,1,53,1,31
2012,5,21,Duncan Jefferies,1,11,4,158
2012,5,21,Tom Midlane,1,28,1,84
2012,5,21,Bernard Porter,1,3,0,9
2012,5,21,Matthew Sweet,1,27,1,21
2012,5,21,Marika Giles Samson,1,39,0,46
2012,5,21,Patricia Williams,1,6578,70,274
2012,5,21,Wendy Lee,1,98,0,42
2012,5,21,Oliver Thring,1,567,4,73
2012,5,21,Nicholas Wroe,1,123,10,85
2012,5,21,Jessica Metcalfe,1,199,1,51
2012,5,21,Mohamed el-Erian,1,43,4,15
2012,5,21,Jess Cartner-Morley,2,32,0,44
2012,5,21,Chris Larner,1,244,0,19
2012,5,21,Dr. Nino Vidovic,3,3,4,0
2012,5,21,Dr. George Vanecek,3,3,4,0
2012,5,21,Jr,1,0,2,0
2012,5,21,Dr. Lei Wanyun,1,0,2,1
2012,5,21,Dr. John Waclawsky,2,3,2,0
2012,5,21,Zhu Bo,1,0,2,0
2012,5,21,Cheng Rentian,1,0,2,0
2012,5,21,Liu Zhonglin,1,1,0,0
2012,5,21,Fu Tao,1,1,0,0
2012,5,21,Ding Chunming,1,1,0,0
2012,5,21,Dr. Fang Binxing,1,24,3,2
2012,5,21,President of Beijing University of Posts &amp; Telecommunications,1,24,3,2
2012,5,21,David Pleat,2,29,3,60
2012,5,21,Joe Bream,1,67,0,20
2012,5,21,Marishka Van Steenbergen; stills by Tom Arber,2,73,0,28
2012,5,21,Jay Rayner,3,165,1,107
2012,5,21,Film by Joe Bream,1,6,0,8
2012,5,21,Andrew Purvis for <a href="http://www.forumforthefuture.org.uk/greenfutures/">Green Futures</a>,1,103,12,88
2012,5,21,part of the <a href="http://www.guardian.co.uk/environment/series/guardian-environment-network">Guardian Environment Network</a>,1,103,12,88
2012,5,21,Alex Hess,1,4,0,34
2012,5,21,Paul Flynn,1,104,1,24
2012,5,21,Interviews by John Ashdown,1,5,0,8
2012,5,21,Rebecca Ratcliffe,1,168,2,47
2012,5,21,Nouriel Roubini,1,100,8,56
2012,5,21,Joris Luyendijk,2,122,7,206
2012,5,21,Elizabeth Day,2,418,8,71
2012,5,21,Laura Oliver,1,3,0,2
2012,5,21,Jonny Brownlee,1,8,0,18
2012,5,21,Damyanti &amp; Bryn,2,6,0,21
2012,5,21,Iain Simons,1,20,10,33
2012,5,21,Pete Jones,1,50,2,25
2012,5,21,Caz Nicklin,1,114,2,66
2012,5,21,Nichi Hodgson,1,27,0,13
2012,5,21,Steven Bloor,2,102,1,89
2012,5,21,Lizzie Crowley,1,12,2,10
2012,5,21,Abdirahman Osman,1,19,0,29
2012,5,21,Ollie Dabbous,1,11,0,20
2012,5,21,David Smith for the <a href="http://www.guardian.co.uk/guardian-professional" title="Guardian Professional Network">Guardian Professional Network</a>,1,4,3,24
2012,5,21,David Lacey,1,46,0,28
2012,5,21,Ros Taylor,1,14,1,27
2012,5,21,John Burn-Murdoch,3,742,23,336
2012,5,21,Ian Bremmer,1,15,0,27
2012,5,21,Presented by John Plunkett,1,1,0,48
2012,5,21,produced by Peter Sale,1,1,0,48
2012,5,21,Compiled by Roger Tooth,1,0,0,7
2012,5,21,Gregg Bakowski,2,23,3,45
2012,5,21,Presented by John Mullan,1,31,2,27
2012,5,21,produced by Tim Maby,1,31,2,27
2012,5,21,Jayati Ghosh,1,41,1,18
2012,5,21,Ellie Sedgwick,1,2,0,2
2012,5,21,Rupert Sawyer,1,8,0,16
2012,5,21,Katha Pollitt,1,105,0,46
2012,5,21,Billy Mills,1,15,2,25
2012,5,21,Bob Doppelt for the <a href="http://www.guardian.co.uk/guardian-professional" title="Guardian Professional Network">Guardian Professional Network</a>,1,22,10,48
2012,5,21,Tom Grinsted,1,0,2,1
2012,5,21,John Perivolaris,1,117,8,103
2012,5,21,Bob Ward,1,15,1,65
2012,5,21,Jonathan Freedland,1,257,6,207
2012,5,21,Presented by Kieran Yates,1,36,0,15
2012,5,21,Michael Hann; produced by Pascal Wyse,1,36,0,15
2012,5,21,Claire Armitstead,1,8,0,14
2012,5,21,Steven Hope,1,34,1,65
2012,5,21,Jane Honess,1,3,4,4
2012,5,21,Dan Catt,1,3,4,4
2012,5,21,Guardian,1,160,9,220
2012,5,21,Joe Jervs,1,0,0,0
2012,5,21,Alan Blyth,1,452,9,48
2012,5,21,Matthew Yeomans for the <a href="http://www.guardian.co.uk/guardian-professional" title="Guardian Professional Network">Guardian Professional Network</a>,1,11,2,15
2012,5,21,Vicky Frost,3,130,8,58
2012,5,21,Alistair Smith,1,16,0,18
2012,5,21,Peter Beaumont,2,91,5,37
2012,5,21,Lee Congerton,1,13,0,37
2012,5,21,Tom Williams for <a href="http://www.tomwfootball.com/" title="">Football Further</a>,1,15,0,15
2012,5,21,part of the Guardian Sport Network,1,15,0,15
2012,5,21,Jon Ronson,1,128,7,107
2012,5,21,Lucy Greenwell,1,128,7,107
2012,5,21,Remy Lamont,1,128,7,107
2012,5,21,Ewan Pearson,1,372,12,101
2012,5,21,Simon Goodley,2,78,10,100
2012,5,21,Guardian Fashion,1,11,0,18
2012,5,21,SuperCellaBella,1,1,0,6
2012,5,21,Iain Chambers,1,38,2,31
2012,5,21,Robin Turner,1,38,2,31
2012,5,21,Ranjit Dhaliwal,1,38,2,31
2012,5,21,Andy Pietrasik,2,60,2,49
2012,5,21,Lisa Croasdale,1,38,2,31
2012,5,21,Miriam Elder,1,202,3,42
2012,5,21,Tom Meltzer,1,2,0,31
2012,5,21,Stylist: Priscilla Kwateng,1,3,0,10
2012,5,21,Tristram Kenton,1,2,0,18
2012,5,21,Gerry J van den Houten for SABMiller,1,4,0,5
2012,5,21,Claire Provost,1,74,2,61
2012,5,21,Photography Nicole Nodland. Styling Melanie Wilkinson,1,16,0,20
2012,5,21,Frédéric Simon for <a href="http://www.euractiv.com/en/climate-environment">EurActiv</a>,1,19,2,50
2012,5,21,Patrick Galey,1,205,0,27
2012,5,21,Martin Chulov,1,213,2,54
2012,5,21,Photographs by Gughi Fassino,1,115,3,57
2012,5,21,Tom Dyckhoff,1,159,3,28
2012,5,21,Siobhán Dowling,1,1162,16,132
2012,5,21,George Hall,2,119,0,38
2012,5,21,James Riach,1,3,2,18
2012,5,21,Melody Hossaini,1,0,0,0
2012,5,21,James Callow,1,3,4,11
2012,5,21,Jenny Purt,1,8,1,30
2012,5,21,Keeanga-Yamahtta Taylor,1,276,1,31
2012,5,21,Harry Green,1,8,2,43
2012,5,21,Philip Marsden,1,12,0,11
2012,5,21,Ian Bostridge,1,187,5,22
2012,5,21,Tom Shone,1,44,1,33
2012,5,21,Godfrey Mapondera,1,406,12,81
2012,5,21,evening sessions),2,36,2,47
2012,5,21,John Ashdown (afternoon session),1,35,2,40
2012,5,21,Erwin James,1,16,0,25
2012,5,21,Juli Zeh,1,147,14,94
2012,5,21,Patrick Collinson,5,308,8,182
2012,5,21,Andrew Collins,1,0,0,11
2012,5,21,Giles Fraser,1,30,0,25
2012,5,21,at RNAS Culdrose,1,13,0,24
2012,5,21,Deborah Orr,3,109,7,76
2012,5,21,Martin Rowson,1,13,0,30
2012,5,21,Interview by Amelia Hill,1,250,3,101
2012,5,21,Barbara Ehrenreich for <a href="http://www.tomdispatch.com/archive/175543/">TomDispatch</a>,1,784,19,125
2012,5,21,part of the <a href="http://www.guardian.co.uk/commentisfree/series/guardian-comment-network">Guardian Comment Network</a>,1,784,19,125
2012,5,21,Richard Williams at RNAS Culdrose,1,101,5,51
2012,5,21,Derek Niemann,1,2,0,17
2012,5,21,Lionel Shriver,1,94,1,157
2012,5,21,Heidi Moore,1,48,6,161
2012,5,21,Alan Pickup,1,2,4,14
2012,5,21,Mark Weisbrot,1,177,21,54
2012,5,21,Laura Wilson,1,6,0,17
2012,5,21,Ali Ray,2,27,0,46
2012,5,21,Tony Naylor,1,9,0,4
2012,5,21,Emma Kennedy,1,29,3,36
2012,5,21,Ben Wilkinson,1,12,3,14
2012,5,21,John Mullan,4,3301,30,265
2012,5,21,Rachel Dixon,1,93,0,19
2012,5,21,Gemma Bowes,1,51,2,27
2012,5,21,Brent Hoberman,1,12,4,86
2012,5,21,Jeanette Winterson,1,303,3,115
2012,5,21,Leo Robson,1,3,0,3
2012,5,21,Kathryn Hughes,1,95,1,45
2012,5,21,Michael Newton,1,27,0,33
2012,5,21,Steven Poole,1,0,1,11
2012,5,21,PD Smith,1,12,0,15
2012,5,21,Samanth Subramanian,1,67,2,17
2012,5,21,Alexandra Harris,1,7,0,5
2012,5,21,Shena Mackay,1,9,0,4
2012,5,21,John Burnside,1,22,0,8
2012,5,21,Sue Arnold,1,1,0,17
2012,5,21,Lucy Ellmann,1,4,0,5
2012,5,21,Tim Radford,1,0,1,18
2012,5,21,Eamon Duffy,1,5,3,5
2012,5,21,Michael Wood,1,19,2,18
2012,5,21,Alberto Manguel,1,27,7,12
2012,5,21,Liz Calder,1,27,7,12
2012,5,21,Sally Hamilton,1,73,5,70
2012,5,21,Miles Brignall,4,27,0,57
2012,5,21,Alice Hart,1,95,1,28
2012,5,21,Rosanna Greenstreet,1,33,3,11
2012,5,21,Alys Fowler,2,13,0,9
2012,5,21,Thomas Eaton,1,0,0,1
2012,5,21,Yotam Ottolenghi,1,53,0,2
2012,5,21,Dan Lepard,1,18,0,12
2012,5,21,Dionne Warwick,1,38,0,10
2012,5,21,George Michelson Foy,1,242,20,44
2012,5,21,Interview by Becky Barnicoat. Portrait by<a href="http://emilystein.co.uk/" title=""> Emily Stein</a>,1,15,0,10
2012,5,21,Sali Hughes,1,31,0,21
2012,5,21,Fiona Beckett,1,27,0,15
2012,5,21,Anonymous,1,13,0,6
2012,5,21,Naomi Slade,1,50,1,15
2012,5,21,Hugh Fearnley-Whittingstall,1,95,3,26
2012,5,21,As told to Mark King,1,20,2,11
2012,5,21,Photograph by <a href="http://www.aarontilley.com/">Aaron Tilley</a>. Styling by <a href="http://www.finolainger.com/">Finola Inger</a>,1,43,0,27
2012,5,21,Jeremy Bullmore,1,2,0,0
2012,5,21,Ian Jack,1,91,0,55
2012,5,21,Leonard Barden,1,0,0,5
2012,5,21,Conal Urquhart,4,291,15,355
2012,5,21,guardiannews.com,1,95,3,57
2012,5,21,Sian Rowe,1,34,1,21
2012,5,21,David Whitehouse,1,22,1,9
2012,5,21,Francesca Babb,1,502,9,83
2012,5,21,John Patterson,1,4,0,4
2012,5,21,Nikki Spencer,1,7,0,6
2012,5,21,Charlie Condou,1,0,0,0
2012,5,21,Steven Appleby,1,37,0,1
2012,5,21,Robert Clark &amp; Skye Sherwin,1,37,0,37
2012,5,21,Stuart Goodwin,1,1,0,2
2012,5,21,John Fordham &amp; John Robinson,1,45,0,6
2012,5,21,Josie Long,1,0,0,0
2012,5,21,Mark Cook,1,15,0,23
2012,5,21,Lyn Gardner &amp; Judith Mackrell,1,15,0,23
2012,5,21,Nick Gillett,1,2,0,60
2012,5,21,The Guide,2,0,0,4
2012,5,21,Sam Richards,1,1,0,4
2012,5,21,Jon &amp; Mick/moderntoss.com,1,6,0,4
2012,5,21,Chris Baines,1,25,4,29
2012,5,21,Johnny Dee,1,8,0,2
2012,5,21,James Kettle,1,0,0,3
2012,5,21,Annalisa Barbieri,2,4,0,8
2012,5,21,Patric Baird,1,20,0,4
2012,5,21,John Mitchell,1,20,0,4
2012,5,21,Sam Richards &amp; Marc Rowlands,1,20,0,4
2012,5,21,Sophie Wilkinson,1,13,0,4
2012,5,21,Iain Aitch,1,1,0,21
2012,5,21,Colette Bernhardt,1,1,0,21
2012,5,21,Stuart Goodwin &amp; Skye Sherwin,1,1,0,21
2012,5,21,Issy Sampson,1,33,0,26
2012,5,21,Robert Clark,1,76,0,12
2012,5,21,Peter Serafinowicz,1,65,8,54
2012,5,21,Tim Lott,1,1,0,0
2012,5,21,Sarah Franklin,1,35,8,50
2012,5,21,Britt Collins,1,27,1,36
2012,5,21,Lois Jeary,1,57,4,19
2012,5,21,John Ezard,1,2,0,5
2012,5,21,Bridget Nicholls,1,39,0,42
2012,5,21,David Lindo,1,8,0,35
2012,5,21,Nicola Jennings,1,0,0,0
2012,5,21,Joe Berger,1,3,0,6
2012,5,21,James Kingsland,1,445,23,71
2012,5,21,The Secret Teacher,1,6006,56,342
2012,5,21,Miranda Threlfall-Holmes,1,37,4,28
2012,5,21,Trishit,1,1,0,9
2012,5,21,Stefan Szymanski,1,6,0,33
2012,5,21,David Batty,3,373,16,335
2012,5,21,Bridget Escolme,1,26,2,39
2012,5,21,Ed Douglas,1,66,1,48
2012,5,21,Christopher Stevens,1,5,2,31
2012,5,21,Jon Butterworth,1,60,11,32
2012,5,21,Mike Daisey,1,132,15,135
2012,5,21,Lawrence Donegan,1,3,0,16
2012,5,21,Matt Williams,6,644,13,265
2012,5,21,Tracy McVeigh,3,545,13,208
2012,5,21,Paul Wilson at Wembley,2,106,0,32
2012,5,21,Kevin McCarra at Hampden Park,2,32,2,10
2012,5,21,Greg Wood at Newbury,1,18,0,9
2012,5,21,Tom Lamont,1,61,6,141
2012,5,21,Alex Preston,1,61,6,141
2012,5,21,Rory Carroll,1,15,3,118
2012,5,21,Tom Bryant (morning,1,4,2,32
2012,5,21,afternoon sessions),1,4,2,32
2012,5,21,Rob Smyth (evening session),1,4,2,32
2012,5,21,Tom Jenkins,2,102,2,121
2012,5,21,Gary Payne,1,7,1,15
2012,5,21,Observer Sport staff,1,4,0,17
2012,5,21,Eddie Butler at Twickenham,1,15,1,6
2012,5,21,David Hytner at Wembley,1,1,0,11
2012,5,21,Barney Ronay at Lord's,1,1,0,4
2012,5,21,Paul Rees at Twickenham,2,9,1,10
2012,5,21,Richard Dawkins,1,2224,80,324
2012,5,21,Robin McKie,1,531,34,197
2012,5,21,Daniel Taylor at the Allianz Arena,2,808,24,109
2012,5,21,Toby Helm,3,273,15,322
2012,5,21,Hannah Booth,1,67,8,65
2012,5,21,Margaret Dibben,3,2,0,33
2012,5,21,Joanne O'Connell,1,27,2,65
2012,5,21,Jason Solomons,4,11,4,33
2012,5,21,Gemma Kappala-Ramsamy,2,33,0,32
2012,5,21,Philip French,9,51,4,57
2012,5,21,Daniel Boffey,3,382,8,269
2012,5,21,Peter Dunn,1,8,0,21
2012,5,21,David Mitchell,1,588,18,189
2012,5,21,Interview by Tom Templeton,1,108,7,70
2012,5,21,James Silver,2,43,11,100
2012,5,21,Matt Kamen,1,0,1,11
2012,5,21,Kitty Empire,3,13,0,33
2012,5,21,Carole Cadwalladr,1,14,0,5
2012,5,21,Miranda Sawyer,2,43,0,47
2012,5,21,Laura Cumming,2,78,5,85
2012,5,21,Kate Kellaway,2,39,5,10
2012,5,21,Rowan Moore,2,72,1,59
2012,5,21,John Hind,2,10,1,19
2012,5,21,Neil Spencer,1,9,0,3
2012,5,21,Paul Mardles,1,57,0,2
2012,5,21,Serge Pennings,2,3,1,18
2012,5,21,Mark Kermode,1,1,0,3
2012,5,21,Luke Jennings,1,6,0,3
2012,5,21,Andrew Rawnsley,1,220,6,97
2012,5,21,Jeremy Lee,1,3,1,3
2012,5,21,Sat Bains,1,3,1,3
2012,5,21,Chris Riddell,1,10,0,38
2012,5,21,William Skidelsky,1,2,0,28
2012,5,21,Tim Adams,1,517,5,59
2012,5,21,Ian Thomson,1,19,0,9
2012,5,21,Victoria Coren,1,149,3,63
2012,5,21,Jared Brown,1,60,4,12
2012,5,21,David Williams,2,34,2,17
2012,5,21,Marcus Wareing,1,19,0,4
2012,5,21,Clare Smyth,1,19,0,4
2012,5,21,Nigel Slater,3,47,2,38
2012,5,21,Rachel Cooke,4,209,14,156
2012,5,21,James Bridle,1,25,0,14
2012,5,21,Anthony Sattin,1,14,3,5
2012,5,21,Abi Morgan,1,12,0,20
2012,5,21,Euan Ferguson,1,51,3,8
2012,5,21,Hermione Hoby,1,6,0,2
2012,5,21,Ally Carnwath,1,0,0,1
2012,5,21,Dave Gelly,1,9,0,2
2012,5,21,Megan Conner,1,0,0,8
2012,5,21,Will Freeman,1,0,0,14
2012,5,21,Clare Brennan,1,0,0,9
2012,5,21,Nicholas Kenyon,1,15,0,3
2012,5,21,Peter Lampl,1,36,8,63
2012,5,21,Nick Cohen,1,510,17,125
2012,5,21,Nicci Gerrard,1,34,0,7
2012,5,21,Kevin McKenna,1,10,0,19
2012,5,21,John Naughton,2,179,29,505
2012,5,21,Giulio Frigieri,1,0,0,21
2012,5,21,Jonathan Margolis,2,78,3,90
2012,5,21,Debbie Lawson,1,0,0,21
2012,5,21,Ashley Palmer-Watts,1,4,0,17
2012,5,21,Eva Wiseman,2,228,10,94
2012,5,21,Alice Fisher,2,17,4,21
2012,5,21,Simon Hopkinson,1,6,0,6
2012,5,21,Philip Womack,1,3,1,3
2012,5,21,James Purdon,1,1,0,6
2012,5,21,Martin Love,1,1,0,11
2012,5,21,Lauren Laverne,1,32,1,42
2012,5,21,Candice Pires,1,31,0,11
2012,5,21,Mariella Frostrup,1,2,0,3
2012,5,21,Alex Clark,1,7,3,5
2012,5,21,Shahesta Shaitly,3,85,2,73
2012,5,21,Katharine Whitehorn,1,3,0,5
2012,5,21,Lucy Siegle,1,24,4,49
2012,5,21,Phil Hogan,1,0,0,4
2012,5,21,Observer,1,2,0,13
2012,5,21,William Keegan,1,7,0,8
2012,5,21,Dr Gerry Mander,1,2,0,2
2012,5,21,Susannah Clapp,1,2,0,10
2012,5,21,Peter Preston,3,11,0,33
2012,5,21,Barbara Ellen,1,61,0,68
2012,5,21,Maeve McClenaghan,1,91,5,53
2012,5,21,Fiona Maddocks,3,13,0,15
2012,5,21,Catherine Bennett,1,6,1,39
2012,5,21,Yvonne Roberts,1,343,1,80
2012,5,21,Henry Porter,1,2903,33,173
2012,5,21,Vanessa Thorpe,1,121,1,30
2012,5,21,arts,1,121,1,30
2012,5,21,Ed Vulliamy,1,8,1,43
2012,5,21,Jonathan Wilson at the Allianz Arena,1,22,4,35
2012,5,21,By Jonathan Watts,1,50,5,81
2012,5,21,Matt Harvey,1,203,2,38
2012,5,21,Wendy Berliner,1,5,0,25
2012,5,21,Tara,1,2,0,8
2012,5,21,Keeley,1,2,0,8
2012,5,21,Ian Paulsen,1,3,4,16
2012,5,21,Emilia-Romagna,1,151,2,42
2012,5,21,Sarwar Kashmeri,1,5,0,21
2012,5,21,Chris Stephen,3,156,9,216
2012,5,21,Bernard Harcourt,1,1405,40,275
2012,5,21,produced by Matt Hill,1,18,2,43
2012,5,21,Neil Clark,1,310,6,74
2012,5,21,Paul Haigh,1,0,0,4
2012,5,21,Singapore,1,0,0,4
2012,5,21,Ala'a Shehabi,1,68,5,51
2012,5,21,Pat McFadden,1,15,2,55
2012,5,21,Russell Kempson at Wembley,1,48,0,13
2012,5,21,Virginia Lopez,1,232,8,34
2012,5,21,Aminatta Forna,1,23,1,66
2012,5,21,Maura Johnston,1,4,0,15
2012,5,21,Oliver Miles,1,4,0,31
2012,5,21,Tom Lutz (morning session),1,1,0,7
2012,5,21,Rob Smyth (afternoon,1,1,0,7
2012,5,21,Ben Jennings,1,26,1,23
2012,5,21,Paul Seabright,1,38,3,36
2012,5,21,Patrick Butler,2,195,7,186
2012,5,21,Charlie Brooker,1,1115,89,300
2012,5,21,Charles Ferguson,1,1312,82,356
2012,5,21,Guy Browning,1,113,7,31
2012,5,21,Clare Considine,1,1,0,11
2012,5,21,Wadah Khanfar,1,62,3,43
2012,5,21,Pamela Stephenson Connolly,1,30,5,7
2012,5,21,Luisa Dillner,1,33,0,30
2012,5,21,Tony Greenbank,1,5,0,29
2012,5,21,Anna Kessel,1,48,4,29
2012,5,21,Hugh Muir,1,71,2,31
2012,5,21,Robert Kitson at Twickenham,1,3,0,4
2012,5,21,Thomas Coward,1,0,0,9
2012,5,21,Kate Ravilious,1,29,0,27
2012,5,21,Stuart James at Wembley,2,42,1,27
2012,5,21,Martin Kelner,1,11,0,28
2012,5,21,Daniel Taylor at Allianz Arena,1,106,8,165
2012,5,21,Hélène Mulholland,1,70,3,186
2012,5,21,Helen Moss,1,12,1,13
2012,5,21,Presented by Alok Jha,1,15,3,63
2012,5,21,with Ian Sample,1,15,3,63
2012,5,21,Bob Stanley,1,298,6,217
