year,month,week,name,articles,facebook,googleplus,twitter
2011,12,50,Helen Clifton,11,286,4,46
2011,12,50,Paul Lewis,20,7138,34,1604
2011,12,50,Tim Newburn,11,2951,15,698
2011,12,50,Matthew Taylor,9,3241,19,826
2011,12,50,James Ball,11,3344,28,1505
2011,12,50,Helen Carter,19,185,2,130
2011,12,50,Andrew Sparrow,7,176,0,391
2011,12,50,Jessica Shepherd,1,567,4,279
2011,12,50,Presented by Alok Jha,1,13,1,47
2011,12,50,produced by Jason Phipps,2,52,1,67
2011,12,50,with Robin McKie,1,13,1,47
2011,12,50,Duncan Clark,4,80,9,255
2011,12,50,Roy Greenslade,31,533,20,1174
2011,12,50,Gary Younge,4,2971,30,285
2011,12,50,Sam Jones,3,201,0,138
2011,12,50,Raekha Prasad,10,1016,18,255
2011,12,50,Associated Press,50,9877,105,2046
2011,12,50,Paolo Bandini,6,94,3,89
2011,12,50,Nancy Groves,2,7,1,9
2011,12,50,Lawrence Donegan,9,50,0,128
2011,12,50,Reuters,47,6419,47,1452
2011,12,50,Matthew Wright,1,341,2,52
2011,12,50,Lisa Henshaw,1,13,1,16
2011,12,50,Simon Rogers,12,2185,63,1439
2011,12,50,Claire Provost,1,210,1,29
2011,12,50,Sara Afshar,2,1987,6,106
2011,12,50,Christian Bennett,2,1987,6,106
2011,12,50,Luisa Miller,7,2191,7,252
2011,12,50,Sarah O'Connell,6,2123,7,209
2011,12,50,Cameron Robertson,8,2214,7,263
2011,12,50,Elliot Smith,7,4679,10,331
2011,12,50,Sarah Hartley,1,1,0,13
2011,12,50,Keith Stuart,14,1088,26,1122
2011,12,50,Mark Sweney,22,914,14,929
2011,12,50,John Vidal,25,4709,58,2227
2011,12,50,Stuart Dredge,10,208,17,733
2011,12,50,GrrlScientist,20,197,24,314
2011,12,50,Tracey Caldwell,3,24,1,30
2011,12,50,Kevin Hayes,1,30,0,27
2011,12,50,Jonathan Jones,15,2289,21,438
2011,12,50,Kenny Pieper,1,62,4,70
2011,12,50,Nick Fletcher,20,97,0,184
2011,12,50,Nick Cowen,2,115,2,172
2011,12,50,Alan Gardner,1,18,2,22
2011,12,50,Gregg Roughley,2,25,2,26
2011,12,50,Penny Woods,1,18,2,22
2011,12,50,Daniel Taylor at the Etihad Stadium,2,26,0,32
2011,12,50,Martha Lane Fox,1,19,0,30
2011,12,50,Duncan Jefferies,1,7,1,10
2011,12,50,Justin McCurry,4,4629,54,789
2011,12,50,Tom Lutz,3,128,0,83
2011,12,50,Jessica Reed,2,249,3,92
2011,12,50,Andy Gallagher,4,362,1,88
2011,12,50,Richard Sprenger,4,395,0,113
2011,12,50,Anthony Watt,1,17,0,12
2011,12,50,Kevin Duffy,1,97,0,38
2011,12,50,agencies,29,7004,71,1841
2011,12,50,Jason Burke,6,587,15,355
2011,12,50,Fiona Harvey,21,4568,70,2142
2011,12,50,Debbie Andalo,3,72,0,112
2011,12,50,Press Association,106,2716,17,1990
2011,12,50,Jeevan Vasagar,8,539,6,468
2011,12,50,Maggy Woodley,3,67,4,76
2011,12,50,Allegra McEvedy,2,225,1,18
2011,12,50,Alex Healey,2,140,0,31
2011,12,50,Fergus Lyon,1,4,4,11
2011,12,50,Bella Mackie,5,0,0,6
2011,12,50,Allan Jenkins,2,11,0,25
2011,12,50,Shauneen Lambe,1,308,4,28
2011,12,50,Mark Say,6,14,0,51
2011,12,50,Miriam Elder,14,5543,106,1698
2011,12,50,Frédéric Filloux,1,25,6,149
2011,12,50,Caroline Lucas,1,61,1,30
2011,12,50,Randeep Ramesh,9,8342,61,1708
2011,12,50,James Robinson,10,67,7,245
2011,12,50,Lisa O'Carroll,21,698,19,837
2011,12,50,Hélène Mulholland,8,306,1,230
2011,12,50,Carol Rumens,1,29,0,14
2011,12,50,Sean Michaels,7,1304,9,328
2011,12,50,Martin Wainwright,17,1830,26,482
2011,12,50,Andrew Brown,2,203,2,38
2011,12,50,Anna Tims,3,31,0,77
2011,12,50,Michael White,10,744,5,261
2011,12,50,Shana Pezaro,1,637,1,39
2011,12,50,Hélène Mulholl,2,153,1,86
2011,12,50,,5,793,5,302
2011,12,50,Michael Cragg,6,195,0,50
2011,12,50,Gines Haro Pastor,5,16,0,36
2011,12,50,Larry Elliott,11,445,8,174
2011,12,50,Issandr El Amrani for <a href="http://www.arabist.net/" title="The Arabist">the Arabist</a>,1,70,0,21
2011,12,50,part of the <a href="http://www.guardian.co.uk/commentisfree/series/guardian-comment-network" title="Guardian Comment Network">Guardian Comment Network</a>,2,168,2,47
2011,12,50,Michael Cox,1,22,1,65
2011,12,50,Word of Mouth,4,497,4,102
2011,12,50,John Plunkett,12,1480,8,478
2011,12,50,Gill Hitchcock,9,42,0,62
2011,12,50,Severin Carrell,12,1117,8,400
2011,12,50,Scotl,9,1067,4,332
2011,12,50,Nils Pratley,8,594,7,272
2011,12,50,Kate Hodge,6,13,0,36
2011,12,50,Desmond Tutu,1,477,1,105
2011,12,50,Mary Robinson,1,477,1,105
2011,12,50,Jill Treanor,10,532,10,231
2011,12,50,Hugh Stephenson,1,0,0,0
2011,12,50,Chris Fenn,1,120,2,40
2011,12,50,Paul Owen,3,140,4,73
2011,12,50,Alison Flood,13,6631,86,1271
2011,12,50,Agencies,19,356,4,203
2011,12,50,Raphael Honigstein,1,10,0,10
2011,12,50,Charles Arthur,17,812,39,1626
2011,12,50,Alan Connor,2,30,0,13
2011,12,50,Clare Horton,6,134,0,101
2011,12,50,David Cox,1,64,0,40
2011,12,50,Corrections,6,1,0,6
2011,12,50,Chris Cook,9,4,0,44
2011,12,50,Sue Summers,1,0,0,6
2011,12,50,Linda Ebbutt,1,44,2,14
2011,12,50,DHL Envirosolutions,1,1,0,1
2011,12,50,Guardian Government Computing,3,2,1,10
2011,12,50,Sam Jordison,4,108,2,68
2011,12,50,Judy Friedberg,4,54,0,81
2011,12,50,Matt Andrews,2,290,3,74
2011,12,50,Joris Luyendijk,2,50,0,58
2011,12,50,David Mills,4,7,0,123
2011,12,50,Rob Edwards,1,255,2,66
2011,12,50,Aparna Alluri,1,266,0,14
2011,12,50,Julian Borger,3,366,10,161
2011,12,50,Polly Curtis,3,119,2,205
2011,12,50,Eliza Anyangwe,6,36,0,124
2011,12,50,Henry McDonald,9,151,2,120
2011,12,50,Karl Davis,1,314,0,64
2011,12,50,Julia Eccleshare,1,6,0,16
2011,12,50,Dave Hill,8,183,4,130
2011,12,50,Guardian readers,4,191,2,51
2011,12,50,Michael Billington,7,345,0,88
2011,12,50,Claire Armitstead,2,79,1,63
2011,12,50,Jillian C York,1,812,34,236
2011,12,50,Richard Lea,1,26,0,46
2011,12,50,Hanna Gersmann,1,43,0,37
2011,12,50,Katy Murrells,3,79,0,30
2011,12,50,Dan Sabbagh,9,350,4,442
2011,12,50,Frank Ledwidge,1,33,0,11
2011,12,50,Ian Sample,5,2568,84,413
2011,12,50,Richard Nelsson,1,0,0,1
2011,12,50,Chris Taylor,1,2,0,6
2011,12,50,Ben Child,10,651,14,214
2011,12,50,Jessica Martin,1,22,0,17
2011,12,50,Anna Chesters,1,6,0,19
2011,12,50,Josh Halliday,23,1378,34,1871
2011,12,50,Ian Black,4,432,14,192
2011,12,50,Charlotte Richardson Andrews,1,74,2,49
2011,12,50,Lottie Longshanks,1,2,0,5
2011,12,50,Katinka Barysch,1,20,1,9
2011,12,50,Paul Hohnen for the <a href="http://www.guardian.co.uk/guardian-professional" title="Guardian Professional Network">Guardian Professional Network</a>,1,18,0,28
2011,12,50,Tim Dowling,4,6438,50,580
2011,12,50,Sid Lowe,5,863,6,196
2011,12,50,Rebecca Lowe for the <a href="http://www.ibanet.org/" title="">International Bar Association</a>,1,35,1,8
2011,12,50,part of the <a href="http://www.guardian.co.uk/legalnetwork" title="">Guardian Legal Network</a>,1,35,1,8
2011,12,50,Matt Trueman,5,511,1,95
2011,12,50,Gavin McOwan,1,35,0,33
2011,12,50,Steve Busfield,4,143,0,56
2011,12,50,Patrick Butler,4,774,2,205
2011,12,50,David Smith,7,714,6,191
2011,12,50,Alex Hawkes,3,142,2,194
2011,12,50,David Hearst,2,128,1,41
2011,12,50,Monkey,13,365,1,318
2011,12,50,Adam Boult,4,97,0,35
2011,12,50,Henry Barnes,7,316,4,114
2011,12,50,Richard Norton-Taylor,2,20,2,21
2011,12,50,Rob Evans,6,94,2,152
2011,12,50,Shiv Malik,11,6916,59,1201
2011,12,50,Haroon Siddique,4,220,2,461
2011,12,50,Tom Service,1,6,0,6
2011,12,50,Yemisi Adegoke,8,393,7,222
2011,12,50,Alberto Nardelli,1,27,1,12
2011,12,50,Simon Burnton,6,188,3,185
2011,12,50,Owen Bowcott,4,375,2,160
2011,12,50,Maya Wolfe-Robinson,1,209,0,6
2011,12,50,Clive Hamilton,1,110,0,45
2011,12,50,Ewan Murray,9,163,1,103
2011,12,50,Marc Abrahams,1,19,3,22
2011,12,50,Nik Miller,1,0,0,16
2011,12,50,Ian Vince,1,271,1,28
2011,12,50,Lalit Mohan Joshi,1,77,1,14
2011,12,50,Rian Evans,2,1,0,16
2011,12,50,Guardian Film,1,44,0,25
2011,12,50,Harriet Sherwood,3,988,7,161
2011,12,50,Jim Powell; portraits by Nick Danziger,1,120,3,50
2011,12,50,landscape photographs by agencies,1,120,3,50
2011,12,50,Paul Lester,8,1152,2,217
2011,12,50,Alexandra Topping,6,353,3,130
2011,12,50,Fiona Bawdon,3,100,1,67
2011,12,50,Justin McGuirk,1,89,6,121
2011,12,50,Mark Brown,5,174,1,223
2011,12,50,Presented by James Richardson,2,42,0,41
2011,12,50,Produced by Iain Chambers,1,13,0,24
2011,12,50,Dean Baker,1,45,5,12
2011,12,50,Esther Addley,4,379,3,144
2011,12,50,Ben Tuxworth for the <a href="http://www.guardian.co.uk/guardian-professional" title="">Guardian Professional Network</a>,1,8,2,19
2011,12,50,Liz Ford,1,97,0,12
2011,12,50,Ian Traynor,13,4768,55,1173
2011,12,50,Emine Saner,2,509,2,109
2011,12,50,Sarah Boseley,5,1690,17,377
2011,12,50,Julia Layton,1,0,0,17
2011,12,50,Geoff Tate,1,0,0,17
2011,12,50,Bob Cant,1,3,1,22
2011,12,50,Mike Averis,3,15,0,9
2011,12,50,David Lloyd Owen for the <a href="http://www.guardian.co.uk/guardian-professional" title="Guardian Professional Network">Guardian Professional Network</a>,1,4,0,31
2011,12,50,Veronica Horwell,1,45,0,19
2011,12,50,Damian Carrington,6,1756,30,771
2011,12,50,Pam Tatlow,1,5,0,27
2011,12,50,Jason Stearns,1,194,1,21
2011,12,50,Laura Oliver,1,15,1,30
2011,12,50,James Meikle,5,135,3,120
2011,12,50,Steven Morris,8,228,4,142
2011,12,50,agency,1,3,0,9
2011,12,50,Jason Farago,2,110,3,76
2011,12,50,Dave O'Brien,1,27,0,56
2011,12,50,Ed Pilkington,3,7867,27,534
2011,12,50,Dave Simpson,3,39,0,21
2011,12,50,Kate Molleson,2,0,0,8
2011,12,50,Stephen Bates,3,58,2,15
2011,12,50,Lyn Gardner,7,326,2,69
2011,12,50,Martin Kettle,3,166,1,71
2011,12,50,Mary O'Hara,1,172,1,80
2011,12,50,Ben Ferguson,6,178,1,68
2011,12,50,Tony Russell,1,453,0,22
2011,12,50,Billy Wibisono,1,11,0,19
2011,12,50,Kevin Mitchell,12,307,1,58
2011,12,50,Karen McVeigh,5,1935,25,447
2011,12,50,Louise Tickle,2,37,0,85
2011,12,50,Nirpal Dhaliwal,1,17,0,9
2011,12,50,Peter Scott,1,48,0,63
2011,12,50,Catherine Johnson,1,131,0,59
2011,12,50,Ana Marie Cox,7,245,4,149
2011,12,50,Janet Murray,1,14,0,26
2011,12,50,Yevgenia Albats,1,197,6,61
2011,12,50,Aditya Chakrabortty,1,253,5,82
2011,12,50,John Harris,2,249,1,70
2011,12,50,Fran Abrams,1,52,0,53
2011,12,50,Mark Lawson,3,84,0,71
2011,12,50,Elisabeth Mahoney,6,47,1,85
2011,12,50,Homa Khaleeli,3,1718,8,194
2011,12,50,Sarah Hughes,1,24,1,17
2011,12,50,Valerie Hannah,1,18,0,19
2011,12,50,Simon Bowers,6,157,0,107
2011,12,50,Adrian Searle,2,358,1,45
2011,12,50,Irel,5,46,0,55
2011,12,50,Luisa Dillner,1,15,0,8
2011,12,50,Gabriel Weston,1,35,0,17
2011,12,50,Lesley Riddoch,1,184,0,32
2011,12,50,Rupert Neate,3,431,2,269
2011,12,50,Editorial,19,1312,10,466
2011,12,50,George Monbiot,1,823,27,644
2011,12,50,Alok Jha,3,1476,51,644
2011,12,50,Nicholas Watt,17,4409,51,1345
2011,12,50,Simon Hoggart,5,25,0,51
2011,12,50,Rowan Williams,1,339,1,103
2011,12,50,Laura Barnett,2,715,6,112
2011,12,50,Ed Douglas,1,6,0,28
2011,12,50,Kevin McCarra,2,13,0,90
2011,12,50,Kim Willsher,2,596,9,140
2011,12,50,David Gow,11,2472,27,650
2011,12,50,Ben Quinn,3,5582,51,478
2011,12,50,John Crace,1,312,2,68
2011,12,50,Steve Bell,8,476,9,117
2011,12,50,John Kampfner,1,38,0,25
2011,12,50,Ronan Bennett,1,4,0,1
2011,12,50,Daniel King,1,4,0,1
2011,12,50,Patrick Wintour,15,2989,17,935
2011,12,50,Interview by Laura Barnett,2,82,0,46
2011,12,50,Charlotte Higgins,7,1716,7,248
2011,12,50,chief arts writer,2,1339,5,131
2011,12,50,Richard Adams,6,195,4,170
2011,12,50,Chris McGreal,9,1486,17,345
2011,12,50,Jonathan Wright,3,53,0,18
2011,12,50,Andrew Mueller,4,15,0,24
2011,12,50,Ben Arnold,2,7,0,15
2011,12,50,Rebecca Nicholson,3,53,0,21
2011,12,50,Martin Skegg,3,15,0,19
2011,12,50,Phelim O'Neill,7,385,5,79
2011,12,50,Kevin McCarra at Craven Cottage,2,463,0,82
2011,12,50,Dominic Fifield,6,286,0,163
2011,12,50,Sam Wollaston,6,125,2,94
2011,12,50,Julian Mayes <em>MeteoGroup</em>,1,1,0,30
2011,12,50,David Hytner,6,671,6,217
2011,12,50,Hugh Muir,7,1250,14,466
2011,12,50,Lucy Mangan,4,23,0,46
2011,12,50,Matt Scott,8,476,2,257
2011,12,50,Jason N Parkinson,1,1507,6,84
2011,12,50,Donald McRae,1,119,0,36
2011,12,50,Richard Williams,6,326,0,215
2011,12,50,Daniel Taylor,12,1445,5,908
2011,12,50,Patrick Barkham,1,64,0,55
2011,12,50,Rob Bagchi,6,215,4,147
2011,12,50,Joshua Rozenberg,2,36,0,34
2011,12,50,Allegra Stratton,7,538,13,372
2011,12,50,Rajeev Syal,5,3017,14,683
2011,12,50,Tom Kington,2,904,12,206
2011,12,50,Richard Williams at Craven Cottage,1,56,0,29
2011,12,50,Greg Wood,4,20,0,53
2011,12,50,Maev Kennedy,3,691,5,150
2011,12,50,Owen Gibson,9,99,0,121
2011,12,50,Matthew Caines,3,49,1,96
2011,12,50,Staff,13,1982,17,555
2011,12,50,Lindsay Poulton,1,122,0,24
2011,12,50,Michael Tait,1,122,0,24
2011,12,50,Simon Salem,1,3,0,12
2011,12,50,Gavin O'Toole,2,72,0,63
2011,12,50,Ben Kape,5,241,1,117
2011,12,50,Paul MacInnes,2,135,3,50
2011,12,50,Mohammad Al-Ubaydli,1,30,0,43
2011,12,50,Jon Boone,3,465,7,135
2011,12,50,Leo Hickman,3,3643,44,1030
2011,12,50,ilovepercyjacksonbooks,1,14,0,1
2011,12,50,Nicholas Lezard,1,15,1,25
2011,12,50,Fazel Hawramy,1,196,1,85
2011,12,50,Евгения Албац,1,57,1,66
2011,12,50,Hannah Bullivant,1,321,2,73
2011,12,50,Ravi Govindia,1,0,0,6
2011,12,50,John Tizard,1,0,0,3
2011,12,50,John Ashdown,4,56,0,59
2011,12,50,Rebecca Smithers,3,65,0,36
2011,12,50,Jonathan Crowther,1,0,0,6
2011,12,50,Emma Sturgess,1,57,0,25
2011,12,50,سيد لوي,1,22,0,11
2011,12,50,Samantha Callan,1,47,2,29
2011,12,50,Mike Gershon,1,39,0,10
2011,12,50,Hari,2,12,0,74
2011,12,50,Jake,2,12,0,74
2011,12,50,Paul Fairhurst,1,0,0,3
2011,12,50,Hannah Booth,1,110,0,53
2011,12,50,James Walsh,1,72,3,29
2011,12,50,Arun Marsh,3,29,0,17
2011,12,50,Mark King,6,219,2,150
2011,12,50,Jamie Jackson,7,1025,4,207
2011,12,50,Nosheen Iqbal,1,546,2,51
2011,12,50,Gwyn Topham,4,43,0,64
2011,12,50,Jonathan Watts,3,599,15,252
2011,12,50,Dan Hancox,1,155,0,69
2011,12,50,Peter Walker,2,123,0,19
2011,12,50,Tony Paley,6,23,0,40
2011,12,50,Prem Sikka,1,36,0,62
2011,12,50,Gary Naylor for <a href="http://nestaquin.wordpress.com/" title="">99.94</a>,1,3,0,7
2011,12,50,part of the Guardian Sport Network,2,457,1,29
2011,12,50,Amy Fleming,1,5,0,22
2011,12,50,Ami Sedghi &amp; Kira Cochrane,1,199,3,180
2011,12,50,James Munro,1,13,0,50
2011,12,50,Amy Lawrence,4,58,3,65
2011,12,50,David Katz,1,91,1,14
2011,12,50,Sarah Ismail,1,61,0,33
2011,12,50,Amy Lawrence (آمي لورنس),1,20,0,18
2011,12,50,Juan Camilo for the <a href="http://www.migrantsrights.org.uk/blog" title="">Migrants' Rights Network</a>,1,5,1,9
2011,12,50,part of the <a href="http://www.guardian.co.uk/law/series/guardian-legal-network" title="">Guardian Legal Network</a>,1,5,1,9
2011,12,50,By <a href="http://www.irinnews.org/">IRIN</a>,1,56,0,25
2011,12,50,part of the <a href="http://www.guardian.co.uk/global-development/series/guardian-development-network">Guardian development network</a>,1,56,0,25
2011,12,50,Dick Vinegar,1,4,0,4
2011,12,50,Alice Salfield,2,303,2,30
2011,12,50,Carbon Brief,1,9,1,22
2011,12,50,Nick Broomfield,1,5,0,17
2011,12,50,Neil Rose,1,8,0,15
2011,12,50,Vikram Dodd,3,386,1,130
2011,12,50,Martin Robbins,2,2149,16,181
2011,12,50,Rod Morgan,1,3,0,10
2011,12,50,Michael Hann,4,17,0,22
2011,12,50,Freya Williams for the <a href="http://www.guardian.co.uk/guardian-professional" title="">Guardian Professional Network</a>,1,150,5,57
2011,12,50,Andy Bull,5,43,1,32
2011,12,50,Denis Campbell,5,414,3,190
2011,12,50,Jon Robins,1,14,0,16
2011,12,50,Natalia Antonova,1,31,1,19
2011,12,50,Craig Raine,1,47,1,24
2011,12,50,Giles Richards,5,66,2,139
2011,12,50,Viola Caon,1,286,0,20
2011,12,50,Jo Confino for the <a href="http://www.guardian.co.uk/guardian-professional" title="Guardian Professional Network">Guardian Professional Network</a>,1,23,2,33
2011,12,50,Paddy Allen,3,296,1,106
2011,12,50,Damien G Walter,1,1111,4,19
2011,12,50,Tom Meltzer,3,106,0,87
2011,12,50,Maseeh Rahman,1,23,3,17
2011,12,50,Stéphanie Maupas,1,6,1,24
2011,12,50,Jean-Philippe Rémy,1,6,1,24
2011,12,50,Paulo A Paranagua,1,18,0,5
2011,12,50,Divya Gupta,1,42,3,25
2011,12,50,Gavin Dudeney,1,154,15,290
2011,12,50,Janet Hardy-Gould,2,22,0,15
2011,12,50,David Brindle,2,155,1,67
2011,12,50,Barney Ronay,5,341,3,81
2011,12,50,Frédéric Edelmann,1,19,0,16
2011,12,50,Robert Kitson,6,26,1,19
2011,12,50,Andy Wilson,7,19,1,37
2011,12,50,Martin Farrer,3,140,2,218
2011,12,50,Kate McCann,5,18,1,78
2011,12,50,Steve Waters,1,21,0,10
2011,12,50,Harriet,1,22,0,8
2011,12,50,Rachel Williams,1,145,0,55
2011,12,50,Caroline Sullivan,3,19,0,25
2011,12,50,Saeed Shah,4,846,5,163
2011,12,50,Ian Gittins,1,274,0,25
2011,12,50,Ben Dowell,1,18,0,22
2011,12,50,Alan Henry,1,21,1,11
2011,12,50,Abby Deveney,1,1,0,0
2011,12,50,Clare Allan,1,427,0,73
2011,12,50,Caspar Llewellyn Smith,2,12,1,15
2011,12,50,Tiffany Jenkins,1,40,1,57
2011,12,50,Nick Dastoor,1,37,0,13
2011,12,50,Nigel Topping for the <a href="http://www.guardian.co.uk/guardian-professional" title="Guardian Professional Network">Guardian Professional Network</a>,1,6,0,13
2011,12,50,Charles Gant,1,89,0,20
2011,12,50,Robert Booth,1,40,1,39
2011,12,50,Kate Murray,1,73,0,54
2011,12,50,Tania Branigan,3,350,18,331
2011,12,50,Terry Jones,1,2827,18,265
2011,12,50,Jeremy Hance for for <a href="http://www.e360.yale.edu" title="Yale Environment 360">Yale Environment 360</a>,1,264,3,96
2011,12,50,part of the <a href="http://www.guardian.co.uk/environment/network" title="Guardian Environment Network">Guardian Environment Network</a>,3,350,4,191
2011,12,50,Jonathan Guyer,1,143,1,55
2011,12,50,Derek Gatopoulos,1,189,5,34
2011,12,50,Jim Falzarano,1,0,0,7
2011,12,50,Steven Appleby,1,3,0,7
2011,12,50,Eric Allison,2,54,0,42
2011,12,50,Jim Esposito from <a href="http://www.rocksbackpages.com/" title="">Rock's Backpages</a>,1,56,0,28
2011,12,50,Paul Doyle,5,35,0,53
2011,12,50,Barry Glendenning,2,28,0,79
2011,12,50,Terry Hewton,1,10,0,9
2011,12,50,Jill Insley,5,89,0,113
2011,12,50,Garry Blight,1,9,1,63
2011,12,50,Kenan Malik,1,224,4,117
2011,12,50,Michelle Pauli,1,112,0,11
2011,12,50,Steve Rose,4,542,2,73
2011,12,50,Patrick Collinson,7,309,6,217
2011,12,50,Juliette Garside,10,172,8,343
2011,12,50,Terry Macalister,6,132,0,169
2011,12,50,Paul Harris,4,374,5,82
2011,12,50,Adam Gabbatt,7,1338,11,357
2011,12,50,Ryan Devereux,1,641,8,140
2011,12,50,Zohra Moosa,1,66,0,17
2011,12,50,Sarah Crown,2,269,5,61
2011,12,50,Jane Dudman,2,2,0,19
2011,12,50,Ann Pettifor,1,91,5,31
2011,12,50,Alan Alexander,1,0,0,15
2011,12,50,John Marr,1,1,0,6
2011,12,50,Kate Hodal,1,12,0,4
2011,12,50,Mandy Merck,1,23,0,26
2011,12,50,Lynne Segal,1,23,0,26
2011,12,50,Matthew Weaver,5,627,10,583
2011,12,50,Eman Al Nafjan,1,233,4,28
2011,12,50,Ewen MacAskill,7,553,7,155
2011,12,50,Matthew Baxter-Reynolds,1,12,8,96
2011,12,50,Presented by Tom Clark,1,20,1,9
2011,12,50,produced by Phil Maynard,3,44,1,25
2011,12,50,Chris Cook at Southwell,1,0,0,3
2011,12,50,Ghaith Abdul-Ahad,2,291,7,101
2011,12,50,Emma Kosmin,1,27,0,50
2011,12,50,Geoff Mead for the <a href="http://www.guardian.co.uk/guardian-professional" title="Guardian Professional Network">Guardian Professional Network</a>,1,126,3,28
2011,12,50,Neha-Tamara Patel,2,116,2,98
2011,12,50,Helen Meany,2,30,0,9
2011,12,50,Simon Goodley,1,1,0,4
2011,12,50,Heather Stewart,9,5492,45,825
2011,12,50,Mark Fisher,2,26,0,19
2011,12,50,Lucy Glennon,1,305,0,75
2011,12,50,Hadley Freeman,3,160,4,61
2011,12,50,Simon Chilvers,4,242,0,81
2011,12,50,Sam Wolfson,1,89,0,26
2011,12,50,Zoe Wood,6,43,0,47
2011,12,50,Andy Hunter,5,248,0,169
2011,12,50,Sigrid Rausing,1,35,0,42
2011,12,50,Jo Tuckman,5,1262,6,275
2011,12,50,Paul Rees,5,50,0,28
2011,12,50,Helena Smith,2,16,0,16
2011,12,50,Paul Evans,1,13,0,32
2011,12,50,Jess Cartner-Morley,5,191,5,102
2011,12,50,Simon Jenkins,1,38,1,24
2011,12,50,Steven Bloor,4,53,2,77
2011,12,50,Richard Wachman,4,21,1,41
2011,12,50,Helen Pidd,2,105,2,105
2011,12,50,Angelique Chrisafis,5,303,7,194
2011,12,50,Remi Adekoya,1,25,1,85
2011,12,50,Dublin,1,45,1,18
2011,12,50,Victoria Coren,1,0,0,2
2011,12,50,Jonathan Freedland,2,596,10,114
2011,12,50,Xan Brooks,5,852,9,107
2011,12,50,Kevin McCarra at Stamford Bridge,1,35,0,40
2011,12,50,Louise Taylor,4,61,0,58
2011,12,50,David Stubbs,2,8,0,9
2011,12,50,John Robinson,2,53,0,9
2011,12,50,Julia Raeside,3,53,0,14
2011,12,50,Jamie Jackson at Stamford Bridge,2,51,0,52
2011,12,50,Frank Keating,1,28,0,7
2011,12,50,David Hytner at the Karaiskakis Stadium,1,5,0,18
2011,12,50,Alan Pickup,2,33,0,20
2011,12,50,Rachel Dixon,2,427,0,63
2011,12,50,David Pleat,3,35,2,64
2011,12,50,Kay Dilday,1,174,4,63
2011,12,50,Dominic Fifield at Stamford Bridge,1,9,1,21
2011,12,50,Edward Gibbes,1,5,1,10
2011,12,50,Phil Kenmore,1,6,1,11
2011,12,50,Vicky Frost,3,1369,4,112
2011,12,50,Roy Taylor,1,5,0,2
2011,12,50,Yvonne Coghill,1,5,0,2
2011,12,50,Shaun Lintern,1,22,0,9
2011,12,50,Alan Travis,2,388,5,104
2011,12,50,Juliette Jowit,3,172,7,174
2011,12,50,Virginia Wallis,2,9,0,39
2011,12,50,Tris Lumley,1,0,0,8
2011,12,50,Adam Vaughan,2,424,12,344
2011,12,50,Mark Tran,3,207,0,95
2011,12,50,Presented by Aleks Krotoski,1,11,1,100
2011,12,50,produced by Scott Cawley,2,79,1,110
2011,12,50,Claudia Cahalane,1,134,25,71
2011,12,50,Caroline Hawkings,1,5,0,8
2011,12,50,Sean Reid,1,761,1,16
2011,12,50,Tess Lanning,1,0,0,5
2011,12,50,Lewis K Cooper,2,27,0,55
2011,12,50,tomfish9,1,37,0,5
2011,12,50,Steve Hynes on the <a href="http://www.lag.org.uk/Templates/Internal.asp?NodeID=93956">LAG blog</a>,1,28,1,35
2011,12,50,part of the <a href="www.guardian.co.uk/law/series/guardian-legal-network">Guardian Legal Network</a>,1,28,1,35
2011,12,50,Richard Drayton,1,235,3,39
2011,12,50,Tony Greenham,1,36,0,28
2011,12,50,Evan Fanning,2,13,0,16
2011,12,50,Maggie Brown,2,79,1,55
2011,12,50,Kipper Williams,2,356,1,20
2011,12,50,Victor Adebowale,1,1,0,15
2011,12,50,John Wright,1,98,1,18
2011,12,50,Andy Field,1,92,2,27
2011,12,50,Dan Milmo,3,80,0,36
2011,12,50,SA Mathieson,1,6,0,20
2011,12,50,Grigory Melkonyants,1,72,3,42
2011,12,50,Catherine Lampert,1,192,2,48
2011,12,50,Lijia Zhang,1,119,1,71
2011,12,50,Sarfraz Manzoor,2,52,0,25
2011,12,50,Brenda Croskery Longlands,1,50,0,16
2011,12,50,Katie Burnetts,1,84,0,18
2011,12,50,<a href="http://www.euractiv.com/en/climate-environment">EurActiv</a>,1,84,1,64
2011,12,50,with Reuters,1,84,1,64
2011,12,50,Imogen Fox,2,9,0,17
2011,12,50,Priya Virmani,1,23,2,11
2011,12,50,Jill Tweedie,1,5,0,7
2011,12,50,Charity Celebrity,1,10,0,42
2011,12,50,Jonny Weeks,3,12,0,80
2011,12,50,"دافيد هايتنر" من ملعب "كراسكاكيس,1,28,0,20
2011,12,50,Hannah Waldram,2,45,0,15
2011,12,50,David Shariatmadari,1,8,0,7
2011,12,50,Stuart Heritage,8,697,1,235
2011,12,50,Max de Lotbinière,1,2,0,0
2011,12,50,Jonno Evans,1,166,0,68
2011,12,50,Jonathan Glennie,2,109,3,43
2011,12,50,Helen Babbs,1,15,0,13
2011,12,50,Johnny Howorth,1,4018,9,198
2011,12,50,Brady Haran,1,75,2,36
2011,12,50,Chris Stephen,4,304,4,195
2011,12,50,guardian.co.uk,1,2,0,4
2011,12,50,Molly Webb for the <a href="http://www.guardian.co.uk/guardian-professional" title="Guardian Professional Network">Guardian Professional Network</a>,1,13,0,26
2011,12,50,Harry Venning,1,35,0,6
2011,12,50,Mark Taylor,1,2,0,6
2011,12,50,Dan Rees,1,197,3,47
2011,12,50,Open thread,4,171,0,58
2011,12,50,Colin Horgan,2,75,1,30
2011,12,50,Simon Creighton,1,16,0,17
2011,12,50,Alys Fowler,4,20,0,9
2011,12,50,Bruce Hill,1,177,1,20
2011,12,50,Symeon Brown,2,74,0,115
2011,12,50,Sean O'Hagan,2,309,1,52
2011,12,50,Samuel West,1,48,0,24
2011,12,50,Lisa Foreman,1,130,1,21
2011,12,50,High Kick,3,10,0,23
2011,12,50,Rob Procter,2,867,72,1652
2011,12,50,Cobus de Swardt,1,14,0,41
2011,12,50,Sade Laja,4,6,1,13
2011,12,50,Guardian Fashion,3,183,4,93
2011,12,50,Marina Hyde,5,977,8,251
2011,12,50,Katy Stoddard,1,38,0,2
2011,12,50,Monnkey,1,0,0,10
2011,12,50,Amy Goodman,1,123,3,54
2011,12,50,Benji Lanyado,1,32,1,14
2011,12,50,Guardian Interactive team,1,836,71,1602
2011,12,50,Farida Vis,1,836,71,1602
2011,12,50,Alex Voss,1,836,71,1602
2011,12,50,Josephine Metcalf,2,36,0,56
2011,12,50,Jonathan Richards,2,59,6,183
2011,12,50,Martin Love,1,3,0,42
2011,12,50,Nick Hopkins,6,402,8,215
2011,12,50,Paul Toyne for the <a href="http://www.guardian.co.uk/guardian-professional" title="Guardian Professional Network">Guardian Professional Network</a>,1,6,0,15
2011,12,50,John Hooper,3,4831,34,356
2011,12,50,Philip Gross,1,123,0,59
2011,12,50,Beth Wellington,1,30,0,18
2011,12,50,Michael Lipton,1,88,0,18
2011,12,50,Stephany Griffith-Jones,1,88,0,18
2011,12,50,Robert Wade,1,88,0,18
2011,12,50,Will Nichols for <a href="http://www.businessgreen.com">BusinessGreen</a>,1,2,0,31
2011,12,50,Angela Hartnett,1,110,2,29
2011,12,50,Timothy Garton Ash,2,532,7,159
2011,12,50,Victor Fraga,1,17,0,17
2011,12,50,World Business Council for Sustainable Development,1,6,0,13
2011,12,50,Robin Turner,1,92,2,34
2011,12,50,Caroline Crampton,1,6,0,13
2011,12,50,David Barnett,1,90,2,66
2011,12,50,Elfadil Ibrahim for <a href="http://www.opendemocracy.net/" title="Open Democracy">Open Democracy</a>,1,98,2,26
2011,12,50,Catherine Shoard,5,371,7,119
2011,12,50,Caroline Bishop,1,111,0,27
2011,12,50,Mike Selvey,3,7,0,28
2011,12,50,David Levene,1,45,0,8
2011,12,50,Donald Sassoon,1,44,1,6
2011,12,50,Clancy Sigal,1,34,0,3
2011,12,50,Greg Wood at Temple Guiting,1,0,0,4
2011,12,50,Stephen Driscoll,1,1,0,16
2011,12,50,James Haselip,1,0,0,3
2011,12,50,Andrew Roth,1,4,0,13
2011,12,50,Andrew Lawrence-King,1,42,0,17
2011,12,50,Jack Shenker,1,2816,9,341
2011,12,50,John Elkington for the <a href="http://www.guardian.co.uk/guardian-professional" title="Guardian Professional Network">Guardian Professional Network</a>,1,8,0,19
2011,12,50,John Fordham,5,108,0,28
2011,12,50,David Banks,1,0,0,15
2011,12,50,Tim Ashley,7,5,0,40
2011,12,50,Tariq Ali,1,177,2,28
2011,12,50,Chris Salmon,1,23,0,28
2011,12,50,<strong>Helen Carter</strong>,1,4,0,9
2011,12,50,Farah Al-Nahda,1,89,0,70
2011,12,50,Guy Dammann,1,23,0,6
2011,12,50,Alfred Hickling,3,127,1,14
2011,12,50,Jane Martinson,2,1347,11,177
2011,12,50,Zia Mahmood,1,4,0,4
2011,12,50,Kira Cochrane,1,773,2,118
2011,12,50,Suzanne Moore,2,135,0,178
2011,12,50,Jon Henley,1,86,0,32
2011,12,50,Zoe Williams,2,1183,3,369
2011,12,50,Ryan Devereaux,1,199,5,36
2011,12,50,Jon Gerberg,1,221,1,21
2011,12,50,Matt Shardlow,1,4,0,16
2011,12,50,Seumas Milne,1,6881,59,545
2011,12,50,Mary Hoffman,1,44,1,66
2011,12,50,Alison Potter,1,144,2,111
2011,12,50,As seen by Catherine Bennett,1,8,1,12
2011,12,50,Abbas Daiyar,1,70,0,51
2011,12,50,David Batty,7,3075,34,935
2011,12,50,Jamie Jackson at the Etihad Stadium,2,30,1,18
2011,12,50,Gwilym Mumford,1,0,0,5
2011,12,50,Jeremy Plester,1,8,1,8
2011,12,50,Interview by Anna Tims,1,26,0,31
2011,12,50,Bernard Jenkin,1,14,0,18
2011,12,50,Tim Montgomerie,1,83,0,81
2011,12,50,Richard Williams at the Etihad Stadium,1,16,0,12
2011,12,50,Kevin McCarra at St Jakob-Park,2,653,2,69
2011,12,50,Tim Jonze,1,217,4,20
2011,12,50,Sam Jones Fiumefreddo di Sicilia,1,36,1,27
2011,12,50,Felicity Cloake,1,372,4,33
2011,12,50,Andy Hunter at St Jakob-Park,1,65,0,30
2011,12,50,Jason Deans,2,20,0,63
2011,12,50,Guardian staff,4,127,0,57
2011,12,50,Nick Goodwin,1,5,0,10
2011,12,50,Rosie Niven,1,73,0,96
2011,12,50,Lisa Bachelor,5,97,0,130
2011,12,50,Célestin Monga,1,49,0,18
2011,12,50,Simon Haydn,1,86,1,56
2011,12,50,Laura Aldred,1,86,1,56
2011,12,50,Dexter Whitfield,1,11,0,10
2011,12,50,Rohan Gunatillake,1,278,7,231
2011,12,50,Kerry Eustice,1,50,4,67
2011,12,50,Aaron Porter,1,52,1,21
2011,12,50,Jackie Ashley,2,110,0,59
2011,12,50,Alan Sykes,1,18,2,23
2011,12,50,Jay Rosen,1,81,6,107
2011,12,50,Amanda Michel,1,81,6,107
2011,12,50,Karen Gould,1,3,0,3
2011,12,50,Invisible Woman,1,72,0,28
2011,12,50,Ross Griffiths,1,1,0,8
2011,12,50,Clare Powell,1,0,0,4
2011,12,50,كيفن ماكارا,1,34,0,31
2011,12,50,سانت جاكوب بارك,1,34,0,31
2011,12,50,political reporter,1,45,0,54
2011,12,50,Duncan Clark &amp; the Guardian Interactive team,1,2514,18,516
2011,12,50,Presented by Jason Solomons,1,39,0,20
2011,12,50,with Xan Brooks,1,39,0,20
2011,12,50,Dan Collyns,2,401,0,98
2011,12,50,Joanne Mudhar,1,14,0,8
2011,12,50,Tom Cox,1,70,0,40
2011,12,50,Ros Asquith,1,60,0,24
2011,12,50,Kevin Bridges,1,100,0,148
2011,12,50,Terry Philpot,1,0,0,9
2011,12,50,David Marsh,2,28,0,36
2011,12,50,Interview Ben Johncock,1,26,0,34
2011,12,50,Dugald Baird,1,228,3,35
2011,12,50,Ashley Clark,1,15,0,18
2011,12,50,Mayor Peter Davies,1,20,0,36
2011,12,50,Lisa Evans,1,364,2,287
2011,12,50,Imran Khan,1,12,3,68
2011,12,50,Jefferson Morgan,1,5,0,6
2011,12,50,دانييل تايلور" من ملعب الاتّحاد",1,23,0,14
2011,12,50,Manuel Barroso,1,13,0,10
2011,12,50,Francesca Dziadek,1,129,5,54
2011,12,50,Alex Aldridge,1,78,1,18
2011,12,50,Sarah Mackinlay,1,2,0,22
2011,12,50,Peter Bradshaw,7,464,1,117
2011,12,50,Harriet Harman,1,51,0,19
2011,12,50,Phil Hoad,1,15,0,9
2011,12,50,Kevin Crossley-Holland,1,36,0,10
2011,12,50,Michel Faber,1,339,6,71
2011,12,50,John Dugdale,1,39,0,40
2011,12,50,David Ward,1,11,0,54
2011,12,50,Tim Adams,1,197,2,53
2011,12,50,John Brackenridge,1,24,0,8
2011,12,50,Patrick Kingsley,1,17,0,11
2011,12,50,Kelly Rigg,1,72,0,86
2011,12,50,Fares Chamseddine,1,48,1,29
2011,12,50,Tara Conlan,2,37,0,25
2011,12,50,<a href="http://www.creativeboom.co.uk/" title="">Creative Boom</a>,1,14,0,22
2011,12,50,Katy Cowan,1,14,0,22
2011,12,50,part of the <a href="http://www.guardian.co.uk/culture-professionals-network" title="">Guardian Culture Professionals Network</a>,1,14,0,22
2011,12,50,Jack Schofield,1,1,0,46
2011,12,50,Lindesay Irvine,1,25,1,18
2011,12,50,Natalie Briggs,1,51,0,37
2011,12,50,Alastair Dant,1,24,5,70
2011,12,50,Ekaterina Ochagavia,2,123,0,26
2011,12,50,Chris Wiegand,1,64,0,15
2011,12,50,Sophie Barnes,1,1,0,7
2011,12,50,Michael Morpurgo,1,30,1,71
2011,12,50,Fielding,1,50,1,27
2011,12,50,Dominic Rushe,4,427,2,36
2011,12,50,Oliver Balch for the <a href="http://www.guardian.co.uk/guardian-professional" title="">Guardian Professional Network</a>,1,8,0,16
2011,12,50,<a href="http://theoldbatsman.blogspot.com/" title="">The Old Batsman</a>,1,454,1,22
2011,12,50,Alexis Petridis,2,101,0,33
2011,12,50,Declan McSweeney,1,25,0,15
2011,12,50,جون آشداون,1,40,0,17
2011,12,50,Presented by Anne Perkins,1,3,0,7
2011,12,50,Giles Tremlett,3,443,3,64
2011,12,50,Ranjit Dhaliwal,1,157,0,74
2011,12,50,Peter Kimpton,1,280,1,25
2011,12,50,Tom Farmery,1,15,3,21
2011,12,50,Pamela Stephenson Connolly,1,55,2,9
2011,12,50,Sue Marsh,1,421,0,74
2011,12,50,Chris Milton for the <a href="http://www.guardian.co.uk/guardian-professional" title="Guardian Professional Network">Guardian Professional Network</a>,1,2,0,4
2011,12,50,Jon Savage,1,9,1,13
2011,12,50,James Jones,1,59,3,64
2011,12,50,Rob Smyth,1,11,0,13
2011,12,50,Nancy Goldstein,1,101,1,87
2011,12,50,Jenny Purt for the <a href="http://www.guardian.co.uk/guardian-professional" title="Guardian Professional Network">Guardian Professional Network</a>,1,37,0,15
2011,12,50,Viv Groskop,1,10358,14,330
2011,12,50,Phoebe Greenwood,3,1472,5,145
2011,12,50,Martin Khor,1,16,0,27
2011,12,50,Jon Dennis,2,67,0,19
2011,12,50,Skye Sherwin,2,39,0,26
2011,12,50,produced by Ben Green,2,56,1,46
2011,12,50,Helienne Lindvall,1,128,5,126
2011,12,50,Elizabeth Pears,1,82,1,56
2011,12,50,Amelia Gentleman,1,82,1,56
2011,12,50,Paul Moody &amp; Robin Turner,1,776,7,203
2011,12,50,Richard Westwood,1,8,0,13
2011,12,50,Greg Wood at Huntingdon,1,0,0,3
2011,12,50,Elaine Byrne,1,10,0,37
2011,12,50,Garth Cartwright,1,52,2,12
2011,12,50,Duncan Campbell,1,1,0,4
2011,12,50,Ronald Bergan,1,212,3,14
2011,12,50,Teresa Wiltz,1,81,0,11
2011,12,50,Simon Frantz,1,59,3,22
2011,12,50,BlueVia,1,8,1,46
2011,12,50,George Hall,1,1,2,8
2011,12,50,Sophie Mayer,1,76,1,26
2011,12,50,Simon Tisdall,1,17,2,27
2011,12,50,Alex Needham,2,3488,14,173
2011,12,50,As overheard by John Crace,1,13,0,11
2011,12,50,Rebekah Ratcliffe,1,25,3,14
2011,12,50,Pankaj Mishra,1,250,4,27
2011,12,50,Alexander Chancellor,2,82,1,45
2011,12,50,Susie White,1,0,0,25
2011,12,50,Joe Queenan,1,51,4,18
2011,12,50,Michele Hanson,1,1022,2,75
2011,12,50,Anne Billson,1,150,4,65
2011,12,50,Dan Gillmor,1,37,0,106
2011,12,50,Maddy Costa,1,6,0,2
2011,12,50,John&nbsp;Robinson,1,1,0,3
2011,12,50,Gwilym&nbsp;Mumford,1,1,0,3
2011,12,50,Janet McCabe,1,53,0,37
2011,12,50,Deborah Jermyn,1,53,0,37
2011,12,50,Cath Clarke,1,6,0,6
2011,12,50,Stuart Jeffries,3,2316,8,178
2011,12,50,Interview by Paolo Bandini,1,1,0,3
2011,12,50,Martin Williams,1,10,0,19
2011,12,50,Robin Denselow,2,29,1,15
2011,12,50,Rob Fitzpatrick,1,207,5,36
2011,12,50,Rob Boffard,1,13,0,9
2011,12,50,Stephen Lee,1,6,0,0
2011,12,50,Joe Muggs,1,180,3,41
2011,12,50,Laura Barton,1,115,3,51
2011,12,50,Shaun Edwards,1,0,0,2
2011,12,50,Paul Wilson,4,584,1,231
2011,12,50,Pascal Wyse,1,182,1,43
2011,12,50,Guardian music,1,49,0,37
2011,12,50,Greg Grimes,1,25,0,17
2011,12,50,James Richardson,1,17,1,3
2011,12,50,Matt Hall,2,37,1,36
2011,12,50,Anonymous,2,32,0,19
2011,12,50,Jo Adetunji,1,4,0,4
2011,12,50,Walter Hemmens,1,36,0,18
2011,12,50,Laurence Stellings,1,4,1,26
2011,12,50,in Brussels,1,1374,24,440
2011,12,50,Katerina Elias-Trostmann,1,206,0,63
2011,12,50,Bidisha,2,34,0,29
2011,12,50,Presented by Madeleine Bunting,1,29,0,25
2011,12,50,presented by Phil Maynard,1,29,0,25
2011,12,50,Mustafa Khalili,1,29,0,25
2011,12,50,Marc Lockley,2,14,0,34
2011,12,50,Alex von Tunzelmann,1,14,2,9
2011,12,50,Groovy Dhruv,1,5,0,5
2011,12,50,Tim Parks,1,15,0,11
2011,12,50,Nushin Arbabzadah,1,169,3,14
2011,12,50,Scott Murray,4,274,0,64
2011,12,50,Saba Salman,1,10,0,4
2011,12,50,Hannah Fearn,1,8,0,22
2011,12,50,Juno Baker,1,16,0,15
2011,12,50,Richard Vize,1,0,0,2
2011,12,50,آمي لاورنس,1,26,0,3
2011,12,50,Rachel Holmes,2,502,1,152
2011,12,50,Michelle Mitchell,1,147,0,45
2011,12,50,Simon Tofield,1,2642,8,84
2011,12,50,Simon Parkin,1,63,2,76
2011,12,50,The Observer,2,89,1,84
2011,12,50,Mick Waters,1,1,0,0
2011,12,50,Andrew Motion,2,6,0,22
2011,12,50,Ed Jacobs,1,8,0,12
2011,12,50,Greg Clark,1,3,0,19
2011,12,50,Sunita Narain,1,34,0,47
2011,12,50,Creative Times,1,62,0,31
2011,12,50,Chris Sharratt,1,62,0,31
2011,12,50,Ed Mayo,1,73,0,29
2011,12,50,Giulio Frigieri,1,90,2,34
2011,12,50,Daniel Elkan,1,90,2,34
2011,12,50,Francis Gilbert,1,14,0,26
2011,12,50,Miles Brignall,7,40,0,233
2011,12,50,Jonathan Wilson,1,577,3,25
2011,12,50,Neil Clark,1,171,1,30
2011,12,50,Chris Power,1,17,0,12
2011,12,50,Ben Beaumont-Thomas,1,1435,1,117
2011,12,50,Kitty Empire,4,137,0,30
2011,12,50,Gareth Grundy,2,27,0,83
2011,12,50,Phil Mongredien,1,20,0,15
2011,12,50,Dave Gelly,1,20,0,15
2011,12,50,Neil Spencer,1,20,0,15
2011,12,50,Nicholas Kenyon,1,20,0,15
2011,12,50,Graham Hayday,1,6,0,37
2011,12,50,Presented by John Plunkett,1,27,1,29
2011,12,50,Wagner,1,79,0,27
2011,12,50,Mía Overall for the <a href="http://www.guardian.co.uk/guardian-professional" title="">Guardian Professional Network</a>,1,65,0,15
2011,12,50,Sali Hughes,2,236,0,42
2011,12,50,Nat Saunders,1,149,0,20
2011,12,50,Nick Mathiason,1,53,2,25
2011,12,50,Frederika Whitehead,1,2,0,23
2011,12,50,Rupert Sawyer,1,2,0,16
2011,12,50,Jonathan Gray,1,69,8,169
2011,12,50,James Dart,1,1,0,5
2011,12,50,Leonard Barden,1,6,0,3
2011,12,50,Joe Daniel,1,47,2,45
2011,12,50,Luke Jennings,3,198,2,13
2011,12,50,John Baron for <a href="http://conservativehome.blogs.com/" title="">ConservativeHome</a>,1,12,0,9
2011,12,50,part of the <a href="http://www.guardian.co.uk/commentisfree/series/guardian-comment-network" title="">Guardian Comment Network</a>,1,12,0,9
2011,12,50,David Lacey,1,11,0,40
2011,12,50,Nathan Green,1,7,1,11
2011,12,50,Presented by Claire Armitstead,1,22,0,18
2011,12,50,produced by Tim Maby,1,22,0,18
2011,12,50,Rebekah Diski,1,107,1,20
2011,12,50,Andrew Clements,2,0,0,3
2011,12,50,Tom Phillips,1,8,0,8
2011,12,50,Presented by Jonathan Freedl,1,21,0,9
2011,12,50,Johnny Dee,2,22,0,21
2011,12,50,Patrick,1,2,0,5
2011,12,50,Robert Dingwall for <a href="http://www.socialsciencespace.com/2011/11/how-far-should-we-go/" title="">Social Science Space</a>,1,7,0,19
2011,12,50,Germaine Arnold,1,18,0,12
2011,12,50,Rosie Swash,1,1359,11,173
2011,12,50,Hannah Hislop for the <a href="http://www.guardian.co.uk/guardian-professional" title="">Guardian Professional Network</a>,1,6,0,21
2011,12,50,Robert Wilkins,1,837,1,61
2011,12,50,Emma Warren,1,166,2,25
2011,12,50,Joanna Moorhead,1,67,3,50
2011,12,50,Stafford Scott,1,30,0,13
2011,12,50,"سوماس ميلن",1,38,0,4
2011,12,50,David Matthews,1,23,0,20
2011,12,50,Jared Brown,1,547,2,51
2011,12,50,Carlene Firmin,1,25,0,8
2011,12,50,Jonathan Glancey,1,13,0,15
2011,12,50,Martin Pengelly,1,0,1,2
2011,12,50,Alistair Smith,1,8,0,13
2011,12,50,Christopher Mahony,1,0,0,0
2011,12,50,David Hall-Matthews,1,24,0,12
2011,12,50,Seema Jilani,1,446,9,38
2011,12,50,Chris Michael,1,192,1,19
2011,12,50,Jacob Steinberg (then),1,23,0,15
2011,12,50,Paul Doyle (now),1,23,0,15
2011,12,50,"جاك شينكر",1,191,0,15
2011,12,50,من القاهرة.,1,191,0,15
2011,12,50,Jim Powell,1,91,1,28
2011,12,50,Jonathan Freedl,1,58,0,13
2011,12,50,Presented by Hugh Muir,1,18,0,5
2011,12,50,produced by Peter Sale,1,18,0,5
2011,12,50,Jody McIntyre,1,158,2,11
2011,12,50,Lesley  McDowell,1,141,1,41
2011,12,50,Richard Seymour,1,112,0,45
2011,12,50,Jane Eisner,1,19,0,8
2011,12,50,Gerry Feehily,1,39,0,32
2011,12,50,Lucy Broadbent,1,11829,81,669
2011,12,50,Jo Confino for the <a href="http://www.guardian.co.uk/guardian-professional" title="">Guardian Professional Network</a>,1,32,1,23
2011,12,50,David Lengel,1,21,0,6
2011,12,50,Jason Rodrigues,1,5,0,15
2011,12,50,Saeed Kamali Dehghan,1,27,2,12
2011,12,50,Judith Mackrell,1,11,0,12
2011,12,50,Rosie Mockett,1,460,3,53
2011,12,50,Martin Chulov,1,31,1,41
2011,12,50,Brian Aldiss,1,185,3,50
2011,12,50,Presented by Alexis Petridis,1,68,0,10
2011,12,50,Vincent Nichols,1,28,0,8
2011,12,50,Chris Cook at Cheltenham,2,10,0,6
2011,12,50,Caroline Davies,1,56,0,32
2011,12,50,Ed Miliband,1,490,2,72
2011,12,50,James Kettle,2,325,17,78
2011,12,50,Daniel Bond,1,27,0,17
2011,12,50,Andrew Pulver,1,1271,8,95
2011,12,50,Philip Ball,1,258,8,107
2011,12,50,Jim Perrin,1,7,0,9
2011,12,50,Susanna Rustin,1,280,11,104
2011,12,50,Greg Palast,1,43,0,9
2011,12,50,Deborah Orr,3,128,3,89
2011,12,50,Josh Fox,1,3027,6,217
2011,12,50,Peter White,1,36,0,43
2011,12,50,Philip Meyer,1,19,0,17
2011,12,50,Claire Coleman,1,201,0,60
2011,12,50,Gemma Bowes,1,62,0,43
2011,12,50,Rhiannon Batten,1,95,1,48
2011,12,50,Joanne O'Connor,2,227,1,80
2011,12,50,John Mullan,2,30,1,21
2011,12,50,Ben Wilkinson,1,14,0,2
2011,12,50,Catherine Taylor,1,40,0,2
2011,12,50,Mal Peet,1,6,1,33
2011,12,50,Steven Poole,2,44,5,23
2011,12,50,Mark Ravenhill,1,21,0,2
2011,12,50,Philip Hensher,1,58,0,22
2011,12,50,Bee Wilson,1,30,1,8
2011,12,50,Sarah Churchwell,1,196,1,65
2011,12,50,Ruth Padel,1,215,4,88
2011,12,50,Geoffrey Wadhurst,1,1,0,3
2011,12,50,Stephen Collins,1,25,0,7
2011,12,50,Tom Dyckhoff,1,235,0,13
2011,12,50,Yotam Ottolenghi,1,45,2,11
2011,12,50,Dan Lepard,1,111,2,40
2011,12,50,Matthew Fort,1,2,0,2
2011,12,50,Fiona Beckett,1,52,0,4
2011,12,50,Catherine Foster,1,0,0,0
2011,12,50,John Lanchester,1,5,0,2
2011,12,50,Interview: <strong>Becky Barnicoat</strong>. Portrait: <a href="http://www.emilystein.co.uk" title=""><strong>Emily Stein </strong></a>,1,0,0,7
2011,12,50,Lia Leendertz,2,29,0,9
2011,12,50,Thomas Eaton,1,1,0,2
2011,12,50,Evan Hurd,4,682,4,71
2011,12,50,Ken Macfarlane,4,682,4,71
2011,12,50,Hugh Fearnley-Whittingstall,1,104,2,19
2011,12,50,Rosanna Greenstreet,1,5,0,11
2011,12,50,Patricia Cornwell,1,10,0,9
2011,12,50,Oliver Burkeman,1,118,4,26
2011,12,50,Priscilla Kwateng,1,8,0,8
2011,12,50,As told to Mark King,1,1,0,0
2011,12,50,Jeremy Bullmore,1,1,0,5
2011,12,50,Hopi Sen,1,200,3,58
2011,12,50,Rupert Jones,2,148,1,67
2011,12,50,Julian Baggini,1,144,8,38
2011,12,50,The Secret Footballer,1,35,1,7
2011,12,50,James Randerson,1,397,8,281
2011,12,50,Jessica Aldred,1,397,8,281
2011,12,50,Lizz Winstead,1,159,2,73
2011,12,50,Martin Rowson,1,42,1,36
2011,12,50,Robert Kitson at The Stoop,1,5,0,2
2011,12,50,Mike Averis at Cardiff City Stadium,1,0,0,3
2011,12,50,Andrew Collins,1,20,0,33
2011,12,50,Clare Considine,1,194,1,9
2011,12,50,David Whitehouse,1,382,0,20
2011,12,50,Andy Zaltzman,1,47,0,31
2011,12,50,Interview by Alexandra Topping,1,0,0,5
2011,12,50,Maureen Paton,1,6,0,3
2011,12,50,Jon &amp; Mick/moderntoss.com,1,7,0,0
2011,12,50,Richard Addison,1,15,0,1
2011,12,50,Josie Long,1,8,0,0
2011,12,50,Robert Clark,1,9,0,16
2011,12,50,Charlie Condou,1,4,0,1
2011,12,50,Annalisa Barbieri,1,0,0,0
2011,12,50,Eleni Kyriacou,1,164,1,13
2011,12,50,Ali Knight,1,18,0,9
2011,12,50,The Guide,2,0,0,4
2011,12,50,Grace Dent,1,29,0,42
2011,12,50,Sam Richards,2,159,0,10
2011,12,50,Martin Horsfield,1,0,0,7
2011,12,50,Rebecca Nicholson &amp; Richard Vine,1,0,0,7
2011,12,50,Olly Richards,1,0,0,18
2011,12,50,John Patterson,1,1,0,9
2011,12,50,John Fordham &amp; John Robinson,1,0,0,1
2011,12,50,Nick Gillett,1,3,0,47
2011,12,50,Patric Baird,1,0,0,3
2011,12,50,John Mitchell,1,0,0,3
2011,12,50,Sam Richards &amp; Marc Rowlands,1,0,0,3
2011,12,50,Mark Cook,1,8,0,5
2011,12,50,Lyn Gardner &amp; Judith Mackrell,1,8,0,5
2011,12,50,Robert Clark &amp; Skye Sherwin,1,2,0,15
2011,12,50,Iain Aitch &amp; Katrina Dixon,1,4,0,2
2011,12,50,Nick Davies,1,59,0,125
2011,12,50,David Leigh,1,59,0,125
2011,12,50,Amy Fallon,1,3,0,8
2011,12,50,Joe Berger &amp; Pascal Wyse,1,1,0,5
2011,12,50,Pirate Bones,1,6,0,9
2011,12,50,Hillary Clinton,1,260,0,47
2011,12,50,باولو بانديني (Paolo Bandini),1,5,0,16
2011,12,50,Chris Riddell,1,51,0,16
2011,12,50,Luckas Vander Taelen,1,59,0,12
2011,12,50,Denis MacShane,1,79,1,40
2011,12,50,Mark Townsend,3,458,4,373
2011,12,50,David Hopps,1,3,0,8
2011,12,50,Paul Doyle at St Mary's,2,3,0,7
2011,12,50,Kevin Mitchell Washington DC,1,3,0,3
2011,12,50,Paul Wilson at Old Trafford,2,32,0,88
2011,12,50,Paul Rees at Stade Pierre-Antoine,2,0,0,4
2011,12,50,Jamie Jackson at Carrow Road,2,22,0,14
2011,12,50,Amy Lawrence at the Emirates Stadium,1,25,3,24
2011,12,50,Andy Hunter at Anfield,2,87,0,55
2011,12,50,Andy Wilson at the Reebok Stadium,1,3,0,12
2011,12,50,Tom Bryant,1,1,0,9
2011,12,50,Ewan Murray at Celtic Park,2,16,0,31
2011,12,50,William Skidelsky,1,97,1,85
2011,12,50,Geoff Dyer,1,97,1,85
2011,12,50,Greg Wood at Cheltenham,1,1,0,4
2011,12,50,Eddie Butler at Parc y Scarlets,1,4,0,3
2011,12,50,Sachin Nakrani,3,37,1,53
2011,12,50,Nial Briggs,1,1,0,10
2011,12,50,Warwick Mansell,1,89,1,116
2011,12,50,Michael Aylwin at Wembley,2,2,0,4
2011,12,50,Paddy Ashdown,1,507,1,138
2011,12,50,Toby Helm,3,1621,13,682
2011,12,50,Daniel Boffey,4,1721,13,629
2011,12,50,Tom Jenkins,2,16,0,18
2011,12,50,Observer staff,1,3,0,28
2011,12,50,Jamie Doward,3,273,7,276
2011,12,50,Annabel Grossman,1,162,6,120
2011,12,50,David Hills,2,26,0,18
2011,12,50,John Naughton,1,105,9,339
2011,12,50,Tim Radford,1,0,0,28
2011,12,50,Peter Beaumont,1,288,4,110
2011,12,50,Eddie Butler,1,0,0,3
2011,12,50,Margaret Dibben,3,0,0,10
2011,12,50,Vic Marks,1,1,0,19
2011,12,50,Helen Seamons,2,56,0,31
2011,12,50,Cass Jones,1,186,3,34
2011,12,50,Sid Lowe at the Bernabéu,1,275,1,22
2011,12,50,Nick Kochan,1,5,0,22
2011,12,50,Nathan Ditum,1,1,0,23
2011,12,50,Miranda Sawyer,2,2,0,25
2011,12,50,Euan Ferguson,5,77,5,58
2011,12,50,Rowan Moore,1,52,0,16
2011,12,50,Laura Cumming,2,64,1,9
2011,12,50,Susan Herivel,1,0,0,4
2011,12,50,Jeff Forshaw,1,789,23,45
2011,12,50,Fiona Maddocks,2,161,3,47
2011,12,50,Carole Cadwalladr,2,61,2,19
2011,12,50,Louise Cooper,1,9,0,6
2011,12,50,Henry Porter,1,824,2,194
2011,12,50,Gary Lineker,1,19,0,26
2011,12,50,Shahesta Shaitly,4,555,2,85
2011,12,50,David Mitchell,1,282,20,165
2011,12,50,Jay Rayner,2,25,0,8
2011,12,50,Rachel Cooke,1,17,0,1
2011,12,50,Will Storr,1,367,2,148
2011,12,50,Philip French,7,589,1,52
2011,12,50,Gemma Kappala-Ramsamy,2,21,0,7
2011,12,50,Kate Kellaway,2,6,0,12
2011,12,50,Katie Allen,1,30,0,38
2011,12,50,Kevin McKenna,1,67,1,32
2011,12,50,Alex Clark,2,11,0,44
2011,12,50,Christopher Stevens,1,13,0,8
2011,12,50,Robin McKie,1,94,0,16
2011,12,50,Geoff Mulgan,1,450,2,102
2011,12,50,Yvonne Roberts,2,512,2,230
2011,12,50,Mariella Frostrup,1,13,0,4
2011,12,50,Stephen Wolfram,1,176,12,189
2011,12,50,Olivia Laing,1,10,0,6
2011,12,50,Ed Victor,1,7,0,10
2011,12,50,Boy George,1,588,0,18
2011,12,50,Tom Lamont,1,50,0,9
2011,12,50,Jamie Byng,1,88,0,21
2011,12,50,Shirley MacLaine,1,72,1,11
2011,12,50,David Arnold,1,97,0,3
2011,12,50,Sally Clarke,1,193,0,43
2011,12,50,David Hare,1,51,0,2
2011,12,50,Antone De'Jaun Correia,1,173,0,20
2011,12,50,Idil Ibrahim,1,95,0,109
2011,12,50,Mark Ronson,1,618,4,23
2011,12,50,Anthony Cummins,1,11,0,1
2011,12,50,Geraldine Brennan,1,40,0,13
2011,12,50,Graham Tarrant,2,16,0,11
2011,12,50,Lisa O'Kelly,1,11,0,23
2011,12,50,Gena Rowlands,1,95,0,22
2011,12,50,Mark Kermode,1,4,0,2
2011,12,50,Eva Wiseman,2,228,1,59
2011,12,50,Lucy Siegle,1,4,0,34
2011,12,50,Gay Dad,1,1,0,0
2011,12,50,Dan Pearson,1,14,0,2
2011,12,50,Ruaridh Nicoll,1,56,0,29
2011,12,50,Jo Jones,1,2,0,7
2011,12,50,Katharine Whitehorn,1,4,0,5
2011,12,50,David Williams,1,1,0,3
2011,12,50,Simon Lucas,1,1,0,16
2011,12,50,Nathan Brown,1,1,0,12
2011,12,50,Will Freeman,1,2,0,15
2011,12,50,Clare Brennan,1,8,0,3
2011,12,50,Vanessa Thorpe,2,422,0,96
2011,12,50,Nigel Slater,3,418,4,73
2011,12,50,Will Hutton,1,3926,14,654
2011,12,50,Barbara Ellen,1,245,0,21
2011,12,50,Catherine Bennett,1,8,0,4
2011,12,50,Susannah Clapp,2,54,0,61
2011,12,50,Peter Preston,3,62,1,69
2011,12,50,Jason Solomons,1,0,0,7
2011,12,50,Dan Newling,1,33,0,4
2011,12,50,Lucy Rock,1,516,2,165
2011,12,50,Sony Kapoor,1,47,1,19
2011,12,50,Rhik Sammader,1,58,0,21
2011,12,50,Colin Smith Paris,1,10,0,4
2011,12,50,John Hind,2,19,1,11
2011,12,50,Trine Hahnemann,1,560,2,41
2011,12,50,Ariel Leve,1,11,0,4
2011,12,50,Andrew Rawnsley,1,489,3,99
2011,12,50,Audrey Gillan,1,179,1,40
2011,12,50,Nick Cohen,1,292,0,71
2011,12,50,Catherine Deveney,1,81,0,20
2011,12,50,Aaron Hicklin,1,2880,28,244
2011,12,50,Durban,1,561,4,194
2011,12,50,Wendy Berliner,1,6,0,2
2011,12,50,بقلم: سيد لو,1,36,0,4
2011,12,50,James Mackay,1,5759,3,77
2011,12,50,Niigaanwiwedam James Sinclair,1,5759,3,77
2011,12,50,Ian Paulsen,1,6,4,18
2011,12,50,Sean Magee at Sha Tin,1,10,0,5
2011,12,50,Amelia Hill,2,1128,8,263
2011,12,50,Ayça Çubukçu,1,1258,5,56
2011,12,50,In his second exclusive report,1,423,15,148
2011,12,50,<strong>Ghaith Abdul-Ahad </strong>crosses the border with the smugglers supplying  weapons to Syria's fighters,1,423,15,148
2011,12,50,Louise Taylor at the Stadium of Light,2,12,0,25
2011,12,50,Naomi McAuliffe,1,215,1,85
2011,12,50,George Melly,1,1,0,4
2011,12,50,Robert Kitson at the Recreation Ground,1,4,0,3
2011,12,50,Peter Eldrid,1,4,0,3
2011,12,50,Lindsey Macdonald,1,1,0,32
2011,12,50,Anthony Hayward,1,4,0,5
2011,12,50,Steven Rose,1,202,5,21
2011,12,50,Mark Beaumont,1,3,1,7
2011,12,50,John Francis Lane,1,10,0,16
2011,12,50,Kevin McCarra at Britannia Stadium,1,33,0,34
2011,12,50,Chris Elliott,1,18,0,65
2011,12,50,Will Hayler,1,0,0,2
2011,12,50,Peter Mandelson,1,262,2,113
2011,12,50,Heidi Stephens,1,9,0,19
2011,12,50,Paul Rees at Stade Marcel-Michelin,1,2,0,4
2011,12,50,David Frith,1,1,0,9
2011,12,50,Patrick Foster,2,119,1,68
2011,12,50,Mark Laita,1,1070,2,42
2011,12,50,Charlie Brooker,1,1570,32,395
2011,12,50,Norman Tebbit,1,22,0,28
2011,12,50,Mark Cocker,1,1,0,24
2011,12,50,Gary Barker,1,81,0,8
2011,12,50,Mehdi Hasan,1,99,5,54
2011,12,50,Eric Foner,1,236,0,29
2011,12,50,Michael McNay,1,61,1,25
2011,12,50,Michael Jacobs,1,89,0,59
2011,12,50,Sam Leith,1,138,3,17
2011,12,50,Ali Catterall,1,46,0,3
2011,12,50,Sarah Dempster,1,2,0,9
2011,12,50,Christine Ockrent,1,61,0,30
2011,12,50,Mike Averis at Parc y Scarlets,1,0,0,4
2011,12,50,Paul Brown,1,7,1,16
2011,12,50,Interview by Sarah Phillips,1,158,5,40
2011,12,50,Jonathan Steele,1,74,0,32
2011,12,50,Martin Kelner,1,2,0,24
2011,12,50,Andy Wilson at Reebok Stadium,1,0,0,4
2011,12,50,David Hytner at the Emirates Stadium,1,20,1,21
2011,12,50,Daniel Taylor at Old Trafford,1,4,0,25
