year,month,week,name,articles,facebook,googleplus,twitter
2011,9,38,Hélène Mulholland,13,535,3,427
2011,9,38,Kevin Mitchell at Flushing Meadows,3,570,0,75
2011,9,38,Associated Press,35,3359,18,1007
2011,9,38,Polly Gannaway,1,26,0,26
2011,9,38,Dominic Jones,1,10,0,7
2011,9,38,Lisa Bachelor,4,246,6,190
2011,9,38,Mark Tran,3,170,0,240
2011,9,38,Keith Stuart,14,312,16,650
2011,9,38,Jill Treanor,21,1417,24,806
2011,9,38,Roy Greenslade,26,522,7,833
2011,9,38,Reuters,25,3065,14,1033
2011,9,38,Ian McCourt,3,36,0,53
2011,9,38,Jacob Steinberg,1,22,0,41
2011,9,38,Rob Bagchi,4,298,1,113
2011,9,38,Tracey Caldwell,1,0,0,3
2011,9,38,GrrlScientist,20,281,5,232
2011,9,38,John Howell,1,1,0,4
2011,9,38,Allegra Stratton,14,2038,12,871
2011,9,38,Josh Halliday,19,780,13,1284
2011,9,38,Kevin Gulliver,1,2,0,14
2011,9,38,Robert Kitson,16,934,6,246
2011,9,38,Dave Hill,9,74,1,105
2011,9,38,Sarah Hartley,2,40,1,40
2011,9,38,Jeremy Kelly,4,437,3,222
2011,9,38,Barry Glendenning,5,158,0,146
2011,9,38,Clare Horton,10,49,0,27
2011,9,38,Rosie Swash,4,35,0,105
2011,9,38,Dick Vinegar,2,3,0,11
2011,9,38,Alice Salfield,4,4741,21,345
2011,9,38,David Shariatmadari,1,9,0,15
2011,9,38,Monkey,22,810,7,747
2011,9,38,Nick Fletcher,27,54,2,141
2011,9,38,Emma Drury,1,3,0,5
2011,9,38,Polly Curtis,9,1024,3,613
2011,9,38,Michelle Pauli,1,37,1,35
2011,9,38,Catharine Howard,1,1,0,6
2011,9,38,Jemima Kiss,10,112,25,811
2011,9,38,Press Association,112,5138,31,2345
2011,9,38,Jason Deans,5,1232,10,168
2011,9,38,agencies,27,4168,64,1077
2011,9,38,Peter Beresford,1,173,0,28
2011,9,38,<a href="http://www.undomondo.com/"><strong>Undomondo</strong></a>,1,720,5,108
2011,9,38,Andrew Pulver,5,435,1,73
2011,9,38,Graeme Wearden,8,1355,19,645
2011,9,38,Bella Mackie,6,75,0,32
2011,9,38,Stuart Dredge,10,812,36,988
2011,9,38,Siraj Datoo,1,119,0,49
2011,9,38,John O'Donoghue,1,52,0,20
2011,9,38,political reporter,4,104,1,155
2011,9,38,By Ashfaq Yusufzai of <a href="http://ipsnews.net/" title="">IPS</a> for the <a href="http://www.guardian.co.uk/global-development/series/guardian-development-network" title="">Guardian development network</a>,1,22,1,16
2011,9,38,Kim Willsher,3,1262,11,528
2011,9,38,Paul Rees,17,85,2,90
2011,9,38,Matthew Caines,6,12,0,37
2011,9,38,Helen Carter,14,1634,15,256
2011,9,38,Jess Cartner-Morley,8,82,0,141
2011,9,38,Gill Hitchcock,6,101,0,52
2011,9,38,Sean Michaels,9,2427,6,530
2011,9,38,Alan Connor,3,97,3,60
2011,9,38,Frances O'Grady,1,30,0,30
2011,9,38,Dave Prentis,1,30,0,30
2011,9,38,Len McCluskey,1,30,0,30
2011,9,38,Helen Flanagan,1,30,0,30
2011,9,38,Dan Hodges,1,30,0,30
2011,9,38,Martin Wainwright,14,828,8,673
2011,9,38,Paddy Allen,4,131,0,169
2011,9,38,Anthony Watt,1,37,0,17
2011,9,38,Paul Owen,9,1246,5,819
2011,9,38,Jonathan Jones,7,2674,26,460
2011,9,38,Janet Beer,1,11,2,12
2011,9,38,Elizabeth Coffey,1,11,2,12
2011,9,38,Carol Rumens,1,113,1,21
2011,9,38,Raphael Honigstein,1,27,0,18
2011,9,38,Vikram Dodd,7,667,1,378
2011,9,38,Aleks Krotoski,2,11,4,91
2011,9,38,Steve Boxer,2,109,0,70
2011,9,38,Joana Gorjão Henriques,1,105,0,25
2011,9,38,John Plunkett,14,1355,8,735
2011,9,38,Jonathan Watts,4,1004,7,456
2011,9,38,Alex Byrne,2,38,1,43
2011,9,38,Frédéric Filloux,1,6,0,110
2011,9,38,Bethan Cole,1,67,0,15
2011,9,38,Richard Sprenger,3,472,0,112
2011,9,38,Catherine Shoard,13,1518,16,317
2011,9,38,Christian Bennett,5,828,11,138
2011,9,38,Ernesto Priego,1,204,6,525
2011,9,38,Jean-Louis Gassée,1,7,0,62
2011,9,38,Lord Ashdown,1,20,0,47
2011,9,38,Corrections,6,22,0,8
2011,9,38,Paul Lester,6,413,2,100
2011,9,38,Ben Child,10,1074,13,365
2011,9,38,Greg Wood,9,3,0,37
2011,9,38,Mark King,8,191,0,258
2011,9,38,Sandra Laville,7,76,2,92
2011,9,38,Severin Carrell,6,99,0,82
2011,9,38,Scotl,6,99,0,82
2011,9,38,Tim Jonze,3,2055,11,180
2011,9,38,Ela Stapley,1,191,2,90
2011,9,38,Michael Cox,1,26,0,37
2011,9,38,Helienne Lindvall,4,39,2,85
2011,9,38,Sid Lowe,2,26,0,29
2011,9,38,James Donaghy,2,742,4,65
2011,9,38,Shiv Malik,8,1003,1,460
2011,9,38,David Cox,1,130,1,60
2011,9,38,Michael White,7,98,3,131
2011,9,38,Giles Richards,4,17,0,37
2011,9,38,Allan Jenkins,1,2,0,18
2011,9,38,Wendy Berliner,2,6,0,5
2011,9,38,Amelia Gentleman,1,13,1,16
2011,9,38,Jack Shenker,4,1112,7,224
2011,9,38,Murithi Mutiga,1,249,0,104
2011,9,38,David Walker,1,0,0,7
2011,9,38,Philippe Martin for the <a href="http://www.guardian.co.uk/guardian-professional" title="Guardian Professional Network">Guardian Professional Network</a>,1,10,0,38
2011,9,38,Shaun Edwards,1,14,0,9
2011,9,38,Open thread,7,313,6,180
2011,9,38,Mark Beaumont,1,36,0,17
2011,9,38,Guardian Fashion,7,63,0,128
2011,9,38,Henry McDonald,11,853,8,323
2011,9,38,Sade Laja,4,24,2,84
2011,9,38,Paolo Bandini,7,61,3,148
2011,9,38,Craig Bennett,1,13,0,52
2011,9,38,Phil Oh,3,7,0,44
2011,9,38,Jeremy Kay,2,42,0,44
2011,9,38,Stuart Heritage,5,567,4,121
2011,9,38,Steven Morris,23,6935,54,1606
2011,9,38,Lisa O'Carroll,10,538,9,451
2011,9,38,Stephen Lacey for  <a href="http://grist.org/">Grist</a>,1,477,16,243
2011,9,38,part of the <a href="http://www.guardian.co.uk/environment/network" title="Guardian Environment Network">Guardian Environment Network</a>,4,607,17,358
2011,9,38,Hannah Booth,4,127,1,49
2011,9,38,Simon Rogers,6,2456,31,892
2011,9,38,Charles Arthur,10,480,86,1274
2011,9,38,Mattia Cabitza,1,840,3,77
2011,9,38,Dean Baker,1,54,2,34
2011,9,38,Kathleen Kelly,1,12,0,34
2011,9,38,Oliver Balch,1,47,0,38
2011,9,38,for the <a href="http://www.guardian.co.uk/guardian-professional" title="">Guardian Professional Network</a>,1,47,0,38
2011,9,38,James Robinson,12,562,8,657
2011,9,38,Suzanne Goldenberg,3,338,6,292
2011,9,38,Alexandra Topping,3,424,3,124
2011,9,38,Steve Negus for <a href="http://www.arabist.net/" title="The Arabist site">the Arabist</a>,1,66,0,21
2011,9,38,part of the <a href="http://www.guardian.co.uk/commentisfree/series/guardian-comment-network" title="Guardian Comment Network">Guardian Comment Network</a>,3,321,4,90
2011,9,38,Simon Tisdall,3,178,3,81
2011,9,38,Charlie Skelton,1,1234,6,113
2011,9,38,Kate Carter,2,55,0,28
2011,9,38,Eva Wiseman,4,36,0,72
2011,9,38,Jon Wilde,1,91,1,33
2011,9,38,Dan Sabbagh,11,504,2,375
2011,9,38,Alison Flood,14,7807,83,2301
2011,9,38,Duncan Campbell,2,9,0,18
2011,9,38,agency,3,67,0,11
2011,9,38,Sarah Crown,7,1317,27,292
2011,9,38,Lydia Prieg,1,127,0,38
2011,9,38,Mike Averis,9,74,3,52
2011,9,38,Dominic Rushe,15,2032,19,629
2011,9,38,Damian Carrington,7,320,4,426
2011,9,38,Leo Benedictus,3,125,0,36
2011,9,38,Alan Travis,8,3088,11,588
2011,9,38,Rupert Neate,5,808,14,571
2011,9,38,Nick Spencer,1,5,0,25
2011,9,38,Michael Cragg,5,1099,1,166
2011,9,38,Denis Campbell,7,446,0,253
2011,9,38,Marc Abrahams,1,26,0,22
2011,9,38,Maev Kennedy,4,879,6,318
2011,9,38,Barney Ronay,8,122,3,162
2011,9,38,Frederika Whitehead,1,421,0,100
2011,9,38,Peder Michael Pruzan-Jorgensen for the <a href="http://www.guardian.co.uk/guardian-professional" title="">Guardian Professional Network</a>,1,37,0,50
2011,9,38,Dave Simpson,3,101,3,54
2011,9,38,Caspar Llewellyn Smith,1,37,0,22
2011,9,38,Presented by James Richardson,2,29,0,66
2011,9,38,produced by Ben Green,2,14,0,25
2011,9,38,Andrew Sparrow,7,237,1,648
2011,9,38,Justin McGuirk,1,260,3,79
2011,9,38,Chris McGreal,10,5232,35,815
2011,9,38,Emily Drabble,2,115,0,28
2011,9,38,Sharon Brennan,1,131,5,51
2011,9,38,Louise Taylor,3,201,1,107
2011,9,38,Janet Murray,1,33,0,30
2011,9,38,Louise Tickle,1,24,0,23
2011,9,38,Jo Adetunji,6,788,4,286
2011,9,38,Haroon Siddique,8,3495,77,1490
2011,9,38,Daniel Evans,1,71,0,14
2011,9,38,Richard Norton-Taylor,7,508,5,229
2011,9,38,Rian Evans,2,11,0,11
2011,9,38,Alfred Hickling,5,84,2,60
2011,9,38,Robin Denselow,4,139,1,36
2011,9,38,Richard Adams,7,1019,4,310
2011,9,38,Alan Sykes,2,25,0,38
2011,9,38,Lyn Gardner,9,165,1,153
2011,9,38,Nathan Green,4,203,3,241
2011,9,38,Mike Selvey,5,17,1,49
2011,9,38,Paul Weaver,5,39,1,60
2011,9,38,David Hopps,8,22,0,79
2011,9,38,Andy Wilson,10,58,1,90
2011,9,38,Richard Gibson,6,34,1,58
2011,9,38,Santuri Mwanga,1,7,0,8
2011,9,38,Kate McCann,3,1,0,32
2011,9,38,Seumas Milne,2,408,3,101
2011,9,38,Alex Hawkes,10,331,2,336
2011,9,38,Kevin McCarra,2,18,0,73
2011,9,38,Stephen Battersby,1,0,0,16
2011,9,38,Geoffrey Crothall,1,0,0,0
2011,9,38,John Purkis,1,2,0,4
2011,9,38,Tania Branigan,6,448,10,332
2011,9,38,David Frith,1,0,0,5
2011,9,38,Christopher Matthew,1,40,1,12
2011,9,38,Beth Wellington,1,144,2,83
2011,9,38,Brian Sibley,1,4,0,24
2011,9,38,Alok Jha,3,610,5,237
2011,9,38,Simon Hoggart,5,39,0,84
2011,9,38,Klara Skrivankova,1,38,1,20
2011,9,38,John Vidal,4,1012,20,433
2011,9,38,Jackie Kemp,1,17,1,31
2011,9,38,Juliette Garside,8,357,20,759
2011,9,38,Luke Harding,2,133,5,40
2011,9,38,Simon Marginson,1,45,1,51
2011,9,38,Phillip Inman,9,353,3,197
2011,9,38,Fiona Millar,1,19,0,47
2011,9,38,Declan Walsh,4,254,0,208
2011,9,38,Steve Busfield,4,162,1,31
2011,9,38,Warwick Mansell,1,39,0,61
2011,9,38,Ian Sample,7,4316,80,594
2011,9,38,Gavin Weale,1,152,1,70
2011,9,38,Owen Gibson,8,167,0,389
2011,9,38,Tom Kington,4,1709,13,316
2011,9,38,Paul Weaver at the Rose Bowl,4,24,0,12
2011,9,38,Stuart Hall,1,2831,7,214
2011,9,38,Tom Meltzer,6,10,1,41
2011,9,38,Andy Wilson at Taunton,5,43,1,38
2011,9,38,Patrick Barkham,9,714,2,444
2011,9,38,Leo Hickman,4,1487,10,292
2011,9,38,Tim Dowling,3,107,0,26
2011,9,38,Vicky Frost,5,400,2,109
2011,9,38,Polly Toynbee,2,602,0,186
2011,9,38,Staff,11,2310,10,277
2011,9,38,Ian Black,6,265,2,170
2011,9,38,Virginia Lopez,1,73,1,49
2011,9,38,Colin Marsh,1,20,0,24
2011,9,38,George Monbiot,3,1838,16,721
2011,9,38,Richard Gibson at the Riverside,1,0,0,1
2011,9,38,Andy Hunter,4,339,0,182
2011,9,38,Caroline Davies,3,611,1,151
2011,9,38,Antony Sher,1,14,0,7
2011,9,38,John Crace,4,171,0,87
2011,9,38,Mohammed Ayoob,1,302,3,40
2011,9,38,Steve Bell,8,354,0,127
2011,9,38,Max Benato,1,40,0,37
2011,9,38,Adrian Searle,1,118,1,34
2011,9,38,Luisa Dillner,1,48,0,18
2011,9,38,Gabriel Weston,1,16,0,10
2011,9,38,Ronan Bennett,1,2,0,8
2011,9,38,Daniel King,1,2,0,8
2011,9,38,As told to Vicky Frost,1,1,0,18
2011,9,38,Rajeev Syal,3,83,0,46
2011,9,38,Tom Lutz,2,64,0,190
2011,9,38,Jonathan Wright,4,6,0,24
2011,9,38,Hannah Verdier,3,6,0,20
2011,9,38,Phelim O'Neill,4,12,0,18
2011,9,38,Ben Arnold,2,5,0,8
2011,9,38,David Stubbs,5,13,0,31
2011,9,38,Gwilym Mumford,1,1,0,5
2011,9,38,Will Hutton,2,703,9,217
2011,9,38,Sam Wollaston,5,112,0,79
2011,9,38,Patrick Wintour,13,2844,6,975
2011,9,38,Dan Milmo,8,1211,3,405
2011,9,38,Jamie Jackson at Loftus Road,1,7,0,12
2011,9,38,Interview by Laura Barnett,3,111,0,53
2011,9,38,Dominic Fifield,4,522,2,223
2011,9,38,Patrick Collinson,4,6953,82,2482
2011,9,38,Giles Tremlett,3,1746,12,370
2011,9,38,David Hopps at Grace Road,1,0,0,4
2011,9,38,David Hytner,4,204,1,165
2011,9,38,Hugh Muir,6,81,0,140
2011,9,38,Chris Miller,1,70,0,24
2011,9,38,Donald McRae,2,237,2,77
2011,9,38,Nils Pratley,9,26,1,48
2011,9,38,Roger Redfern,1,10,0,12
2011,9,38,Tony Greenbank,1,12,0,12
2011,9,38,Rachel Vince (MeteoGroup),1,2,0,32
2011,9,38,Richard Williams,2,100,1,28
2011,9,38,Editorial,20,1994,4,696
2011,9,38,Ewan Murray,7,85,0,45
2011,9,38,Flora Bagenal,2,16,0,50
2011,9,38,Sam Jones,7,880,3,387
2011,9,38,David Smith,8,1183,7,407
2011,9,38,Matthew Jeynes,3,43,0,30
2011,9,38,Julian Glover,2,50,0,31
2011,9,38,Matt Scott,4,177,0,65
2011,9,38,Nicholas Watt,8,713,4,440
2011,9,38,Mike Selvey at the County Ground,2,0,0,7
2011,9,38,Agencies,10,376,1,158
2011,9,38,Hannah Godfrey,6,3365,29,443
2011,9,38,Damon Wise,2,261,1,42
2011,9,38,Hadley Freeman,12,839,10,369
2011,9,38,John Ashdown,6,566,4,278
2011,9,38,Murat Gokmen,6,1096,11,128
2011,9,38,Kate Swade,1,0,0,14
2011,9,38,Anita Pati,1,26,0,37
2011,9,38,Ben Caldecott,1,11,0,29
2011,9,38,Mark Sweney,2,105,1,54
2011,9,38,Emma King,1,113,0,32
2011,9,38,John Fenwick,1,4,0,18
2011,9,38,Charlotte Rose,1,35,0,11
2011,9,38,Phillip Blond,1,6,0,13
2011,9,38,Patrick Kingsley,1,0,0,5
2011,9,38,Steve Gold,1,19,0,33
2011,9,38,Melanie Henwood,1,9,0,13
2011,9,38,Simon Burnton,3,32,0,91
2011,9,38,Sam Jordison,4,58,0,40
2011,9,38,Colin Horgan,1,334,4,60
2011,9,38,Tim Ashley,2,1,0,18
2011,9,38,Hari,2,10,0,69
2011,9,38,Jake,2,10,0,69
2011,9,38,Guardian Government Computing,3,2,2,20
2011,9,38,Saumava Mitra,1,128,0,11
2011,9,38,Presented by Hugh Muir,1,13,0,34
2011,9,38,produced by Peter Sale,1,13,0,34
2011,9,38,Rosie Birkett,1,35,1,34
2011,9,38,James Ball,5,591,11,792
2011,9,38,Keren Levy,1,6,0,21
2011,9,38,Jeevan Vasagar,7,234,1,394
2011,9,38,Jessica Shepherd,3,275,0,314
2011,9,38,Craig Purshouse,1,511,0,172
2011,9,38,Vicky Baker,1,178,1,73
2011,9,38,Hannah Fearn,5,10,0,49
2011,9,38,Irel,8,573,6,177
2011,9,38,Justin McCurry,1,12,1,12
2011,9,38,Jo Bell,1,73,0,15
2011,9,38,Agnès Poirier,1,39,0,16
2011,9,38,Jill Insley,4,33,0,78
2011,9,38,Patrick Butler,5,171,0,172
2011,9,38,Chris Cook,4,2,0,17
2011,9,38,Tony Paley,4,1,0,15
2011,9,38,Bob Ward,1,380,2,90
2011,9,38,Eleanor Morgan,1,94,1,69
2011,9,38,Sali Hughes,1,5,0,19
2011,9,38,Larry Elliott,8,1387,13,463
2011,9,38,Felicity Carus,1,265,8,76
2011,9,38,Stuart Etherington,1,16,0,4
2011,9,38,Ana Marie Cox,2,42,0,47
2011,9,38,Karen McVeigh,2,6071,53,605
2011,9,38,Lewis Baston,1,1,0,14
2011,9,38,AL Kennedy,1,25,0,18
2011,9,38,Hannah Freeman,1,948,0,215
2011,9,38,Guardian Classic,1,38,0,14
2011,9,38,David Benady,1,12,0,20
2011,9,38,Rebecca Smithers,3,196,1,120
2011,9,38,Viv Groskop,3,6752,13,398
2011,9,38,Giles Hutchins for the <a href="http://www.guardian.co.uk/guardian-professional" title="">Guardian Professional Network</a>,1,24,2,46
2011,9,38,Carlene Thomas-Bailey,4,76,1,102
2011,9,38,Nicholas Lezard,1,53,0,17
2011,9,38,Véronique Jochum,1,4,0,15
2011,9,38,Bibi van der Zee,1,180,0,202
2011,9,38,Presented by John Mullan,1,22,0,11
2011,9,38,produced by Tim Maby,2,38,0,26
2011,9,38,Jamie Jackson,11,1320,3,368
2011,9,38,Hélène Mulholl,5,1117,1,327
2011,9,38,,8,1899,6,499
2011,9,38,John Fordham,7,56,1,58
2011,9,38,Stuart Rodger,1,497,1,38
2011,9,38,donalfie,1,4,0,10
2011,9,38,Robert De Niro,1,18,0,15
2011,9,38,Ian Traynor,8,5852,15,433
2011,9,38,Andrew Clements,9,29,0,50
2011,9,38,Guardian Healthcare,5,27,0,34
2011,9,38,Judyth Gregory-Smith,1,3,0,2
2011,9,38,Max de Lotbinière,3,38,0,17
2011,9,38,Amy Baker,1,21,0,18
2011,9,38,Bruno Philip,1,322,2,82
2011,9,38,Eilidh Hamilton,1,59,0,9
2011,9,38,Javan Walker,1,22,0,3
2011,9,38,Chris Tribble,1,2,0,6
2011,9,38,David Graddol,1,34,0,21
2011,9,38,Savitri Hensman,1,33,0,6
2011,9,38,Janet Hardy-Gould,2,3,0,6
2011,9,38,Carlene Firmin,1,22,1,7
2011,9,38,Gordon Miller for the <a href="http://www.guardian.co.uk/guardian-professional" title="">Guardian Professional Network</a>,1,21,0,39
2011,9,38,Gines Haro Pastor,3,5,0,23
2011,9,38,Jonathan Glennie,1,211,0,47
2011,9,38,Jack Schofield,2,115,11,283
2011,9,38,Jay Rayner,4,969,7,220
2011,9,38,Julian Borger,3,160,2,47
2011,9,38,Tom Phillips,2,619,7,99
2011,9,38,James Meikle,1,2,0,20
2011,9,38,Phil Hoad,1,58,1,37
2011,9,38,Amanda Marcotte,1,307,0,30
2011,9,38,David Sillitoe,1,1,0,10
2011,9,38,Readaholic,1,2,0,6
2011,9,38,Tara Conlan,4,130,1,98
2011,9,38,Eliza Anyangwe,2,9,0,44
2011,9,38,Presented by Aditya Chakrabortty,1,1,0,7
2011,9,38,Kirsty Scott,1,11,0,24
2011,9,38,Kate Murray,1,8,0,22
2011,9,38,Saba Salman,1,102,0,23
2011,9,38,Daniel Taylor,4,277,0,235
2011,9,38,Presented by Aleks Krotoski,1,1,1,58
2011,9,38,produced by Scott Cawley,2,10,1,69
2011,9,38,Felicity Lawrence,1,367,6,210
2011,9,38,Gareth Grundy,2,53,0,76
2011,9,38,David Mitchell,3,1726,14,215
2011,9,38,Ed Pilkington,6,2861,20,717
2011,9,38,Roger Cowe,1,2,0,14
2011,9,38,<a href="http://www.forumforthefuture.org/greenfutures" title="">Green Futures</a> part of the <a href="http://www.guardian.co.uk/sustainable-business/gsb-network" title="">Guardian Sustainable Business Network</a>,1,2,0,14
2011,9,38,Guy Dammann,2,9,0,20
2011,9,38,Kate Sheppard for <a href="http://motherjones.com">Mother Jones</a>,1,28,0,50
2011,9,38,Paul Doyle,4,24,0,81
2011,9,38,Jason Lloyd-Evans,1,2,0,31
2011,9,38,Helen Seamons,2,30,0,45
2011,9,38,Mary O'Hara,1,33,0,37
2011,9,38,Nicky Clark,1,803,6,106
2011,9,38,Tim Anderson,1,58,15,144
2011,9,38,Emily Thornberry,1,57,0,13
2011,9,38,Eddie Butler,4,24,0,25
2011,9,38,Charles Gant,1,5,0,26
2011,9,38,Jarrod Kimber,2,4,0,25
2011,9,38,William Fotheringham,6,28,1,57
2011,9,38,Owen Bowcott,2,151,1,154
2011,9,38,Bill Thompson,1,10,1,15
2011,9,38,Tom Parfitt,3,1186,9,227
2011,9,38,Kevin Mitchell,8,561,1,84
2011,9,38,Matthew Weaver,4,140,1,397
2011,9,38,Ros Asquith,1,4,0,11
2011,9,38,Brian Whitaker,2,123,0,51
2011,9,38,Tom Davies,1,0,0,14
2011,9,38,Frankfurt,1,5,0,55
2011,9,38,Norbert Lynton,1,442,1,70
2011,9,38,Chris Stephen,7,613,1,244
2011,9,38,Paul Harris,6,2622,20,304
2011,9,38,Richard Wachman,5,146,3,80
2011,9,38,Jane Martinson,1,21,1,36
2011,9,38,Jane Dudman,1,2,0,8
2011,9,38,Jonny Weeks,6,53,0,161
2011,9,38,Mark Lawson,2,7,0,57
2011,9,38,David Hopps at Leicester,1,0,0,2
2011,9,38,Zoe Williams,4,2792,14,583
2011,9,38,Harry Venning,1,13,0,8
2011,9,38,Helen Wilson,1,28,0,20
2011,9,38,Stephen Bates,4,583,1,162
2011,9,38,Simon Goodley,3,41,0,33
2011,9,38,Emine Saner,3,258,1,148
2011,9,38,Jonathan Glancey,4,1255,4,250
2011,9,38,Guardian staff,2,27,0,13
2011,9,38,Angelique Chrisafis,3,110,1,110
2011,9,38,Randeep Ramesh,5,2375,10,511
2011,9,38,Tanya Gold,2,240,0,54
2011,9,38,Richard Gibson at Chester-le-Street,3,1,0,11
2011,9,38,Imogen Fox,4,80,0,100
2011,9,38,Jonathan Freedland,1,674,2,59
2011,9,38,Simon Chilvers,7,105,0,151
2011,9,38,Victoria Coren,2,32,0,12
2011,9,38,Elisabeth Mahoney,1,1,0,17
2011,9,38,Jayati Ghosh,1,214,2,54
2011,9,38,Andrew O'Hagan,1,47,1,19
2011,9,38,Dominic Fifield at Stamford Bridge,1,29,0,41
2011,9,38,David Hytner at Signal Iduna Park,1,8,0,22
2011,9,38,Kevin McCarra at Signal Iduna Park,1,22,1,24
2011,9,38,John Robinson,2,1,0,15
2011,9,38,Julia Raeside,4,80,0,28
2011,9,38,Andrew Mueller,3,9,0,18
2011,9,38,Simon Jenkins,3,657,1,189
2011,9,38,Terence Davies,1,170,1,42
2011,9,38,Sid Lowe at the Camp Nou,1,22,0,37
2011,9,38,Mark Brown,5,95,3,188
2011,9,38,Ian Birrell,1,486,3,113
2011,9,38,Paul Evans,1,2,1,28
2011,9,38,Robert Greenwald,1,84,0,29
2011,9,38,Derrick Crowe,1,84,0,29
2011,9,38,David Conn,1,11,0,12
2011,9,38,Michael Billington,6,197,0,61
2011,9,38,Gary Fuller,1,0,0,32
2011,9,38,Tom Jenkins,3,42,0,66
2011,9,38,Richard Williams at Stamford Bridge,1,42,0,39
2011,9,38,Simon Jeffery,2,924,4,264
2011,9,38,Ben Strebel,2,1080,0,48
2011,9,38,Michel Comte,1,1037,0,31
2011,9,38,Nick Hopkins,6,471,5,200
2011,9,38,Peter Hetherington,1,8,0,23
2011,9,38,Fiona Maddocks,3,4,0,22
2011,9,38,Brian Logan,3,277,1,56
2011,9,38,Saeed Kamali Dehghan,3,948,7,194
2011,9,38,Brendan Fanning,4,24,1,31
2011,9,38,Debbie Andalo,1,11,0,16
2011,9,38,Jonathan Jenkins,1,10,1,29
2011,9,38,John Shepherd,1,55,0,60
2011,9,38,Virginia Wallis,2,4,1,26
2011,9,38,Tom Fawthrop,1,106,0,50
2011,9,38,Alison Hramiak,1,32,0,3
2011,9,38,Sally Scott,1,0,0,0
2011,9,38,Dorothy Bishop,1,27,0,49
2011,9,38,Beverly Alimo-Metcalfe,1,114,0,27
2011,9,38,Jonathan Baume,1,8,0,2
2011,9,38,Paul Rees at Rotura International Stadium,1,26,0,5
2011,9,38,Simon Tiernan,1,0,0,6
2011,9,38,Tom Murtha,1,1,0,7
2011,9,38,Tom Martin,1,292,3,99
2011,9,38,Sam Leith,1,48,2,30
2011,9,38,Eifion Rees,1,16,0,35
2011,9,38,David Lengel,1,7,0,3
2011,9,38,Anna Chesters,1,9,0,9
2011,9,38,AliRae,1,0,0,6
2011,9,38,Fiona Harvey,1,95,0,71
2011,9,38,John Wright,1,422,4,49
2011,9,38,David Brindle,1,16,0,36
2011,9,38,Alan Brown for the <a href="http://www.guardian.co.uk/guardian-professional" title="Guardian Professional Network">Guardian Professional Network</a>,1,1,0,43
2011,9,38,Kristin Palitza,1,614,5,96
2011,9,38,Frank Ledwidge,1,122,0,21
2011,9,38,Ansel Mullins,1,663,1,15
2011,9,38,<a href="http://istanbuleats.com/">Ansel Mullins</a>,3,1309,3,127
2011,9,38,<a href="http://www.amazon.co.uk/Rough-Guide-Istanbul-Terry-Richardson/dp/1848360681">Terry Richardson</a>,1,148,0,2
2011,9,38,Pınar Hilal Vurucu,1,44,0,4
2011,9,38,Malcolm Burgess,1,914,0,31
2011,9,38,Seda Yilmaz,1,191,0,24
2011,9,38,<a href="http://www.cornucopia.net/istanbulartsdiary/">Michael Hornsby</a>,1,433,1,55
2011,9,38,Pat Yale,1,138,1,23
2011,9,38,<a href="http://patyale.com/">Pat Yale</a>,1,60,0,6
2011,9,38,Latifa Akay,1,79,0,22
2011,9,38,Thomas Roueché,1,27,0,6
2011,9,38,Izzy Finkel &amp; Thomas Roueché,3,1143,3,67
2011,9,38,Martin Robbins,1,17,4,92
2011,9,38,Ufuk Sarisen,1,91,0,12
2011,9,38,Alex Healey,1,24,1,3
2011,9,38,Benji Lanyado,1,24,1,3
2011,9,38,David Levene &amp; Lucija Stojevic,1,24,1,3
2011,9,38,Robert Kitson at Rugby Park,3,77,0,23
2011,9,38,Invercargill,1,42,0,6
2011,9,38,Lauralee Martin for the <a href="http://www.guardian.co.uk/guardian-professional" title="Guardian Professional Network">Guardian Professional Network</a>,1,1,0,13
2011,9,38,Jo Confino,1,8,0,14
2011,9,38,Rob Smyth,5,122,1,156
2011,9,38,Chudi Onwuazor,1,2,0,19
2011,9,38,Eric Hilaire,1,1716,8,173
2011,9,38,Shiona Tregaskis,1,1716,8,173
2011,9,38,Christine Oliver,2,1743,8,199
2011,9,38,Michael Levy,1,9,0,35
2011,9,38,Lars Eriksen,4,5613,18,324
2011,9,38,Jo Confino for the <a href="http://www.guardian.co.uk/guardian-professional" title="Guardian Professional Network">Guardian Professional Network</a>,1,6,0,30
2011,9,38,Tony Naylor,1,5,0,12
2011,9,38,Hilary Osborne,3,118,0,121
2011,9,38,Lanre Bakare,1,72,0,35
2011,9,38,Edward Gibbes,1,10,0,3
2011,9,38,Luciana Berger,1,10,0,69
2011,9,38,Joshua Rozenberg,1,22,0,20
2011,9,38,Liam Byrne,1,31,0,35
2011,9,38,Fiachra Gibbons,1,181,0,37
2011,9,38,Rosie Bristow for the <a href="http://www.guardian.co.uk/guardian-professional" title="Guardian Professional Network">Guardian Professional Network</a>,1,14,0,77
2011,9,38,Development team,1,9,0,8
2011,9,38,AnaMaria Dutceac Segesten,1,29,0,7
2011,9,38,Paul Wilson,3,124,1,78
2011,9,38,Matthew Baxter-Reynolds,2,160,41,450
2011,9,38,Neil Clark,1,142,0,12
2011,9,38,guardian.co.uk/music,2,4604,9,370
2011,9,38,Harriet Sherwood,8,2919,14,498
2011,9,38,Cathy Heffernan,1,111,1,23
2011,9,38,Ben Whitelaw,1,2,0,17
2011,9,38,Kate Pickett,1,262,2,66
2011,9,38,Lynne Ravenscroft,1,3,0,12
2011,9,38,Andy Cawthray,1,62,0,35
2011,9,38,Norman Crossland,1,4,0,7
2011,9,38,Paul Simpson for the <a href="http://www.guardian.co.uk/guardian-professional" title="Guardian Professional Network">Guardian Professional Network</a>,1,19,0,54
2011,9,38,The BookThief,1,0,0,7
2011,9,38,Henry Barnes,4,194,1,89
2011,9,38,Madeleine Bunting,3,335,1,137
2011,9,38,Shehani Fernando,1,134,1,35
2011,9,38,Ken Macfarlane,3,4875,22,328
2011,9,38,Gregor Gall,1,12,0,9
2011,9,38,Oliver Thring,1,32,0,20
2011,9,38,Chris Salmon,2,447,1,151
2011,9,38,Ami Sedghi,1,110,7,94
2011,9,38,David Levene,2,72,0,20
2011,9,38,Steve Rose,7,639,1,119
2011,9,38,Janine Gibson,1,127,3,182
2011,9,38,Andrew Haydon,1,17,0,13
2011,9,38,Sara Ilyas,3,1187,5,248
2011,9,38,The Hague,1,49,0,21
2011,9,38,Rebecca Nicholson,4,521,4,86
2011,9,38,Martin Belam,1,179,5,101
2011,9,38,Angela Hartnett,1,8,0,8
2011,9,38,Adam Boult,2,4,0,16
2011,9,38,Pratap Chatterjee,1,67,0,12
2011,9,38,Natalie Bennett,1,2,0,2
2011,9,38,Sophie Cowling,1,31,0,4
2011,9,38,Ed Douglas,2,396,3,75
2011,9,38,Theo Hobson,1,23,1,13
2011,9,38,Laura Barnett,2,3064,3,161
2011,9,38,Richard Luscombe,1,191,2,38
2011,9,38,Presented by Tom Clark,1,2,0,9
2011,9,38,produced by Matt Hill,2,18,0,60
2011,9,38,David Hearst,1,487,6,52
2011,9,38,Julian Cribb,1,0,0,1
2011,9,38,Richard Pine,1,5,0,23
2011,9,38,Fran Bartkowski,1,10,0,2
2011,9,38,Amy Goodman,1,1520,4,98
2011,9,38,Peter Main,1,8,0,48
2011,9,38,Caroline Sullivan,3,76,0,50
2011,9,38,Stewart J Lawrence,1,38,0,14
2011,9,38,John Hooper,4,369,3,68
2011,9,38,Mark Fisher,1,14,0,5
2011,9,38,Andrew Gumbel,1,283,5,31
2011,9,38,Deborah Orr,3,251,1,104
2011,9,38,Joris Luyendijk,13,2120,34,684
2011,9,38,South Africa,1,246,2,106
2011,9,38,Dalya Alberge,2,158,0,41
2011,9,38,Helena Smith,4,363,3,138
2011,9,38,Nour Ali,2,210,6,131
2011,9,38,Stephanie Theobald,1,573,5,75
2011,9,38,Pankaj Mishra,1,167,2,23
2011,9,38,New York,1,2,0,4
2011,9,38,As seen by Catherine Bennett,1,4,0,3
2011,9,38,Mehdi Hasan,1,229,1,68
2011,9,38,David Batty,7,2410,3,454
2011,9,38,Eric Pickles,1,24,0,42
2011,9,38,Mike Selvey at Northampton,1,0,0,3
2011,9,38,John Aston,1,14,1,16
2011,9,38,Kevin McCarra at the Etihad Stadium,1,21,0,11
2011,9,38,Richard Vine,2,16,0,8
2011,9,38,Damian Fowler,1,59,0,18
2011,9,38,Interviews by Emine Saner,1,35,1,36
2011,9,38,Daniel Taylor at the Etihad Stadium,1,9,0,14
2011,9,38,Marina Hyde,4,907,3,322
2011,9,38,Jeremy Plester,2,2,0,13
2011,9,38,Matt Shardlow,1,4,1,18
2011,9,38,Andy Hunter at the Estádio da Luz,2,152,4,143
2011,9,38,Richard Williams at the Etihad Stadium,1,8,0,14
2011,9,38,Sarah Boseley,5,355,4,228
2011,9,38,Zia Mahmood,1,1,0,2
2011,9,38,Daniel Taylor at Etihad Stadium,1,10,0,23
2011,9,38,Ken Podziba,1,227,3,87
2011,9,38,Dr Beth Breeze,1,16,0,69
2011,9,38,Kumi Naidoo,1,147,0,54
2011,9,38,Felicity Cloake,1,94,1,39
2011,9,38,Richard M Kavuma,1,159,0,38
2011,9,38,Dan Hartley,1,32,0,2
2011,9,38,Mark Diffley,1,54,0,16
2011,9,38,Aaron Porter,1,6,1,3
2011,9,38,Mark Say,1,0,0,5
2011,9,38,Nick Appleyard,1,0,0,4
2011,9,38,Nick Cowen,1,80,0,120
2011,9,38,Peter McCormack,1,1,0,8
2011,9,38,Rowena Hilton-Hackwood,1,0,0,14
2011,9,38,Jim Ellam,1,2,0,16
2011,9,38,assistive technology lead,1,2,0,16
2011,9,38,Staffordshire county council,1,2,0,16
2011,9,38,John Baron,1,3,1,13
2011,9,38,Miranda Seymour,1,65,0,26
2011,9,38,Charlie Higson,1,168,0,102
2011,9,38,Tareq Baconi,1,92,2,14
2011,9,38,Cheyenne Bunsie,1,50,0,27
2011,9,38,Charlie Swinbourne,1,69,0,62
2011,9,38,Scott Murray,5,298,1,95
2011,9,38,James Smart,1,38,0,24
2011,9,38,Eddie Butler at Stadium Taranaki,1,35,0,4
2011,9,38,Jim Griffin,1,41,0,17
2011,9,38,Charlotte Higgins,2,338,2,69
2011,9,38,Daniel Kalder,1,14,1,9
2011,9,38,Tom Service,1,51,1,70
2011,9,38,Garry Blight,3,879,10,340
2011,9,38,Leonard Cohen,1,3,0,15
2011,9,38,Chris Fenn,1,278,5,132
2011,9,38,Guardian readers,1,278,5,132
2011,9,38,Susan Smillie,1,28,0,44
2011,9,38,Mona Mahmood,2,58,0,12
2011,9,38,Ellie Mae O'Hagan,1,506,0,141
2011,9,38,Isabel Choat,2,50,0,72
2011,9,38,Observer,2,50,1,29
2011,9,38,Michael Solomon,1,4,3,11
2011,9,38,Dorian Lynskey,1,140,2,45
2011,9,38,Jonathan Wilson,1,60,1,71
2011,9,38,Ade Adewunmi,1,7,0,24
2011,9,38,Robert McCrum,2,27,1,38
2011,9,38,Neil Willis,1,162,2,195
2011,9,38,Ben Kape,1,4642,21,286
2011,9,38,Andy Gallagher,1,4642,21,286
2011,9,38,Hussein Ibish,2,77,0,29
2011,9,38,Yossi Klein Halevi,2,77,0,29
2011,9,38,John Self,1,50,1,22
2011,9,38,World Business Council for Sustainable Development,10,12,1,66
2011,9,38,Mark Lee,1,21,1,10
2011,9,38,Chris Coulter for the <a href="http://www.guardian.co.uk/guardian-professional" title="Guardian Professional Network">Guardian Professional Network</a>,1,21,1,10
2011,9,38,Alicia Canter,1,99,0,7
2011,9,38,Terry Ryall,1,64,0,13
2011,9,38,Tom Clark,1,58,0,38
2011,9,38,Peter Bradshaw,8,1022,8,185
2011,9,38,Jill Filipovic for <a href="http://www.feministe.us/blog/" title="Feministe">Feministe</a>,1,178,2,41
2011,9,38,<a href="http://www.businessgreen.com">BusinessGreen</a>,1,3,0,23
2011,9,38,David MiIls,1,8,0,27
2011,9,38,Seth Freedman,1,7,0,7
2011,9,38,Joe Utichi,1,52,0,80
2011,9,38,Ian Gittins,1,8,0,8
2011,9,38,Simon Zadek for the <a href="http://www.guardian.co.uk/guardian-professional" title="Guardian Professional Network">Guardian Professional Network</a>,1,35,0,28
2011,9,38,Anna Reid,1,239,1,26
2011,9,38,Alexis Petridis,1,51,1,23
2011,9,38,Shaun Edwards at Lake Taupo,1,3,0,8
2011,9,38,Aris Chatzistefanou,1,701,7,29
2011,9,38,Katerina Kitidi,1,701,7,29
2011,9,38,Elizabeth Evenson,1,18,0,16
2011,9,38,Hari Kunzru,1,675,14,94
2011,9,38,Alex Smith,1,6,0,25
2011,9,38,Liz Ford,2,90,0,100
2011,9,38,Claire Provost,1,51,0,83
2011,9,38,Jaz Cummins,1,51,0,83
2011,9,38,Ross Domoney,1,657,0,20
2011,9,38,Interview by George Bouras,1,7,0,3
2011,9,38,in Madrid,1,88,0,32
2011,9,38,Jon Dennis,3,152,0,45
2011,9,38,Rob Evans,3,61,0,72
2011,9,38,John Burn-Murdoch,1,59,0,37
2011,9,38,Paul Lewis,1,59,0,37
2011,9,38,Elliot Smith,2,38,0,64
2011,9,38,Campbell Robb,1,11,0,48
2011,9,38,Alex Aldridge,1,37,0,50
2011,9,38,Nicolaus Mills,1,116,1,24
2011,9,38,Skye Sherwin,2,42,0,36
2011,9,38,Fiona Bawdon,1,58,0,147
2011,9,38,Dominic Dromgoole,1,33,0,30
2011,9,38,Judith Mackrell,2,180,1,28
2011,9,38,in Rome,1,288,3,40
2011,9,38,Presented by Jason Solomons,1,5,0,11
2011,9,38,produced by Jason Phipps,1,5,0,11
2011,9,38,with Xan Brooks,1,5,0,11
2011,9,38,Mary Wimbury,1,23,0,4
2011,9,38,Tony Leighton,2,2,0,7
2011,9,38,Mark,1,2,0,1
2011,9,38,Lenny Cornwall,1,2,0,1
2011,9,38,John Perry,1,0,0,9
2011,9,38,Clare Bryden,1,33,1,44
2011,9,38,Ed Frith,1,8,0,19
2011,9,38,Ben Osborne,1,92,0,174
2011,9,38,Terry Macalister,4,114,1,202
2011,9,38,Simon Hattenstone,1,628,4,92
2011,9,38,Zoe Wood,1,8,0,23
2011,9,38,Amy Hall,1,3,0,22
2011,9,38,Vic Marks at Taunton,1,66,0,7
2011,9,38,Alexander Chancellor,1,15,0,12
2011,9,38,Paul West,1,6,0,10
2011,9,38,Diane Taylor,1,171,0,35
2011,9,38,Pamela Stephenson Connolly,1,23,0,5
2011,9,38,Naina Patel,1,105,0,22
2011,9,38,As overheard by John Crace,1,5,0,5
2011,9,38,Michele Hanson,1,2,0,1
2011,9,38,Lynn Peril,1,105,0,19
2011,9,38,Simon Bowers,3,104,2,110
2011,9,38,Jonathan Steele,1,93,0,31
2011,9,38,Dan Gillmor,1,7,2,92
2011,9,38,Anne Billson,1,88,1,21
2011,9,38,Brad&nbsp;Mehldau,1,342,2,25
2011,9,38,Justice Malala,1,573,5,96
2011,9,38,Michael Hann,2,68,0,21
2011,9,38,Ali Catterall,1,0,0,4
2011,9,38,Stevie Chick,1,95,1,18
2011,9,38,Laura Barton,2,585,5,91
2011,9,38,Xan Brooks,2,7,0,2
2011,9,38,Tim Rich,2,247,0,67
2011,9,38,Martin Kettle,1,15,0,14
2011,9,38,Paul Doyle at St Andrew's,1,1,0,9
2011,9,38,Jamie Jackson at Craven Cottage,1,0,0,5
2011,9,38,Huma Qureshi,1,129,0,19
2011,9,38,Alex Macpherson,1,30,1,16
2011,9,38,Bob Stanley,1,103,3,158
2011,9,38,Harry Ferguson,1,68,0,24
2011,9,38,Cath Clarke,2,2,0,11
2011,9,38,Sadhbh Walshe,1,56,3,29
2011,9,38,Maddy Costa,1,2,0,5
2011,9,38,Harry Pearson,1,6,0,6
2011,9,38,Rob Yarham,1,0,0,28
2011,9,38,Dom Lawson,1,31,0,13
2011,9,38,René Redzepi,1,29,0,12
2011,9,38,James Richardson,1,28,1,15
2011,9,38,Matt Hall,2,30,1,17
2011,9,38,Noah Payne-Frank,1,28,1,15
2011,9,38,Martin Chulov,1,122,0,170
2011,9,38,Kevin Rushby,2,37,0,71
2011,9,38,Stewart Room,1,4,0,8
2011,9,38,Alasdair Rutherford,1,4,1,10
2011,9,38,Eibhlín Ní Ógáin,1,28,2,81
2011,9,38,Simon Birch,1,294,3,189
2011,9,38,Emma Reynolds,1,228,2,88
2011,9,38,Richard Vize,1,0,0,3
2011,9,38,George A Boyne,1,0,0,3
2011,9,38,Oliver James,1,0,0,3
2011,9,38,Peter John,1,0,0,3
2011,9,38,Nicolai Petrovsky,1,0,0,3
2011,9,38,Rosie Niven,1,1,0,13
2011,9,38,Nick Parker,1,14,0,17
2011,9,38,Neil Gaiman,1,538,5,125
2011,9,38,Andrew Rawnsley,2,26,0,29
2011,9,38,Pete Bell,1,8,1,5
2011,9,38,Ed Jacobs,1,4,0,11
2011,9,38,Fraser Lewry,2,855,13,231
2011,9,38,Sue Marsh,1,438,0,130
2011,9,38,Felix Clay,1,339,4,109
2011,9,38,Rupert Bates,1,5,1,46
2011,9,38,Jim Shelley,1,4,0,8
2011,9,38,James Dart,1,1,0,5
2011,9,38,Andy Wightman,1,5,2,54
2011,9,38,Philippa Hare,1,259,0,49
2011,9,38,Peter Kruschwitz,1,226,0,85
2011,9,38,Damien Walter,1,111,3,26
2011,9,38,Mike Averis at Waikato Stadium,1,43,0,13
2011,9,38,Ringo Ringvee,1,413,1,32
2011,9,38,Sophie Robehmed,1,186,0,33
2011,9,38,Eric Bohms,1,2,0,18
2011,9,38,Fielding,1,27,0,20
2011,9,38,Vic Marks,2,9,0,21
2011,9,38,Duncan Clark,1,80,2,74
2011,9,38,Kirsty Jenkinson,1,6,0,26
2011,9,38,Joe Rozza for the <a href="http://www.guardian.co.uk/guardian-professional" title="Guardian Professional Network">Guardian Professional Network</a>,1,6,0,26
2011,9,38,Cory Doctorow,1,41,3,83
2011,9,38,Fintan O'Toole,1,533,8,60
2011,9,38,Rowan Moore,2,163,1,55
2011,9,38,Richard Seymour for <a href="http://leninology.blogspot.com/" title="Lenin's Tomb">Lenin's Tomb</a>,1,77,2,28
2011,9,38,By <a href="http://www.irinnews.org/" title="">IRIN</a>,1,0,0,7
2011,9,38,part of the <a href="http://www.guardian.co.uk/global-development/series/guardian-development-network" title="">Guardian development network</a>,1,0,0,7
2011,9,38,Kathryn Garrity,1,199,0,49
2011,9,38,Michael Moorcock,1,7,3,13
2011,9,38,Howard Sooley,1,13,0,15
2011,9,38,Holly,1,0,0,4
2011,9,38,Godfrey Hodgson,1,24,0,5
2011,9,38,Fiona Sibley,1,1,0,10
2011,9,38,Pierre Haski,1,10,0,9
2011,9,38,Neil Rose,1,7,0,15
2011,9,38,Adam Vaughan,1,14,0,50
2011,9,38,David Banks,1,90,0,37
2011,9,38,David Lacey,1,5,1,17
2011,9,38,Srabani Sen,1,377,0,45
2011,9,38,Mike Scott,1,593,2,110
2011,9,38,Presented by John Plunkett,1,1,0,10
2011,9,38,Alex Duval Smith,1,137,0,85
2011,9,38,James Abbott-Thompson,1,186,1,28
2011,9,38,Tyler Keevil,1,0,0,2
2011,9,38,Jon Butterworth,2,14,1,34
2011,9,38,Jon Robins,1,37,0,25
2011,9,38,Esmer Golluoglu,1,346,2,31
2011,9,38,Sarah Hughes,1,16,0,21
2011,9,38,Danny Leigh,1,90,0,26
2011,9,38,Adam Browning for <a href="http://grist.org/">Grist</a>,1,99,1,42
2011,9,38,Paul MacInnes,2,76,0,55
2011,9,38,Eric Lowitt for the <a href="http://www.guardian.co.uk/guardian-professional" title="Guardian Professional Network">Guardian Professional Network</a>,1,2,0,24
2011,9,38,Jane Fae,1,132,0,24
2011,9,38,David Leigh,1,1617,79,2492
2011,9,38,David Mills,1,0,0,3
2011,9,38,Kathryn Hughes,1,152,0,26
2011,9,38,Tony Russell,1,9,0,8
2011,9,38,Ben Dowell,1,33,1,15
2011,9,38,<strong><a href="https://www.guardiansubscriptions.co.uk/voucher/Guardian-Observer-Subscription.asp?prom=NY21">Click here to subscribe today</a></strong>,1,21,0,0
2011,9,38,Martin Pengelly,2,6,0,11
2011,9,38,Polly Courtney,1,71,1,25
2011,9,38,Presented by Claire Armitstead,1,16,0,15
2011,9,38,Alex Needham,1,233,0,38
2011,9,38,Alistair Smith,1,5,0,5
2011,9,38,Leonard Barden,1,0,0,7
2011,9,38,Brian Glanville,1,107,0,21
2011,9,38,(briefly) John Ashdown,1,2,0,23
2011,9,38,Jan Morris,1,368,0,81
2011,9,38,Presented by Alexis Petridis,1,9,0,11
2011,9,38,Jo Confino for the <a href="http://www.guardian.co.uk/guardian-professional" title="">Guardian Professional Network</a>,1,44,0,27
2011,9,38,Punta Cana,1,69,0,19
2011,9,38,Robin Pettitt,1,66,0,11
2011,9,38,Kate Hodal,1,82,0,19
2011,9,38,Siobhan Dowling,3,2462,59,566
2011,9,38,chief arts writer,1,199,1,39
2011,9,38,Irina Kalashnikova,1,340,1,95
2011,9,38,Hannah Waldram,2,7,0,16
2011,9,38,James Walsh,1,0,0,6
2011,9,38,Sophia Deboick,1,19,1,16
2011,9,38,Jeffrey Sommers,1,65,0,18
2011,9,38,Michael Hudson,1,65,0,18
2011,9,38,<strong>Esther Addley</strong>,1,84,0,19
2011,9,38,Andy Bull,1,1,0,7
2011,9,38,Geoffrey Robertson,1,104,1,147
2011,9,38,Matthew Taylor,1,587,0,80
2011,9,38,Ian Jack,1,114,3,68
2011,9,38,Joanne O'Connor,2,394,0,54
2011,9,38,Ben Goldacre,1,357,29,124
2011,9,38,Suzanne Moore,1,352,1,239
2011,9,38,Maseeh Rahman,1,14,0,17
2011,9,38,Evan Harris,1,33,0,75
2011,9,38,Brendan McLoughlin,1,2,0,18
2011,9,38,Andy Wilson at Halliwell Jones Stadium,1,1,0,4
2011,9,38,John Ashdown (India innings),1,17,0,10
2011,9,38,Rob Smyth (Engl,1,17,0,10
2011,9,38,innings),1,17,0,10
2011,9,38,Interview by  Oliver Laughland,1,24,0,10
2011,9,38,Martin Rowson,2,83,0,33
2011,9,38,Sally Shalam,1,10,0,7
2011,9,38,Flora King,1,31,0,15
2011,9,38,Rosie Thomas,1,70,0,25
2011,9,38,Rachel Cusk,1,17,1,4
2011,9,38,Frank Cottrell Boyce,1,194,0,0
2011,9,38,Mark Mazower,1,16,0,4
2011,9,38,Susanna Rustin,2,63,0,51
2011,9,38,William Boyd,1,154,3,61
2011,9,38,Michel Faber,1,148,4,20
2011,9,38,Andrew Brown,1,18,1,17
2011,9,38,Craig Raine,1,16,0,6
2011,9,38,Sean O'Brien,1,26,0,14
2011,9,38,Laura Wilson,1,26,0,14
2011,9,38,Sue Arnold,1,0,0,4
2011,9,38,Steven Poole,1,0,0,1
2011,9,38,Peter Preston,8,46,1,136
2011,9,38,John Mullan,2,9,0,3
2011,9,38,Esi Edugyan,1,15,0,12
2011,9,38,David Bellos,1,103,0,29
2011,9,38,Alys Fowler,3,26,0,26
2011,9,38,Jeremy Bullmore,1,1,0,1
2011,9,38,Tom Dyckhoff,1,24,0,7
2011,9,38,Angela Foster,1,0,0,2
2011,9,38,Miles Brignall,5,9,0,31
2011,9,38,John Lanchester,1,9,0,2
2011,9,38,Oliver Burkeman,1,48,1,51
2011,9,38,Sharon Eve,1,26,0,18
2011,9,38,Hugh Fearnley-Whittingstall,1,104,0,10
2011,9,38,Lia Leendertz,1,0,1,3
2011,9,38,Fiona Beckett,1,20,0,6
2011,9,38,Interview: Becky Barnicoat. Photograph: <a href="http://www.emilystein.co.uk/" title="">Emily Stein</a>,1,49,0,6
2011,9,38,Matthew Fort,1,0,0,0
2011,9,38,Yotam Ottolenghi,1,110,0,16
2011,9,38,Dan Lepard,1,15,0,18
2011,9,38,Chris Cook at Newbury,2,1,0,6
2011,9,38,Thomas Eaton,1,0,0,0
2011,9,38,Rosanna Greenstreet,1,9,0,6
2011,9,38,Henrietta Thompson,1,98,2,11
2011,9,38,Geoffrey Wadhurst,1,0,0,1
2011,9,38,Graham Snowdon,1,4,0,8
2011,9,38,Nic Paton,1,27,0,24
2011,9,38,Peter Crush,1,7,0,32
2011,9,38,Rupert Jones,2,0,0,11
2011,9,38,Anna Tims,1,12,0,16
2011,9,38,The Secret Footballer,1,40,0,36
2011,9,38,Tim Radford,1,1,0,21
2011,9,38,Jim Perrin,1,1,0,25
2011,9,38,Mike Selvey at the Swalec Stadium,1,41,1,11
2011,9,38,Andrew Collins,1,2,0,2
2011,9,38,Araucaria,1,0,0,0
2011,9,38,Elizabeth Truss,1,4,0,22
2011,9,38,Lone Frank,1,83,0,35
2011,9,38,Louis Pattison,1,102,1,12
2011,9,38,Laura Snapes,1,94,1,14
2011,9,38,Jon &amp; Mick/moderntoss.com,1,72,0,3
2011,9,38,Josie Long,1,7,0,0
2011,9,38,Pete May,1,21,0,0
2011,9,38,Nosheen Iqbal,1,1,1,3
2011,9,38,Johnny Dee,1,5,0,3
2011,9,38,Eleni Kyriacou,1,55,0,30
2011,9,38,Robert Clark,1,4,0,17
2011,9,38,Tina Jackson,1,39,0,2
2011,9,38,Ian Sansom,1,3,0,2
2011,9,38,Annalisa Barbieri,1,0,0,0
2011,9,38,Sam Richards,2,71,0,34
2011,9,38,Sharon Walker,1,41,0,12
2011,9,38,Josh Woodfin,1,1,0,14
2011,9,38,The Guide,2,9,0,10
2011,9,38,Grace Dent,1,23,0,60
2011,9,38,John Fordham &amp; John Robinson,1,1,0,4
2011,9,38,Nick Gillett,1,1,0,53
2011,9,38,Patric Baird,1,0,0,2
2011,9,38,John Mitchell,1,0,0,2
2011,9,38,Sam Richards &amp; Marc Rowlands,1,0,0,2
2011,9,38,Bidisha,1,1,0,5
2011,9,38,Robert Clark &amp; Skye Sherwin,1,6,0,20
2011,9,38,Mark Cook,1,31,0,8
2011,9,38,Lyn Gardner &amp; Judith Mackrell,1,31,0,8
2011,9,38,Oliver Laughland,1,0,0,23
2011,9,38,James Kettle,1,16,0,3
2011,9,38,Iain Aitch,1,4,0,4
2011,9,38,Colette Bernhardt &amp; Katrina Dixon,1,4,0,4
2011,9,38,Interview by Alexandra Topping,1,0,0,10
2011,9,38,Nicola Jennings,1,0,0,7
2011,9,38,Jo Jones,3,30,0,18
2011,9,38,Joe Berger &amp; Pascal Wyse,1,2,0,4
2011,9,38,Alan Rusbridger,1,43,1,55
2011,9,38,Lara Pawson,1,120,0,31
2011,9,38,What you're saying,1,0,0,13
2011,9,38,Will Hayler,1,0,0,3
2011,9,38,Christine Bohan,1,20,2,27
2011,9,38,Philip Ardagh,1,3,0,19
2011,9,38,Patrick,1,0,0,8
2011,9,38,Eddie Butler at Eden Park,3,773,2,46
2011,9,38,James MacKay,1,141,0,26
2011,9,38,staff,1,3,0,9
2011,9,38,Chris Rennard,1,4,0,13
2011,9,38,Barbara Blaine,1,655,13,73
2011,9,38,Paul Wilson at Ewood Park,2,106,2,106
2011,9,38,Rachel,1,0,0,7
2011,9,38,Sina,1,0,1,9
2011,9,38,Sachin Nakrani at The Den,1,18,0,11
2011,9,38,Russell Kempson at the City Ground,1,56,1,10
2011,9,38,Paul Paquet,1,737,9,276
2011,9,38,Richard Jolly at the Reebok Stadium,2,2,0,22
2011,9,38,Joe Lovejoy at the Liberty Stadium,1,4,0,11
2011,9,38,Paul Doyle at Villa Park,2,15,0,33
2011,9,38,Phoebe Greenwood,1,215,0,53
2011,9,38,Guardian,2,33,0,48
2011,9,38,Observer Fashion,2,33,0,48
2011,9,38,Richard Rae at Molineux,2,31,1,24
2011,9,38,Scott Anthony,1,0,0,8
2011,9,38,Tim Rich at Goodison Park,2,32,0,25
2011,9,38,Andy Nicolson,1,1,0,3
2011,9,38,Ewan Murray at Tynecastle,1,0,0,3
2011,9,38,Nial Briggs,1,0,0,2
2011,9,38,Vic Marks at Lord's,2,5,0,15
2011,9,38,Michael Aylwin at The Stoop,1,1,0,4
2011,9,38,Daniel Boffey,5,493,1,165
2011,9,38,Dan Martin,1,30,0,20
2011,9,38,Tony Leighton at the Omladinski Stadion,1,1,0,6
2011,9,38,Jamie Doward,5,565,3,309
2011,9,38,Kevin McKenna,1,842,3,214
2011,9,38,Harold Evans,2,181,2,107
2011,9,38,Toby Helm,2,309,1,112
2011,9,38,David Laws,1,15,0,4
2011,9,38,Observer staff,4,16,0,48
2011,9,38,Euan Ferguson,1,11,0,51
2011,9,38,Brendan Fanning at Eden Park,2,60,0,12
2011,9,38,David Hills,1,2,0,9
2011,9,38,Eddie Butler on his travels,1,0,0,1
2011,9,38,Amy Lawrence,2,120,0,105
2011,9,38,Dean Ryan,1,0,0,0
2011,9,38,Margaret Dibben,2,2,0,7
2011,9,38,Mark Honigsbaum,1,119,7,48
2011,9,38,Mariella Frostrup,3,99,0,60
2011,9,38,Emmanuel Roman,1,54,0,14
2011,9,38,Sophia Waugh,1,6,0,11
2011,9,38,Joanna Biggs,1,14,0,8
2011,9,38,Andrew Anthony,2,437,16,174
2011,9,38,Kate Kellaway,2,17,0,10
2011,9,38,Mark Kermode,1,5,0,5
2011,9,38,Kristen Treen,1,18,0,8
2011,9,38,Kitty Empire,3,55,1,14
2011,9,38,Ally Carnwath,1,6,0,3
2011,9,38,Killian Fox,2,13,0,6
2011,9,38,Dave Gelly,1,1,0,0
2011,9,38,Neil Spencer,1,1,0,5
2011,9,38,Quentin Wheeler,1,177,3,83
2011,9,38,Philip French,8,152,3,30
2011,9,38,Stuart Richardson,1,6,0,12
2011,9,38,Nathan Ditum,1,0,0,6
2011,9,38,Jack Harrington,1,0,0,12
2011,9,38,Grayson Perry,1,703,5,65
2011,9,38,Laura Cumming,1,96,1,19
2011,9,38,Paul Mardles,1,29,0,4
2011,9,38,Nicholas Kenyon,1,0,0,4
2011,9,38,Stephen Pritchard,1,0,0,3
2011,9,38,Phil Hogan,1,5,0,13
2011,9,38,William Skidelsky,1,121,0,6
2011,9,38,Akin Ojumu,1,0,0,2
2011,9,38,Clare  Brennan,1,13,0,11
2011,9,38,Sarfraz Manzoor,2,98,0,72
2011,9,38,Jason Solomons,2,47,0,16
2011,9,38,Clare Brennan,1,2,0,4
2011,9,38,John Naughton,1,131,18,146
2011,9,38,Miranda Sawyer,1,1,0,7
2011,9,38,Tom Lamont,1,25,0,3
2011,9,38,Hermione Hoby,1,14,0,7
2011,9,38,Luke Jennings,1,131,0,8
2011,9,38,Peter Conrad,1,139,2,68
2011,9,38,Rachel Cooke,3,86,1,79
2011,9,38,Nigel Slater,3,138,3,45
2011,9,38,Nieves Barragán Mohacho,1,7,3,8
2011,9,38,Alain Ducasse,1,2,0,4
2011,9,38,Bruno Loubet,2,111,0,27
2011,9,38,Robin McKie,2,1614,7,266
2011,9,38,Tracy McVeigh,4,1150,1,244
2011,9,38,Alex Binley,3,382,2,200
2011,9,38,Dr Gerry Mander,1,4,0,0
2011,9,38,Yvonne Roberts,1,159,2,58
2011,9,38,Alex Clark,1,169,1,33
2011,9,38,Dan Pearson,1,32,1,5
2011,9,38,Chris Riddell,1,43,0,8
2011,9,38,Vanessa Thorpe,5,889,3,243
2011,9,38,arts,2,802,2,184
2011,9,38,John Hind,2,49,0,27
2011,9,38,Ariel Leve,1,12,0,16
2011,9,38,Dipal Acharya,1,2,0,0
2011,9,38,David Williams,2,45,1,26
2011,9,38,Katharine Whitehorn,1,0,0,0
2011,9,38,William Keegan,1,24,0,23
2011,9,38,Lucy Siegle,1,26,0,55
2011,9,38,Catherine Bennett,1,49,0,64
2011,9,38,Julia Finch,3,29,0,47
2011,9,38,Barbara Ellen,1,53,0,29
2011,9,38,Lauren Spencer,1,2286,21,229
2011,9,38,Elizabeth Day,1,62,1,11
2011,9,38,Carole Cadwalladr,1,2,0,14
2011,9,38,Johnny Howorth,1,382,0,68
2011,9,38,Paul Rees at Otago Stadium,1,17,0,6
2011,9,38,Stephen Kelly,1,65,0,27
2011,9,38,Nick Cohen,1,870,9,473
2011,9,38,Henry Porter,1,291,1,52
2011,9,38,John Esposito,1,134,0,28
2011,9,38,Ian Paulsen,1,6,0,12
2011,9,38,Harriet,1,0,0,10
2011,9,38,James Riach,1,11,0,15
2011,9,38,Peter Kandela,1,25,0,30
2011,9,38,Ewan Murray at Ibrox,1,56,0,10
2011,9,38,Lilly,1,13,0,9
2011,9,38,Clancy Sigal,1,36,1,18
2011,9,38,David Hytner at White Hart Lane,1,115,0,36
2011,9,38,Jessica Reed,1,4,0,10
2011,9,38,Robert Kitson at Otago Stadium,1,9,0,3
2011,9,38,Anthony Seldon,1,142,2,87
2011,9,38,Amy Lawrence at Craven Cottage,1,13,0,16
2011,9,38,James Callow at St Mary's,1,13,0,11
2011,9,38,Valerie Maybury,1,1,0,9
2011,9,38,Constanze Letsch,1,80,0,37
2011,9,38,Adrian Holmes,1,74,0,34
2011,9,38,Martin Buckley,1,1,0,37
2011,9,38,Alan Gardner,1,83,1,89
2011,9,38,Caroline Richmond,1,21,0,20
2011,9,38,David Nice,1,144,1,26
2011,9,38,John Wardle at the Stadium of Light,1,5,0,13
2011,9,38,Kevin McCarra at Old Trafford,1,82,2,63
2011,9,38,Richard Rae at Vicarage Road,1,0,0,2
2011,9,38,David Pleat,1,47,0,22
2011,9,38,Daniel Taylor at Old Trafford,2,199,0,144
2011,9,38,Chris Elliott,1,2,0,19
2011,9,38,Andy Wilson at DW Stadium,1,1,0,6
2011,9,38,Tim Farron,1,6,0,7
2011,9,38,Charlie Brooker,1,3488,28,328
2011,9,38,Stuart Jeffries,1,4299,4,126
2011,9,38,Knox Chitiyo,1,149,1,34
2011,9,38,Rachel Roberts,1,14,0,55
2011,9,38,Peter Walker,1,151,0,55
2011,9,38,Peter Tatchell,1,118,1,56
2011,9,38,Tim Glanfield,1,0,0,22
2011,9,38,Gareth Walker at Headingley,1,4,0,4
2011,9,38,By Laurie Penny,1,101,1,105
2011,9,38,Nick Lezard,1,101,1,105
2011,9,38,Sarah Dempster,1,0,0,7
2011,9,38,Jackie Ashley,1,31,0,19
2011,9,38,Cameron Crowe,1,169,1,47
2011,9,38,Wolfgang Tillmans,1,233,5,60
2011,9,38,Mark Cocker,1,0,0,10
2011,9,38,John Ashdown at stadium:mk,1,44,0,4
2011,9,38,Richard Williams at Old Trafford,1,30,0,55
2011,9,38,Joe Lovejoy at Liberty Stadium,1,0,0,6
2011,9,38,Martin Kelner,1,5,1,24
2011,9,38,Andy Hunter at Ewood Park,1,19,0,23
2011,9,38,Stephen Moss,1,0,1,33
2011,9,38,Paul Brown,1,4,0,32
2011,9,38,Riazat Butt,1,2228,45,273
2011,9,38,Damien Pearse,1,27,0,43
