year,month,week,name,articles,facebook,googleplus,twitter
2011,10,42,Maev Kennedy,6,510,2,211
2011,10,42,Agencies,10,81,0,102
2011,10,42,Jack Shenker,3,1310,3,226
2011,10,42,Mona Mahmood,3,32,0,9
2011,10,42,Chris Golding,2,18,0,8
2011,10,42,Hilary Osborne,6,135,2,138
2011,10,42,Helena Smith,2,974,5,186
2011,10,42,Sarah Boseley,5,2612,8,503
2011,10,42,Madeleine Bunting,3,578,6,175
2011,10,42,Sarah Hartley,1,0,0,14
2011,10,42,Keith Stuart,8,45,1,259
2011,10,42,Mark Sweney,14,593,9,672
2011,10,42,Charles Arthur,26,5887,97,3334
2011,10,42,Mike Small,1,9,1,13
2011,10,42,Keith Richardson,1,45,0,3
2011,10,42,Rory Fenton,1,162,2,23
2011,10,42,Mark Say,5,3,0,26
2011,10,42,Reuters,50,2426,22,810
2011,10,42,Rupert Neate,16,1358,6,739
2011,10,42,Patrick Wintour,18,1265,7,734
2011,10,42,Press Association,114,6802,59,2906
2011,10,42,Giles Richards at Suzuka,2,10,0,12
2011,10,42,Martin Cheeseman,1,6,0,3
2011,10,42,Charlotte Stuffins,1,4,0,5
2011,10,42,Associated Press,47,5824,63,1919
2011,10,42,Clare Horton,11,352,0,35
2011,10,42,Barry Glendenning,5,56,1,106
2011,10,42,Polly Curtis,6,288,1,214
2011,10,42,Sandra Laville,5,37,0,103
2011,10,42,Dick Vinegar,1,2,0,9
2011,10,42,Fifimonkey,1,0,0,5
2011,10,42,Jill Treanor,13,652,10,436
2011,10,42,Harriet Sherwood,5,194,1,124
2011,10,42,Jenny Diski,1,70,3,31
2011,10,42,Guardian readers,1,52,0,45
2011,10,42,Robert Kitson,11,124,6,41
2011,10,42,Monkey,12,253,3,336
2011,10,42,Stuart Dredge,7,29,1,403
2011,10,42,Presented by John Harris,1,26,0,10
2011,10,42,produced by Lucy Greenwell,1,26,0,10
2011,10,42,Jim Powell,2,406,4,80
2011,10,42,Jessica Shepherd,7,294,5,365
2011,10,42,Jerome Monahan,1,5,0,1
2011,10,42,Andy Wilson,7,24,0,38
2011,10,42,James Callow,3,8,0,8
2011,10,42,Patrick Butler,5,374,1,152
2011,10,42,Gregor Gall,1,13,0,13
2011,10,42,Sean Michaels,10,1307,10,199
2011,10,42,Alex Hawkes,7,20,0,90
2011,10,42,Simon Rogers,5,3115,7,1062
2011,10,42,Ed Jacobs,2,26,0,28
2011,10,42,Mark King,7,125,2,310
2011,10,42,Jessica Reed,4,35,0,13
2011,10,42,Paul Rees,19,239,3,100
2011,10,42,Nicholas Phillipson,1,17,0,12
2011,10,42,Gill Hitchcock,6,1,0,27
2011,10,42,Kate Hodge,7,21,2,51
2011,10,42,Gines Haro Pastor,6,21,0,84
2011,10,42,Ben Child,10,5027,55,1093
2011,10,42,Nils Pratley,8,59,1,71
2011,10,42,Richard Williams,9,181,0,73
2011,10,42,Peter Hay,1,21,0,15
2011,10,42,The Guardian,2,147,8,327
2011,10,42,Carol Rumens,1,52,1,25
2011,10,42,Dan Roberts,1,612,28,642
2011,10,42,Charlie English,1,612,28,642
2011,10,42,Julia Finch,1,612,28,642
2011,10,42,Alan Connor,2,26,0,14
2011,10,42,Frédéric Filloux,1,319,7,249
2011,10,42,Jeremy Kay,1,2,0,16
2011,10,42,Paddy Allen,6,595,5,202
2011,10,42,Roy Greenslade,19,218,5,476
2011,10,42,John Plunkett,9,517,4,306
2011,10,42,Michael Cragg,6,664,0,110
2011,10,42,Peter Walker,7,3483,15,987
2011,10,42,Sean O'Hagan,2,45,0,22
2011,10,42,Ben Whitelaw,1,1,0,1
2011,10,42,Mark Tran,5,354,4,161
2011,10,42,Judy Friedberg,4,22,0,54
2011,10,42,Hannah Waldram,6,1158,2,166
2011,10,42,James Meadway,1,60,0,22
2011,10,42,Steven Bloor,4,21,0,43
2011,10,42,Dr Abhay Adhikari,1,74,6,59
2011,10,42,Rachel Dixon,4,357,2,114
2011,10,42,James Murray for <a href="http://www.businessgreen.com">BusinessGreen</a>,1,7,0,31
2011,10,42,part of the <a href="http://www.guardian.co.uk/environment/network" title="Guardian Environment Network">Guardian Environment Network</a>,3,277,4,152
2011,10,42,Alison Flood,8,2580,45,638
2011,10,42,Anna Chesters,1,7,0,17
2011,10,42,Matt Trueman,1,597,2,51
2011,10,42,Remi Adekoya,1,65,0,31
2011,10,42,Will Hayler,6,4,0,30
2011,10,42,Chris Cook,7,6,0,26
2011,10,42,NewYorkGirl,3,8,0,10
2011,10,42,Oliver Milman,1,1006,0,80
2011,10,42,Jonathan Wilson,3,733,4,81
2011,10,42,Sejal Sukhadwala,1,79,1,36
2011,10,42,Tim Jonze,1,365,1,44
2011,10,42,Martin Kettle,3,44,0,36
2011,10,42,Julia Raeside,5,181,1,73
2011,10,42,Lyn Gardner,7,195,2,46
2011,10,42,Tony Naylor,4,446,1,167
2011,10,42,Martin Wainwright,8,188,4,256
2011,10,42,Open thread,5,539,8,123
2011,10,42,David Cox,1,68,2,22
2011,10,42,Alan Travis,11,2025,13,523
2011,10,42,Dave Hill,6,30,1,79
2011,10,42,Julian Borger,6,1737,12,313
2011,10,42,Corrections,6,0,0,12
2011,10,42,Adrian Searle,4,2085,12,148
2011,10,42,Richard Norton-Taylor,4,240,1,116
2011,10,42,Staff,10,267,1,175
2011,10,42,agencies,22,2797,13,727
2011,10,42,Paul Lewis,3,360,1,100
2011,10,42,Helen Pidd,7,1642,11,297
2011,10,42,Beth Hale,1,71,0,9
2011,10,42,Roifield Brown,1,15,0,34
2011,10,42,Presented by Alok Jha,2,128,0,115
2011,10,42,produced by Jason Phipps,5,141,0,123
2011,10,42,with Ian Sample,2,128,0,115
2011,10,42,Michael Billington,7,338,0,69
2011,10,42,Miriam Elder,5,2672,30,435
2011,10,42,Matthew Baxter-Reynolds,4,107,18,422
2011,10,42,Jeremy Kelly,1,200,1,52
2011,10,42,Angus Robertson,1,124,1,21
2011,10,42,Steven Morris,14,359,0,257
2011,10,42,Caspar Llewellyn Smith,2,573,5,253
2011,10,42,Rob Evans,6,318,1,199
2011,10,42,Produced by Hannah Rosenfelder,1,57,0,17
2011,10,42,Jean-Louis Gassée,1,622,3,82
2011,10,42,Lanre Bakare,1,55,0,12
2011,10,42,Charlotte Higgins,9,870,2,284
2011,10,42,chief arts writer,4,730,1,188
2011,10,42,Joshua Rozenberg,2,90,1,53
2011,10,42,Sam Jordison,3,22,0,34
2011,10,42,Eliza Anyangwe,5,89,2,95
2011,10,42,Kim Willsher,9,819,11,399
2011,10,42,Lisa Evans,2,1060,16,243
2011,10,42,Matt Scott,9,347,0,109
2011,10,42,Stephen Bates,3,69,1,46
2011,10,42,Mike Cavenett,1,88,1,76
2011,10,42,Denis Campbell,7,1053,6,486
2011,10,42,Barney Ronay,5,449,0,120
2011,10,42,Joris Luyendijk,3,674,7,114
2011,10,42,Haroon Siddique,6,623,2,386
2011,10,42,Robtel Neajai Pailey,1,94,0,18
2011,10,42,Matt Thomas,1,9,0,14
2011,10,42,Ian Black,7,513,7,182
2011,10,42,Aleks Krotoski,2,10,4,92
2011,10,42,Helen Seamons,2,21,0,35
2011,10,42,Andrew Raingold for the <a href="http://www.guardian.co.uk/guardian-professional?INTCMP=SRCH" title="">Guardian Professional Network</a>,1,59,2,30
2011,10,42,Phillip Inman,8,350,2,239
2011,10,42,Simon Tisdall,3,136,1,89
2011,10,42,Chris Cox,1,345,2,47
2011,10,42,Janet Murray,3,132,0,83
2011,10,42,Dan Milmo,6,668,1,201
2011,10,42,Julia Eccleshare,1,1,0,10
2011,10,42,Marc Abrahams,1,7,1,13
2011,10,42,GrrlScientist,14,252,11,153
2011,10,42,Simon Bowers,3,34,0,28
2011,10,42,Robert Booth,6,306,3,219
2011,10,42,Presented by James Richardson,2,46,0,19
2011,10,42,produced by Ben Green,3,47,0,36
2011,10,42,Paul Lester,5,247,0,96
2011,10,42,Sade Laja,6,8,0,35
2011,10,42,Julia Kollewe,2,26,0,37
2011,10,42,Graeme Wearden,8,392,11,452
2011,10,42,Mike Selvey,8,198,8,60
2011,10,42,Clayton Swisher,1,68,1,15
2011,10,42,Chris Arnot,1,128,0,56
2011,10,42,Judith Mackrell,4,77,0,31
2011,10,42,Dominic Fifield,8,560,6,345
2011,10,42,Jonathan Jones,10,1273,12,460
2011,10,42,Stephen Applebaum,1,912,14,182
2011,10,42,Sian Rowe,1,43,0,20
2011,10,42,Ana Marie Cox,5,4500,1,110
2011,10,42,Karen McVeigh,5,1459,16,141
2011,10,42,Sam Wollaston,5,87,0,68
2011,10,42,Tom Phillips,1,172,1,32
2011,10,42,Mattia Cabitza,1,172,1,32
2011,10,42,William Dalrymple,1,362,0,66
2011,10,42,Henry McDonald,9,709,5,182
2011,10,42,Marlowe Russell,1,3,0,4
2011,10,42,Rachel Meeropol,1,186,0,38
2011,10,42,Richard Maunders,1,4,0,19
2011,10,42,Giles Tremlett,7,3532,35,1515
2011,10,42,Madrid,1,29,1,22
2011,10,42,Adam Corner for the <a href="http://www.guardian.co.uk/guardian-professional?INTCMP=SRCH" title="">Guardian Professional Network</a>,1,4,0,10
2011,10,42,Saeed Kamali Dehghan,4,1592,8,231
2011,10,42,Suzanne Goldenberg at Imja Lake,1,371,6,109
2011,10,42,Nepal,1,371,6,109
2011,10,42,Paul Goodman,1,5,0,8
2011,10,42,James Robinson,5,171,1,217
2011,10,42,Richard Wachman,6,207,0,136
2011,10,42,Johannesburg,1,124,0,18
2011,10,42,Alice Woolley,1,64,1,60
2011,10,42,Harriet Swain,1,49,1,43
2011,10,42,Greg Wood,5,72,0,23
2011,10,42,Jeevan Vasagar,2,97,0,109
2011,10,42,Leon Kaye for the <a href="http://www.guardian.co.uk/guardian-professional?INTCMP=SRCH" title="">Guardian Professional Network</a>,2,39,2,33
2011,10,42,Jenny Tonge,1,113,1,81
2011,10,42,Mark Beaumont,1,1,0,5
2011,10,42,John Fordham,6,299,0,38
2011,10,42,Andrew Clements,3,10,0,16
2011,10,42,Michael Mansfield,1,213,0,108
2011,10,42,Simon Goodley,5,272,2,125
2011,10,42,George Monbiot,2,1265,14,443
2011,10,42,Ben Quinn,3,2689,120,1123
2011,10,42,Fiona Millar,1,75,0,46
2011,10,42,Paul Harris,9,421,9,166
2011,10,42,John Hooper,8,788,7,215
2011,10,42,Greg Wood at Windsor,1,1,0,5
2011,10,42,Jon Henley,18,1639,20,454
2011,10,42,Allegra Stratton,16,1706,16,1045
2011,10,42,Amro Hassan,1,246,7,46
2011,10,42,Steven Spielberg,1,1968,17,227
2011,10,42,Keanu Reeves,1,1968,17,227
2011,10,42,Dick Pope,1,1968,17,227
2011,10,42,Mitch Epstein,1,1968,17,227
2011,10,42,Jean-Luc Godard,1,1968,17,227
2011,10,42,Heather Stewart,10,2220,19,384
2011,10,42,Martin Scorsese,1,1968,17,227
2011,10,42,Emine Saner,1,100,3,44
2011,10,42,Dr Luisa Dillner,1,4,0,4
2011,10,42,Gabriel Weston,1,95,0,15
2011,10,42,Fiona Harvey,4,170,3,293
2011,10,42,Severin Carrell,6,521,4,125
2011,10,42,Dan Sabbagh,10,909,1,294
2011,10,42,Ros Asquith,1,9,0,4
2011,10,42,Esther Addley,4,752,1,91
2011,10,42,Polly Toynbee,2,753,3,170
2011,10,42,Patrick Kingsley,2,65,0,77
2011,10,42,Emily Drabble,1,14,0,24
2011,10,42,Elisabeth Mahoney,7,10,1,76
2011,10,42,Simon Hoggart,5,50,0,100
2011,10,42,Andy Hunter,8,2200,6,727
2011,10,42,Eddie Butler,8,264,3,91
2011,10,42,William Fotheringham,2,179,1,44
2011,10,42,Andrew Sparrow,5,71,1,273
2011,10,42,Roger Redfern,1,24,0,31
2011,10,42,Thomas Hodgkinson,1,99,0,15
2011,10,42,John Crace,3,67,2,68
2011,10,42,Paul Johnson,1,117,0,32
2011,10,42,Nick Hopkins,9,453,4,250
2011,10,42,Robert Hahn,1,4,0,20
2011,10,42,Kevin McCarra,1,8,0,8
2011,10,42,Juliette Garside,11,1038,32,1011
2011,10,42,Editorial,21,737,7,607
2011,10,42,David Hytner,4,84,0,102
2011,10,42,Steve Bell,8,307,1,104
2011,10,42,Ronan Bennett,1,0,0,1
2011,10,42,Daniel King,1,0,0,1
2011,10,42,Lucy Mangan,3,32,0,66
2011,10,42,Dean Baker,2,73,0,61
2011,10,42,<strong>Simon Bowers</strong>,1,13,0,10
2011,10,42,Alok Jha,4,1284,17,312
2011,10,42,Laura Barnett,1,14,0,14
2011,10,42,Jonathan Wright,2,6,0,18
2011,10,42,Ben Arnold,2,0,0,23
2011,10,42,Gwilym Mumford,2,1,0,21
2011,10,42,Kathryn Lewsey,1,0,0,14
2011,10,42,Phelim O'Neill,5,18,0,54
2011,10,42,Martin Skegg,4,8,0,32
2011,10,42,Randeep Ramesh,9,1569,7,622
2011,10,42,Adam Gabbatt,5,8277,40,517
2011,10,42,Hugh Muir,5,103,0,46
2011,10,42,Donald McRae,2,44,0,23
2011,10,42,Ewan Murray,6,39,0,52
2011,10,42,Gemma Plumb (meteo group),1,10,0,44
2011,10,42,Fflur Dafydd,1,86,0,28
2011,10,42,Damian Carrington,2,83,0,123
2011,10,42,John Ashdown,4,49,1,58
2011,10,42,Jon Hughes,1,1,0,15
2011,10,42,Marc Day,1,1,0,15
2011,10,42,Jason Burke,6,683,10,318
2011,10,42,Tim Ashley,9,59,0,68
2011,10,42,Guardian staff,2,673,8,140
2011,10,42,David Smith,2,143,1,100
2011,10,42,Steve Busfield,6,24,1,36
2011,10,42,Ahdaf Soueif,1,1161,3,70
2011,10,42,John Vidal,5,296,1,253
2011,10,42,Dan Sumners,1,7,0,6
2011,10,42,Toby Manhire,1,463,1,74
2011,10,42,Richard Adams,5,127,4,166
2011,10,42,Jonathan Watts,2,129,0,51
2011,10,42,Victoria Najafi,1,12,0,3
2011,10,42,Dr Petroc Sumner,1,234,22,209
2011,10,42,Dr Frederic Boy,1,234,22,209
2011,10,42,Dr Chris Chambers,1,234,22,209
2011,10,42,Maurice Bates,1,0,0,8
2011,10,42,John Little,1,5,0,9
2011,10,42,Felicity Lawrence,1,791,6,97
2011,10,42,Claire Provost,1,259,4,62
2011,10,42,Paolo Bandini,6,90,1,82
2011,10,42,Steve Gold,4,7,0,26
2011,10,42,Debbie Andalo,1,4,0,4
2011,10,42,John Osmond,1,7,0,16
2011,10,42,Peter Beaumont,6,384,6,276
2011,10,42,Rosie Bristow for the <a href="http://www.guardian.co.uk/guardian-professional"> Guardian Professional Network</a>,1,0,0,5
2011,10,42,Jonathan Glennie,1,84,1,21
2011,10,42,Kailash Ch,1,88,0,20
2011,10,42,,6,713,5,320
2011,10,42,JS Bamrah,1,88,0,20
2011,10,42,Ken Macfarlane,6,582,1,127
2011,10,42,Suzanne Goldenberg,7,6732,100,1169
2011,10,42,Catharine Howard,1,1,0,8
2011,10,42,Nick Fletcher,23,9,0,110
2011,10,42,Jennifer Ah-Kin,1,265,0,47
2011,10,42,Charlotte Richardson Andrews,1,78,0,10
2011,10,42,Sachin Nakrani,4,11,0,64
2011,10,42,Lizzy Davies,5,246,4,138
2011,10,42,Lucie Marion,1,35,0,21
2011,10,42,Owen Gibson,8,352,4,355
2011,10,42,Leo Hickman,1,35,0,119
2011,10,42,Kate Hodal,2,450,10,140
2011,10,42,Tris Lumley,1,11,0,7
2011,10,42,Sue Littlemore,1,26,0,13
2011,10,42,Rachel Stevenson,1,60,0,27
2011,10,42,Tamasin Ford,1,60,0,27
2011,10,42,Tony Paley,1,0,0,3
2011,10,42,Andrew Dickson,1,124,0,11
2011,10,42,Alex Healey,4,472,0,58
2011,10,42,Catherine Shoard,4,422,4,94
2011,10,42,Elliot Smith,1,28,0,22
2011,10,42,Giles Fraser,1,50,1,15
2011,10,42,Ian Rankin,1,199,1,46
2011,10,42,Michael White,8,161,1,137
2011,10,42,James Meikle,6,513,3,260
2011,10,42,Christine Oliver,2,314,0,91
2011,10,42,Jonathan Gray,1,58,2,159
2011,10,42,Jo Confino for the <a href="http://www.guardian.co.uk/guardian-professional" title="">Guardian Professional Network</a>,1,0,0,10
2011,10,42,Katie Allen,14,674,3,432
2011,10,42,Johnny Dee,2,11,1,10
2011,10,42,Rebecca Smithers,3,129,0,130
2011,10,42,Paul Doyle,4,258,0,34
2011,10,42,Helen Carter,4,212,0,47
2011,10,42,Richard Lewis,1,1,0,0
2011,10,42,Andy Gallagher,3,179,0,33
2011,10,42,Michelle Pauli,2,17,0,10
2011,10,42,Sciencewhizz,1,6,0,6
2011,10,42,Bill Bailey,1,682,3,9
2011,10,42,Sophie Turenne,1,25,0,13
2011,10,42,Jill Insley,7,446,4,384
2011,10,42,Presented,1,29,0,17
2011,10,42,played by Paul Lewis,1,29,0,17
2011,10,42,produced by Hannah Rosenfelder,1,29,0,17
2011,10,42,Sara Ilyas,2,62,0,34
2011,10,42,Claire Armitstead,1,0,0,7
2011,10,42,Nicholas Lezard,1,27,0,14
2011,10,42,Tom Clark,1,35,0,50
2011,10,42,Charles Gant,1,13,1,28
2011,10,42,David Hopps,1,9,0,6
2011,10,42,Edzard Ernst,1,896,10,216
2011,10,42,Zurich,1,0,0,0
2011,10,42,Dan Collyns,1,24,0,12
2011,10,42,David Miliband,1,546,2,72
2011,10,42,Jamie Jackson,12,192,0,168
2011,10,42,Tamasin Cave,1,16,0,15
2011,10,42,Rosie Swash,2,68,0,55
2011,10,42,Felix Clay,1,45,0,3
2011,10,42,Chris Tribble,1,10,0,18
2011,10,42,Nosheen Abbas,1,26,0,68
2011,10,42,Kate McCann,7,56,0,90
2011,10,42,Fraser Balaam,1,28,0,26
2011,10,42,Adam Beale,1,196,0,11
2011,10,42,Glenn Fulcher,1,25,0,4
2011,10,42,Russell Stannard,1,125,1,35
2011,10,42,Max de Lotbinière,2,2,0,19
2011,10,42,Florence Beaugé,1,24,0,15
2011,10,42,Carlene Firmin,1,86,0,14
2011,10,42,Martine Jacot,1,16,1,21
2011,10,42,Philippe Ridet,1,53,0,15
2011,10,42,Bertr,1,14,0,29
2011,10,42,d'Armagnac,1,14,0,29
2011,10,42,Andy Ward,1,93,0,55
2011,10,42,Olivia Boyd for <a href="http://www.chinadialogue.net/">ChinaDialogue</a>,1,101,3,51
2011,10,42,part of the <a href="http://www.guardian.co.uk/environment/network">Guardian Environment Network</a>,2,141,3,106
2011,10,42,Jane Dudman,1,0,0,3
2011,10,42,Sean Ingle,2,48,0,22
2011,10,42,James Walsh,3,16684,69,2164
2011,10,42,Damien G Walter,1,70,4,59
2011,10,42,David Brindle,1,2,0,8
2011,10,42,Guardian Public Leaders Network,1,1,0,3
2011,10,42,Brooke Magnanti,1,50,0,70
2011,10,42,Daniel Bettridge,2,225,1,49
2011,10,42,Hannah Hislop for the <a href="http://www.guardian.co.uk/guardian-professional"> Guardian Professional Network</a>,1,4,0,27
2011,10,42,Luke Jennings,3,570,3,82
2011,10,42,Heather Brooke,1,1106,52,559
2011,10,42,Justin McGuirk,1,561,3,208
2011,10,42,Jim Falzarano,1,0,0,1
2011,10,42,Fadwa al-Hatem,1,36,0,8
2011,10,42,Nour Ali,2,327,0,71
2011,10,42,Ben Lucas,1,9,0,10
2011,10,42,Alison Benjamin,1,33,0,20
2011,10,42,Skye Sherwin,3,68,0,57
2011,10,42,Lisa Shannon,1,279,0,86
2011,10,42,Dave Simpson,4,105,1,45
2011,10,42,Rob Edwards,1,23,1,83
2011,10,42,Iain Gray,1,90,1,18
2011,10,42,leader of the Scottish Labour party,1,90,1,18
2011,10,42,Jane Martinson,3,85,0,78
2011,10,42,Ryszard Piotrowicz,1,25,0,9
2011,10,42,Genevieve Torabi,1,39,0,34
2011,10,42,Amelia Hill,2,17,0,15
2011,10,42,Cheryl Mulgrue,1,10,0,11
2011,10,42,Daniel Taylor,8,1659,2,879
2011,10,42,David Leigh,1,2938,17,531
2011,10,42,Matthew Weaver,4,183,3,273
2011,10,42,Paul Owen,7,1293,11,908
2011,10,42,Eileen Jones,1,6,1,21
2011,10,42,Amelia Gentleman,1,746,3,119
2011,10,42,Dan Rebellato,1,97,0,26
2011,10,42,Luke Harding,2,111,2,56
2011,10,42,Phil Hoad,1,87,0,47
2011,10,42,Andy Capper,1,179,0,20
2011,10,42,Simon Chilvers,6,178,0,155
2011,10,42,Mark Brown,3,649,3,122
2011,10,42,Mike Grant from <a href="http://www.rocksbackpages.com/" title="">Rock's Backpages</a>,1,15,1,8
2011,10,42,Colin Barrow,1,1,0,6
2011,10,42,Richard Seymour,1,71,1,14
2011,10,42,Tunde Aremu,1,33,0,15
2011,10,42,Mark Fisher,2,21,0,10
2011,10,42,Rian Evans,1,8,0,6
2011,10,42,Chris Tuppen for the <a href="http://www.guardian.co.uk/guardian-professional" title="">Guardian Professional Network</a>,1,5,0,33
2011,10,42,Andy Nuttall,1,17,0,19
2011,10,42,John Killick,1,9,0,8
2011,10,42,Adam Sweeting,1,50,1,45
2011,10,42,Dennis Barker,2,136,0,55
2011,10,42,Ed Pilkington,6,4749,48,635
2011,10,42,Andrew Lansley,1,5,0,29
2011,10,42,Sanjoy Roy,1,7,0,2
2011,10,42,Alfred Hickling,2,6,0,8
2011,10,42,Foreign staff,2,298,0,58
2011,10,42,Chris Cook at Huntingdon,1,7,0,28
2011,10,42,Lisa O'Carroll,11,5891,34,800
2011,10,42,Ewen MacAskill,4,1483,15,285
2011,10,42,Martin Chulov,4,349,5,195
2011,10,42,Tim Dowling,2,94,1,20
2011,10,42,Bim Adewunmi,1,1628,3,53
2011,10,42,David Gow,7,129,5,221
2011,10,42,Hadley Freeman,5,849,8,105
2011,10,42,Angelique Chrisafis,1,53,2,23
2011,10,42,Phoebe Greenwood,4,1802,1,107
2011,10,42,Simon Jenkins,3,570,4,143
2011,10,42,Michael Hann,4,631,3,76
2011,10,42,<strong>Helena Smith </strong>in Athens,1,10,0,12
2011,10,42,Owen Jones,1,119,0,47
2011,10,42,Virginia Spiers,1,0,0,24
2011,10,42,Sarah Wollaston,1,25,1,25
2011,10,42,Harry Venning,1,25,0,6
2011,10,42,Andy Bull,3,58,0,23
2011,10,42,David Hytner at Aviva Stadium,1,60,0,13
2011,10,42,Kira Cochrane,1,583,6,61
2011,10,42,Victoria Coren,2,113,2,33
2011,10,42,Jonathan Freedland,2,352,0,79
2011,10,42,Ewan Murray at the Estadio José Rico Pérez,1,28,0,15
2011,10,42,Alicante,1,28,0,15
2011,10,42,Derry Irvine,1,73,0,41
2011,10,42,Melissa Denes,1,21,0,28
2011,10,42,Ali Catterall,1,1,0,7
2011,10,42,John Robinson,3,7,0,20
2011,10,42,Ha-Joon Chang,1,154,1,35
2011,10,42,David Conn,6,1547,8,697
2011,10,42,Frank Keating,1,5,0,9
2011,10,42,Josh Halliday,6,55,2,261
2011,10,42,Gary Fuller,1,10,0,37
2011,10,42,Jon Butterworth,1,75,11,14
2011,10,42,Irel,5,188,0,114
2011,10,42,Brendan Simpson,1,11,0,3
2011,10,42,Jo Adetunji,2,85,0,86
2011,10,42,Olof Jonsdottir,1,0,0,8
2011,10,42,James Riach,1,18,0,9
2011,10,42,Stephen Fry,1,844,28,518
2011,10,42,David Lengel,2,15,0,4
2011,10,42,Virginia Wallis,2,3,0,33
2011,10,42,Alison Rourke,1,244,4,95
2011,10,42,Eleanor Nichol,1,140,1,19
2011,10,42,Guy Newey,1,18,0,43
2011,10,42,Alex&nbsp;Crossman,1,33,0,9
2011,10,42,Peter Babudu,1,4,0,4
2011,10,42,Sharon Aldrich,1,9,0,8
2011,10,42,Presented by Aleks Krotoski,1,17,3,74
2011,10,42,produced by Scott Cawley,2,19,3,86
2011,10,42,Interview by Jonathan Paige,3,77,0,47
2011,10,42,Ami Sedghi,1,56,0,48
2011,10,42,Justin McCurry,3,1304,9,426
2011,10,42,Andrew Stevens,1,11,0,6
2011,10,42,Fielding,1,38,0,10
2011,10,42,Adam Williams,1,24,1,18
2011,10,42,Connor Kinsella,1,4,0,9
2011,10,42,author,1,4,0,9
2011,10,42,training consultant,1,4,0,9
2011,10,42,Tom Lutz,2,47,0,54
2011,10,42,Tel Aviv,1,242,0,17
2011,10,42,John Wright,1,243,3,58
2011,10,42,Anna Arrowsmith,1,1061,14,358
2011,10,42,Janet Hardy-Gould,2,13,0,18
2011,10,42,MyDonate,1,0,0,2
2011,10,42,Benny Wenda,1,314,1,122
2011,10,42,Adam Boult,3,40,0,32
2011,10,42,Tom Allan,1,16,0,7
2011,10,42,Jonathan Richards,1,16,0,7
2011,10,42,Martin Shuttleworth,1,16,0,7
2011,10,42,Mariana Santos &amp; Benji Lanyado,1,16,0,7
2011,10,42,Rhiannon Batten,2,107,0,8
2011,10,42,Claire Sawers,1,128,0,17
2011,10,42,Kirsty Scott,2,121,0,78
2011,10,42,Katrina Dixon,1,99,1,22
2011,10,42,Dave Kerr,1,221,2,22
2011,10,42,Michael MacLeod,2,37,1,36
2011,10,42,Rosamund West,1,42,0,19
2011,10,42,Andrew Pulver,4,1267,3,164
2011,10,42,Ally Brown,1,446,1,37
2011,10,42,Lindesay Irvine,1,50,1,41
2011,10,42,Lucy Gillmore,1,36,0,18
2011,10,42,Stefano Pilati,1,0,0,0
2011,10,42,Sally Clarke,1,60,1,41
2011,10,42,Cary Cooper,1,22,0,7
2011,10,42,Anne Nicholls,1,22,0,7
2011,10,42,Syed Hamad Ali,1,61,0,25
2011,10,42,Rachel Holmes,2,96,0,31
2011,10,42,Peter Salmon,1,20,0,29
2011,10,42,Hannah Wardle,1,36,0,13
2011,10,42,Malcolm Burgess,1,52,1,22
2011,10,42,Andy Cawthray,1,16,0,32
2011,10,42,Brendan Nelson,1,244,1,13
2011,10,42,Anamaria Dutceac Segesten for <a href="http://uvenus.org/" title="">University of Venus</a>,1,40,5,17
2011,10,42,Lisa Bachelor,7,803,1,338
2011,10,42,Emma Foxall-Chauhan,1,18,0,26
2011,10,42,Belinda McKeon,1,138,2,27
2011,10,42,Liz Ford,2,141,0,74
2011,10,42,Johnny Blades,1,63,1,51
2011,10,42,Stuart Heritage,6,459,0,173
2011,10,42,Matthew Caines,3,9,0,33
2011,10,42,Jared Brown,1,6,0,11
2011,10,42,Dreda Say Mitchell,1,40,0,6
2011,10,42,Scotl,4,398,3,93
2011,10,42,Natalie Bennett,1,0,0,1
2011,10,42,The people's panel,2,3,0,6
2011,10,42,David Mills,2,2,0,13
2011,10,42,Jeremy Jurgens,1,26,0,41
2011,10,42,Knut Haanæs for the <a href="http://www.guardian.co.uk/guardian-professional?INTCMP=SRCH" title="">Guardian Professional Network</a>,1,26,0,41
2011,10,42,Lukáš Fila,1,50,0,14
2011,10,42,Jon Dennis,3,11,0,44
2011,10,42,PJ Crowley,1,64,0,35
2011,10,42,Brian Regal,1,78,2,66
2011,10,42,Greg Howson,1,28,0,74
2011,10,42,Alexandra Coghlan,1,104,0,33
2011,10,42,Tara Conlan,7,315,2,196
2011,10,42,Steve Boxer,1,24,2,27
2011,10,42,Henry McDonald Dublin,1,3,0,9
2011,10,42,Josh Barro,1,18,0,27
2011,10,42,David Blanchflower,1,18,0,27
2011,10,42,Diana Furchtgott-Roth,1,18,0,27
2011,10,42,guardian.co.uk,1,2,0,2
2011,10,42,Vice,3,208,0,78
2011,10,42,Shappi Khorsandi,1,92,0,14
2011,10,42,Mary Douglas-Home,1,59,0,9
2011,10,42,AP,1,187,0,20
2011,10,42,Kate Molleson,2,8,0,15
2011,10,42,Peter Bradshaw,11,218,5,81
2011,10,42,Paul Wilson,3,323,0,189
2011,10,42,John Harris,1,1,0,10
2011,10,42,Clive Hamilton,1,72,0,40
2011,10,42,John Fullerton for the <a href="http://www.guardian.co.uk/guardian-professional?INTCMP=SRCH" title="">Guardian Professional Network</a>,1,39,0,20
2011,10,42,<a href="http://www.e360.yale.edu" title="Yale Environment 360">Yale Environment 360</a>,1,173,2,81
2011,10,42,Poul Nyrup Rasmussen,1,42,0,10
2011,10,42,guardian.co.uk/music,1,829,4,91
2011,10,42,Darsie Gillie,1,1,1,10
2011,10,42,Richard M Kavuma,1,42,0,15
2011,10,42,Sam Jones,1,15,0,33
2011,10,42,Dahlia Lithwick,1,21,0,9
2011,10,42,Emma Ginn,1,50,1,9
2011,10,42,Chris Salmon,1,77,1,59
2011,10,42,Kelly Rigg,1,92,4,83
2011,10,42,Shehani Fernando,2,1384,10,84
2011,10,42,Amy Letman,1,77,0,17
2011,10,42,Angela Hartnett,1,43,4,18
2011,10,42,Aleksandra Szyllo,1,60,2,17
2011,10,42,John Carvill,1,9,0,21
2011,10,42,Emma Warren,1,29,1,10
2011,10,42,Chris Cleave,1,73,0,74
2011,10,42,Caroline Davies,3,2855,15,317
2011,10,42,Nick Davies,1,3032,109,1397
2011,10,42,Yossi Mekelberg,1,49,1,8
2011,10,42,Heather Hurlburt,1,8,1,11
2011,10,42,Presented by John Mullan,1,23,0,10
2011,10,42,produced by Tim Maby,2,54,0,38
2011,10,42,Amarjit Chandan,1,39,0,0
2011,10,42,Clem Norman,1,2942,5,836
2011,10,42,David Walker,1,0,0,0
2011,10,42,David Harvey,1,0,0,3
2011,10,42,Neil Parkyn,1,1,0,5
2011,10,42,Simon Zadek for the Guardian Professional Network,1,36,3,14
2011,10,42,Chief arts writer,1,78,0,19
2011,10,42,Ian Sample,3,1234,21,180
2011,10,42,Chris Menist,1,38,0,26
2011,10,42,Richard Bartholomew,1,8,0,16
2011,10,42,Suzie Hayman,1,36,0,16
2011,10,42,Terry Jones,1,78,1,17
2011,10,42,John McVay,1,3,0,20
2011,10,42,Amy Goodman,1,326,3,37
2011,10,42,Jo Tuckman,1,310,2,29
2011,10,42,Chris Cook at Newmarket,1,4,0,8
2011,10,42,Will Hayler at Wetherby,1,0,0,2
2011,10,42,Alexis Petridis,5,397,2,79
2011,10,42,Guy Dammann,1,5,0,7
2011,10,42,Timothy Garton Ash,1,171,1,77
2011,10,42,Zia Mahmood,1,1,0,2
2011,10,42,Deborah Orr,4,47,1,47
2011,10,42,Allegra McEvedy,4,58,0,30
2011,10,42,Lucy 'Old Milky' Mangan,1,25,1,22
2011,10,42,Ellen E Jones,1,47,2,22
2011,10,42,Zoe Wood,3,41,3,149
2011,10,42,Patrick Barkham,1,50,0,31
2011,10,42,Paula Cocozza,1,3,0,27
2011,10,42,Zoe Williams,3,403,0,62
2011,10,42,David Batty,3,3089,45,727
2011,10,42,Matt Shardlow,1,2,0,26
2011,10,42,Mehdi Hasan,1,237,6,215
2011,10,42,Rajeev Syal,3,363,3,225
2011,10,42,Mark Lawson,1,1,0,20
2011,10,42,As seen by Catherine Bennett,1,3,0,2
2011,10,42,Axel Caballero,1,5953,33,256
2011,10,42,Alexandra Topping,3,317,0,156
2011,10,42,David Stubbs,3,7,0,20
2011,10,42,David Hambling,1,2,0,19
2011,10,42,Bryony Worthington,1,355,2,91
2011,10,42,Jade Lauriston,1,30,0,9
2011,10,42,Alix Ramsay,1,2,1,4
2011,10,42,Anonymous,2,4,1,14
2011,10,42,Huw Hilditch-Roberts,1,0,0,9
2011,10,42,Marina Hyde,4,540,2,152
2011,10,42,Michael Solomon,1,5,0,6
2011,10,42,Helen Lang,1,16,0,20
2011,10,42,Felicity Cloake,1,301,3,46
2011,10,42,Alex Duval Smith,1,157,0,32
2011,10,42,southern Angola,1,157,0,32
2011,10,42,Philip Webb,1,25,1,25
2011,10,42,Aaron Porter,1,1,0,5
2011,10,42,Nick Cowen,2,88,4,94
2011,10,42,Nick Mead,1,11,1,13
2011,10,42,Tony Morgan,1,1,0,12
2011,10,42,Jean Gross,1,22,0,14
2011,10,42,Clive Betts,1,0,0,1
2011,10,42,Tim Wainwright,1,146,0,33
2011,10,42,Paul Burstow,1,5,0,17
2011,10,42,care services minister,1,5,0,17
2011,10,42,Patrick Ness,1,62,5,41
2011,10,42,pollster,1,5,0,3
2011,10,42,Garry Blight,1,208,2,27
2011,10,42,Lisa Villani,1,208,2,27
2011,10,42,Theresa Malone,1,208,2,27
2011,10,42,Kate Abbott,1,208,2,27
2011,10,42,Philip Hensher,1,26,0,8
2011,10,42,Huma Qureshi,2,1016,3,68
2011,10,42,Adam Vaughan,2,124,4,220
2011,10,42,Kate Bradbury,1,55,2,41
2011,10,42,Scott Murray,6,242,0,266
2011,10,42,Alan Rusbridger,1,281,7,287
2011,10,42,Frederika Whitehead,1,52,0,35
2011,10,42,Henry Green,1,45,0,12
2011,10,42,Waihnin Pwint Thon,1,208,1,30
2011,10,42,Oliver Laughland,2,0,0,2
2011,10,42,Interviews by Skye Sherwin. Photographs by Graeme Robertson,1,9,0,12
2011,10,42,Redina Auina,1,227,1,52
2011,10,42,Anna-Marie Crowhurst,1,159,1,30
2011,10,42,Rahila Gupta,1,32,1,20
2011,10,42,Honour Bayes,1,25,1,32
2011,10,42,Akala,1,981,2,42
2011,10,42,Viv Groskop,2,131,1,24
2011,10,42,Scott Cawley,1,0,0,22
2011,10,42,Robert McCrum,3,51,0,32
2011,10,42,John Elkington for the <a href="http://www.guardian.co.uk/guardian-professional?INTCMP=SRCH" title="">Guardian Professional Network</a>,1,68,0,41
2011,10,42,Ben Kape,1,151,0,18
2011,10,42,Nina Power,1,407,1,23
2011,10,42,Simon Singh,1,378,7,121
2011,10,42,Cian Murphy on the <a href="http://www.humanrights.ie/">Human Rights,1,131,2,28
2011,10,42,part of the <a href="http://www.guardian.co.uk/law/series/guardian-legal-network">Guardian Legal Network</a>,1,131,2,28
2011,10,42,Andy Field,1,60,0,25
2011,10,42,Jo Hill,1,0,0,12
2011,10,42,Dominic Rushe,5,671,4,106
2011,10,42,Jack Schofield,1,1,1,40
2011,10,42,Jeffrey Sachs,1,58,1,31
2011,10,42,James Ball,4,596,3,409
2011,10,42,Presented by Jason Solomons,2,13,0,6
2011,10,42,with Xan Brooks,2,13,0,6
2011,10,42,Interview by Jason Solomons,1,0,0,2
2011,10,42,Peter Madden for the <a href="http://www.guardian.co.uk/guardian-professional?INTCMP=SRCH" title="">Guardian Professional Network</a>,1,11,0,21
2011,10,42,Wendy Purcell,1,3,0,15
2011,10,42,Andy Brockie,1,90,7,154
2011,10,42,Moazzam Begg,1,148,0,45
2011,10,42,Helienne Lindvall,2,107,4,154
2011,10,42,Adrian Pabst,1,40,0,11
2011,10,42,Mercy Adhiambo for <a href="http://www.scidev.net/">SciDev.net</a>,1,40,0,55
2011,10,42,Chris Taylor,1,0,0,6
2011,10,42,David Spiegelhalter,1,43,0,14
2011,10,42,Maggie Brown,1,64,1,51
2011,10,42,Rob Bagchi,1,39,1,8
2011,10,42,Jason Pack,1,74,0,11
2011,10,42,Sami Zaptia,1,74,0,11
2011,10,42,Katherine Rose,1,84,0,13
2011,10,42,Adam Thorpe,1,16,0,33
2011,10,42,Judith Townend,1,19,0,9
2011,10,42,Presented by Tom Clark,2,6,0,11
2011,10,42,produced by Phil Maynard,2,6,0,11
2011,10,42,Amy Lawrence,1,60,1,36
2011,10,42,Sarah Ditum,1,56,0,46
2011,10,42,David Sillitoe,1,9,1,65
2011,10,42,Jamie Oliver,1,140,0,85
2011,10,42,Leo Benedictus,1,2,0,5
2011,10,42,Karen Greenberg,1,61,2,18
2011,10,42,Tom Cox,1,93,0,17
2011,10,42,Xan Brooks,3,369,7,128
2011,10,42,Xan Rice,1,70,1,22
2011,10,42,Tony Waterston,1,18,0,5
2011,10,42,Jonathan Paige,1,102,0,45
2011,10,42,Adam Broomberg,1,85,3,40
2011,10,42,Oliver Chanarin,1,85,3,40
2011,10,42,Bob Caldwell,1,0,0,0
2011,10,42,Selwyn Wright,1,33,0,14
2011,10,42,Godfrey Hodgson,1,0,0,2
2011,10,42,Brian Ayers,1,23,0,17
2011,10,42,Stuart James,5,126,0,51
2011,10,42,Ian Gittins,1,4,0,6
2011,10,42,George Hall,2,6,0,15
2011,10,42,Brian Cathcart,1,10,1,17
2011,10,42,James Charlton,1,45,0,53
2011,10,42,Interview by Jon Vale,1,3,0,4
2011,10,42,Maggie Gee,1,146,0,32
2011,10,42,DR Tucker for <a href="http://www.frumforum.com/why-the-tea-party-cant-accept-romney">FrumForum</a>,1,21,1,14
2011,10,42,part of the <a href="http://www.guardian.co.uk/commentisfree/series/guardian-comment-network">Guardian Comment Network</a>,1,21,1,14
2011,10,42,Fiona Copl,1,22,0,55
2011,10,42,Sue Garton,1,22,0,55
2011,10,42,Paul Hayward,3,39,0,26
2011,10,42,Libby Brooks,1,38,0,40
2011,10,42,Gary Younge,1,445,6,89
2011,10,42,Alexander Chancellor,1,15,0,11
2011,10,42,Sarah Butler,1,51,0,22
2011,10,42,Harry Pearson,1,17,1,21
2011,10,42,Jenny Purt for the <a href="http://www.guardian.co.uk/guardian-professional" title="Guardian Professional Network">Guardian Professional Network</a>,1,5,2,20
2011,10,42,Greg Wood at Brighton,1,4,0,10
2011,10,42,Phoebe Greenwoood,1,43,0,25
2011,10,42,David Hearst,1,139,0,42
2011,10,42,Julie Bindel,2,172,0,61
2011,10,42,Pamela Stephenson Connolly,1,42,0,10
2011,10,42,Susie White,1,3,0,12
2011,10,42,Michele Hanson,1,0,0,1
2011,10,42,Tess Shellard,1,205,6,49
2011,10,42,Tom Meltzer,1,0,0,0
2011,10,42,Sarah Phillips,2,201,1,137
2011,10,42,As overheard by John Crace,1,15,0,4
2011,10,42,Martin Aston,1,60,0,14
2011,10,42,Sadhbh Walshe,1,5,1,20
2011,10,42,Robin Denselow,4,687,4,52
2011,10,42,Tom Service,3,225,1,88
2011,10,42,Alex Macpherson,1,19,1,7
2011,10,42,Sadiq Khan,1,6,0,13
2011,10,42,Laura Barton,1,26,0,30
2011,10,42,Andrew Mueller,1,0,0,9
2011,10,42,Andrew Gilchrist,1,1,0,16
2011,10,42,Giles Richards,4,78,0,33
2011,10,42,Anne Billson,1,26,1,20
2011,10,42,Maddy Costa,2,6,1,11
2011,10,42,Jason Farago,1,49,1,19
2011,10,42,Jude Rogers,1,271,1,76
2011,10,42,Cath Clarke,3,43,0,24
2011,10,42,Martin Campbell-Kelly,1,2033,76,630
2011,10,42,Steve Rose,3,14,0,10
2011,10,42,Dorian Lynskey,2,194,3,41
2011,10,42,Caroline Sullivan,1,0,0,12
2011,10,42,Shaun Edwards,2,24,0,28
2011,10,42,Jeremy Plester,1,1,0,5
2011,10,42,Matt Wells,4,5308,26,650
2011,10,42,Rebecca Nicholson,2,6,0,25
2011,10,42,Tim Adams,4,846,3,106
2011,10,42,Richard Vize,2,2,0,21
2011,10,42,Harry Thomson,1,7,0,7
2011,10,42,Tony Juniper,1,48,0,89
2011,10,42,Peter Lewis,1,5,1,12
2011,10,42,Nick Morrison,1,3,0,2
2011,10,42,Geof Cox,1,46,0,80
2011,10,42,Sarah Pickworth,1,117,0,42
2011,10,42,Connie Jennings,1,8,0,3
2011,10,42,Anita Pati,1,15,0,5
2011,10,42,Hannah Fearn,1,0,0,1
2011,10,42,Duncan Green,1,328,3,107
2011,10,42,John Mullan,2,13,0,20
2011,10,42,Emma Jones,1,17,0,25
2011,10,42,Richard Cookson,1,2,0,9
2011,10,42,reader,1,2,0,9
2011,10,42,University of York Centre for Health Economics,1,2,0,9
2011,10,42,Dea Birkett,1,526,3,148
2011,10,42,Zoe Betts,1,9,0,15
2011,10,42,newly qualified social worker,1,9,0,15
2011,10,42,William Boyd,1,40,0,24
2011,10,42,Helen Dunmore,1,102,0,16
2011,10,42,James Richardson,1,22,0,9
2011,10,42,Matt Hall,2,23,0,12
2011,10,42,Jason N Parkinson/reportdigital.co.uk,1,336,0,47
2011,10,42,PJ White,1,34,0,10
2011,10,42,Julian Baggini,1,431,15,63
2011,10,42,Presented by Hugh Muir,1,50,0,18
2011,10,42,produced by Peter Sale,1,50,0,18
2011,10,42,James Dart,1,1,0,4
2011,10,42,Invisible woman,1,16,0,21
2011,10,42,Saptarshi Ray,1,101,0,33
2011,10,42,Ranj Alaaldin,1,121,0,29
2011,10,42,Benedicte Page,1,30,0,21
2011,10,42,Guardian Government Computing,1,0,0,0
2011,10,42,Jane Perrone,1,27,0,20
2011,10,42,Vicky Frost,2,380,1,23
2011,10,42,Hélène Mulholl,2,433,5,135
2011,10,42,Arwa Mahdawi,1,22,0,41
2011,10,42,Gordon Edge,1,27,0,35
2011,10,42,Emma Brockes,1,4224,71,684
2011,10,42,Johnny Howorth,1,110,0,20
2011,10,42,Christian Bennett,1,110,0,20
2011,10,42,Alison Cahn for the <a href="http://www.guardian.co.uk/guardian-professional?INTCMP=SRCH" title="">Guardian Professional Network</a>,1,62,0,13
2011,10,42,Duncan Campbell,1,17,0,3
2011,10,42,Shiv Malik,2,2860,11,770
2011,10,42,Dugald Baird,1,79,1,72
2011,10,42,Rick Gekoski,1,28,1,42
2011,10,42,Isabel Choat,1,70,0,62
2011,10,42,Allan Jenkins,2,201,0,78
2011,10,42,Daniel Rosenthal,1,51,0,7
2011,10,42,Fiona Sibley,1,0,0,13
2011,10,42,Presented by John Plunkett,1,1,0,17
2011,10,42,Geoffrey Macnab,1,8,0,16
2011,10,42,Alistair Smith,1,4,0,11
2011,10,42,Laura Oliver,1,0,0,5
2011,10,42,Rankin,1,114,1,77
2011,10,42,Jenny Jones,1,39,2,17
2011,10,42,David Lacey,1,4,0,34
2011,10,42,Owen Bowcott,1,30,0,23
2011,10,42,Jon Vale,2,17,0,8
2011,10,42,Terry Macalister,3,1174,0,242
2011,10,42,Simon Trace,1,74,0,56
2011,10,42,Kate Grenville,1,1,1,0
2011,10,42,with an introduction by Geoff Dyer,1,1,1,0
2011,10,42,Alex Aldridge,1,442,0,77
2011,10,42,Celia Richardson,1,10,0,14
2011,10,42,Samuel Jay Keyser,1,45,0,44
2011,10,42,Chude Jideonwo,1,104,0,51
2011,10,42,<a href="http://www.ifixit.com/" title="">iFixit</a>,1,17,2,31
2011,10,42,Presented by Claire Armitstead,1,31,0,28
2011,10,42,Lisa Foreman,1,413,1,124
2011,10,42,Katharine Viner,1,323,2,43
2011,10,42,Dan Gillmor,1,10,1,22
2011,10,42,Matthew Cresswell,1,124,2,31
2011,10,42,Ailsa Bosworth,1,59,0,6
2011,10,42,Robert Engelman for <a href="http://www.e360.yale.edu" title="Yale Environment 360">Yale Environment 360</a>,1,97,2,40
2011,10,42,George Chesterton,1,1,0,14
2011,10,42,Colin O'Hanlon,1,0,0,6
2011,10,42,Henry Barnes,2,44,1,7
2011,10,42,Geoff Dyer,1,335,9,113
2011,10,42,Tim Richardson,1,0,0,0
2011,10,42,Danny Leigh,2,1257,13,194
2011,10,42,Jonathan Glancey,2,106,4,84
2011,10,42,Paul Doyle (early),1,1,0,27
2011,10,42,Amy Lawrence (later),1,1,0,27
2011,10,42,Brad Maher,1,1040,15,120
2011,10,42,Simon Burnton,1,3,0,14
2011,10,42,Guardian Healthcare,2,8,0,6
2011,10,42,Jennifer Allen,1,101,1,22
2011,10,42,Ian Jack,1,24,2,26
2011,10,42,Patrick Foster,1,142,1,37
2011,10,42,Ben Goldacre,1,173,22,192
2011,10,42,Giles Richards at Yeongam,3,24,0,20
2011,10,42,Jeremy Lott,1,25,0,37
2011,10,42,Lawrence Donegan,1,5,1,7
2011,10,42,Carole Jahme,1,23,0,26
2011,10,42,Jon Robins,1,9,0,25
2011,10,42,Jesse Norman,1,43,0,22
2011,10,42,Joan Smith,1,1,1,10
2011,10,42,Anna-Claire Bevan,1,204,3,93
2011,10,42,Howard Cooper,1,13,0,15
2011,10,42,Susannah Clapp,1,4,0,8
2011,10,42,Lauren Cochrane,1,132,0,51
2011,10,42,Matt Cavanagh,1,14,0,27
2011,10,42,<strong>Phillip Inman </strong>Paris<strong>,1,25,0,36
2011,10,42,David Gow </strong>Brussels,1,25,0,36
2011,10,42,<strong>Heather Stewart</strong>,1,25,0,36
2011,10,42,Martin Rowson,2,121,0,44
2011,10,42,Jim Perrin,1,0,0,37
2011,10,42,Kevin Gallagher,1,41,0,19
2011,10,42,Katherine Koleski,1,41,0,19
2011,10,42,Interview by Susanna Rustin,1,279,3,46
2011,10,42,Tanya Gold,1,192,3,40
2011,10,42,Ana Sofia Suarez,1,1110,7,136
2011,10,42,Shimri Zameret,1,1110,7,136
2011,10,42,Barry Neild,2,2008,6,289
2011,10,42,Ariel Dorfman,1,73,0,13
2011,10,42,Gwyneth Lewis,1,5,0,11
2011,10,42,Sally Shalam,1,4,0,20
2011,10,42,Elisabeth Eaves,1,17,1,19
2011,10,42,Susan Gough Henly,1,28,0,24
2011,10,42,Kevin Gould,1,502,1,117
2011,10,42,Gemma Bowes,1,166,1,56
2011,10,42,Josh Lacey,1,2,0,0
2011,10,42,John Burnside,1,14,0,29
2011,10,42,Margaret Atwood,1,381,4,138
2011,10,42,Lisa Appignanesi,1,5,0,4
2011,10,42,Carrie O'Grady,1,5,0,0
2011,10,42,Sean O'Brien,1,7,0,7
2011,10,42,Charles Nicholl,1,44,2,10
2011,10,42,Kathryn Hughes,1,6,0,1
2011,10,42,Steven Poole,1,1,0,14
2011,10,42,Sue Arnold,1,4,0,0
2011,10,42,Jane Feaver,1,13,0,1
2011,10,42,Amanda Vickery,1,198,1,45
2011,10,42,Ned Beauman,1,29,0,39
2011,10,42,Stephen Kelman,1,8,0,6
2011,10,42,Gillian Slovo,1,70,0,3
2011,10,42,Leonard Barden,1,10,0,3
2011,10,42,John O'Connell,1,1,0,7
2011,10,42,Alys Fowler,2,21,0,6
2011,10,42,Geoffrey Wadhurst,1,0,0,3
2011,10,42,Jeremy Bullmore,1,4,0,2
2011,10,42,Lia Leendertz,2,24,0,2
2011,10,42,John Lanchester,2,280,0,84
2011,10,42,Sali Hughes,3,35,0,33
2011,10,42,Stephen Collins,1,20,0,4
2011,10,42,Chris Fenn,1,2906,21,381
2011,10,42,Dan Lepard,1,72,0,20
2011,10,42,Thomas Eaton,1,0,0,0
2011,10,42,Fiona Beckett,1,166,1,30
2011,10,42,Pedro Juan Perez,1,219,0,16
2011,10,42,Yotam Ottolenghi,1,26,0,10
2011,10,42,Matthew Fort,1,0,0,1
2011,10,42,Clarissa Dickson Wright,1,0,0,6
2011,10,42,Oliver Burkeman,1,37,2,53
2011,10,42,Interview: <strong>Becky Barnicoat</strong>. Portrait: <a href="http://www.emilystein.co.uk/" title=""><strong>Emily Stein</strong></a>,1,438,0,5
2011,10,42,Ambra Edwards,1,10,0,7
2011,10,42,Tom Dyckhoff,1,471,0,19
2011,10,42,Jess Cartner-Morley,2,8,0,9
2011,10,42,Finbarr Sheehy,1,0,0,5
2011,10,42,Eva Wiseman,3,5,0,14
2011,10,42,The Observer,1,5,0,10
2011,10,42,Hugh Fearnley-Whittingstall,1,162,3,11
2011,10,42,Rosanna Greenstreet,1,90,0,18
2011,10,42,<strong>Hannah Booth</strong>,1,27,0,45
2011,10,42,<strong>Susanna Clarke</strong>,1,27,0,45
2011,10,42,Marie Myung-Ok Lee,1,2310,20,296
2011,10,42,Marc Lockley,1,29,0,18
2011,10,42,Miles Brignall,7,185,0,154
2011,10,42,Lucy Siegle,2,697,5,259
2011,10,42,As told to Nadiya Takolia,1,11,0,15
2011,10,42,Graham Snowdon,1,19,0,25
2011,10,42,Rupert Jones,2,115,0,130
2011,10,42,Simon Birch,1,106,0,114
2011,10,42,The Secret Footballer,1,19,1,35
2011,10,42,Tim Radford,1,0,0,0
2011,10,42,Andrew Collins,1,1,0,3
2011,10,42,Richard Sprenger,1,1,0,3
2011,10,42,James Kettle,2,36,0,11
2011,10,42,Alex Worrall,1,2,0,1
2011,10,42,Jonathan Bernstein,1,48,0,15
2011,10,42,Elizabeth Sankey,1,1,0,1
2011,10,42,Annalisa Barbieri,1,125,0,17
2011,10,42,Joanna Moorhead,1,14,0,11
2011,10,42,Charlie Condou,1,4,0,20
2011,10,42,Roy Wilkinson,1,140,1,29
2011,10,42,The Guide,3,9,0,7
2011,10,42,Bidisha,1,63,0,27
2011,10,42,Josie Long,1,11,0,6
2011,10,42,Maggie O'Kane,1,69,1,8
2011,10,42,Robert Clark,1,3,0,12
2011,10,42,Jon &amp; Mick/moderntoss.com,1,1,0,3
2011,10,42,Nick McGrath,1,3,0,10
2011,10,42,Grace Dent,1,40,0,69
2011,10,42,John Fordham &amp; John Robinson,1,0,0,1
2011,10,42,Nick Gillett,1,0,0,44
2011,10,42,Patric Baird,1,20,0,7
2011,10,42,John Mitchell,1,20,0,7
2011,10,42,Sam Richards &amp; Marc Rowlands,1,20,0,7
2011,10,42,Interview by Alexandra Topping,1,0,0,19
2011,10,42,Sam Richards,1,269,0,14
2011,10,42,Robert Clark &amp; Skye Sherwin,1,10,0,15
2011,10,42,Mark Cook,1,32,0,12
2011,10,42,Lyn Gardner &amp; Judith Mackrell,1,32,0,12
2011,10,42,Suzanne Moore,1,364,2,66
2011,10,42,John Patterson,1,1,0,13
2011,10,42,Iain Aitch,1,31,0,8
2011,10,42,Clare Considine &amp; Katrina Dixon,1,31,0,8
2011,10,42,Susanna Rustin,1,128,1,51
2011,10,42,Justin Quirk,1,173,1,34
2011,10,42,Nicola Jennings,1,1,0,4
2011,10,42,Evan Fanning,3,138,2,125
2011,10,42,Joe Berger,1,0,0,7
2011,10,42,Pascal Wyse,1,0,0,7
2011,10,42,Jill Dawson,1,51,2,49
2011,10,42,Diego Beas,1,802,3,126
2011,10,42,Lijia Zhang,1,41,2,42
2011,10,42,Gareth Parry,1,0,0,3
2011,10,42,James Lasdun,1,56,0,20
2011,10,42,Andrew Brown,1,364,7,176
2011,10,42,Sam Haselby,1,118,1,27
2011,10,42,Eddie Butler at Eden Park,3,248,2,24
2011,10,42,Presented by Alexis Petridis,1,2,0,12
2011,10,42,Paul Wilson at Anfield,1,62,0,50
2011,10,42,Andy Hunter at Anfield,2,37,0,80
2011,10,42,Ewan Murray at Rugby Park,2,0,0,10
2011,10,42,Jonny Weeks,2,12,0,20
2011,10,42,Andrew Watt,1,7,0,18
2011,10,42,Dean Ryan,1,40,0,22
2011,10,42,Will Hayler at Ascot,1,56,0,3
2011,10,42,Robert Kitson at Eden Park,3,194,0,15
2011,10,42,Richard Gibson at the DW Stadium,1,1,0,10
2011,10,42,Richard Rae at Carrow Road,2,8,0,12
2011,10,42,Tom Finn,2,76,0,70
2011,10,42,James Callow at the Britannia Stadium,1,3,0,8
2011,10,42,John Domokos,2,2276,4,111
2011,10,42,Mustafa Khalili,2,2276,4,111
2011,10,42,Paul Doyle at Loftus Road,2,8,0,16
2011,10,42,Tim Rich at Etihad Stadium,2,16,1,29
2011,10,42,Richard Williams at Eden Park,2,45,0,20
2011,10,42,Paul Rees at Eden Park,3,41,0,9
2011,10,42,Jacob Steinberg,3,9,0,42
2011,10,42,Joe Lovejoy at the Ricoh Arena,1,4,0,3
2011,10,42,Georgina Turner at Pride Park,1,12,0,3
2011,10,42,Nial Briggs,1,0,0,8
2011,10,42,Greg Wood at Ascot,2,20,0,11
2011,10,42,Amy Lawrence at Stamford Bridge,1,11,0,49
2011,10,42,John Naughton,2,2948,92,551
2011,10,42,Daniel Boffey,3,471,1,153
2011,10,42,Tom Jenkins,2,83,1,67
2011,10,42,Mark Townsend,3,6168,24,376
2011,10,42,Jamie Doward,3,1970,9,597
2011,10,42,Toby Helm,2,1562,8,446
2011,10,42,Jim Murphy,1,17,0,9
2011,10,42,Wayne Bentley,1,16,0,14
2011,10,42,Tracy McVeigh,2,180,0,61
2011,10,42,David Hills,1,4,0,9
2011,10,42,Observer staff,1,17,0,6
2011,10,42,Louise Taylor,2,19,0,12
2011,10,42,Margaret Dibben,3,0,0,45
2011,10,42,Nick Cohen,1,387,5,114
2011,10,42,Eleanor Morgan,8,548,4,103
2011,10,42,Peter Preston,7,48,1,144
2011,10,42,Alex Clark,2,100,0,23
2011,10,42,Philippa Young,1,989,8,85
2011,10,42,Rowenna Davis,1,598,20,332
2011,10,42,Elizabeth Day,1,40,0,8
2011,10,42,Andrew Anthony,2,217,3,52
2011,10,42,Tim Hayward,1,4,0,4
2011,10,42,Nigel Slater,4,113,0,35
2011,10,42,John Hind,2,193,1,10
2011,10,42,Ian Birrell,1,14,0,1
2011,10,42,Talitha Stevenson,1,1,0,0
2011,10,42,Fiona Maddocks,2,3,0,11
2011,10,42,Nicholas Kenyon,1,0,0,2
2011,10,42,Ian Thomson,1,5,0,0
2011,10,42,David Williams,1,2,0,5
2011,10,42,Phil Hogan,1,1,0,3
2011,10,42,Miranda Sawyer,2,110,0,31
2011,10,42,Kevin McKenna,1,18,0,13
2011,10,42,Catherine Bennett,1,40,0,17
2011,10,42,Dalya Alberge,2,45,1,33
2011,10,42,Rich Flower,1,6,0,4
2011,10,42,Tim Lewis,2,45,1,41
2011,10,42,Mariella Frostrup,1,14,0,1
2011,10,42,Tom Lamont,1,164,0,10
2011,10,42,Jay Rayner,4,158,2,91
2011,10,42,Killian Fox,2,71,0,9
2011,10,42,Katharine Whitehorn,1,2,0,0
2011,10,42,Fuchsia Dunlop,1,19,0,4
2011,10,42,Louise Carpenter,1,90,0,15
2011,10,42,Nathan Ditum,1,0,0,0
2011,10,42,Philippa Gregory,1,32,0,3
2011,10,42,Simon Hopkinson,1,17,0,2
2011,10,42,Charlotte Newman,1,7,1,3
2011,10,42,Philip French,12,39,0,34
2011,10,42,Peter Conrad,1,32,0,7
2011,10,42,Edmund Gordon,1,3,0,1
2011,10,42,Dave Gelly,1,10,0,0
2011,10,42,Phil Mongredien,1,1,1,2
2011,10,42,Derek Brower,1,17,0,14
2011,10,42,Kitty Empire,3,23,0,7
2011,10,42,Quentin Wheeler,1,29,2,20
2011,10,42,Rachel Cooke,1,12,0,4
2011,10,42,Mark Kermode,1,2,0,1
2011,10,42,Dan Pearson,1,3,0,0
2011,10,42,Gay dad,1,0,0,1
2011,10,42,Oliver Owen,1,0,0,5
2011,10,42,Shahesta Shaitly,2,6,0,2
2011,10,42,Martin Love,1,1,0,4
2011,10,42,Peter Jinks,1,106,4,45
2011,10,42,Ally Carnwath,1,2,0,5
2011,10,42,Jason Solomons,3,79,0,38
2011,10,42,Will Freeman,1,4,0,4
2011,10,42,Joanne O'Connor,1,8,0,25
2011,10,42,Stephen Pritchard,1,0,0,1
2011,10,42,Observer,1,1,0,12
2011,10,42,Hermione Hoby,1,1,0,6
2011,10,42,Neil Spencer,1,0,0,4
2011,10,42,Kate Kellaway,2,76,2,51
2011,10,42,Rowan Moore,1,30,0,9
2011,10,42,Clare Brennan,1,27,0,6
2011,10,42,Natalie Haynes,1,25,0,11
2011,10,42,Sam Price,1,32,2,25
2011,10,42,David Mitchell,1,531,2,96
2011,10,42,William Keegan,1,6,0,11
2011,10,42,Michael Cohen,1,208,6,44
2011,10,42,Morwenna Ferrier,1,41,1,15
2011,10,42,Vanessa Thorpe,2,871,3,64
2011,10,42,arts,1,850,2,38
2011,10,42,Tom Kington,1,69,0,42
2011,10,42,Barbara Ellen,1,10,0,6
2011,10,42,Hephzibah Anderson,1,8,1,3
2011,10,42,Andrew Rawnsley,1,58,2,65
2011,10,42,Solomon Hughes,1,21,1,26
2011,10,42,Maria Kuehn,1,13,0,1
2011,10,42,Simon Amster,1,6,0,2
2011,10,42,Euan Ferguson,1,74,1,43
2011,10,42,Dr Gerry Mander,1,3,0,9
2011,10,42,Jamie Jackson at the Liverpool Echo Arena,1,2,0,2
2011,10,42,Wendy Berliner,1,4,0,0
2011,10,42,Andrew Miller,1,78,2,71
2011,10,42,Oliver Payne,1,51,0,57
2011,10,42,Ian Paulsen,1,8,1,15
2011,10,42,Adam Scorer,1,4,0,55
2011,10,42,Bob O'Hara,1,41,1,26
2011,10,42,Tom Davies,1,53,0,26
2011,10,42,Tony Greenham,1,812,1,116
2011,10,42,John Ashdown at Bramall Lane,1,8,0,3
2011,10,42,Stuart James at The Hawthorns,2,2,0,9
2011,10,42,Gregg Roughley,1,3,0,37
2011,10,42,David Hytner at Emirates Stadium,1,38,1,20
2011,10,42,Tony Palmer,1,10,0,0
2011,10,42,Tony Leighton,1,0,0,3
2011,10,42,Sibel Erduran,1,35,0,7
2011,10,42,Christopher Terry,1,0,0,7
2011,10,42,Tim Williams,1,21,0,22
2011,10,42,David Katz,1,17,0,14
2011,10,42,Caroline Richmond,1,3,0,17
2011,10,42,Veronica Horwell,1,10,0,36
2011,10,42,Kevin McCarra at St James' Park,1,11,0,11
2011,10,42,Chris Elliott,1,6,0,15
2011,10,42,Nicholas Watt,4,513,3,373
2011,10,42,Chris McGreal,1,651,0,165
2011,10,42,Stafford Scott,1,70,1,30
2011,10,42,Heidi Stephens,1,6,0,16
2011,10,42,Jarvis Cocker,1,168,0,32
2011,10,42,Dan Hancox,1,18,0,0
2011,10,42,Peter Robinson,1,34,0,11
2011,10,42,Decca Aitkenhead,1,1711,9,355
2011,10,42,Charlie Swinbourne,1,134,1,25
2011,10,42,Sarah Dempster,1,7,0,11
2011,10,42,Nabila Ramdani,1,485,4,65
2011,10,42,Stephen Moss,1,82,9,53
2011,10,42,Charlie Brooker,1,11627,54,1151
2011,10,42,Mark Cocker,1,5,0,22
2011,10,42,Stephen Newton,1,82,0,43
2011,10,42,Jackie Ashley,1,22,0,36
2011,10,42,Andrew Mueller Jonathan Wright,1,1,0,7
2011,10,42,Louise Taylor at St James' Park,1,1,0,16
2011,10,42,Interview by Sarah Phillips,1,98,0,29
2011,10,42,Michael Aylwin,1,17,0,2
2011,10,42,Martin Kelner,1,18,0,21
2011,10,42,David Pleat,1,31,0,17
2011,10,42,Daniel Taylor at Anfield,1,77,0,50
2011,10,42,Dominic Fifield at Stamford Bridge,1,40,0,26
2011,10,42,Richard Gibson at DW Stadium,1,0,0,5
2011,10,42,James Callow at Britannia Stadium,1,1,0,6
2011,10,42,Paul Brown,1,4,0,17
2011,10,42,Alan Pickup,1,6,0,8
2011,10,42,Andy Burton,1,0,0,7
2011,10,42,Bobbie Johnson,1,0,0,1
2011,10,42,Ian Osborne,1,0,0,4
2011,10,42,Guy Clapperton,1,9,0,4
2011,10,42,Kate Craig-Wood,1,1,1,6
