year,month,week,name,articles,facebook,googleplus,twitter
2012,4,16,Guardian staff,1,1407,22,188
2012,4,16,Press Association,138,6209,55,3702
2012,4,16,Ewan Murray at Augusta,1,1,0,6
2012,4,16,Lawrence Donegan at Augusta,1,18,0,31
2012,4,16,Sarah Hughes,1,18,0,25
2012,4,16,Associated Press,53,2097,47,1635
2012,4,16,David Lengel,2,4,0,10
2012,4,16,Keith Stuart,9,65,5,474
2012,4,16,Adam Lopez,1,3000,15,281
2012,4,16,Jacob Steinberg,6,202,1,178
2012,4,16,James Riach,1,32,1,31
2012,4,16,Simon Burnton,5,337,8,332
2012,4,16,Andrew Sparrow,2,0,0,16
2012,4,16,Guardian readers,10,264,0,119
2012,4,16,Alice Bell,1,288,3,109
2012,4,16,Princess Megan,1,0,0,17
2012,4,16,GrrlScientist,19,72,43,346
2012,4,16,Phil Maynard,1,171,1,62
2012,4,16,Andy Gallagher,4,317,2,158
2012,4,16,Hélène Mulholland,10,828,15,573
2012,4,16,Martin Wainwright,8,177,2,271
2012,4,16,Mathilda Gregory,1,10,0,30
2012,4,16,Dave Hill,9,146,1,251
2012,4,16,David Rowntree,1,35,0,40
2012,4,16,Stuart Heritage,6,179,1,150
2012,4,16,Peter Walker,4,186,0,194
2012,4,16,Victoria Bekiempis,1,359,6,75
2012,4,16,Nick Spencer,1,10,3,35
2012,4,16,David Brindle,1,1008,3,413
2012,4,16,Greg Wood,10,26,0,114
2012,4,16,Mark Tallentire,1,7,0,8
2012,4,16,David Barnett,1,179,1,125
2012,4,16,Sid Lowe,4,419,10,357
2012,4,16,Jonathan Jones,10,346,4,256
2012,4,16,Alan Connor,2,9,1,27
2012,4,16,Paolo Bandini,3,174,1,197
2012,4,16,Ana Marie Cox,3,93,1,69
2012,4,16,Adam Boult,7,76,0,151
2012,4,16,Ed Yong,1,111,14,59
2012,4,16,Dominic Fifield,7,221,0,226
2012,4,16,Mark Lawson,3,51,3,71
2012,4,16,John Burn-Murdoch,5,189,30,344
2012,4,16,Paul Weaver,7,468,8,861
2012,4,16,Ian Black,17,1054,31,1391
2012,4,16,,14,20345,80,4335
2012,4,16,agencies,35,2431,53,1968
2012,4,16,Jill Robinson,1,2,0,14
2012,4,16,Paul Haydon,1,98,1,35
2012,4,16,Paul Allen,1,0,0,6
2012,4,16,Bob Moon,1,25,0,19
2012,4,16,Roy Nevitt,1,25,0,19
2012,4,16,Anna Little,1,418,0,22
2012,4,16,Laurence Topham,1,418,0,22
2012,4,16,Mustafa Khalili,1,418,0,22
2012,4,16,James Westcott,1,97,11,126
2012,4,16,Patrick Wintour,24,1614,26,1920
2012,4,16,Dan Milmo,7,240,8,283
2012,4,16,Carol Rumens,1,19,0,20
2012,4,16,Faultline Fiction Fanatics (group member),1,2,0,18
2012,4,16,Joe Prince-Wright,1,3,0,10
2012,4,16,Steve Busfield,1,3,0,10
2012,4,16,Dominic Rushe,13,811,22,1331
2012,4,16,Naomi Wolf,1,64,0,89
2012,4,16,Lord Avebury,1,366,5,596
2012,4,16,others,1,366,5,596
2012,4,16,Clar Ni Chonghaile,1,274,0,80
2012,4,16,Robert Booth,7,12908,65,2707
2012,4,16,David Smith,6,995,13,440
2012,4,16,Jill Treanor,11,347,9,298
2012,4,16,Stefan Stern,1,14,1,89
2012,4,16,Simon Goodley,8,89,4,279
2012,4,16,Tania Branigan,15,590,71,1140
2012,4,16,John Hooper,3,313,13,255
2012,4,16,north-west Italy,1,113,1,142
2012,4,16,Marc Abrahams,1,228,9,57
2012,4,16,Aisha Gill,1,81,0,54
2012,4,16,Khatun Sapnara,1,81,0,54
2012,4,16,Rhona,1,0,0,14
2012,4,16,Maya,1,0,0,14
2012,4,16,aged 1,1,0,0,14
2012,4,16,Ian McCourt,4,24,0,151
2012,4,16,Emma Graham-Harrison,11,1080,6,315
2012,4,16,Louise Taylor at St James' Park,1,14,0,21
2012,4,16,Paul Wilson at Goodison Park,1,5,0,19
2012,4,16,David Hytner at White Hart Lane,1,67,0,42
2012,4,16,Lawrence Donegan at Augusta National,1,4,0,13
2012,4,16,Ryan Devereaux,4,294,5,39
2012,4,16,Godfrey Mapondera,1,220,1,45
2012,4,16,David Hearst,1,43,0,26
2012,4,16,Alexandra Topping,5,5023,21,810
2012,4,16,Ed Pilkington,9,1016,22,394
2012,4,16,Jamie Thomson,1,50,0,14
2012,4,16,George Hall,3,9,0,30
2012,4,16,Judith Mackrell,3,119,0,34
2012,4,16,Kate Molleson,1,2,0,6
2012,4,16,Rian Evans,1,0,0,15
2012,4,16,Lyn Gardner,9,401,1,175
2012,4,16,Brian Braiker,8,4370,31,789
2012,4,16,Diane Taylor,1,34,1,20
2012,4,16,Severin Carrell,2,753,13,325
2012,4,16,Scotl,2,753,13,325
2012,4,16,Martin Cross,1,367,4,63
2012,4,16,Jamie Jackson,13,576,2,594
2012,4,16,Corrections,6,10,0,8
2012,4,16,Will Hayler,12,28,0,125
2012,4,16,Helen Pidd,6,841,8,351
2012,4,16,Caroline Davies,4,275,5,262
2012,4,16,Valerie Hannah,1,22,0,30
2012,4,16,Janet Murray,1,2,0,66
2012,4,16,Stephen Heath,1,0,0,23
2012,4,16,Mike Boxall,1,4,0,48
2012,4,16,Adam Gabbatt,5,107,4,161
2012,4,16,Jayati Ghosh,1,88,1,19
2012,4,16,Ben Quinn,5,1454,15,384
2012,4,16,Jason Burke,1,717,1,210
2012,4,16,Amanda Michel,1,140,1,314
2012,4,16,Amanda Holpuch,4,255,4,663
2012,4,16,Stephen Machin,1,8,0,109
2012,4,16,Fiona Millar,1,66,1,93
2012,4,16,Jenny Diski,1,29,0,46
2012,4,16,Matthew Taylor,6,3485,27,579
2012,4,16,Louise Tickle,1,97,2,102
2012,4,16,Andy Wilson at Galpharm Stadium,1,0,0,4
2012,4,16,Stuart James at Villa Park,1,1,0,21
2012,4,16,Liz Lightfoot,1,58,0,67
2012,4,16,Michele Hanson,2,76,1,85
2012,4,16,Jonathan Wright,4,16,0,51
2012,4,16,Julia Raeside,4,16,0,62
2012,4,16,Ben Arnold,2,16,0,29
2012,4,16,David Stubbs,3,16,0,49
2012,4,16,Gwilym Mumford,1,16,0,16
2012,4,16,Phelim O'Neill,6,27,0,75
2012,4,16,Jon Henley,2,271,13,187
2012,4,16,Leo Benedictus,2,21,1,80
2012,4,16,Patrick Barkham,3,126,1,103
2012,4,16,Aditya Chakrabortty,1,576,16,149
2012,4,16,Imogen Fox,3,149,1,112
2012,4,16,John Harris,2,67,0,101
2012,4,16,Alok Jha,4,5760,344,1539
2012,4,16,Vicky Frost,2,26,0,50
2012,4,16,Stuart Dredge,10,227,11,1190
2012,4,16,Denis Campbell,3,612,11,374
2012,4,16,Ed Douglas,1,6,0,45
2012,4,16,Hadley Freeman,4,344,5,224
2012,4,16,Adrian Searle,2,85,0,56
2012,4,16,Ben Jennings,1,19,0,24
2012,4,16,Steve Rose,5,2627,36,303
2012,4,16,Alison Flood,13,3070,14,957
2012,4,16,Peter Bradshaw,5,137,1,97
2012,4,16,Editorial,21,648,16,805
2012,4,16,Steve Bell,7,344,4,239
2012,4,16,Alexis Petridis,4,1248,3,155
2012,4,16,Rami Khouri,1,4,0,14
2012,4,16,Richard Adams,4,138,2,211
2012,4,16,William Fotheringham,1,1,0,16
2012,4,16,Sam Wollaston,5,81,0,93
2012,4,16,Michael Billington,6,632,2,184
2012,4,16,Dominic Fifield at Craven Cottage,1,14,0,54
2012,4,16,Andrew Clements,4,67,0,46
2012,4,16,Polly Toynbee,1,235,3,156
2012,4,16,Tom McCarthy,6,362,5,188
2012,4,16,Luke Harding,4,38,0,73
2012,4,16,Dan Gillmor,1,35,14,160
2012,4,16,Donald McRae,2,9,0,31
2012,4,16,Richard Williams,1,8,0,12
2012,4,16,Ewan Murray at Augusta National,1,0,0,14
2012,4,16,Paul Doyle at Upton Park,1,5,0,18
2012,4,16,Richard Wiseman,1,375,14,225
2012,4,16,Huw Silk,1,23,0,12
2012,4,16,Gail Leonard,1,154,3,112
2012,4,16,Richard Sprenger,5,395,4,238
2012,4,16,Nicholas Watt,23,1873,36,1525
2012,4,16,David Sturges,1,11,0,145
2012,4,16,Chris Bird,1,30,0,43
2012,4,16,Tara Conlan,1,3,0,19
2012,4,16,Coun John Coyne,1,31,1,67
2012,4,16,Michael Frayn,1,2,0,20
2012,4,16,Ryan Owen Gibson,1,187,7,147
2012,4,16,Charles Arthur,13,490,45,1474
2012,4,16,Josephine Moulds,6,87,7,290
2012,4,16,Stephen Curry,1,273,32,110
2012,4,16,Susheela Raman,1,124,0,39
2012,4,16,Jon Scown,1,10,0,26
2012,4,16,Murong Xuecun,1,17,0,33
2012,4,16,translated by Harvey Thomlinson,1,17,0,33
2012,4,16,Richard Lea,3,598,10,215
2012,4,16,Purple Unicorns (group member),9,0,1,83
2012,4,16,Keith Brown,1,81,0,38
2012,4,16,Sally Hesmondhalgh,1,4,0,14
2012,4,16,Polly Curtis,4,195,3,202
2012,4,16,Fiona Walsh,1,0,0,15
2012,4,16,Wendy Jones,1,100,2,83
2012,4,16,Roger Tooth,1,248,4,318
2012,4,16,Gideon Skinner,1,3,0,19
2012,4,16,Andy Cutler,1,1,0,22
2012,4,16,Will Hodson,1,509,7,188
2012,4,16,Hayder al-Khoei,1,46,3,34
2012,4,16,Raphael Honigstein,2,67,0,36
2012,4,16,Vikram Dodd,5,921,17,470
2012,4,16,Monkey,13,56,2,330
2012,4,16,Simon Rogers,9,436,23,804
2012,4,16,Bella Mackie,3,0,0,3
2012,4,16,Gines Haro Pastor,4,0,0,0
2012,4,16,Ben Child,11,1565,20,594
2012,4,16,Kate Hodge,6,6,0,122
2012,4,16,Anna Chesters,1,35,1,23
2012,4,16,Dick Vinegar,1,3,0,27
2012,4,16,Frédéric Filloux,1,28,6,179
2012,4,16,John Plunkett,11,303,2,348
2012,4,16,Helienne Lindvall,4,366,2,61
2012,4,16,Rajika Bhandari,1,35,2,53
2012,4,16,Jeff Jarvis for <a href="http://www.buzzmachine.com/" title="">BuzzMachine</a>,1,17,2,73
2012,4,16,part of the <a href="http://www.guardian.co.uk/commentisfree/series/guardian-comment-network" title="">Guardian Comment Network</a>,2,140,2,87
2012,4,16,Daniel Sokol,1,28,0,36
2012,4,16,Michael Cox,1,49,1,86
2012,4,16,Jean-Louis Gassée,1,4,2,97
2012,4,16,Gill Hitchcock,2,2,0,10
2012,4,16,Yvonne Gordon,1,44,0,43
2012,4,16,Jonathan Wilson,1,1201,4,304
2012,4,16,Nicholas Lezard,1,2,0,18
2012,4,16,Peter Madden for the <a href="http://www.guardian.co.uk/guardian-professional" title="Guardian Professional Network">Guardian Professional Network</a>,1,8,0,31
2012,4,16,John Vidal,1,84,1,39
2012,4,16,Linda Barlow,1,0,0,0
2012,4,16,Owen Duffy,1,9,0,34
2012,4,16,Andrew Pulver,5,45,2,68
2012,4,16,Helen Czerski,1,2,1,37
2012,4,16,Mark Rice-Oxley,1,46,0,7
2012,4,16,Phil Hoad,2,117,0,87
2012,4,16,Michael Cragg,4,295,2,161
2012,4,16,Jorge Hage,1,0,0,7
2012,4,16,Joshua Rozenberg,1,42,0,38
2012,4,16,The Guardian Media Network,1,9,0,18
2012,4,16,Celeste Hicks,1,77,4,42
2012,4,16,Chris Cook,10,119,0,92
2012,4,16,Tony Paley,2,2,0,13
2012,4,16,Mark Weisbrot,1,4537,28,451
2012,4,16,Tom Clark,1,16,4,46
2012,4,16,Hannah Waldram,5,21,0,43
2012,4,16,Hélène Mulholl,4,10748,48,1727
2012,4,16,Frédéric Saliba,1,108,6,25
2012,4,16,Pauline Curtet,1,79,1,70
2012,4,16,Laurence Girard,1,79,1,70
2012,4,16,Tim Jonze,4,1475,17,289
2012,4,16,Max de Lotbinière,3,42,1,45
2012,4,16,Maggie Barclay,1,9,0,10
2012,4,16,Andy Wilson,9,43,3,106
2012,4,16,Jeremy Kay,1,7,0,42
2012,4,16,Hannah Cockroft,1,11,0,8
2012,4,16,Adrian Henriques,1,0,0,0
2012,4,16,Robin Chater,1,0,0,0
2012,4,16,Harry Fletcher,1,7,0,13
2012,4,16,Laura Richards,1,7,0,13
2012,4,16,Nancy Groves,1,50,0,27
2012,4,16,Alastair Harper,1,40,0,98
2012,4,16,Graham Dietz,1,0,0,0
2012,4,16,Nicole Gillespie,1,0,0,0
2012,4,16,Patrick McGhee,1,23,0,135
2012,4,16,Larry Elliott,16,1897,55,966
2012,4,16,Nate Pedersen,1,66,1,58
2012,4,16,Mee-Lai Stone,4,70,2,79
2012,4,16,Open thread,4,93,1,100
2012,4,16,Josh Halliday,11,315,31,734
2012,4,16,Kate Murray,1,4,1,15
2012,4,16,Staff,6,122,0,237
2012,4,16,Sade Laja,5,20,0,89
2012,4,16,Joris Luyendijk,2,67,2,58
2012,4,16,Chris Beanland,1,237,1,72
2012,4,16,Ross Domoney,1,277,0,24
2012,4,16,Mitali Parekh,1,131,2,20
2012,4,16,Phil Wade,1,7,1,9
2012,4,16,Philippe Dagen,1,10,3,10
2012,4,16,Barney Ronay,3,525,6,129
2012,4,16,Chris Tribble,1,7,1,10
2012,4,16,Janet Hardy Gould,2,5,2,7
2012,4,16,David Heathfield,1,152,0,20
2012,4,16,Brian Deer,1,112,11,35
2012,4,16,Interviews by Linda Larsson,1,8,1,15
2012,4,16,Henry Barnes,4,102,3,82
2012,4,16,Ruth Addicott,1,81,2,75
2012,4,16,Ian Malin,1,15,1,17
2012,4,16,Hannah Freeman,1,1,0,21
2012,4,16,Sam Jones,9,984,20,540
2012,4,16,World Business Council for Sustainable Development,1,13,0,14
2012,4,16,Rachel Marsh,1,1,0,22
2012,4,16,Raekha Prasad,1,349,5,120
2012,4,16,Suzanne Goldenberg,9,2965,30,611
2012,4,16,Martin Chulov,6,57,0,31
2012,4,16,Lindsay Hilsum,6,57,0,31
2012,4,16,Guy Grandjean,11,763,10,385
2012,4,16,Alex Healey,6,57,0,31
2012,4,16,Alex Rees,11,360,0,91
2012,4,16,Owen Gibson,7,200,5,259
2012,4,16,Claire Provost,2,116,1,32
2012,4,16,Jaz Cummins,1,24,0,14
2012,4,16,Simon Reynolds,1,17,1,23
2012,4,16,Sue Witherspoon,1,1,0,22
2012,4,16,Stewart Dakers,1,25,0,22
2012,4,16,Wajahat Ali,1,1395,7,82
2012,4,16,Joe Walsh,1,27,0,30
2012,4,16,Kate McCann,3,29,0,45
2012,4,16,Paul Rees,6,80,1,98
2012,4,16,Mark Sweney,14,9372,29,2681
2012,4,16,Colette Bernhardt,1,127,0,57
2012,4,16,Jason N Parkinson,1,151,0,22
2012,4,16,Abby Deveney,1,0,0,1
2012,4,16,Christina Larson for <a href="http://www.e360.yale.edu" title="Yale Environment 360">Yale Environment 360</a>,1,77,1,75
2012,4,16,part of the <a href="http://www.guardian.co.uk/environment/network" title="Guardian Environment Network">Guardian Environment Network</a>,3,98,3,167
2012,4,16,Robin Hough,1,17,2,36
2012,4,16,Henry McDonald,7,226,3,94
2012,4,16,Irel,7,226,3,94
2012,4,16,Richard Norton-Taylor,4,377,13,297
2012,4,16,Paul Lester,5,312,2,125
2012,4,16,Toby Muse,1,157,3,87
2012,4,16,Aruna Roy,1,3,3,26
2012,4,16,Julia Eccleshare,1,12,0,12
2012,4,16,Matt Trueman,4,56,1,58
2012,4,16,David Charles for <a href="http://www.opendemocracy.net/" title="">Open Democracy</a>,1,123,0,14
2012,4,16,Jeevan Vasagar,2,215,6,235
2012,4,16,Bob Prabhu,1,24,0,40
2012,4,16,Heather Stewart,10,744,31,679
2012,4,16,Lesley Ann Gittings,1,10,0,8
2012,4,16,Scott Murray,5,122,1,225
2012,4,16,Presented by James Richardson,2,33,0,23
2012,4,16,produced by Ben Green,2,33,0,23
2012,4,16,By Amantha Perera for <a href="http://www.ips.org/institutional/" title="">IPS</a>,1,24,0,14
2012,4,16,part of the <a href="http://www.guardian.co.uk/global-development/series/guardian-development-network" title="">Guardian development network</a>,2,51,0,30
2012,4,16,Jessica Fuhl,2,23,0,31
2012,4,16,Patrick Collinson,3,4,0,46
2012,4,16,Jo Confino for the <a href="http://www.guardian.co.uk/guardian-professional" title="Guardian Professional Network">Guardian Professional Network</a>,1,194,0,73
2012,4,16,Keith Altham,1,519,0,30
2012,4,16,Afua Hirsch,3,1244,13,493
2012,4,16,Lizzie,1,0,0,8
2012,4,16,Lorna,1,0,0,8
2012,4,16,aged 2,2,1,0,16
2012,4,16,Amelia Gentleman,3,1476,10,288
2012,4,16,Jane Scott,1,24,0,22
2012,4,16,Robert Sharp,1,66,3,37
2012,4,16,Gill Wyness,1,3,0,42
2012,4,16,Halima Mansoor,1,107,3,131
2012,4,16,Julia Kollewe,10,2979,10,758
2012,4,16,Madeleine Cuff,4,593,8,487
2012,4,16,Mark Brown,7,871,3,351
2012,4,16,Harriet Sherwood,4,1453,14,346
2012,4,16,Rupert Neate,2,164,5,94
2012,4,16,Simon Tisdall,1,82,0,52
2012,4,16,Kevin McCarra,2,73,0,55
2012,4,16,Interview by Laura Barnett,2,148,0,41
2012,4,16,Tim Ashley,6,40,0,66
2012,4,16,Caroline Sullivan,3,9,1,31
2012,4,16,Mark Beaumont,2,31,0,50
2012,4,16,Paul Harris,7,2760,24,658
2012,4,16,Sarfraz Manzoor,1,256,0,106
2012,4,16,Conor Foley,1,160,0,20
2012,4,16,Mona Mahmood,4,83,2,63
2012,4,16,Richard Luscombe,8,721,16,224
2012,4,16,Angelique Chrisafis,5,771,24,287
2012,4,16,David Hytner,9,257,4,348
2012,4,16,Teodora Beleaga,4,221,10,235
2012,4,16,Alfred Hickling,3,634,5,142
2012,4,16,Harry Venning,1,0,0,5
2012,4,16,Jonathan Fenby,1,10,7,63
2012,4,16,Giles Tremlett,5,5091,54,1078
2012,4,16,Gaby Hinsliff,1,23,0,92
2012,4,16,James Ball,4,1548,46,1500
2012,4,16,Brian Whitaker,5,200,4,538
2012,4,16,Haroon Siddique,5,150,4,514
2012,4,16,Hannah Verdier,3,0,0,36
2012,4,16,Clare Considine,1,0,0,13
2012,4,16,As seen by Catherine Bennett,1,4,0,0
2012,4,16,Tom Meltzer,1,109,0,37
2012,4,16,John Crace,5,216,2,162
2012,4,16,Leo Hickman,2,38,0,242
2012,4,16,Tanya Gold,1,547,3,182
2012,4,16,Paul Evans,1,12,0,42
2012,4,16,Simon Chilvers,2,24,0,29
2012,4,16,Samuel Moncada,1,209,1,45
2012,4,16,Ewen MacAskill,8,811,6,281
2012,4,16,Bettany Hughes,1,810,1,186
2012,4,16,Lucy Mangan,4,173,1,93
2012,4,16,Louise Taylor,3,56,2,62
2012,4,16,Anna Kessel,3,13,1,38
2012,4,16,Andy Hunter at Ewood Park,2,149,1,88
2012,4,16,Paul MacInnes,3,616,2,125
2012,4,16,John Ashdown at the Amex Stadium,1,8,0,17
2012,4,16,Andy Hunter,8,263,0,278
2012,4,16,Lizzy Davies,2,123,3,53
2012,4,16,David Conn,3,1212,9,1006
2012,4,16,Simon Cambers,2,23,0,26
2012,4,16,Frank Keating,1,7,0,24
2012,4,16,Chris Monk,1,22,3,3
2012,4,16,political reporter,2,94,4,65
2012,4,16,Steven Bloor,3,23,0,113
2012,4,16,Anna Stothard,1,328,3,69
2012,4,16,Katherine Smithson,1,4,0,58
2012,4,16,Virginia Wallis,2,4,0,40
2012,4,16,Mark Tran,3,346,6,129
2012,4,16,Michael Meadowcroft,2,5,0,41
2012,4,16,Caitlin Prentice,1,113,0,65
2012,4,16,Debbie Andalo,1,4,1,4
2012,4,16,Anne-Marie Imafidon,1,112,1,188
2012,4,16,Gillian Fawcett,1,4,0,6
2012,4,16,Purple Unicorns,1,0,0,5
2012,4,16,Xue Mo,1,10,0,10
2012,4,16,translated by Nicky Harman,1,10,0,10
2012,4,16,Claudia Megele,1,9,3,56
2012,4,16,Firat Cengiz,1,25,2,26
2012,4,16,Richard J Evans,1,20,0,31
2012,4,16,Tracey Liggett,1,3,0,35
2012,4,16,Theo Tait,1,147,0,57
2012,4,16,Sachin Nakrani,3,38,1,133
2012,4,16,Interview by Arun Marsh,1,0,0,19
2012,4,16,Presented by Aleks Krotoski,1,22,4,70
2012,4,16,produced by Jason Phipps,3,41,5,114
2012,4,16,with Charles Arthur,1,22,4,70
2012,4,16,Dan Catt,1,22,4,70
2012,4,16,Andy Bull,4,49,0,64
2012,4,16,Hilary Osborne,3,11,0,76
2012,4,16,Tony Naylor,1,830,4,204
2012,4,16,Leo Cutting,1,318,2,107
2012,4,16,Lisa Evans,1,78,0,71
2012,4,16,Helen Nugent,1,37,0,55
2012,4,16,Mohammed Hanif,1,940,2,138
2012,4,16,Sean Michaels,4,730,4,174
2012,4,16,Stuart Jeffries,3,465,1,121
2012,4,16,Charles Gant,1,10,0,12
2012,4,16,Michael Hann,4,52,0,92
2012,4,16,Giles Richards,3,15,0,29
2012,4,16,Denis Farr,1,96,3,85
2012,4,16,Feng Wei for <a href="http://www.chinadialogue.net/">ChinaDialogue</a>,1,24,0,50
2012,4,16,part of the <a href="http://www.guardian.co.uk/environment/network">Guardian Environment Network</a>,3,329,7,176
2012,4,16,Paige McClanahan,1,92,1,18
2012,4,16,Jo Best,2,4,0,67
2012,4,16,Jack Shenker,1,530,10,201
2012,4,16,Kim Willsher,4,949,16,368
2012,4,16,Lynsey Hanley,1,29,0,82
2012,4,16,Esmer Golluoglu,3,567,8,151
2012,4,16,Helen Carter,6,253,6,200
2012,4,16,PA,1,352,0,24
2012,4,16,Paul Wilson,4,167,1,180
2012,4,16,Damian Carrington,5,2953,37,1026
2012,4,16,Jonathan Melville,1,17,0,28
2012,4,16,Lindesay Irvine,2,62,1,185
2012,4,16,Marina Hyde,5,387,5,272
2012,4,16,James Murray for for <a href="http://www.businessgreen.com">BusinessGreen</a>,1,19,2,49
2012,4,16,Jonathan Watts,1,25,3,74
2012,4,16,Justin McGuirk,1,680,6,142
2012,4,16,Mark Williamson for the <a href="http://www.guardian.co.uk/guardian-professional" title="Guardian Professional Network">Guardian Professional Network</a>,1,1742,7,183
2012,4,16,James Kingsland,1,36,4,57
2012,4,16,Guardian Government Computing,3,3,1,23
2012,4,16,Ulrike Guérot,1,111,2,24
2012,4,16,Eliza Anyangwe,2,48,3,198
2012,4,16,Clive Longbottom,1,1,0,4
2012,4,16,Dean Baker,1,57,4,29
2012,4,16,Decca Aitkenhead,7,899,7,323
2012,4,16,Christian Bennett,7,601,2,132
2012,4,16,Syed Zain Al-Mahmood,1,143,0,23
2012,4,16,Angela Hartnett,1,61,1,39
2012,4,16,Saeed Kamali Dehghan,3,143,1,73
2012,4,16,Rodge Glass,1,35,0,42
2012,4,16,Maggie Brown,4,69,0,115
2012,4,16,Colin Horgan,2,6,1,13
2012,4,16,Pamela Merritt,1,58,1,47
2012,4,16,Ian Sample,1,312,2,52
2012,4,16,Reuters,1,17,0,22
2012,4,16,Ben Dowell,2,314,2,250
2012,4,16,Diana Cammack,1,206,0,22
2012,4,16,Henry McDonald Irel,1,1,0,2
2012,4,16,Correspondent,1,1,0,2
2012,4,16,Gwyn Topham,5,104,4,262
2012,4,16,Terry Macalister,4,3208,8,671
2012,4,16,Paul Owen,3,278,5,194
2012,4,16,Dallas King,1,40,0,33
2012,4,16,Jason Farago,1,5658,20,208
2012,4,16,Nicky Harman,1,41,3,147
2012,4,16,Agnès Poirier,1,63,2,17
2012,4,16,Damyanti,1,0,0,16
2012,4,16,Bryn,1,0,0,16
2012,4,16,aged 4,3,5,0,27
2012,4,16,Jonathan Bernstein,1,2,0,19
2012,4,16,David Levene,1,176,1,27
2012,4,16,Ranjit Dhaliwal,1,176,1,27
2012,4,16,Lisa Foreman,1,176,1,27
2012,4,16,John Elkington for the <a href="http://www.guardian.co.uk/guardian-professional" title="Guardian Professional Network">Guardian Professional Network</a>,1,4,0,4
2012,4,16,Andy Cawthray,1,16,1,33
2012,4,16,Melody Hossaini,2,0,0,0
2012,4,16,Stephen Holgate,1,4,0,23
2012,4,16,Jenny Purt,1,6,0,4
2012,4,16,James Antle,1,9,0,6
2012,4,16,Randeep Ramesh,2,537,6,220
2012,4,16,Allan Jenkins,1,2,0,24
2012,4,16,Seán McGrady,1,378,10,150
2012,4,16,Auret van Heerden,1,0,1,0
2012,4,16,Interview by Sarah Phillips,1,78,0,38
2012,4,16,Gautam John,1,56,0,15
2012,4,16,Rosie Bristow for the <a href="http://www.guardian.co.uk/guardian-professional" title="Guardian Professional Network">Guardian Professional Network</a>,1,14,0,47
2012,4,16,Judith Brearley,1,0,0,3
2012,4,16,Paul Stanistreet,1,1,0,17
2012,4,16,Jack Schofield,2,155,9,190
2012,4,16,Will Hayler at Aintree,12,79,0,77
2012,4,16,Eric King,1,230,2,129
2012,4,16,Dave Simpson,3,543,7,147
2012,4,16,John Lewis,2,5,0,26
2012,4,16,Martin Kettle,3,26,0,80
2012,4,16,Jonathan Haynes,1,245,1,35
2012,4,16,Daniel Taylor,1,31,1,18
2012,4,16,Lawrence Joffe,1,79,0,19
2012,4,16,Mike Averis,2,3,0,11
2012,4,16,Zoe Wood,5,39,3,127
2012,4,16,Karel Williams,1,27,0,23
2012,4,16,James Copnall,1,37,0,44
2012,4,16,Mehdi Hasan,1,425,0,203
2012,4,16,Andrew Mueller,3,0,0,39
2012,4,16,Ali Catterall,2,0,0,33
2012,4,16,Richard Ehrlich,1,47,1,32
2012,4,16,Tom Melzer,1,10,1,43
2012,4,16,Patrick Kingsley,4,3084,81,1165
2012,4,16,Zoe Williams,2,121,2,94
2012,4,16,Phil Gates,1,1,0,30
2012,4,16,Timothy Garton Ash,1,130,0,76
2012,4,16,Christian Sylt,1,162,4,90
2012,4,16,Caroline Reid,1,162,4,90
2012,4,16,Andy Hunter at the DW Stadium,1,181,0,39
2012,4,16,Marcus Williamson,1,11,0,14
2012,4,16,Heather Brooke,1,27,3,89
2012,4,16,Paul Doyle at Loftus Road,1,1,0,14
2012,4,16,Jamie Jackson at Etihad Stadium,2,23,0,81
2012,4,16,Peter Sale,2,4,0,13
2012,4,16,Heidi Stephens,1,15,0,15
2012,4,16,Sid Lowe at the Vicente Calderon,1,11,0,19
2012,4,16,Lisa O'Carroll,3,75,15,250
2012,4,16,Oliver Milman,1,196,3,108
2012,4,16,Stuart James at Molineux,1,17,0,32
2012,4,16,Alex Clark,3,2530,5,818
2012,4,16,Cameron Robertson,2,2208,2,481
2012,4,16,Felicity Cloake,1,264,2,43
2012,4,16,Gary Younge,2,297,7,53
2012,4,16,Andy Hunter at DW Stadium,1,47,0,74
2012,4,16,Antonia Kanczula,1,1,0,18
2012,4,16,Anita Pati,1,20,0,29
2012,4,16,Ami Sedghi,3,31,4,91
2012,4,16,Jill Tweedie,1,19,0,5
2012,4,16,Alan Sykes,1,17,1,44
2012,4,16,David Batty,5,399,9,251
2012,4,16,David Walker,1,0,2,6
2012,4,16,Adam Annand,1,31,0,74
2012,4,16,Cornelia McCarthy,1,132,2,71
2012,4,16,<a href="http://www.creative-choices.co.uk/" title="">Creative Choices</a>,1,132,2,71
2012,4,16,part of the <a href="http://www.guardian.co.uk/culture-professionals-network" title="">Guardian Culture Professionals Network</a>,1,132,2,71
2012,4,16,Kipper Williams,1,5,0,16
2012,4,16,Tom Lutz,2,32,0,57
2012,4,16,Saba Salman,1,26,0,22
2012,4,16,Conrad Mason,1,32,0,26
2012,4,16,Timothy Baldwin,1,6,0,12
2012,4,16,David Blackbourn,1,67,3,72
2012,4,16,Anne Gibson,1,3,0,5
2012,4,16,Tessa Hadley,1,3,0,15
2012,4,16,Greg Freeman,1,5,0,21
2012,4,16,Invisible Woman,1,14,0,35
2012,4,16,Mimi Bekhechi,1,303,2,95
2012,4,16,Owen Hatherley,1,296,1,39
2012,4,16,A student,1,32,0,66
2012,4,16,Skye Sherwin,2,59,0,37
2012,4,16,Laura Barnett,1,388,1,170
2012,4,16,Nick Sanderson,1,10,0,25
2012,4,16,Tracey Caldwell,1,7,1,35
2012,4,16,Subhajit Banerjee,1,7,2,73
2012,4,16,Sharath Bulusu,1,7,2,73
2012,4,16,Ged Devlin,1,0,0,0
2012,4,16,Catharine Howard,1,5,0,16
2012,4,16,Jason Clay for the <a href="http://www.guardian.co.uk/guardian-professional" title="Guardian Professional Network">Guardian Professional Network</a>,1,57,0,69
2012,4,16,Dawn Foster,1,0,0,1
2012,4,16,Laura Snapes,1,50,0,69
2012,4,16,Presented by Claire Armitstead,2,26,0,33
2012,4,16,produced by Tim Maby,2,26,0,33
2012,4,16,Tom Service,1,230,3,22
2012,4,16,Ben Cardew,1,10,0,32
2012,4,16,Kirsty Scott,3,210,0,135
2012,4,16,Stephen Kelly,1,144,1,46
2012,4,16,Dana Nuccitelli for <a href="http://www.skepticalscience.com/">Skeptical Science</a>,1,186,4,71
2012,4,16,James A Goldston for the <a href="http://blog.soros.org/" title="">Open Society Blog</a>,1,13,0,36
2012,4,16,part of the <a href="http://www.guardian.co.uk/law/series/guardian-legal-network" title="">Guardian Legal Network</a>,1,13,0,36
2012,4,16,Jessica Shepherd,3,56,1,217
2012,4,16,Ryan Lewis,1,37,0,23
2012,4,16,Linda Butcher,1,12,0,42
2012,4,16,Sir John Hegarty,1,6,0,31
2012,4,16,Kate Henderson,1,27,0,16
2012,4,16,Michael Moulding,1,32,0,7
2012,4,16,Posted by <a href="http://mumbaiboss.com/" title="">Mumbai Boss</a>,1,31,0,44
2012,4,16,part of the <a href="http://www.guardian.co.uk/travel/series/guardian-travel-network" title="">Guardian Travel Network</a>,1,31,0,44
2012,4,16,Megan Carpentier,1,8,1,52
2012,4,16,Matthew Caines,1,48,1,53
2012,4,16,Simon Birch,1,380,5,53
2012,4,16,Alex von Tunzelmann,1,51,0,36
2012,4,16,Siobhan Dowling,1,188,2,68
2012,4,16,<a href="http://www.businessgreen.com">BusinessGreen</a>,1,2,0,43
2012,4,16,By <a href="http://www.irinnews.org/" title="">IRIN</a>,1,27,0,16
2012,4,16,Billy Mills,1,54,0,41
2012,4,16,Tresa Edmunds,1,29,0,16
2012,4,16,Neil Davey,1,2,0,45
2012,4,16,Matthew Whysall,5,893,10,101
2012,4,16,Rebecca Spencer,1,15,0,16
2012,4,16,Rob Tolan,1,15,0,16
2012,4,16,Kate Hunter,1,8,0,27
2012,4,16,Ros Taylor,1,36,0,10
2012,4,16,Duncan Clark,4,35,0,51
2012,4,16,Alastair Jardine,1,6,0,26
2012,4,16,Joanna Geary,4,441,41,594
2012,4,16,David Mills,2,41,0,95
2012,4,16,Priya Virmani,1,51,0,33
2012,4,16,Ben Kape,1,140,0,31
2012,4,16,Barry Eichengreen,1,0,1,6
2012,4,16,Jenny Purt for the <a href="http://www.guardian.co.uk/guardian-professional" title="Guardian Professional Network">Guardian Professional Network</a>,1,86,0,65
2012,4,16,Daniel Astaire,1,2,0,22
2012,4,16,Rebecca Nicholson,5,29,0,70
2012,4,16,James Meikle,1,50,2,72
2012,4,16,Rhian Kelly for the <a href="http://www.guardian.co.uk/guardian-professional" title="Guardian Professional Network">Guardian Professional Network</a>,1,8,0,21
2012,4,16,Ros Wynne-Jones,1,140,11,89
2012,4,16,Jonathan Farley,1,460,28,165
2012,4,16,Fiachra Gibbons,1,332,3,73
2012,4,16,Rob Weatherhead,1,4,0,16
2012,4,16,Gerard Brand,4,118,2,110
2012,4,16,Hunter Felt,1,7,0,6
2012,4,16,guardian.co.uk,1,2,0,2
2012,4,16,Margery Hyde,1,20,0,2
2012,4,16,Liz MacLachlan,1,20,0,2
2012,4,16,Hugh Lupton,1,7,0,11
2012,4,16,Blanche Vaughan,1,17,0,41
2012,4,16,Luke Martin,1,36,3,37
2012,4,16,Dennis Barker,1,57,0,31
2012,4,16,Chris McGreal,6,2107,29,456
2012,4,16,Helen Seamons,2,17,0,39
2012,4,16,Robert Booth Patrick Strudwick,1,9037,24,2284
2012,4,16,Steve Winter,1,61,0,17
2012,4,16,Shiv Malik,4,897,10,505
2012,4,16,The Register,1,0,0,6
2012,4,16,Richard Rae,2,2,0,31
2012,4,16,Richard Gibson,2,2,0,31
2012,4,16,Tom Kington,3,761,12,148
2012,4,16,Alexis Soloski,2,53,0,51
2012,4,16,Sam Jordison,1,85,1,28
2012,4,16,Tom,1,0,0,10
2012,4,16,Daisy,1,0,0,10
2012,4,16,aged 5,2,1,0,31
2012,4,16,Paul Lewis,3,630,11,343
2012,4,16,Business Action for Sustainable Development,1,7,1,24
2012,4,16,Priscilla Kwateng,1,14,0,16
2012,4,16,Ændrew Rininsland,1,20,3,28
2012,4,16,John Sidel,1,54,0,18
2012,4,16,Chris Stephen,1,65,0,27
2012,4,16,Jim Geraghty,1,0,0,16
2012,4,16,Interview: Ruth Evans. Photographs: Jiro Ose/WFP,1,65,0,10
2012,4,16,Amy Goodman,1,75,2,117
2012,4,16,Stuart Christie,1,1,0,2
2012,4,16,Michael McNay,1,29,1,36
2012,4,16,Jonny Weeks,3,17,0,49
2012,4,16,Stuart James,1,10,0,25
2012,4,16,Dorian Lynskey,1,70,0,21
2012,4,16,Greg Wood at Aintree,5,403,0,66
2012,4,16,Mo Costandi,1,82,6,65
2012,4,16,Tim Montgomerie,1,34,0,108
2012,4,16,Xan Brooks,2,69,2,54
2012,4,16,Laura Barton,2,276,4,134
2012,4,16,Richard Gibson at Liverpool,1,0,0,5
2012,4,16,Simon Jenkins,1,846,7,350
2012,4,16,Andy Wilson at Lord's,2,2,0,13
2012,4,16,Rob Yarham,1,18,0,34
2012,4,16,Elisabeth Mahoney,1,0,0,8
2012,4,16,Nicholas Hytner,1,39,1,63
2012,4,16,Dom Lawson,1,4,0,17
2012,4,16,Catherine Shoard,3,40,1,27
2012,4,16,Jon Dennis,1,6,0,9
2012,4,16,John Fordham,4,19,0,36
2012,4,16,Robin Denselow,2,7,0,14
2012,4,16,Simon Arron,7,77,1,126
2012,4,16,Richard Rae at Edgbaston,1,4,0,9
2012,4,16,Patrick Strudwick,1,10619,42,1536
2012,4,16,The people's panel,1,7,0,28
2012,4,16,James Richardson,1,6,1,42
2012,4,16,Ben Green,1,6,1,42
2012,4,16,Kevin Rushby,2,78,1,53
2012,4,16,Justin McCurry,3,618,8,300
2012,4,16,Lissa Cook,1,10,0,38
2012,4,16,Tim Sullivan,1,257,6,113
2012,4,16,Andrew Anthony,1,114,1,27
2012,4,16,Greg Barker,1,26,1,98
2012,4,16,Adam Williams,1,17,2,24
2012,4,16,Janette Owen,1,29,0,37
2012,4,16,Sarah Hartley,1,3,0,13
2012,4,16,Vinciane Rycroft,1,1452,10,289
2012,4,16,Liam Kelly,2,45,0,133
2012,4,16,Hannah Fearn,1,11,2,43
2012,4,16,Mehrdad Khonsari,1,9,0,15
2012,4,16,A Yi,1,2,1,13
2012,4,16,translated by Julia Lovell,1,2,1,13
2012,4,16,Richard Vize,1,14,0,71
2012,4,16,Joe Manning,1,2,0,20
2012,4,16,Hari,1,2,0,26
2012,4,16,Jake,1,2,0,26
2012,4,16,Oliver Thring,1,3522,34,730
2012,4,16,David Shariatmadari,1,163,0,70
2012,4,16,Ed Jacobs,1,1,0,10
2012,4,16,Guardian Fashion,1,2,0,20
2012,4,16,Helen Babbs,1,96,1,31
2012,4,16,Nick Temple,1,0,0,0
2012,4,16,Jane Audas,1,12,0,34
2012,4,16,Mark Redding,1,3,0,34
2012,4,16,James Edmondston,1,36,2,25
2012,4,16,Isha,1,5,0,2
2012,4,16,aged 7,1,5,0,2
2012,4,16,Priya,1,5,0,2
2012,4,16,Jason Maguire,1,1,0,4
2012,4,16,Giulio Frigieri,2,1,0,15
2012,4,16,Walid Al-Saqaf,1,17,1,9
2012,4,16,James Dart,1,0,0,7
2012,4,16,Michael Harris,1,7,0,8
2012,4,16,Zoé Tabary,1,54,0,10
2012,4,16,Damien Walter,1,97,2,96
2012,4,16,Nick Fielding,1,38,0,7
2012,4,16,Rob Hurd,1,20,0,13
2012,4,16,Rowan Moore,2,456,9,127
2012,4,16,David Lacey,1,7,0,43
2012,4,16,Rob Evans,1,1,0,19
2012,4,16,Laura Laker,1,218,1,140
2012,4,16,Chris Fenn,1,95,0,30
2012,4,16,Amy Byard,1,29,0,121
2012,4,16,Ole Alsaker,1,51,0,26
2012,4,16,Lisa Brady for <a href="http://www.chinadialogue.net/">ChinaDialogue</a>,1,119,3,55
2012,4,16,Shaun Edwards,1,9,0,21
2012,4,16,Laura Oliver,1,2,0,2
2012,4,16,undefined,1,0,0,14
2012,4,16,Jonathan Glennie,1,35,0,33
2012,4,16,Annalisa Prizzon,1,35,0,33
2012,4,16,Steve Boxer,1,6,0,79
2012,4,16,Ally Kennen,1,0,0,18
2012,4,16,Teen book club readers,1,0,0,18
2012,4,16,Julie Bindel,1,25,0,23
2012,4,16,Omar Kholeif,1,273,2,75
2012,4,16,John Brunton,1,95,3,44
2012,4,16,Rupert Sawyer,1,5,0,25
2012,4,16,Steve Owens,1,156,4,40
2012,4,16,Alex Aldridge,1,11,0,19
2012,4,16,Agnes Nairn for the <a href="http://www.guardian.co.uk/guardian-professional" title="Guardian Professional Network">Guardian Professional Network</a>,1,14,0,12
2012,4,16,Alistair Smith,1,18,0,5
2012,4,16,Graham Parker,2,12,0,37
2012,4,16,Bernie Sanders,1,473,3,66
2012,4,16,Ryan Alexander,1,473,3,66
2012,4,16,with interactive by Chris Cross,1,146,28,478
2012,4,16,Chris Cross,1,246,25,271
2012,4,16,Iain Stewart,1,13,0,16
2012,4,16,David Banks,1,0,2,34
2012,4,16,Nick Petford,1,6,1,37
2012,4,16,Mark Moody,1,11,1,40
2012,4,16,Gregg Roughley,1,13,0,28
2012,4,16,Parveen Akhtar,1,79,0,40
2012,4,16,Sinéad Bevan,1,27,0,9
2012,4,16,Krazy Kesh,1,0,0,17
2012,4,16,Guardian fashion,1,77,0,34
2012,4,16,Jonathan Freedl,5,303,0,60
2012,4,16,Kat Keene Hogue,1,1249,10,141
2012,4,16,Guardian,1,1249,10,141
2012,4,16,Nouriel Roubini,1,61,0,34
2012,4,16,Jess Cartner-Morley,2,10,0,20
2012,4,16,Mary Douglas-Home,1,9,0,15
2012,4,16,Alison Rourke,1,4,1,24
2012,4,16,Words: Hannah Booth,1,75,1,30
2012,4,16,Brian Reich,1,3,0,7
2012,4,16,Dan Sabbagh,1,5,0,44
2012,4,16,Constanze Letsch,1,16,0,12
2012,4,16,SE Smith,1,44,2,30
2012,4,16,Barry Glendenning,2,9,0,41
2012,4,16,Presented by Alexis Petridis,1,30,0,10
2012,4,16,produced by Matt Hill,1,30,0,10
2012,4,16,Stylist: Priscilla Kwateng,1,6,0,20
2012,4,16,Jacob Steinberg (before,1,1,0,22
2012,4,16,after),1,1,0,22
2012,4,16,Scott Murray (for 40 sorry minutes),1,1,0,22
2012,4,16,Carla Alexander,1,22,0,19
2012,4,16,Karen McVeigh,1,200,4,96
2012,4,16,Tyra Dempster,1,61,0,28
2012,4,16,Tom Dyckhoff,1,3,0,12
2012,4,16,Emma,1,0,0,5
2012,4,16,Olive,1,0,0,5
2012,4,16,3,1,0,0,5
2012,4,16,Claire Armitstead,2,232,4,161
2012,4,16,Adam Mars-Jones,1,5,0,54
2012,4,16,Anna Tims,1,1,0,28
2012,4,16,Rory Carroll,1,181,6,57
2012,4,16,Andrew Collins,1,0,0,23
2012,4,16,Wai Hnin Pwint Thon,1,86,0,32
2012,4,16,Omar Shahid,1,4447,3,49
2012,4,16,Chris Johnstone for the <a href="http://www.guardian.co.uk/guardian-professional" title="Guardian Professional Network">Guardian Professional Network</a>,1,679,4,106
2012,4,16,Sinead Bevan,1,33,0,16
2012,4,16,Peter Beaumont,3,154,5,186
2012,4,16,William Easterly,1,27,0,129
2012,4,16,Emma Brockes,2,5643,23,305
2012,4,16,Matthew Baxter-Reynolds,1,14,3,160
2012,4,16,Fred Karger,1,11,0,15
2012,4,16,Presented by John Plunkett,1,8,0,17
2012,4,16,with Vicky Frost,1,8,0,17
2012,4,16,Jon Boone,2,54,0,96
2012,4,16,Alex Needham,1,76,1,49
2012,4,16,Jonathan Romain,1,20,0,16
2012,4,16,Conal Urquhart,11,1130,14,737
2012,4,16,Tom Jenkins,2,14,1,38
2012,4,16,Virginie Grzelczyk,1,5,0,9
2012,4,16,Richard Gibson at Aigburth,1,0,0,6
2012,4,16,Hunter Davies,1,9,0,41
2012,4,16,Eric Allison,2,546,10,142
2012,4,16,Simon Hattenstone,2,546,10,142
2012,4,16,Peter Chowla,1,41,1,36
2012,4,16,Esther Addley,1,1666,70,1403
2012,4,16,Christine Oliver,1,0,0,11
2012,4,16,Pete Sale,1,0,0,11
2012,4,16,Interview by Emine Saner,1,324,0,78
2012,4,16,Patrick Seale,1,137,0,49
2012,4,16,Deborah Orr,3,67,1,87
2012,4,16,Interview by Marishka Van Steenbergen,1,2,0,9
2012,4,16,Simon Hoggart,1,12,0,6
2012,4,16,Ian Jack,1,116,0,30
2012,4,16,Eric Hilaire,1,198,1,80
2012,4,16,Ruth Spencer,1,19,0,31
2012,4,16,David Hambling,1,2,0,1
2012,4,16,Graham Long,1,0,0,39
2012,4,16,Nicola Iseard,1,310,3,49
2012,4,16,Nigel Jones,1,8,0,19
2012,4,16,Emma Kennedy,1,33,0,31
2012,4,16,John O'Connell,1,3,0,11
2012,4,16,Steven Poole,1,0,1,10
2012,4,16,Naseem Khan,1,27,1,9
2012,4,16,Rhiannon Batten,1,144,0,16
2012,4,16,Paul Gould,1,50,0,12
2012,4,16,Kari Herbert,1,188,1,52
2012,4,16,Susanna Rustin,1,82,1,21
2012,4,16,Rachel Dixon,1,6,0,20
2012,4,16,Lisa Allardice,1,259,2,71
2012,4,16,Andrew Motion,1,37,0,5
2012,4,16,Justine Jordan,1,3,0,3
2012,4,16,Robert Harris,1,4,0,3
2012,4,16,Isabel Hilton,1,4,2,45
2012,4,16,Julian Barnes,1,134,2,34
2012,4,16,Patrick McGuinness,1,84,0,3
2012,4,16,Charles Nicholl,1,5,1,5
2012,4,16,Anthea Bell,1,53,0,4
2012,4,16,Peter Forbes,1,132,6,75
2012,4,16,Jenny Colgan,1,92,3,20
2012,4,16,Kapka Kassabova,1,4,0,3
2012,4,16,Eoin McNamee,1,2,0,6
2012,4,16,John Mullan,1,13,0,15
2012,4,16,Dan Lepard,1,75,2,33
2012,4,16,Jane Perrone,1,2,0,2
2012,4,16,Robert Winston,1,13,0,15
2012,4,16,Tim Dowling,1,2,0,18
2012,4,16,Dina Behrman,1,134,0,65
2012,4,16,Lisa Bachelor,5,2,1,99
2012,4,16,Miles Brignall,2,35,0,42
2012,4,16,Lia Leendertz,1,17,0,24
2012,4,16,Thomas Eaton,1,0,0,1
2012,4,16,Interview: Becky Barnicoat. Portrait: <a href="http://emilystein.co.uk/" title="">Emily Stein</a>,1,7,0,15
2012,4,16,Hugh Fearnley-Whittingstall,1,439,4,68
2012,4,16,Fiona Beckett,1,11,0,12
2012,4,16,Anonymous,1,5,0,8
2012,4,16,Alys Fowler,2,1,0,9
2012,4,16,Yotam Ottolenghi,1,109,2,25
2012,4,16,Sarah&nbsp;Whitehouse,1,9,0,3
2012,4,16,Sali Hughes,1,22,0,11
2012,4,16,John Lanchester,1,29,0,24
2012,4,16,Oliver Burkeman,1,23,0,26
2012,4,16,Rosanna Greenstreet,1,14,1,12
2012,4,16,Geoffrey Wadhurst,1,1,2,18
2012,4,16,Interviews by Merope Mills,1,984,24,422
2012,4,16,Nicole Jackson,1,984,24,422
2012,4,16,Liese Spencer,1,984,24,422
2012,4,16,Becky Barnicoat,1,984,24,422
2012,4,16,As told to Mark King,1,7,0,3
2012,4,16,Stephen Collins,1,17,0,4
2012,4,16,Rebecca Smithers,1,12,0,17
2012,4,16,Jill Insley,1,5,0,5
2012,4,16,Graham Snowdon,2,75,2,85
2012,4,16,Jeremy Bullmore,1,7,0,1
2012,4,16,Penny Anderson,1,34,0,50
2012,4,16,Rupert Jones,1,2,0,35
2012,4,16,Leonard Barden,1,0,0,2
2012,4,16,The Secret Footballer,1,142,2,103
2012,4,16,Jim Sillavan,1,9,2,7
2012,4,16,Paul Doyle at St Mary's Stadium,1,33,0,15
2012,4,16,Tim Lott,1,4,2,14
2012,4,16,Miriam O'Reilly,1,138,10,125
2012,4,16,Annalisa Barbieri,1,0,0,1
2012,4,16,The Guide,2,0,0,3
2012,4,16,Robert Clark,1,15,0,15
2012,4,16,Johnny Dee,1,2,0,8
2012,4,16,John-Paul Flintoff,1,182,3,46
2012,4,16,Rhik Samadder,1,4,0,17
2012,4,16,Steven Appleby,1,1,0,2
2012,4,16,Jon &amp; Mick/moderntoss.com,1,22,0,14
2012,4,16,Ben Beaumont-Thomas,1,265,2,37
2012,4,16,Steve Chamberlain,2,737,9,129
2012,4,16,Christien Garcia,1,0,0,0
2012,4,16,Rebecca Nicholson &amp; Sian Rowe,1,0,0,0
2012,4,16,John Patterson,1,9,0,4
2012,4,16,Colin Crummy,1,41,0,12
2012,4,16,Grace Dent,1,19,0,28
2012,4,16,Sam Richards,1,163,0,5
2012,4,16,Josie Long,1,11,0,23
2012,4,16,Angela Wintle,1,11,0,8
2012,4,16,Joanna Moorhead,1,44,0,37
2012,4,16,John Fordham &amp; John Robinson,1,1,0,4
2012,4,16,Nick Levine,1,0,0,4
2012,4,16,Nick Gillett,1,2,0,46
2012,4,16,James Kettle,1,39,0,2
2012,4,16,Patric Baird,1,25,0,10
2012,4,16,John Mitchell,1,25,0,10
2012,4,16,Sam Richards &amp; Marc Rowlands,1,25,0,10
2012,4,16,Robert Clark &amp; Skye Sherwin,1,4,0,26
2012,4,16,Mark Cook,1,39,0,8
2012,4,16,Lyn Gardner &amp; Judith Mackrell,1,39,0,8
2012,4,16,Iain Aitch &amp; Colette Bernhardt,1,4,0,11
2012,4,16,Nicola Jennings,1,0,0,7
2012,4,16,Joe Berger &amp; Pascal Wyse,1,2,0,8
2012,4,16,Agencies,3,81,1,126
2012,4,16,Simon Barber,1,213,0,93
2012,4,16,Zhang Xinxin,1,39,0,19
2012,4,16,translated by Helen Wang,1,39,0,19
2012,4,16,Tanjil Rashid,1,34,1,30
2012,4,16,Julian Borger,5,146,6,274
2012,4,16,Liz Williams,1,49,0,11
2012,4,16,Robin McKie,3,644,32,159
2012,4,16,Martin Robbins,1,232,10,48
2012,4,16,Jamie Doward,4,365,9,265
2012,4,16,James Legge,1,90,7,87
2012,4,16,Kevin McCarra at Wembley,1,170,0,50
2012,4,16,Ewan Murray at Hampden Park,2,30,0,16
2012,4,16,Paul Doyle at Carrow Road,4,41,0,110
2012,4,16,Reba,1,1,0,8
2012,4,16,Amatullah,1,1,0,8
2012,4,16,Barry Glendenning. Additional material: Tony Paley,1,11,0,35
2012,4,16,Rob Smyth (then),1,6,0,25
2012,4,16,Scott Murray (now),1,6,0,25
2012,4,16,Emily,1,1,0,21
2012,4,16,Maisie,1,1,0,21
2012,4,16,Paul Rees at Franklin's Gardens,1,1,0,7
2012,4,16,Louise Taylor at the Stadium of Light,2,5,0,11
2012,4,16,Richard Rae at The Hawthorns,2,5,0,15
2012,4,16,Stuart James at the Liberty Stadium,1,2,0,15
2012,4,16,John Ashdown at Upton Park,1,7,0,19
2012,4,16,Scott Anthony,1,1,0,12
2012,4,16,Rebecca Lewis,1,117,1,92
2012,4,16,Mike Averis at Kingsholm,2,0,0,8
2012,4,16,Paul Wilson at Wembley,1,83,0,88
2012,4,16,Sachin Nakrani at Wembley,1,5,0,23
2012,4,16,Mark Townsend,2,712,7,228
2012,4,16,Daniel Boffey,4,645,14,503
2012,4,16,John Sweeney,1,255,9,151
2012,4,16,Michael Aylwin at The Stoop,1,0,0,4
2012,4,16,Mark Pennell at Lord's,1,0,0,6
2012,4,16,Dalya Alberge,2,229,3,166
2012,4,16,Ian Malin at the Madejski Stadium,1,0,0,3
2012,4,16,Andrew Hussey,1,253,7,137
2012,4,16,Aseem Malhotra,1,447,8,243
2012,4,16,David Hills,2,123,0,51
2012,4,16,Margaret Dibben,3,2,4,56
2012,4,16,Jon Robins,1,27,0,53
2012,4,16,Vic Marks,1,13,1,15
2012,4,16,Ewan Murray,1,0,0,2
2012,4,16,Alexander Larman,1,1,0,5
2012,4,16,Michael Hogan,1,5,0,8
2012,4,16,Jessica Holland,1,304,0,1
2012,4,16,Andrew Rawnsley,1,33,2,10
2012,4,16,Stephanie Cross,1,10,0,4
2012,4,16,Sophia Martelli,1,3,0,3
2012,4,16,Gemma Kappala-Ramsamy,1,37,0,11
2012,4,16,Barbara Ellen,2,476,5,255
2012,4,16,Ruaridh Nicoll,1,129,2,22
2012,4,16,Catherine Hakim,1,104,6,50
2012,4,16,Sara Eileen Hames,1,62,3,59
2012,4,16,Nick Cohen,1,304,5,64
2012,4,16,Yvonne Roberts,2,11,0,47
2012,4,16,Will Hutton,1,100,7,55
2012,4,16,Robin Dunbar,1,639,8,70
2012,4,16,Interview by Gemma Kappala-Ramsamy,1,58,5,28
2012,4,16,Jules Evans,1,15,0,5
2012,4,16,Kevin McKenna,1,7,0,23
2012,4,16,Victoria Coren,1,79,0,37
2012,4,16,Mariella Frostrup,1,3,0,1
2012,4,16,Interview by Tim Lewis,2,125,8,92
2012,4,16,Stephen Pritchard,3,759,6,119
2012,4,16,Jay Rayner,1,64,0,26
2012,4,16,Lucy Siegle,1,0,0,0
2012,4,16,Eva Wiseman,2,80,5,52
2012,4,16,Ruth Rogers,1,53,0,18
2012,4,16,Kitty Empire,3,50,0,5
2012,4,16,Philip French,8,72,2,75
2012,4,16,Peter Preston,4,7,1,86
2012,4,16,Daniel Boffey Policy Editor,2,107,1,159
2012,4,16,Tania Branigan Beijing,1,8,5,81
2012,4,16,Rachel Cooke,1,136,3,69
2012,4,16,Chris Riddell,1,12,0,15
2012,4,16,Killian Fox,2,440,2,28
2012,4,16,David Mitchell,1,262,5,67
2012,4,16,Tom Lamont,3,657,5,334
2012,4,16,David Williams,1,3,0,7
2012,4,16,Bella Bathurst,1,19,0,2
2012,4,16,Jo Jones,1,2,0,4
2012,4,16,Lauren Laverne,1,179,1,67
2012,4,16,Imogen Carter,1,18,0,15
2012,4,16,Mark Kermode,1,4,0,10
2012,4,16,Martin Love,1,13,1,56
2012,4,16,Megan Conner,2,79,0,21
2012,4,16,Sean O'Hagan,1,0,0,11
2012,4,16,Leo Robson,1,4,1,1
2012,4,16,Luke Jennings,1,15,0,3
2012,4,16,Lucy Ward,1,81,2,38
2012,4,16,Dave Gelly,1,0,0,1
2012,4,16,Neil Spencer,1,2,0,3
2012,4,16,Nicholas Kenyon,1,0,0,2
2012,4,16,Fiona Maddocks,2,42,0,26
2012,4,16,Dan Pearson,1,15,0,24
2012,4,16,John Naughton,1,198,24,228
2012,4,16,Gay Dad,1,0,0,0
2012,4,16,Terry Tom Brown,1,66,2,31
2012,4,16,Katharine Whitehorn,1,0,0,4
2012,4,16,Joanne O'Connor,1,2,0,37
2012,4,16,Anna Baddeley,1,23,1,36
2012,4,16,William Skidelsky,1,28,0,11
2012,4,16,Phil Hogan,1,1,0,3
2012,4,16,Clare Brennan,1,0,0,0
2012,4,16,Observer,1,0,0,13
2012,4,16,Phil Mongredien,1,14,1,5
2012,4,16,Gareth Grundy,1,10,0,5
2012,4,16,Michael Cohen,2,180,4,118
2012,4,16,Richard Orange,1,120,1,18
2012,4,16,Katie Allen,1,43,4,87
2012,4,16,Emma John,1,6,0,2
2012,4,16,Peter Conrad,1,45,1,22
2012,4,16,Susannah Clapp,1,12,0,13
2012,4,16,Kat Banyard,1,577,3,60
2012,4,16,Gethin Chamberlain,1,1743,22,228
2012,4,16,Ed Vulliamy,1,498,2,37
2012,4,16,Louise Foxcroft,1,206,7,132
2012,4,16,Catherine Bennett,1,10,0,24
2012,4,16,Maria Konnikova,1,116,4,230
2012,4,16,Euan Ferguson,1,237,3,21
2012,4,16,Observer Sport staff,1,1,0,25
2012,4,16,Marina McIntyre,1,31,0,87
2012,4,16,Tom Jenkins at Aintree,1,8,0,7
2012,4,16,Wendy Berliner,1,20,1,34
2012,4,16,Ian Paulsen,1,2,2,13
2012,4,16,Harold Nicolson,1,7,0,1
2012,4,16,Paul Behrens,1,207,1,73
2012,4,16,Nabila Ramdani,1,57,0,25
2012,4,16,Emma &amp; Christopher,1,0,0,9
2012,4,16,Jon Boone Emma Graham Harrison,1,136,1,69
2012,4,16,Steve Judge,1,5,0,11
2012,4,16,<strong>Oliver Burkeman</strong>,1,265,27,155
2012,4,16,Bonnie Greer,1,88,5,46
2012,4,16,Abdel-Rahman Hussein,1,23,1,39
2012,4,16,Alex Macpherson,1,13,0,19
2012,4,16,Helen Meany,1,33,0,5
2012,4,16,Philippe Marlière,1,1341,8,166
2012,4,16,John Ashdown,1,29,0,71
2012,4,16,Jonathan Bamber,1,139,5,116
2012,4,16,Ian Katz,1,8907,,5739
2012,4,16,Miriam Elder,1,333,9,324
2012,4,16,Kevin McCarra at Old Trafford,1,31,0,54
2012,4,16,Jamie Jackson at Old Trafford,2,121,0,101
2012,4,16,Andrew Roth,1,0,0,16
2012,4,16,Ed Balls,1,18,0,34
2012,4,16,Philip Hoare,1,589,10,159
2012,4,16,Martin Skegg,1,0,0,6
2012,4,16,John Robinson,1,0,0,6
2012,4,16,Olivia Snaije,1,72,0,74
2012,4,16,Charlie Brooker,1,10906,204,1289
2012,4,16,Marcus Christenson,1,6,0,35
2012,4,16,Julian Jackson,1,12,1,5
2012,4,16,Chris Elliott,1,3,0,20
2012,4,16,Emily Bell,1,25,1,174
2012,4,16,Joe Sheffer,1,61,0,29
2012,4,16,Dominic Fifield at Wembley,2,113,0,137
2012,4,16,Mark Cocker,1,7,0,55
2012,4,16,Luisa Dillner,1,16,0,24
2012,4,16,Angela Saini,1,26,0,40
2012,4,16,David Hytner at Wembley,1,6,0,43
2012,4,16,Pamela Stephenson Connolly,1,12,0,7
2012,4,16,Jeremy Alexander at Keepmoat Stadium,1,2,0,15
2012,4,16,Ian Malin at Madejski Stadium,1,0,0,4
2012,4,16,Robert Kitson at Franklin's Gardens,1,0,0,3
2012,4,16,Michael Aylwin at the Twickenham Stoop,1,2,0,2
2012,4,16,Andy Hunter at Wembley,3,167,0,94
2012,4,16,Kate Ravilious,1,0,0,7
2012,4,16,Alan Pickup,1,14,2,16
2012,4,16,Richard Williams at Wembley,1,5,0,33
2012,4,16,David Edgar,1,30,0,22
2012,4,16,David Pleat,1,13,0,22
2012,4,16,Martin Kelner,1,15,1,31
2012,4,16,Ai Weiwei,1,140,6,491
2012,4,16,Fiona Harvey,1,207,4,217
2012,4,16,艾未未,1,95,25,156
2012,4,16,萧安玲,1,25,13,82
2012,4,16,Presented by Alok Jha,1,11,1,27
2012,4,16,with Robin McKie,1,11,1,27
2012,4,16,Nick Hayes,1,24,0,24
