year,month,week,name,articles,facebook,googleplus,twitter
2011,10,41,Shiv Malik,3,952,6,401
2011,10,41,Associated Press,59,4699,49,2042
2011,10,41,Sam Clark,1,32,0,17
2011,10,41,Mona Mahmood,2,45,0,25
2011,10,41,David Lengel,3,47,5,17
2011,10,41,Patrick Collinson,4,34,1,112
2011,10,41,Prospery Raymond,1,161,2,35
2011,10,41,Sarah Hartley,2,25,0,71
2011,10,41,Ben Dowell,1,3,0,12
2011,10,41,Fiona Walsh,1,5,1,13
2011,10,41,Gill Hitchcock,5,2,1,30
2011,10,41,Stuart Dredge,9,49,4,547
2011,10,41,Sally Higham,1,13,0,35
2011,10,41,Ian McCourt,2,8,0,52
2011,10,41,Evan Fanning,4,105,1,109
2011,10,41,Sachin Nakrani,3,48,0,77
2011,10,41,Mark Say,9,11,3,25
2011,10,41,Press Association,136,4232,24,2225
2011,10,41,Derek Long,1,0,0,1
2011,10,41,Brian Robson,1,3,0,5
2011,10,41,Paul Swinney,1,2,0,5
2011,10,41,Clare Horton,10,27,0,24
2011,10,41,Jill Treanor,22,444,5,408
2011,10,41,Nils Pratley,11,78,2,111
2011,10,41,Paddy Allen,7,314,3,111
2011,10,41,Guardian Research,1,74,1,33
2011,10,41,Barry Glendenning,7,201,2,125
2011,10,41,Dick Vinegar,1,1,0,11
2011,10,41,fifimonkey,1,0,0,5
2011,10,41,John Hooper,14,1662,11,464
2011,10,41,Alexandra Topping,3,348,6,283
2011,10,41,Debbie Andalo,2,13,1,39
2011,10,41,Frédéric Filloux,1,25,3,113
2011,10,41,Nick Fletcher,23,62,1,143
2011,10,41,Robert Kitson,15,366,2,80
2011,10,41,Keith Stuart,13,134,4,617
2011,10,41,Philippa Briscoe,1,3,0,0
2011,10,41,Bella Mackie,6,17,0,6
2011,10,41,Arwa Aburawa,1,252,0,61
2011,10,41,Nick Temple,2,16,0,14
2011,10,41,OrliTheBookworm,1,19,0,12
2011,10,41,Monkey,12,1344,4,433
2011,10,41,Roy Mayall,1,70,0,15
2011,10,41,Guardian readers,3,125,2,49
2011,10,41,Hélène Mulholland,9,373,0,313
2011,10,41,political reporter,5,299,0,178
2011,10,41,Sean Michaels,6,481,2,131
2011,10,41,Michael Cox,1,0,0,26
2011,10,41,Josh Halliday,21,5490,45,1860
2011,10,41,Presented by Hugh Muir,2,39,0,42
2011,10,41,produced by Peter Sale,2,39,0,42
2011,10,41,Alok Jha,2,181,2,96
2011,10,41,Kate Hodge,8,22,0,95
2011,10,41,Agencies,10,511,2,272
2011,10,41,Jess Cartner-Morley,12,420,3,325
2011,10,41,Jean-Louis Gassée,1,69,17,160
2011,10,41,Peter Beresford,1,167,0,42
2011,10,41,Paolo Bandini,6,67,0,67
2011,10,41,Ben Child,11,857,4,238
2011,10,41,Sam Jones,6,552,12,289
2011,10,41,agencies,27,3899,48,1326
2011,10,41,Gines Haro Pastor,4,3,0,34
2011,10,41,Jonathan Glennie,2,183,3,95
2011,10,41,Mark King,7,121,2,168
2011,10,41,Paul Rees,24,348,3,132
2011,10,41,Richard Lea,6,1943,14,246
2011,10,41,Tom Kington,12,3452,20,475
2011,10,41,John Plunkett,10,546,4,415
2011,10,41,Alfred Hickling,3,57,0,23
2011,10,41,Alan Connor,3,334,1,46
2011,10,41,Allan Jenkins,1,1,0,12
2011,10,41,Roy Greenslade,16,685,10,513
2011,10,41,Mike Gonzalez,1,75,0,28
2011,10,41,Larry Elliott,9,1192,18,277
2011,10,41,Sara McCorquodale,1,52,0,20
2011,10,41,Julia Eccleshare,1,1,0,7
2011,10,41,Jon Butterworth,2,151,9,58
2011,10,41,Rachel Williams,2,33,1,36
2011,10,41,Derfel Owen,1,31,1,32
2011,10,41,Greg Wood,7,1,0,31
2011,10,41,Rob Boffard,1,127,3,15
2011,10,41,Hugh Stephenson,1,0,0,4
2011,10,41,World Business Council for Sustainable Development,2,45,0,11
2011,10,41,Giles Fraser,1,76,1,35
2011,10,41,Alan Evans,1,213,0,38
2011,10,41,Andy Wilson,11,338,2,82
2011,10,41,Emma Sturgess,1,21,0,21
2011,10,41,Judy Friedberg,4,46,0,57
2011,10,41,Eddie Butler,9,80,0,39
2011,10,41,Andrew Wathey,1,3,0,7
2011,10,41,Raphael Honigstein,1,4,0,6
2011,10,41,Reuters,33,2971,34,730
2011,10,41,Patrick Wintour,23,3128,23,1383
2011,10,41,Christine Oliver,2,110,1,17
2011,10,41,Michael Cragg,5,140,3,43
2011,10,41,Tim Jonze,1,739,3,123
2011,10,41,David Cox,1,21,0,21
2011,10,41,Helen Seamons,3,27,0,46
2011,10,41,Simon Rogers,13,1485,31,742
2011,10,41,Timeyin Uwejamomere,1,59,0,44
2011,10,41,Nicholas de Jongh,1,1,0,19
2011,10,41,Arts Correspondent,1,1,0,19
2011,10,41,Jamie Lafferty,1,143,0,42
2011,10,41,Corrections,6,1,0,6
2011,10,41,John Harris,4,423,1,71
2011,10,41,Elliot Smith,3,187,0,46
2011,10,41,Andrew Clements,8,20,0,48
2011,10,41,Scott Manson,2,77,0,36
2011,10,41,Claire Kelsey,1,71,0,11
2011,10,41,Jason Deans,2,2948,13,64
2011,10,41,Guardian Government Computing,4,10,0,11
2011,10,41,Suzanne Moore,1,29,0,16
2011,10,41,Jill Insley,4,106,0,109
2011,10,41,Hannah Fearn,4,20,0,20
2011,10,41,Phelim O'Neill,3,65,0,81
2011,10,41,Lisa O'Carroll,7,252,3,314
2011,10,41,Carol Rumens,1,57,1,15
2011,10,41,Dave Hill,4,19,0,39
2011,10,41,Lawrence Donegan,6,70,2,74
2011,10,41,Phillip Inman,12,183,1,122
2011,10,41,Lyn Gardner,9,131,0,86
2011,10,41,Steven Morris,9,1479,8,259
2011,10,41,Peter Walker,5,1020,12,321
2011,10,41,Jeremy Kay,1,6,0,23
2011,10,41,Sade Laja,8,34,1,45
2011,10,41,Sid Lowe,1,55,0,65
2011,10,41,Dr Tim J Smith,1,73,0,46
2011,10,41,Guardian Fashion,5,1297,0,124
2011,10,41,Luke Harding,5,2460,11,476
2011,10,41,Declan Walsh,5,1620,14,377
2011,10,41,James Murray for <a href="http://www.businessgreen.com/bg/news/2092841/fossil-fuel-assets-triple-rated">BusinessGreen</a>,1,36,1,111
2011,10,41,Tim Dowling,2,19,0,10
2011,10,41,Rob Evans,4,61,0,131
2011,10,41,Adam Wagner on the <a href='http://ukhumanrightsblog.com/'>UK Human Rights blog</a>,1,65,2,22
2011,10,41,part of the <a href='http://www.guardian.co.uk/legalnetwork'>Guardian Legal Network</a>,1,65,2,22
2011,10,41,Stephen Kelly,1,61,1,14
2011,10,41,Stuart James,4,37,0,40
2011,10,41,Mark Kramer for the Guardian Professional Network,1,10,0,39
2011,10,41,Jude,1,0,0,16
2011,10,41,Lottie Longshanks,1,0,0,0
2011,10,41,Stephen Moss,3,192,1,94
2011,10,41,David Blanchflower,2,53,0,40
2011,10,41,Paul Goodman,2,57,0,30
2011,10,41,Jonathan Freedland,3,204,1,66
2011,10,41,Chuka Umunna,1,50,0,15
2011,10,41,Paddy Ashdown,1,50,0,15
2011,10,41,John Cridland,1,50,0,15
2011,10,41,Polly Curtis,7,588,7,380
2011,10,41,Nicholas Watt,13,1877,4,810
2011,10,41,Matt Scott,6,56,0,70
2011,10,41,Graham Snowdon,4,178,2,134
2011,10,41,David Pavett,1,26,1,19
2011,10,41,Alison Flood,9,2979,20,504
2011,10,41,Dan Sabbagh,9,410,17,386
2011,10,41,Leo Hickman,3,211,2,167
2011,10,41,Alex Wade,1,103,0,6
2011,10,41,Karon Monaghan,1,26,0,13
2011,10,41,Simon Jeffery,1,184,0,82
2011,10,41,Ros Asquith,1,2,0,13
2011,10,41,Victoria Bekiempis,1,232,3,68
2011,10,41,Lizzy Davies,3,78,0,172
2011,10,41,Nick Hopkins,6,380,2,184
2011,10,41,Charlotte Higgins,5,179,3,79
2011,10,41,chief arts writer,1,114,2,18
2011,10,41,Jonathan Jones,9,363,6,300
2011,10,41,Hilary Osborne,5,79,3,169
2011,10,41,Leo Benedictus,2,16,0,23
2011,10,41,Paul Lester,6,4318,4,124
2011,10,41,Marc Abrahams,1,52,1,25
2011,10,41,GrrlScientist,11,109,8,114
2011,10,41,Ian Sample,8,3317,95,694
2011,10,41,Mike Selvey,4,135,2,33
2011,10,41,Sibylla Brodzinsky,1,227,5,24
2011,10,41,Presented by James Richardson,2,25,0,20
2011,10,41,produced by Ben Green,3,26,0,37
2011,10,41,Dan Milmo,7,50,0,117
2011,10,41,Emily Drabble,1,11,0,25
2011,10,41,Jonathan Watts,4,493,13,376
2011,10,41,Riazat Butt,5,627,2,114
2011,10,41,John Ashdown,5,130,0,84
2011,10,41,Rowan Davies,1,34,0,67
2011,10,41,Arthur Neslen for <a href="http://www.euractiv.com/en/climate-environment">EurActiv</a>,1,117,1,54
2011,10,41,part of the <a href="http://www.guardian.co.uk/environment/network" title="Guardian Environment Network">Guardian Environment Network</a>,7,1802,18,583
2011,10,41,Paul Owen,5,1614,0,586
2011,10,41,Louise Tickle,1,82,1,47
2011,10,41,Karl Giberson for <a href="http://www.frumforum.com/" title="FrumForum">FrumForum</a>,1,286,9,19
2011,10,41,part of the <a href="http://www.guardian.co.uk/commentisfree/series/guardian-comment-network" title="Cif: Guardian Comment Network">Guardian Comment Network</a>,1,286,9,19
2011,10,41,Diane Taylor,1,86,0,33
2011,10,41,Juliette Garside,12,1628,29,1246
2011,10,41,David Sillitoe,2,28,0,30
2011,10,41,Matt Wells,3,1108,27,311
2011,10,41,Duncan Campbell,2,101,1,42
2011,10,41,Sophie Nield,1,23,1,11
2011,10,41,Damian Carrington,9,2113,12,758
2011,10,41,Stephen McKenna,1,56,1,32
2011,10,41,Rebecca Mooney for the <a href="http://www.guardian.co.uk/guardian-professional" title="Guardian Professional Network">Guardian Professional Network</a>,1,56,1,32
2011,10,41,Andrew Wade,1,5,0,4
2011,10,41,Anna Perman,1,14,1,33
2011,10,41,Aleks Krotoski,7,20,9,433
2011,10,41,Martin Campbell,1,5,0,16
2011,10,41,Tony Knight,1,5,0,10
2011,10,41,Nick Hewitt,1,19,0,22
2011,10,41,Charles Arthur,18,7482,145,2426
2011,10,41,Tom Strohschneider for <a href="http://www.freitag.de/" title="Der Freitag">Der Freitag</a>,1,51,3,32
2011,10,41,part of the <a href="http://www.guardian.co.uk/commentisfree/series/guardian-comment-network" title="Guardian Comment Network">Guardian Comment Network</a>,2,152,5,45
2011,10,41,Christopher Dodd,1,9,0,6
2011,10,41,Richard Williams,3,127,0,47
2011,10,41,James Robinson,9,284,2,273
2011,10,41,Wendy Berliner,5,510,4,100
2011,10,41,Jessica Shepherd,8,582,2,481
2011,10,41,Staff,13,1660,7,382
2011,10,41,Tania Branigan,5,708,12,356
2011,10,41,Giles Tremlett,3,767,4,122
2011,10,41,David Shariatmadari,3,5,0,95
2011,10,41,Becky Gardiner,2,3,0,83
2011,10,41,Martin Kettle,3,84,1,91
2011,10,41,others,2,3,0,83
2011,10,41,Simon Hoggart,4,27,0,49
2011,10,41,John Oldale,2,14,0,18
2011,10,41,Mark Brown,7,799,2,217
2011,10,41,Allegra Stratton,8,240,2,249
2011,10,41,Lyndsey Turner,1,3,0,23
2011,10,41,Peter Beaumont,10,776,7,332
2011,10,41,Andrew Sparrow,8,193,1,499
2011,10,41,Vicky Frost,3,327,2,126
2011,10,41,Janet Dobson,1,0,0,17
2011,10,41,Jonathan Wolff,1,36,0,37
2011,10,41,Michael White,7,480,4,131
2011,10,41,Peter Scott,1,104,0,54
2011,10,41,Deborah Orr,4,738,9,172
2011,10,41,Interview by Laura Barnett,2,19,0,33
2011,10,41,Warwick Mansell,2,42,1,98
2011,10,41,Dominic Fifield,10,361,1,232
2011,10,41,Charlie Kaufman,1,2198,42,779
2011,10,41,Kira Cochrane,2,2400,18,209
2011,10,41,James Ball,4,82,4,89
2011,10,41,Randeep Ramesh,9,1744,4,638
2011,10,41,Editorial,20,727,2,475
2011,10,41,Sarah Boseley,6,1995,13,443
2011,10,41,Hannah Booth,1,13,0,18
2011,10,41,Emine Saner,3,292,3,43
2011,10,41,George Monbiot,2,1429,3,486
2011,10,41,Simon Goodley,6,94,1,93
2011,10,41,David Hytner,4,86,0,133
2011,10,41,Owen Gibson,18,250,2,388
2011,10,41,Louise Taylor,5,234,0,106
2011,10,41,Pari Thomson,1,18,0,2
2011,10,41,John Vallins,1,0,0,23
2011,10,41,Dr Luisa Dillner,1,26,1,6
2011,10,41,Denis Campbell,5,179,1,151
2011,10,41,Gabriel Weston,1,14,0,9
2011,10,41,Ana Marie Cox,8,240,5,171
2011,10,41,Sam Wollaston,4,70,0,52
2011,10,41,Polly Toynbee,4,1243,4,207
2011,10,41,Ian Birrell,1,9,0,22
2011,10,41,Steve Bell,9,227,1,111
2011,10,41,Lucy Mangan,3,115,0,34
2011,10,41,Ronan Bennett,3,1184,0,130
2011,10,41,Daniel King,1,2,0,1
2011,10,41,John Crace,4,107,2,55
2011,10,41,Adrian Searle,3,1038,4,72
2011,10,41,Jon Canter,1,6,0,5
2011,10,41,Julia Raeside,2,4,0,26
2011,10,41,Gwilym Mumford,1,0,0,10
2011,10,41,Ali Catterall,1,0,0,10
2011,10,41,Martin Skegg,2,0,0,39
2011,10,41,Adam Gabbatt,5,3753,25,466
2011,10,41,Rupert Neate,12,996,8,697
2011,10,41,Graeme Wearden,3,91,3,218
2011,10,41,Andy Hunter,2,44,0,41
2011,10,41,Richard Adams,6,638,6,148
2011,10,41,Ed Pilkington,7,1546,10,232
2011,10,41,Hugh Muir,5,18,1,65
2011,10,41,Donald McRae,1,37,0,18
2011,10,41,Shaun Edwards,3,63,2,21
2011,10,41,Elisabeth Mahoney,6,61,0,58
2011,10,41,Jamie Jackson,1,16,0,19
2011,10,41,Kevin McCarra,7,101,0,116
2011,10,41,<strong>Lindsay Dovey</strong> (MeteoGroup),1,18,0,13
2011,10,41,Robert Applebaum,1,1222,11,90
2011,10,41,Ben Quinn,5,1084,8,241
2011,10,41,Felicity Lawrence,1,58,4,54
2011,10,41,Alex Hawkes,3,43,0,112
2011,10,41,David Smith,10,4371,30,513
2011,10,41,Guardian staff,4,9,0,14
2011,10,41,Ian Cobain,2,278,0,185
2011,10,41,Owen Bowcott,5,332,0,173
2011,10,41,Matthew Caines,2,4,0,19
2011,10,41,David Gow,6,144,3,91
2011,10,41,Michael Billington,6,171,1,48
2011,10,41,Nick Cowen,2,44,4,186
2011,10,41,Anita Pati,1,12,0,27
2011,10,41,Kipper Williams,1,5,0,5
2011,10,41,Martin Underwood,1,13,0,5
2011,10,41,Paul Tennant,1,0,0,6
2011,10,41,Jeremy Kuper,1,4,0,9
2011,10,41,Paul Doyle,5,72,0,60
2011,10,41,Tom Happold,1,5,0,6
2011,10,41,Alice Salfield,2,188,0,15
2011,10,41,Tracey Caldwell,1,2,0,4
2011,10,41,Saba Salman,2,13,0,17
2011,10,41,Steve Busfield,6,40,1,46
2011,10,41,Hélène Mulholl,3,20,0,39
2011,10,41,,5,337,5,237
2011,10,41,Rachel Dixon,3,374,0,64
2011,10,41,Jayati Ghosh,1,74,0,31
2011,10,41,Tony Naylor,3,203,2,90
2011,10,41,<a href="http://www.businessgreen.com">BusinessGreen</a>,1,348,14,106
2011,10,41,Mark Sweney,13,1246,22,853
2011,10,41,Oliver Thring,1,69,0,35
2011,10,41,Dr Ayan Panja,1,25,0,12
2011,10,41,Martin Wainwright,5,130,1,264
2011,10,41,Tom Service,3,172,1,82
2011,10,41,Mark Tran,7,950,7,430
2011,10,41,Words: Louis Emanuel,1,21,0,17
2011,10,41,Tobias Jones,1,329,4,26
2011,10,41,Heather Stewart,9,1594,14,397
2011,10,41,Andy Duckworth,2,249,2,63
2011,10,41,Cath Elliott,1,4136,19,484
2011,10,41,Dale Bassett,1,2,0,10
2011,10,41,Joris Luyendijk,1,52,2,18
2011,10,41,Miriam Elder,5,2682,16,548
2011,10,41,Vice,4,260,1,80
2011,10,41,David Marsh,1,13,0,9
2011,10,41,alfietheotter,1,0,0,0
2011,10,41,Caspar Llewellyn Smith,6,8215,23,551
2011,10,41,George Blacksell for <a href="http://www.theecologist.org/">Ecologist</a>,1,166,1,145
2011,10,41,Presented by Tom Clark,2,8,0,9
2011,10,41,produced by Phil Maynard,3,25,0,11
2011,10,41,Andrew Boyle,1,170,1,12
2011,10,41,Paul Hoskins,1,2,0,9
2011,10,41,Stuart Jeffries,2,111,0,40
2011,10,41,Kate Molleson,1,0,0,6
2011,10,41,Bill Bailey,1,937,8,40
2011,10,41,David Hopps,2,82,0,32
2011,10,41,Peter Hetherington,2,62,1,45
2011,10,41,Judith Mackrell,3,17,0,32
2011,10,41,Colin Cram,1,0,0,6
2011,10,41,Nicholas Lezard,1,1,0,1
2011,10,41,Clar Ni Chonghaile,2,51,0,31
2011,10,41,Liz Ford,2,52,1,12
2011,10,41,Jonny Weeks,6,96,2,89
2011,10,41,Steven Bloor,3,44,0,49
2011,10,41,Clare Allan,1,19,0,20
2011,10,41,Guy Dammann,2,118,0,18
2011,10,41,Ruth Jamieson,1,47,0,27
2011,10,41,Bill Black from <a href="http://www.rocksbackpages.com/" title="">Rock's Backpages</a>,1,108,0,14
2011,10,41,Jason Clay for the Guardian <a href="http://www.guardian.co.uk/guardian-professional" title="">Professional Network </a>,1,21,0,4
2011,10,41,Stuart Heritage,6,1076,3,285
2011,10,41,James Walsh,2,2566,21,109
2011,10,41,Justine Jordan,2,56,0,19
2011,10,41,The Register,1,4,0,5
2011,10,41,Fiona Macmillan,1,3,0,74
2011,10,41,Richard Wolff,1,2237,10,80
2011,10,41,Catherine Shoard,5,1256,2,149
2011,10,41,Alain Salles,1,211,3,27
2011,10,41,Fabienne Darge,1,1,0,3
2011,10,41,Denis Walls,1,9,0,6
2011,10,41,Ruth Patrick,1,57,1,45
2011,10,41,Alastair Dant,1,3,0,23
2011,10,41,Charlotte Chabas,1,5,0,9
2011,10,41,Paul Smyth,1,12,0,14
2011,10,41,Barney Ronay,6,89,0,58
2011,10,41,Richard Sprenger,3,798,8,162
2011,10,41,Flora MacQueen,1,204,1,49
2011,10,41,Harry Whewell,1,0,0,7
2011,10,41,Jim Falzarano,1,0,0,5
2011,10,41,Mark Fisher,2,26,0,5
2011,10,41,James Donaghy,1,626,5,15
2011,10,41,Mike Averis,7,130,0,28
2011,10,41,Andrew Dickson,1,15,0,24
2011,10,41,Jo Marchant,1,67,1,43
2011,10,41,Isaac260,1,1,0,0
2011,10,41,Adam Boult,5,246,0,127
2011,10,41,Adam Wagner on the <a href="http://ukhumanrightsblog.com/" title="">UK Human Rights blog</a>,1,117,2,27
2011,10,41,part of the <a href="http://www.guardian.co.uk/legalnetwork" title="">Guardian Legal Network</a>,1,117,2,27
2011,10,41,Steve Waters,1,54,0,12
2011,10,41,James Ramsden,2,611,7,101
2011,10,41,Alan Travis,9,1219,6,510
2011,10,41,Xie Xiaoping for <a href="http://www.chinadialogue.net/">ChinaDialogue</a>,1,90,1,91
2011,10,41,part of the <a href="http://www.guardian.co.uk/environment/network">Guardian Environment Network</a>,1,90,1,91
2011,10,41,Andrew Brown,2,75,5,42
2011,10,41,Kate McCann,6,31,0,97
2011,10,41,David Conn,3,78,0,101
2011,10,41,Anna Chesters,1,6,0,21
2011,10,41,Diana Verde Nieto for the Guardian Professional Network,1,11,1,22
2011,10,41,Abby Deveney,1,0,0,1
2011,10,41,Matthew Weaver,4,114,1,189
2011,10,41,Haroon Siddique,4,2682,19,395
2011,10,41,Paul Brown,3,14,0,34
2011,10,41,Nina Burleigh,1,153,0,61
2011,10,41,Tara Conlan,3,135,1,84
2011,10,41,Eliza Anyangwe,3,39,1,221
2011,10,41,Jude Rogers,1,84,0,9
2011,10,41,Philip Colligan,1,12,1,26
2011,10,41,Rob Williams,1,56,0,60
2011,10,41,Phil Hoad,1,79,2,46
2011,10,41,Keith Potter,1,196,0,49
2011,10,41,Maev Kennedy,7,464,12,254
2011,10,41,Laura Smith,1,145,2,24
2011,10,41,Jill Filipovic,1,49,0,23
2011,10,41,Imogen Russell Williams,1,98,0,8
2011,10,41,James Grieve,1,140,2,32
2011,10,41,George Perrin,1,140,2,32
2011,10,41,Paul Harris,7,1106,14,262
2011,10,41,Simon Tisdall,2,122,2,36
2011,10,41,Douglas Preston,1,547,3,28
2011,10,41,Julian Glover,1,1,0,19
2011,10,41,Anne Perkins,1,1,0,19
2011,10,41,agency,2,4,0,39
2011,10,41,Daniel Taylor,3,211,0,282
2011,10,41,Suzanne Goldenberg,4,218,2,173
2011,10,41,Paul Hohnen for the Guardian Professional Network,1,25,1,59
2011,10,41,Hilary Wainwright,1,74,0,9
2011,10,41,Tim Maguire,1,39,1,8
2011,10,41,Dominic Rushe,10,10834,61,1156
2011,10,41,Ben Conrad,1,2,0,1
2011,10,41,Charles Gant,1,12,0,25
2011,10,41,Rick Osborn,1,15,0,1
2011,10,41,Will Hayler at Cheltenham,2,1,0,7
2011,10,41,Robert Morgan,1,34,0,15
2011,10,41,Charlie Beckett,1,98,3,169
2011,10,41,Judith Cruickshank,1,34,0,13
2011,10,41,Ewan Murray,5,31,0,42
2011,10,41,Ewen MacAskill,13,2541,19,383
2011,10,41,Tim Ashley,2,36,0,16
2011,10,41,Helen Meany,2,20,0,11
2011,10,41,James Welch,1,98,0,25
2011,10,41,Colin Stuart,1,23,0,5
2011,10,41,Richard Norton-Taylor,2,50,0,70
2011,10,41,Fiona Harvey,4,1499,21,525
2011,10,41,Saeed Kamali Dehghan,4,1165,7,324
2011,10,41,in Moscow,1,224,4,54
2011,10,41,Xan Rice,2,62,0,15
2011,10,41,Hadley Freeman,6,597,1,127
2011,10,41,Homa Khaleeli,2,165,3,44
2011,10,41,Bim Adewunmi,1,1210,5,74
2011,10,41,Angelique Chrisafis,6,2469,15,440
2011,10,41,Karen McVeigh,3,2789,39,198
2011,10,41,Andrew Pulver,7,658,10,120
2011,10,41,Simon Jenkins,3,304,0,63
2011,10,41,Fawzia Koofi,1,202,0,47
2011,10,41,Claire Provost,4,910,7,285
2011,10,41,Paul Evans,1,8,0,22
2011,10,41,Harry Venning,1,18,0,8
2011,10,41,Joseph Harker,1,116,1,21
2011,10,41,Helena Smith,5,1076,8,166
2011,10,41,Martin Chulov,4,398,7,221
2011,10,41,Zoe Wood,11,87,1,135
2011,10,41,Dan Gillmor,2,1096,51,343
2011,10,41,Victoria Coren,1,0,0,2
2011,10,41,Xan Brooks,1,459,3,33
2011,10,41,Iain Aitch,1,211,1,52
2011,10,41,Chris Taylor,1,38,1,29
2011,10,41,Aric Sigman,1,9,1,9
2011,10,41,Andrew Mueller,2,4,0,25
2011,10,41,Richard Vine,1,4,0,16
2011,10,41,Rebecca Nicholson,3,4,0,37
2011,10,41,Jonathan Wright,2,4,0,45
2011,10,41,John Robinson,3,4,0,54
2011,10,41,Stewart Lansley,1,188,0,38
2011,10,41,Rob Bagchi,4,237,1,50
2011,10,41,Tom Jenkins,1,0,0,0
2011,10,41,Alan Pickup,1,23,2,9
2011,10,41,Tom Engelhardt for <a href="http://www.tomdispatch.com/archive/175447/">TomDispatch</a>,1,77,5,39
2011,10,41,part of the <a href="http://www.guardian.co.uk/commentisfree/series/guardian-comment-network">Guardian Comment Network</a>,1,77,5,39
2011,10,41,Edward Davie,1,11,0,18
2011,10,41,Katie Allen,16,1216,10,556
2011,10,41,Jon Vale,1,2,0,14
2011,10,41,Presented by Aleks Krotoski,1,4,1,12
2011,10,41,produced by Scott Cawley,2,74,1,27
2011,10,41,Lee Glendinning,2,144,1,53
2011,10,41,Virginia Wallis,2,0,0,18
2011,10,41,Fran Perrin,1,54,0,43
2011,10,41,Dr. Salvatore LaSpada,1,54,0,43
2011,10,41,Rebecca Smithers,2,36,2,38
2011,10,41,Heidi Harris,1,9,0,46
2011,10,41,Eamonn McCabe,1,179,6,104
2011,10,41,David Orr,1,1,0,3
2011,10,41,Garry Blight,3,1481,11,299
2011,10,41,Andrew Cozens,1,0,0,6
2011,10,41,Keith Mitchell,1,39,1,20
2011,10,41,leader,1,39,1,20
2011,10,41,Oxfordshire county council,1,39,1,20
2011,10,41,Dan Glaister,1,48,1,29
2011,10,41,Simon Burnton,3,47,0,47
2011,10,41,Sarah Ditum,1,10,0,36
2011,10,41,undefined,1,9,0,15
2011,10,41,Hari,2,14,0,58
2011,10,41,Jake,2,14,0,58
2011,10,41,Jasper Winn,1,74,3,41
2011,10,41,Laura Brosnan,1,147,1,42
2011,10,41,Jonathan Wilson,1,139,0,19
2011,10,41,Harriet Sherwood,1,20,0,8
2011,10,41,Tamson Pietsch,1,12,0,21
2011,10,41,Catherine Phipps,1,357,0,28
2011,10,41,Matthew Pennycook,1,28,0,16
2011,10,41,Anna Tims,1,2,0,19
2011,10,41,David Bevan,1,13,0,9
2011,10,41,Olivia O'Sullivan,1,81,0,21
2011,10,41,Sam Murphy,1,336,2,80
2011,10,41,John Vidal,2,908,9,209
2011,10,41,Darragh McManus,1,83,0,25
2011,10,41,Emma Drury,2,45,0,2
2011,10,41,Joshua Rozenberg,1,11,0,5
2011,10,41,Bernard Porter,1,59,2,23
2011,10,41,Erwin James,1,9,0,14
2011,10,41,Will Hayler,6,4,0,25
2011,10,41,Stacy Feldman for <a href="http://insideclimatenews.org/">InsideClimate News</a>,1,986,2,106
2011,10,41,Bruce Bateson,1,64,2,61
2011,10,41,Alexis Soloski,1,34,0,12
2011,10,41,Flic Everett,1,5,0,23
2011,10,41,Nosheen Iqbal,1,60,1,28
2011,10,41,Brendan Fanning,2,9,0,5
2011,10,41,Jonathan Portes,1,42,0,30
2011,10,41,Tana West,1,136,0,21
2011,10,41,Helen Carter,5,376,1,106
2011,10,41,Derek Schofield,1,1614,12,76
2011,10,41,Alex Healey,2,727,1,42
2011,10,41,Will Self,1,278,8,100
2011,10,41,Imogen Fox,2,94,0,44
2011,10,41,Open thread,1,20,0,15
2011,10,41,Mary Stuart,1,4,0,11
2011,10,41,Paul Wilson,2,74,0,42
2011,10,41,Lisa Bachelor,3,38,0,76
2011,10,41,Chris Coulter for the World Business Council for Sustainable Development,1,9,1,8
2011,10,41,Jon Ronson,1,69,1,58
2011,10,41,Lucy Greenwell,2,252,1,67
2011,10,41,Remy Lamont,1,69,1,58
2011,10,41,The people's panel,2,4,0,31
2011,10,41,Sarah Crown,4,1667,9,208
2011,10,41,The Guardian,2,2,0,3
2011,10,41,James Meikle,3,63,1,61
2011,10,41,Zoe Amar,1,4,0,33
2011,10,41,Kieran Yates,3,138,2,148
2011,10,41,Marina Hyde,5,531,10,157
2011,10,41,pinkbookworm,1,0,0,7
2011,10,41,David Mills,3,10,0,28
2011,10,41,Jane Martinson,1,6,0,14
2011,10,41,Chris Doyle,1,96,0,20
2011,10,41,Simon Chilvers,3,12,0,61
2011,10,41,Ed Douglas,1,16,0,5
2011,10,41,Amy Goodman,1,732,12,82
2011,10,41,Roger Browning,1,8,0,4
2011,10,41,Jo Adetunji,1,0,0,4
2011,10,41,Ian Marchant for <a href="http://www.guardian.co.uk/guardian-professional" title="">Guardian Professional Network</a>,1,3,0,9
2011,10,41,David M Wilson,1,338,3,55
2011,10,41,Unilever,10,44,4,8
2011,10,41,Sylvia Rowley for the <a href="http://www.guardian.co.uk/guardian-professional?INTCMP=SRCH" title="">Guardian Professional Network</a>,1,10,0,29
2011,10,41,Jo Confino,1,7,0,16
2011,10,41,Caroline Holtum for the <a href="http://www.guardian.co.uk/guardian-professional"> Guardian Professional Network</a>,1,7,0,16
2011,10,41,Douglas Haddow,1,823,5,26
2011,10,41,guardian.co.uk/music,2,310,1,141
2011,10,41,Paul Hayward,4,138,2,72
2011,10,41,By <a href="http://www.irinnews.org/" title="">IRIN</a>,2,146,0,43
2011,10,41,part of the <a href="http://www.guardian.co.uk/global-development/series/guardian-development-network" title="">Guardian development network </a>,2,146,0,43
2011,10,41,Jackie Ashley,2,89,1,26
2011,10,41,Rajeev Syal,2,551,2,175
2011,10,41,Solomon Hughes,1,331,1,50
2011,10,41,Sarah Spilsbury,1,38,0,23
2011,10,41,Chris Salmon,1,35,0,43
2011,10,41,<strong>Dominic Rushe </strong>in New York,1,4,1,24
2011,10,41,guardian.co.uk,1,53,0,36
2011,10,41,Robert Booth,2,317,2,174
2011,10,41,Matthew Taylor,3,2190,16,359
2011,10,41,Edward Bauer,1,245,0,42
2011,10,41,Presented by Michael White,1,17,0,2
2011,10,41,Joe Franklin,1,9,0,17
2011,10,41,Aaron Porter,1,7,0,3
2011,10,41,Di Trevis,1,613,0,61
2011,10,41,Howard Sooley,1,1,0,14
2011,10,41,Katharine Birbalsingh,1,23,0,33
2011,10,41,Trevor Smith,1,8,0,7
2011,10,41,Carole Strachan,1,0,0,3
2011,10,41,Jonathan Glancey,4,653,6,276
2011,10,41,Alan Downing,1,7,0,1
2011,10,41,Erica Jeal,1,1,0,2
2011,10,41,Angela Hartnett,1,46,0,12
2011,10,41,Christopher Allen,1,5,1,11
2011,10,41,Caroline Sullivan,2,3,0,19
2011,10,41,George Hall,2,10,0,15
2011,10,41,Naomi Mattingly,1,12,0,0
2011,10,41,Julian Borger,3,2596,12,467
2011,10,41,Michael Carlson,1,7,0,9
2011,10,41,David Frith,1,66,0,9
2011,10,41,Will Hayler at Towcester,1,0,0,5
2011,10,41,Marcus Christenson,1,20,0,13
2011,10,41,Zoe Williams,3,71,1,61
2011,10,41,Martin Argles,2,24,0,19
2011,10,41,Phil Maynard,1,24,0,17
2011,10,41,Ranjit Dhaliwal,1,24,0,17
2011,10,41,Terry Kirby,2,81,3,22
2011,10,41,Jason Bennetto,1,105,3,14
2011,10,41,Kate Morris,1,38,0,18
2011,10,41,Tom Meltzer,2,85,0,24
2011,10,41,Zia Mahmood,1,1,0,1
2011,10,41,Patrick Butler,1,190,0,50
2011,10,41,Michael Hann,4,122,12,123
2011,10,41,Ian Black,2,132,1,42
2011,10,41,Hannah Waldram,2,1,0,8
2011,10,41,Paula Cocozza,1,12,0,33
2011,10,41,Matthew Fort,2,436,1,100
2011,10,41,Jon Henley,2,212,4,93
2011,10,41,<strong>Larry Elliott</strong>,1,4,0,22
2011,10,41,<strong>David Gow </strong>in Brussels,1,4,0,22
2011,10,41,Esther Addley on the A167,1,340,1,27
2011,10,41,Simon Bowers,3,306,1,183
2011,10,41,Ray Collier,1,2,0,25
2011,10,41,Laura Barton,1,35,0,10
2011,10,41,Jason Farago,1,224,2,30
2011,10,41,Talab el-Sana,1,124,0,20
2011,10,41,Steve Rose,3,131,1,49
2011,10,41,Mark Lawson,2,9,0,42
2011,10,41,As seen by Catherine Bennett,1,12,0,14
2011,10,41,Jonathan Franklin,3,9695,59,553
2011,10,41,David Stubbs,3,2,0,58
2011,10,41,Ben Arnold,1,0,0,9
2011,10,41,Seumas Milne,1,608,1,104
2011,10,41,Interviews by Anna Tims,1,85,0,43
2011,10,41,Malcolm Turnbull,1,6,0,16
2011,10,41,David Hambling,2,4,2,5
2011,10,41,David Batty,8,3297,33,565
2011,10,41,Julia Kollewe,3,177,2,262
2011,10,41,Michael Shank,1,297,5,57
2011,10,41,Jade Lauriston,2,4,0,11
2011,10,41,Claire Armitstead,1,180,0,17
2011,10,41,Anonymous,3,42,0,25
2011,10,41,Jon Robins,1,52,0,34
2011,10,41,John Downie,1,0,0,14
2011,10,41,Alexis Petridis,3,338,8,131
2011,10,41,Jack Schofield,2,1530,19,442
2011,10,41,Michael Solomon,1,2,0,5
2011,10,41,Alice Maynard,1,13,0,25
2011,10,41,Felicity Cloake,1,467,7,56
2011,10,41,Steve Jobs,1,5037,12,349
2011,10,41,Jenny Rohn,1,274,5,51
2011,10,41,Jonathan Jenkins,1,2,0,23
2011,10,41,Sambarose,1,0,0,3
2011,10,41,Robert Skidelsky,1,136,2,29
2011,10,41,Simon Neville,1,11,0,4
2011,10,41,director of strategy,1,11,0,4
2011,10,41,development,1,11,0,4
2011,10,41,Salford Royal  foundation trust,1,11,0,4
2011,10,41,Fazel Hawramy,1,431,0,36
2011,10,41,Helen Babbs,1,19,0,7
2011,10,41,Phil Lyons,1,0,0,2
2011,10,41,Mike Curtis,1,0,0,0
2011,10,41,Mike O'Donnell,1,0,0,0
2011,10,41,Matt Brown,1,223,3,130
2011,10,41,Katy Stoddard,3,480,7,141
2011,10,41,Natalie Hanman,1,0,0,13
2011,10,41,By Brahima Ouédraogo of <a href="http://ipsnews.net/" title="">IPS</a> for the <a href="http://www.guardian.co.uk/global-development/series/guardian-development-network" title="">Guardian development network</a>,1,20,0,10
2011,10,41,David Barnett,1,101,2,58
2011,10,41,Tom Cox,1,31,0,39
2011,10,41,Owen Gildersleeve,1,206,1,18
2011,10,41,Lee Gould,1,206,1,18
2011,10,41,Ryan Hopkinson,1,206,1,18
2011,10,41,Dale Berning,1,206,1,18
2011,10,41,Florrie Thomas,1,206,1,18
2011,10,41,Rachel Vere,1,206,1,18
2011,10,41,Presented by Jason Solomons,2,31,0,6
2011,10,41,produced by Jason Phipps with Peter Bradshaw,1,23,0,1
2011,10,41,Wendy Jones,1,28,0,17
2011,10,41,Jason Solomons,3,3126,20,569
2011,10,41,Jason Phipps,1,8,0,5
2011,10,41,produced by Jason Phipps,1,8,0,5
2011,10,41,Simon Lancaster,1,15,0,12
2011,10,41,Rachel Cooke,2,72,0,33
2011,10,41,Tony Paley,1,1,0,3
2011,10,41,Alex von Tunzelmann,1,32,0,7
2011,10,41,Rosie Bristow for the <a href="http://www.guardian.co.uk/guardian-professional"> Guardian Professional Network</a>,1,9,0,17
2011,10,41,Alex Graul,1,552,9,81
2011,10,41,Jo Blason,2,568,10,88
2011,10,41,Severin Carrell,5,626,3,171
2011,10,41,Philip Hoare,1,169,0,57
2011,10,41,Adil Abrar,1,8,0,94
2011,10,41,Jon Dennis,2,16,0,19
2011,10,41,Tom Philpott for <a href="http://motherjones.com">Mother Jones</a>,1,116,0,29
2011,10,41,Amelia Hill,2,25,1,61
2011,10,41,Chris Fenn,1,802,1,123
2011,10,41,Holly Turner,1,6,0,4
2011,10,41,Tim Maby,1,6,0,4
2011,10,41,Tom Pegram,1,19,0,12
2011,10,41,Benjamen Walker,1,71,1,29
2011,10,41,John Dugdale,1,133,0,27
2011,10,41,John Agard,1,20,0,10
2011,10,41,Leon Kaye for the Guardian Professional Network,1,28,0,22
2011,10,41,Simon Rawles,1,1041,5,146
2011,10,41,Noah Payne-Frank,2,1643,7,202
2011,10,41,Sian Rowe,1,85,0,21
2011,10,41,Peter Bradshaw,7,364,3,94
2011,10,41,Owen Hatherley,1,16,0,11
2011,10,41,Sonia Blandford,1,13,0,19
2011,10,41,Amy Fleming,1,3,0,15
2011,10,41,Lewis K Cooper,1,0,1,8
2011,10,41,Tomas Tranströmer,4,182,0,20
2011,10,41,Matt Seaton,1,2,0,6
2011,10,41,Alan Jenkins,1,1,0,3
2011,10,41,Ciaran Carson,1,9,0,1
2011,10,41,Imogen Tilden,1,93,0,19
2011,10,41,Sean O'Brien,3,2,0,4
2011,10,41,Jo Shapcott,1,2,0,3
2011,10,41,Sadhbh Walshe,1,89,4,12
2011,10,41,Terry Macalister,6,242,3,371
2011,10,41,Dan J Lloyd,1,47,1,34
2011,10,41,Jamie McKendrick,1,2,0,1
2011,10,41,Alan Rusbridger,1,214,2,138
2011,10,41,Jack Shenker,2,479,4,135
2011,10,41,Pete Paphides,1,706,1,73
2011,10,41,Peter Porter,1,1,0,0
2011,10,41,Skye Sherwin,2,35,0,16
2011,10,41,David Benady,1,2,0,2
2011,10,41,John Burnside,1,1,0,1
2011,10,41,Vania Phtidis,1,99,1,44
2011,10,41,Sophie Sabbage for the <a href="http://www.guardian.co.uk/guardian-professional?INTCMP=SRCH" title="">Guardian Professional Network</a>,1,99,1,44
2011,10,41,David Harsent,1,1,0,0
2011,10,41,Carol Ann Duffy,1,17,0,0
2011,10,41,Daniel Waweru,1,47,0,16
2011,10,41,Sean O'Hagan,1,268,4,65
2011,10,41,John Fuller,1,0,0,1
2011,10,41,Michael Donaghy,1,2,0,2
2011,10,41,Kathleen Jamie,1,2,0,1
2011,10,41,Robin Robertson,2,60,0,24
2011,10,41,Rob Cromwell,1,72,1,25
2011,10,41,Ted Hughes,1,12,0,1
2011,10,41,Mick Imlah,1,0,0,3
2011,10,41,David Walker,1,0,0,4
2011,10,41,Seamus Heaney,1,25,0,2
2011,10,41,Lalayn Baluch,1,108,0,33
2011,10,41,Nadiya Takolia,1,24,0,3
2011,10,41,Don Paterson,1,1,0,5
2011,10,41,steenbeck,1,17,0,17
2011,10,41,Thom Gunn,1,3,0,15
2011,10,41,Alex Aldridge,1,43,0,33
2011,10,41,Andrew Haydon,1,1,0,22
2011,10,41,Rob Ward,1,4,0,0
2011,10,41,Dominic Rushe New York,1,107,1,5
2011,10,41,Ian Beach,1,3,0,4
2011,10,41,Phoebe Greenwood,1,360,0,72
2011,10,41,Caroline Davies,2,294,4,70
2011,10,41,Guardian Research Department,1,148,1,9
2011,10,41,Dan Collyns,1,2355,7,48
2011,10,41,Dr Gary Haq,1,9,0,33
2011,10,41,Presented by Charles Arthur,1,6,2,36
2011,10,41,produced by Francesca Panetta,1,6,2,36
2011,10,41,Julian Baggini,2,839,12,158
2011,10,41,Cary Bazalgette,1,26,0,36
2011,10,41,Jonathan Richards,2,425,11,267
2011,10,41,Mariana Santos,1,336,4,68
2011,10,41,Martin Shuttleworth,1,336,4,68
2011,10,41,Judith Flanders,1,42,0,13
2011,10,41,Trey Hardee,1,9,0,4
2011,10,41,Alexander Chancellor,1,214,1,20
2011,10,41,Remi Adekoya,1,105,0,10
2011,10,41,Helen Pidd,3,186,1,77
2011,10,41,Pamela Stephenson Connolly,1,426,5,54
2011,10,41,John Fordham,4,10,0,28
2011,10,41,Christine Smith,1,3,0,9
2011,10,41,As overheard by John Crace,1,14,0,2
2011,10,41,Iain Duncan Smith,1,55,0,21
2011,10,41,Samira Ahmed,1,159,2,29
2011,10,41,Tim Cooper,1,70,0,15
2011,10,41,Michele Hanson,1,170,0,59
2011,10,41,Ryan Gilbey,1,138,2,17
2011,10,41,Kate Abbott,1,10,0,8
2011,10,41,Sarah Hughes,2,147,1,44
2011,10,41,Ellen E Jones,1,407,2,93
2011,10,41,Robin Denselow,3,78,1,17
2011,10,41,Shannon O'Meara,1,26,0,49
2011,10,41,Maddy Costa,2,71,1,22
2011,10,41,David Thomson,1,7,0,6
2011,10,41,Giles Richards,4,9,1,18
2011,10,41,Tom Ewing,1,20,0,27
2011,10,41,Dave Simpson,2,16,0,18
2011,10,41,Harry Pearson,1,14,0,9
2011,10,41,Alex Macpherson,1,12,0,12
2011,10,41,James Richardson,1,9,0,4
2011,10,41,Andy Gallagher,2,14,0,5
2011,10,41,Chudi Onwuazor,1,9,0,4
2011,10,41,Brendan Simpson,2,2,0,8
2011,10,41,Patrick Barkham,3,291,3,84
2011,10,41,Blair McPherson,1,6,0,5
2011,10,41,Martin Rowson,3,134,3,93
2011,10,41,Gwilym Mumford<em> </em>,1,0,0,29
2011,10,41,Jeremy Kelly,1,87,1,10
2011,10,41,Nooruddin Bakhshi,1,87,1,10
2011,10,41,Warren Murray,2,1342,22,481
2011,10,41,Rosie Niven,1,29,0,16
2011,10,41,Diamond Walid,1,169,2,34
2011,10,41,Kevin Baughen,1,7,0,12
2011,10,41,Ben Cook,1,6,0,1
2011,10,41,Richard Vize,1,6,2,10
2011,10,41,Scott Murray,3,178,4,148
2011,10,41,Jane Perrone,1,34,0,18
2011,10,41,Invisible Woman,1,59,1,28
2011,10,41,Jamie Middleton,1,13,0,5
2011,10,41,interim board member,1,13,0,5
2011,10,41,the College of Social Work,1,13,0,5
2011,10,41,Colin Horgan,1,12,0,6
2011,10,41,Anthony Horowitz,1,66,2,16
2011,10,41,Justin McCurry,3,859,9,297
2011,10,41,Michelle Pauli,1,35,1,8
2011,10,41,Kendra Wilson,1,6,0,12
2011,10,41,Ted Glover,1,12,0,1
2011,10,41,Marc Lockley,1,4,1,8
2011,10,41,Posted by Heather Alderfer for <a href="http://uvenus.org/" title="">University of Venus</a>,1,11,0,3
2011,10,41,Subhajit Banerjee,1,15,0,32
2011,10,41,Michael Newton,1,145,4,39
2011,10,41,Peter Tatchell,1,84,0,37
2011,10,41,Amy Lawrence,3,534,3,86
2011,10,41,Jonathan Knott,1,110,5,66
2011,10,41,Dan Hodges,1,59,0,17
2011,10,41,Sam Jordison,1,96,0,56
2011,10,41,Tom Finn,3,1574,7,328
2011,10,41,Anita Charlesworth,1,8,0,19
2011,10,41,chief economist,1,8,0,19
2011,10,41,the Nuffield Trust,1,8,0,19
2011,10,41,Arthur Neslen for  <a href="http://www.euractiv.com/en/climate-environment">EurActiv</a>,1,41,0,62
2011,10,41,Philip Ball,1,23,1,27
2011,10,41,Patrick Foster,4,32,1,94
2011,10,41,Katy Wing,1,0,0,20
2011,10,41,Tehmina Kazi,1,537,2,43
2011,10,41,Marc Burrows,1,9,0,9
2011,10,41,Chris Power,1,20,0,27
2011,10,41,Myles Allen,1,147,4,68
2011,10,41,Dorian Lynskey,1,18,1,8
2011,10,41,James Dart,1,0,0,4
2011,10,41,Toby Manhire,2,328,1,124
2011,10,41,Danny Leigh,1,90,0,55
2011,10,41,Ros Altmann,1,17,1,13
2011,10,41,DHL Envirosolutions for the <a href="http://www.guardian.co.uk/guardian-professional?INTCMP=SRCH" title="">Guardian Professional Network</a>,1,0,0,7
2011,10,41,Wes Streeting,1,0,0,4
2011,10,41,Richard Freeman,1,162,2,37
2011,10,41,Frederika Whitehead,2,195,0,97
2011,10,41,Matthew Baxter-Reynolds,1,9,0,83
2011,10,41,Shehani Fernando,1,363,4,46
2011,10,41,Ekaterina Ochagavia,1,363,4,46
2011,10,41,Presented by Sarah Crown,1,21,0,18
2011,10,41,produced by Tim Maby,1,21,0,18
2011,10,41,David Lacey,1,2,0,19
2011,10,41,Lisa Evans,1,89,1,118
2011,10,41,Shirley Murgraff,1,1161,1,202
2011,10,41,Neil Rose,1,9,0,7
2011,10,41,Eric Alterman,1,312,4,103
2011,10,41,James Antle,1,312,4,103
2011,10,41,Ayesha Kazmi,1,312,4,103
2011,10,41,Sally Kohn,1,312,4,103
2011,10,41,Doug Guetzloe,1,312,4,103
2011,10,41,Frances Fox Piven,1,312,4,103
2011,10,41,Douglas Rushkoff,1,312,4,103
2011,10,41,Presented by John Plunkett,1,1,0,17
2011,10,41,William Sieghart,1,6,0,6
2011,10,41,John Domokos,3,905,3,118
2011,10,41,Harriet Grant,4,925,3,123
2011,10,41,Christian Bennett,2,616,2,66
2011,10,41,Esther Addley,2,2853,3,129
2011,10,41,Miguel-Anxo Murado,1,105,0,17
2011,10,41,James Callow,1,11,0,14
2011,10,41,Tess Amodeo-Vickery,1,303,0,16
2011,10,41,Presented by Alexis Petridis,1,70,0,15
2011,10,41,Laura Oliver,1,0,0,3
2011,10,41,Sign up today,1,1,0,0
2011,10,41,receive a set of six,1,1,0,0
2011,10,41,limited edition Penguin Ink books.,1,1,0,0
2011,10,41,Allen Paltrow,1,114,1,49
2011,10,41,Sian Griffiths,1,91,2,24
2011,10,41,Giles Tremlett Madrid,1,131,0,5
2011,10,41,Glenn Greenwald,1,374,6,59
2011,10,41,Lauren Niland,1,19,0,12
2011,10,41,Elli Narewska,1,6,0,3
2011,10,41,Susan Gentles,1,6,0,3
2011,10,41,Orantes Moore,1,72,0,15
2011,10,41,Lisa Song for  <a href="http://insideclimatenews.org/">InsideClimate News</a>,1,28,0,81
2011,10,41,Trewin Restorick for the <a href="http://www.guardian.co.uk/guardian-professional?INTCMP=SRCH" title="">Guardian Professional Network</a>,1,10,1,33
2011,10,41,Michael Mansfield,1,271,0,32
2011,10,41,Miranda Vickers,1,22,0,7
2011,10,41,Helienne Lindvall,1,9,2,25
2011,10,41,Giles Richards at Suzuka,5,168,0,33
2011,10,41,Bernie Sanders,1,657,5,62
2011,10,41,Anna-Marie Crowhurst,1,7,0,18
2011,10,41,Krystina Nellis,1,9,0,22
2011,10,41,Nesrine Malik,1,105,0,33
2011,10,41,Neal Lawson,1,97,4,58
2011,10,41,Guardian Healthcare,1,0,0,2
2011,10,41,Matthew Butler,1,181,1,47
2011,10,41,Ronald Bergan,1,41,0,17
2011,10,41,Leonard Barden,1,2,0,1
2011,10,41,Alistair Smith,1,118,0,5
2011,10,41,Pandelis Boukalas for <a href="http://www.ekathimerini.com/" title="">Kathimerini</a>,1,101,2,13
2011,10,41,Carole Jahme,1,133,3,31
2011,10,41,Chris Chivers,1,34,0,12
2011,10,41,وضاح خنفر المدير السابق لشبكة الجزيرة,1,33,1,7
2011,10,41,Wadah Khanfar,1,92,0,53
2011,10,41,Tanya Gold,1,320,7,38
2011,10,41,Matilda Parker,1,67,0,16
2011,10,41,Bidisha,1,3,1,2
2011,10,41,Derek Niemann,1,3,0,20
2011,10,41,Ian Jack,1,17,0,7
2011,10,41,Naomi Klein,1,2652,21,230
2011,10,41,Interview by Emine Saner,1,39,0,22
2011,10,41,Tamasin Ford,4,259,0,28
2011,10,41,Stuart James at Liberty Stadium,1,2,0,8
2011,10,41,Interview by Oliver Laughland,1,1,0,5
2011,10,41,Andy Hunter at Windsor Park,1,15,0,10
2011,10,41,Maribel Hastings,1,149,0,26
2011,10,41,Paul Wilson at the City Stadium,1,1,0,4
2011,10,41,Podgorica,3,44,0,43
2011,10,41,Mark Mazower,1,67,0,21
2011,10,41,Tom Yarwood,1,48,1,3
2011,10,41,Laura Dixon,1,39,0,6
2011,10,41,Rupert Mellor,1,110,1,34
2011,10,41,Naseem Khan,1,211,3,25
2011,10,41,DJ Taylor,1,4,0,1
2011,10,41,Jenny Uglow,1,19,0,2
2011,10,41,Anthony McGowan,1,7,0,2
2011,10,41,John Self,1,21,0,21
2011,10,41,Robin Holloway,1,22,0,2
2011,10,41,Frances Leviston,1,21,1,5
2011,10,41,Nigel Jones,1,18,0,4
2011,10,41,Steven Poole,1,19,0,2
2011,10,41,Sue Arnold,1,3,0,12
2011,10,41,Robin Yassin-Kassab,1,119,0,10
2011,10,41,Tariq Ali,1,45,0,3
2011,10,41,Laura Miller,1,18,1,4
2011,10,41,Maya Jaggi,1,4,0,9
2011,10,41,John Mullan,1,29,1,13
2011,10,41,Eric Brown,1,83,1,9
2011,10,41,Richard Ford,1,32,2,46
2011,10,41,Tom Dyckhoff,1,24,0,9
2011,10,41,Stephen Collins,2,246,1,18
2011,10,41,Photographs: Liam Duke. Styling: Nicola Rose,1,2,0,3
2011,10,41,Alys Fowler,2,10,0,9
2011,10,41,Interview: <strong>Becky Barnicoat. </strong>Photograph: <a href="http://www.emilystein.co.uk/" title=""><strong>Emily Stein</strong></a>,1,126,1,4
2011,10,41,Sali Hughes,1,10,0,3
2011,10,41,Becky Barnicoat,1,108,1,25
2011,10,41,Olivia Williams,1,24,0,9
2011,10,41,Yotam Ottolenghi,1,63,0,8
2011,10,41,Dan Lepard,1,79,2,41
2011,10,41,Fiona Beckett,1,9,0,4
2011,10,41,Thomas Eaton,1,1,0,0
2011,10,41,John Lanchester,1,23,0,2
2011,10,41,Rosanna Greenstreet,1,9,0,4
2011,10,41,Agnes Stevenson,1,3,0,4
2011,10,41,Lia Leendertz,1,3,0,3
2011,10,41,Oliver Burkeman,1,35,1,27
2011,10,41,Kate Jacobs,1,1,0,5
2011,10,41,Hugh Fearnley-Whittingstall,1,191,4,22
2011,10,41,Andrea Wren,1,6,0,22
2011,10,41,Simon Hattenstone,1,1206,4,273
2011,10,41,Jeremy Bullmore,1,2,0,1
2011,10,41,Rupert Jones,2,24,0,30
2011,10,41,Mark Weisbrot,1,137,1,33
2011,10,41,Margaret Owen,1,44,2,48
2011,10,41,As told to Graham Snowdon,1,22,0,7
2011,10,41,Ben Goldacre,1,75,3,347
2011,10,41,The Secret Footballer,1,46,0,33
2011,10,41,Tim Radford,1,4,0,9
2011,10,41,Andrew Collins,1,5,0,1
2011,10,41,Alex Worrall,1,57,0,3
2011,10,41,Damon Wise,1,257,1,18
2011,10,41,Peter Robinson,1,2761,7,331
2011,10,41,Clare Considine,1,84,0,28
2011,10,41,Nick Duerden,1,44,0,3
2011,10,41,Anna Maxted,1,5,0,6
2011,10,41,Charlie Condou,1,37,1,77
2011,10,41,Sarah Dempster,2,2,0,12
2011,10,41,Johnny Dee,1,33,0,3
2011,10,41,Robert Clark,1,32,0,9
2011,10,41,Jon &amp; Mick/moderntoss.com,1,4,0,1
2011,10,41,Sam Wolfson,1,49,0,8
2011,10,41,Paul Hayward at the City Stadium,1,9,0,19
2011,10,41,Annalisa Barbieri,1,2,0,0
2011,10,41,Alistair Duncan,1,8,0,3
2011,10,41,Nikki Spencer,1,24,0,7
2011,10,41,The Guide,2,0,0,3
2011,10,41,Grace Dent,1,25,0,12
2011,10,41,Hannah Verdier,1,1,0,3
2011,10,41,Rebecca Nicholson &amp; Candice Carty-Williams,1,0,0,3
2011,10,41,Ailbhe Malone,1,9,0,11
2011,10,41,John Patterson,1,20,0,18
2011,10,41,John Fordham &amp; John Robinson,1,0,0,2
2011,10,41,Patric Baird,1,52,0,7
2011,10,41,John Mitchell,1,52,0,7
2011,10,41,Sam Richards &amp; Marc Rowlands,1,52,0,7
2011,10,41,Sam Richards,1,9,0,11
2011,10,41,Robert Clark &amp; Skye Sherwin,1,9,0,22
2011,10,41,Mark Cook,1,2,0,14
2011,10,41,Lyn Gardner &amp; Judith Mackrell,1,2,0,14
2011,10,41,Ian Leslie,1,3828,64,769
2011,10,41,James Kettle,1,298,0,1
2011,10,41,Iain Aitch &amp; Katrina Dixon,1,2,0,9
2011,10,41,Kevin McCarra at the City Stadium,1,34,0,20
2011,10,41,Dominic Fifield at Podgorica,1,15,0,30
2011,10,41,Nicola Jennings,1,0,0,16
2011,10,41,Joe Berger,1,4,0,5
2011,10,41,Pascal Wyse,1,4,0,5
2011,10,41,Paul Rees at the Wellington Regional Stadium,1,63,1,6
2011,10,41,Jennifer Begg,1,14,0,15
2011,10,41,Khaled Diab,1,2126,8,125
2011,10,41,Dennis Barker,1,0,0,5
2011,10,41,Eddie Butler at Eden Park,2,327,2,31
2011,10,41,Izzymcq,1,5,0,8
2011,10,41,Yazan Badran,1,74,10,54
2011,10,41,Rory Stewart,1,195,1,75
2011,10,41,Joanna Walters,1,2180,15,179
2011,10,41,ChristopherW,1,5,0,12
2011,10,41,Robert Kitson at Eden Park,1,16,0,3
2011,10,41,Dean Ryan,1,13,0,4
2011,10,41,Michael Aylwin at Franklin's Gardens,1,1,0,0
2011,10,41,Will Hayler at Newmarket,1,0,0,3
2011,10,41,John Ashdown at The Valley,1,0,0,3
2011,10,41,David Clough,1,2,0,5
2011,10,41,Florian Müller,1,19,9,69
2011,10,41,Toby Helm,3,1505,8,539
2011,10,41,Nick Cohen,2,454,2,130
2011,10,41,Andy Wilson at Old Trafford,2,44,0,12
2011,10,41,Jacob Steinberg,2,44,0,141
2011,10,41,Jamie Doward,4,334,0,128
2011,10,41,Kim Willsher,1,5,0,13
2011,10,41,Ewan Murray at Rheinpark Stadium,1,14,0,11
2011,10,41,Daniel Boffey,2,1189,9,269
2011,10,41,David Hills,1,6,0,14
2011,10,41,Richard Williams at Eden Park,2,83,0,13
2011,10,41,Graham Norwood,1,40,0,35
2011,10,41,Margaret Dibben,3,1,0,13
2011,10,41,Yang Jianli,1,501,3,35
2011,10,41,Megan Conner,2,50,0,48
2011,10,41,Barry Neild,3,424,4,202
2011,10,41,Barbara Ellen,2,432,1,60
2011,10,41,Annasofie Flam,1,205,4,179
2011,10,41,Hugh Macleod,1,205,4,179
2011,10,41,Laura Cumming,2,179,2,26
2011,10,41,Philip French,9,300,2,60
2011,10,41,Kevin McKenna,1,650,0,30
2011,10,41,Dan Pearson,1,8,0,16
2011,10,41,Carole Cadwalladr,1,337,3,31
2011,10,41,Carol Morley,1,6399,77,753
2011,10,41,Susannah Clapp,1,1,0,2
2011,10,41,John Naughton,2,1910,17,172
2011,10,41,Michael Pollan,1,357,8,60
2011,10,41,Kitty Empire,4,75,2,14
2011,10,41,Interview by Luke Jennings,1,32,0,12
2011,10,41,Tony Gould,1,4,0,8
2011,10,41,Fiona Maddocks,2,15,0,11
2011,10,41,Eva Wiseman,2,41,0,17
2011,10,41,Ally Carnwath,1,5,0,0
2011,10,41,Ian Tucker,1,47,4,29
2011,10,41,Martin Love,1,11,0,19
2011,10,41,Interview by Mina Holland,1,9,0,23
2011,10,41,Phil Hogan,1,0,0,2
2011,10,41,Elizabeth Day,2,183,2,30
2011,10,41,Luke Jennings,1,2,0,6
2011,10,41,Peter Preston,5,674,3,242
2011,10,41,Catherine Bennett,1,8,0,1
2011,10,41,Vanessa Thorpe,2,27,0,28
2011,10,41,art,1,10,0,4
2011,10,41,<strong>Alex Hawkes </strong>and<strong> Simon Bowers</strong>,1,0,1,12
2011,10,41,Ben Lewis,1,17,0,7
2011,10,41,Mariella Frostrup,1,16,0,2
2011,10,41,Candice Pires,1,15,0,1
2011,10,41,Fleur Darkin,1,9,0,5
2011,10,41,Chris Riddell,1,115,1,10
2011,10,41,Edward Lucas,1,63,2,10
2011,10,41,Nigel Slater,2,175,0,25
2011,10,41,Alexander Linklater,1,34,1,27
2011,10,41,Akin Ojumu,1,14,0,9
2011,10,41,Jay Rayner,1,1094,3,186
2011,10,41,Lucy Siegle,1,10,0,16
2011,10,41,Shahesta Shaitly,2,137,1,14
2011,10,41,David Williams,1,27,0,7
2011,10,41,Desmond Balmer,1,8,0,12
2011,10,41,Joanne O'Connor,1,19,0,24
2011,10,41,Bulent Yusuf,1,2,0,5
2011,10,41,Will Freeman,1,0,1,7
2011,10,41,Nathan Ditum,1,0,0,6
2011,10,41,Stephen Pritchard,1,1,0,0
2011,10,41,Killian Fox,1,2,0,2
2011,10,41,Mark Kermode,1,11,0,6
2011,10,41,Nicholas Kenyon,1,0,0,2
2011,10,41,Hermione Hoby,1,2,0,2
2011,10,41,Neil Spencer,1,21,1,3
2011,10,41,Dave Gelly,1,3,0,4
2011,10,41,Clare Brennan,2,27,0,5
2011,10,41,Rowan Moore,1,68,1,9
2011,10,41,Viv Groskop,4,106,0,66
2011,10,41,Eleanor Morgan,1,123,2,29
2011,10,41,Miranda Sawyer,1,3,0,7
2011,10,41,William Keegan,1,62,0,17
2011,10,41,Observer,1,1,0,7
2011,10,41,Dr Gerry Mander,1,0,0,0
2011,10,41,Interview by Hermione Hoby,1,27,0,5
2011,10,41,Helen Lewis-Hasteley,1,321,2,71
2011,10,41,Andrew Harrison,1,321,2,71
2011,10,41,Dalya Alberge,2,110,3,59
2011,10,41,Will Skidelsky,1,6,0,16
2011,10,41,Lucy Rock,1,915,5,162
2011,10,41,Martin Bright,1,71,0,62
2011,10,41,Tracy McVeigh,2,84,1,40
2011,10,41,Robin McKie,1,211,11,42
2011,10,41,Will Hutton,1,26,0,35
2011,10,41,Andrew Rawnsley,1,47,0,33
2011,10,41,Henry Porter,1,23,0,84
2011,10,41,Mark Townsend,1,192,1,47
2011,10,41,Paul Rees at Wellington Regional Stadium,1,64,0,27
2011,10,41,Paul Weaver,1,59,0,8
2011,10,41,Jim Powell,1,133,1,98
2011,10,41,Groovy Dhruv,1,5,0,8
2011,10,41,Ian Paulsen,1,1,0,10
2011,10,41,Katharine Whitehorn,1,0,0,5
2011,10,41,Agnès Poirier,1,19,0,6
2011,10,41,Ally Fogg,1,5,0,25
2011,10,41,Nick Compton,1,1,0,16
2011,10,41,Barrett Brown,1,286,3,187
2011,10,41,Viviane Reding,1,8,1,18
2011,10,41,Diana Wallis,1,8,1,18
2011,10,41,Rian Evans,1,5,0,9
2011,10,41,Interview by Kenneth Harris,1,0,0,4
2011,10,41,Rosie Goldsmith,1,0,0,12
2011,10,41,Alix Lee,1,15,0,20
2011,10,41,Dan Roberts,1,407,23,626
2011,10,41,Edward Pearce,1,0,0,18
2011,10,41,Eric Shorter,1,163,0,51
2011,10,41,Steve Hewlett,1,4,0,14
2011,10,41,Chris Elliott,1,4,0,34
2011,10,41,Tom Phillips,1,319,1,84
2011,10,41,John Middleton,1,144,1,62
2011,10,41,Stephen Bates,1,161,0,16
2011,10,41,Heidi Stephens,1,16,0,17
2011,10,41,Charlie Brooker,1,1840,17,211
2011,10,41,John Curtice,1,13,0,13
2011,10,41,Mark Hooper,1,330,1,25
2011,10,41,AL Kennedy,1,326,0,65
2011,10,41,Patrick Kingsley,1,17,0,13
2011,10,41,Julie Bindel,1,109,1,16
2011,10,41,Rachel Roberts,1,20,0,192
2011,10,41,Scotl,3,500,2,102
2011,10,41,Tim Glanfield,1,0,0,14
2011,10,41,Tony Leighton,1,0,0,5
2011,10,41,Pankaj Mishra,1,349,1,99
2011,10,41,Ian Thornton,1,1231,12,178
2011,10,41,Tony Greenbank,1,11,0,22
2011,10,41,<a href="http://www.guardian.co.uk/profile/juliaraeside" title="">Julia Raeside</a>,1,4,0,7
2011,10,41,<a href="http://www.guardian.co.uk/profile/andrewmueller" title="">Andrew Mueller</a>,1,4,0,7
2011,10,41,<a href="http://www.guardian.co.uk/profile/jonathanwright" title="">Jonathan Wright</a>,1,4,0,7
2011,10,41,<a href="http://www.guardian.co.uk/profile/ben-arnold" title="">Ben Arnold</a>,1,4,0,7
2011,10,41,<a href="http://www.guardian.co.uk/profile/martin-skegg" title="">Martin Skegg</a>,1,4,0,7
2011,10,41,Katherine Lewsey,1,4,0,7
2011,10,41,Sam Leith,1,68,0,25
2011,10,41,Martin Kelner,1,13,0,29
2011,10,41,<strong>David Brazier </strong><em>MeteoGroup</em>,1,0,0,7
2011,10,41,Jeremy Alexander at the County Ground,1,13,0,12
2011,10,41,Caron Bradshaw,1,4,0,9
2011,10,41,Martin Farrer,1,2,0,21
2011,10,41,Anton Roe,1,0,0,4
2011,10,41,Adam Fineberg,1,0,0,10
