year,month,week,name,articles,facebook,googleplus,twitter
2012,4,15,Sarah Hughes,1,76,2,15
2012,4,15,Press Association,139,6928,83,4432
2012,4,15,Sophie Hudson,1,13,0,30
2012,4,15,Kevin Gallagher,1,162,1,30
2012,4,15,John Vidal,5,3436,16,408
2012,4,15,Caroline Flint,1,108,15,70
2012,4,15,Keith Stuart,11,172,2,687
2012,4,15,Alan Rusbridger,1,16,0,28
2012,4,15,Simon Rogers,5,2049,37,1055
2012,4,15,Jon Butterworth,2,29,8,50
2012,4,15,Ruth Churchill Dower,1,35,2,47
2012,4,15,Gordon Marsden,2,21,0,93
2012,4,15,Andrew Bibby,1,0,0,0
2012,4,15,GrrlScientist,21,156,55,349
2012,4,15,John Ashdown,12,113,0,347
2012,4,15,James Riach,2,67,0,84
2012,4,15,Ian McCourt,1,62,0,50
2012,4,15,Sachin Nakrani,3,230,0,214
2012,4,15,Charles Arthur,5,33,7,461
2012,4,15,Alan Gillespie,1,62,0,54
2012,4,15,Dan Milmo,6,89,4,232
2012,4,15,Juliette Jowit,1,23,3,30
2012,4,15,agencies,25,2258,38,1565
2012,4,15,Roy Greenslade,23,108,7,519
2012,4,15,David Lengel,2,16,0,25
2012,4,15,Isaac260,1,7,0,18
2012,4,15,Calum Mercer,1,4,0,16
2012,4,15,Associated Press,51,5431,96,1874
2012,4,15,Barry Glendenning,3,18,0,56
2012,4,15,Jonathan Ward,1,6,2,34
2012,4,15,Simon Bowers,5,358,7,266
2012,4,15,Josephine Moulds,14,1244,12,344
2012,4,15,Mehdi Hasan,1,321,1,138
2012,4,15,Pete Pattisson,1,373,0,6
2012,4,15,Angelique Chrisafis,6,1906,19,322
2012,4,15,Pauline Pearce,1,36,1,69
2012,4,15,Ken McMeikan,1,31,0,35
2012,4,15,Mark King,2,41,0,80
2012,4,15,Adrian Searle,1,338,1,113
2012,4,15,Sid Lowe,4,403,10,231
2012,4,15,Chris Banks,1,0,0,8
2012,4,15,Sean Michaels,7,1769,9,350
2012,4,15,Oliver Laughland,3,981,8,223
2012,4,15,Elliot Smith,2,140,1,49
2012,4,15,Alex Rees,4,1731,6,165
2012,4,15,Stuart Dredge,6,283,11,604
2012,4,15,Vic Marks,9,32,3,58
2012,4,15,Jan-Werner Mueller,1,42,2,25
2012,4,15,Michael Rosenblum,1,9,0,18
2012,4,15,Mark Sweney,19,741,23,1206
2012,4,15,Ben Child,12,1934,21,1129
2012,4,15,Bella Mackie,4,0,0,3
2012,4,15,Gines Haro Pastor,4,0,0,0
2012,4,15,Alan Connor,2,7,0,14
2012,4,15,Steve Hare,1,33,0,56
2012,4,15,Allan Jenkins,1,0,0,20
2012,4,15,Martin Cohen,1,45,0,57
2012,4,15,Andrew Simms,1,97,1,85
2012,4,15,Rick Peters,3,584,0,124
2012,4,15,Sarah Lee,5,594,0,153
2012,4,15,Helen Clifton,10,194,2,264
2012,4,15,Kate Hodge,6,8,0,142
2012,4,15,Monkey,6,12,0,113
2012,4,15,Robin Meldrum,1,526,0,19
2012,4,15,Hez Holl,1,526,0,19
2012,4,15,,3,1245,28,508
2012,4,15,Nora Guicheney,1,526,0,19
2012,4,15,Kate Kellaway,1,200,3,38
2012,4,15,Mike Selvey,7,18,1,57
2012,4,15,<a href="http://www.metoffice.gov.uk/"><b>The Met Office</b></a>,1,21,1,61
2012,4,15,Duncan Clark,2,88,8,238
2012,4,15,Paolo Bandini,1,4,0,16
2012,4,15,Terry Waite,1,30,0,28
2012,4,15,Paddy Allen,4,446,7,177
2012,4,15,Simon Jeffery,1,59,0,37
2012,4,15,Mark Oliver,1,59,0,37
2012,4,15,James Sturcke,1,59,0,37
2012,4,15,Matthew Tempest,1,59,0,37
2012,4,15,Dan Chung,1,59,0,37
2012,4,15,George Chesterton,1,14,0,38
2012,4,15,Dick Vinegar,1,0,0,15
2012,4,15,Edward Davie,1,2,0,27
2012,4,15,Lucy Series,1,27,0,36
2012,4,15,Uwe Brandenburg,1,27,1,78
2012,4,15,Hans de Wit,1,27,1,78
2012,4,15,Henry McDonald,13,525,12,273
2012,4,15,Irel,11,480,7,227
2012,4,15,Jill Robinson,1,0,0,0
2012,4,15,Hugh Stephenson,1,2,0,1
2012,4,15,Will Hayler,17,11,0,81
2012,4,15,Chris Cook,5,36,0,36
2012,4,15,Alison Flood,10,1104,33,803
2012,4,15,Clare Horton,3,36,0,6
2012,4,15,Julia Eccleshare,4,93,1,113
2012,4,15,Henry Barnes,11,5342,13,607
2012,4,15,Neil Rose,1,16,0,18
2012,4,15,Hélène Mulholl,2,719,28,489
2012,4,15,Robert Booth,6,1350,33,1376
2012,4,15,Natalie Haynes,1,18,0,5
2012,4,15,Meghan Sutherland,1,47,0,31
2012,4,15,Hilary Osborne,8,137,3,311
2012,4,15,Anna Chesters,2,39,1,71
2012,4,15,Lyn Gardner,5,133,0,114
2012,4,15,Hannah Waldram,2,72,0,45
2012,4,15,Lawrence Donegan,3,33,0,78
2012,4,15,Phillip Inman,7,21,3,223
2012,4,15,Catherine Shoard,2,514,5,68
2012,4,15,Angela Saini,1,40,0,23
2012,4,15,Jeremy Kay,1,3,2,36
2012,4,15,Rosie Swash,1,581,1,109
2012,4,15,John Domokos,1,581,1,109
2012,4,15,Peter Sale,1,581,1,109
2012,4,15,Ole Alsaker,1,581,1,109
2012,4,15,Nicholas Watt,20,2064,40,2003
2012,4,15,Martin Parker,1,0,0,0
2012,4,15,Naomi Wolf,2,20871,131,1099
2012,4,15,Raphael Honigstein,1,2,0,16
2012,4,15,Jean-Louis Gassée,1,17,1,123
2012,4,15,Dustin Benton,1,7,0,52
2012,4,15,Carla Bonino,1,1,1,0
2012,4,15,Mike Adamson,1,508,0,443
2012,4,15,Michael Cox,1,32,0,62
2012,4,15,presented by Alok Jha,1,29,2,25
2012,4,15,produced by Jason Phipps,4,88,6,135
2012,4,15,Katy Murrells,4,384,1,216
2012,4,15,Ansel Mullins for <a href="http://istanbuleats.com" title="">Istanbul Eats</a>,1,15,1,42
2012,4,15,part of the <a href="http://www.guardian.co.uk/travel/series/guardian-travel-network" title="">Guardian Travel Network</a>,2,59,2,65
2012,4,15,Senegal,1,58,3,29
2012,4,15,Arthur Neslen for <a href="http://www.euractiv.com/en/climate-environment">EurActiv</a>,1,70,3,79
2012,4,15,part of the <a href="http://www.guardian.co.uk/environment/network" title="Guardian Environment Network">Guardian Environment Network</a>,2,104,3,122
2012,4,15,Rob Taylor,2,4,1,33
2012,4,15,Graham Parker,2,25,0,25
2012,4,15,Joe Prince-Wright,1,7,0,18
2012,4,15,Radhika Desai,1,53,0,32
2012,4,15,Frédéric Filloux,1,2,0,63
2012,4,15,John Vidal aboard the Arctic Sunrise,2,740,6,380
2012,4,15,Open thread,5,131,1,110
2012,4,15,Leon Kaye for the <a href="http://www.guardian.co.uk/guardian-professional" title="Guardian Professional Network">Guardian Professional Network</a>,1,9,0,17
2012,4,15,Joris Luyendijk,3,120,17,114
2012,4,15,Martin Wainwright,11,297,8,222
2012,4,15,Adam Boult,3,22,0,57
2012,4,15,Jo Hill,3,0,0,0
2012,4,15,Michael Billington,6,224,0,88
2012,4,15,Maev Kennedy,2,164,10,72
2012,4,15,AL Kennedy,1,1323,6,309
2012,4,15,Guardian readers,9,221,0,220
2012,4,15,Tintin,1,11,1,13
2012,4,15,Guy Clifton,1,0,0,4
2012,4,15,fluffycat,1,0,0,10
2012,4,15,Alan Sykes,2,44,1,49
2012,4,15,Nick Spencer,1,17,4,32
2012,4,15,Tracey Caldwell,1,1,1,24
2012,4,15,William Fotheringham,18,174,2,301
2012,4,15,Steven Morris,3,546,1,177
2012,4,15,David Smith,3,397,8,202
2012,4,15,Sam Jones,3,323,3,105
2012,4,15,John Burn-Murdoch,5,1247,22,1056
2012,4,15,Frances Ryan,1,96,0,80
2012,4,15,Simon Croson,1,111,0,41
2012,4,15,Lucy Craig,1,11,0,17
2012,4,15,Jim Todd,1,2,0,8
2012,4,15,Roger Cowe for the <a href="http://www.guardian.co.uk/guardian-professional" title="Guardian Professional Network">Guardian Professional Network</a>,1,24,4,51
2012,4,15,Ros Taylor,2,26,1,30
2012,4,15,Jonathan Jones,11,450,11,327
2012,4,15,Martin Hughes,1,4,1,40
2012,4,15,Mike Anderiesz,2,23,0,98
2012,4,15,John Beech for <a href="http://footballmanagement.wordpress.com/" title="">Football Management</a> part of the Guardian Sport Network,1,0,0,9
2012,4,15,Jonathan Fryer,1,84,0,32
2012,4,15,Carol Rumens,1,133,1,39
2012,4,15,Kate Connolly,2,137,3,55
2012,4,15,Nick Fielding,1,3472,61,882
2012,4,15,Ros Asquith,1,0,0,9
2012,4,15,Richard Norton-Taylor,7,304,13,487
2012,4,15,Paul Lester,5,234,1,130
2012,4,15,Lisa O'Carroll,7,184,15,501
2012,4,15,Jon Henley,3,88,4,34
2012,4,15,Dominic Rushe,12,757,29,993
2012,4,15,Peter Bradshaw,5,120,1,84
2012,4,15,Lois Jeary,1,73,0,33
2012,4,15,James Ball,3,1191,10,1011
2012,4,15,Ratna Lachman,1,71,0,42
2012,4,15,Kieron Merchandani Cooper,1,71,0,42
2012,4,15,Madeleine Cuff,9,865,13,543
2012,4,15,Andrew Sparrow,5,74,2,405
2012,4,15,Matthew Weaver,3,64,3,344
2012,4,15,Daniel Sokol for the <a href="http://ukhumanrightsblog.com/" title="">UK Human Rights Blog</a>,1,23,0,53
2012,4,15,part of the <a href="http://www.guardian.co.uk/law/series/guardian-legal-network" title="">Guardian Legal Network</a>,1,23,0,53
2012,4,15,Guardian Government Computing,4,0,1,17
2012,4,15,Esmer Golluoglu,1,1798,7,168
2012,4,15,Michael Cragg,4,146,2,133
2012,4,15,Stewart Lansley,1,29,0,36
2012,4,15,Marc Abrahams,1,237,4,105
2012,4,15,Gary Younge,3,584,10,265
2012,4,15,David Cox,1,18,1,25
2012,4,15,Brian Braiker,8,2357,32,694
2012,4,15,Josh Halliday,14,1260,40,1961
2012,4,15,Jon Robins,1,59,1,31
2012,4,15,Dan Sabbagh,10,636,20,1140
2012,4,15,Dugald Baird,4,286,3,403
2012,4,15,Presented by James Richardson,2,66,0,39
2012,4,15,produced by Ben Green,1,40,0,28
2012,4,15,Tara,1,0,1,10
2012,4,15,Keely,1,0,1,10
2012,4,15,aged 4,2,1,1,28
2012,4,15,Colin Horgan,2,49,0,35
2012,4,15,Graeme Wearden,5,232,9,378
2012,4,15,Fiona Harvey,5,611,10,378
2012,4,15,Jon Boone,4,164,2,312
2012,4,15,Matt Trueman,5,441,3,109
2012,4,15,Laura Oliver,2,227,1,130
2012,4,15,Lisa Evans,1,155,1,94
2012,4,15,Sarah Boseley,3,564,7,148
2012,4,15,Paul Rees,6,41,0,48
2012,4,15,Kevin Powell,1,53,0,42
2012,4,15,Trewin Restorick for the <a href="http://www.guardian.co.uk/guardian-professional" title="Guardian Professional Network">Guardian Professional Network</a>,1,6,0,10
2012,4,15,Jo Tuckman,2,416,3,179
2012,4,15,Rahila Gupta,1,66,0,21
2012,4,15,Larry Elliott,7,127,2,176
2012,4,15,John Windmill,1,0,0,7
2012,4,15,Graeme Virtue,2,22,0,36
2012,4,15,Tim Ashley,3,15,0,41
2012,4,15,Kira Cochrane,1,106,5,99
2012,4,15,Andrew Clements,9,25,0,108
2012,4,15,Juliette Garside,5,124,4,385
2012,4,15,Chris McGreal,12,6743,36,537
2012,4,15,Zoya Phan,1,481,2,38
2012,4,15,Jason Farago,1,300,4,85
2012,4,15,Jack Schofield,3,710,13,535
2012,4,15,Hélène Mulholland,19,1011,37,1234
2012,4,15,Mark Brown,5,1000,8,267
2012,4,15,Valerie Hannah,1,18,1,47
2012,4,15,Corrections,6,0,0,9
2012,4,15,Rupert Neate,6,189,5,394
2012,4,15,Tom Kington,2,81,1,41
2012,4,15,Ian Black,5,209,4,321
2012,4,15,Richard Luscombe,1,31,2,19
2012,4,15,Mia de Graaf,1,359,4,43
2012,4,15,Gwyn Topham,11,221,9,407
2012,4,15,Interviews by Kate Abbott,1,83,0,93
2012,4,15,Michael Rosen,1,291,2,240
2012,4,15,Uki Goni,1,100,2,42
2012,4,15,Afua Hirsch,6,597,10,343
2012,4,15,Peter Scott,1,37,0,32
2012,4,15,Tony Travers,1,8,0,14
2012,4,15,Ruth Spencer,3,137,5,207
2012,4,15,Caroline Davies,5,443,13,181
2012,4,15,Ed Pilkington,4,261,5,207
2012,4,15,David Batty,2,121,2,68
2012,4,15,Interviews by Constanze Letsch in&nbsp;Turkey,1,280,0,77
2012,4,15,Phoebe Greenwood,1,280,0,77
2012,4,15,Michelle Hanson,1,0,0,7
2012,4,15,Vicky Frost,2,96,2,100
2012,4,15,Patrick Kingsley,1,30,1,131
2012,4,15,Bim Adewunmi,1,16,0,35
2012,4,15,Aditya Chakrabortty,1,597,7,202
2012,4,15,Alok Jha,3,828,18,208
2012,4,15,Michael White,5,66,0,81
2012,4,15,Mike Pitts,1,495,5,109
2012,4,15,Anna Kessel,1,181,1,100
2012,4,15,Rajeev Syal,7,747,24,1038
2012,4,15,<a href="http://www.guardian.co.uk/profile/john-m-ashton" title="">John Ashton</a>,1,369,1,97
2012,4,15,<a href="http://www.guardian.co.uk/profile/clive-peedell" title="">Clive Peedell</a>,1,369,1,97
2012,4,15,<a href="http://www.guardian.co.uk/profile/davidowen" title="">David Owen</a>,1,369,1,97
2012,4,15,Director of public health (anon),1,369,1,97
2012,4,15,Alex Scott-Samuel,1,369,1,97
2012,4,15,<a href="http://www.guardian.co.uk/profile/lucy-reynolds" title="">Lucy Reynolds</a>,1,369,1,97
2012,4,15,Clare Gerada,1,369,1,97
2012,4,15,Bernice Boss,1,369,1,97
2012,4,15,Editorial,19,754,22,700
2012,4,15,John Vallins,1,0,0,34
2012,4,15,Ali Catterall,2,0,0,10
2012,4,15,Rebecca Nicholson,6,37,0,96
2012,4,15,Gwilym Mumford,3,29,0,55
2012,4,15,Ben Arnold,2,1,0,12
2012,4,15,Julia Raeside,5,79,0,81
2012,4,15,Polly Toynbee,1,157,0,78
2012,4,15,Louise Taylor,3,105,2,120
2012,4,15,Harry J Enten,4,235,11,129
2012,4,15,Steve Bell,7,173,0,138
2012,4,15,Tanya Gold,1,91,3,188
2012,4,15,Simon Burnton,3,32,0,208
2012,4,15,Paul Lewis,8,1720,25,764
2012,4,15,Hadley Freeman,3,3424,17,1473
2012,4,15,Esther Addley,4,4,0,67
2012,4,15,David Hytner,5,204,1,223
2012,4,15,John Crace,3,74,7,78
2012,4,15,Richard Williams,2,131,0,38
2012,4,15,Ben Quinn,5,332,2,219
2012,4,15,Richard Adams,5,16,0,172
2012,4,15,James Antle,1,29,0,31
2012,4,15,Daniel Taylor at Ewood Park,2,187,0,138
2012,4,15,Jessica Shepherd,9,1452,17,864
2012,4,15,Rebecca Smithers,4,181,1,175
2012,4,15,Lucy Tcherniak,1,407,0,64
2012,4,15,Neil Westley,1,407,0,64
2012,4,15,Tom Clark,1,407,0,64
2012,4,15,Ivan Mactaggart,1,407,0,64
2012,4,15,Will Humphris,1,407,0,64
2012,4,15,Sam Gunn,1,407,0,64
2012,4,15,Duncan Campbell,1,217,4,58
2012,4,15,Randeep Ramesh,6,441,15,332
2012,4,15,James Legge,3,1075,9,195
2012,4,15,Huw Silk,3,13,0,52
2012,4,15,Kevin McCarra at Ewood Park,1,127,0,74
2012,4,15,Rachel Williams,2,176,0,158
2012,4,15,Karen McVeigh,3,576,15,214
2012,4,15,Michael Solomon,1,11,0,14
2012,4,15,Benji Lanyado,1,44,2,52
2012,4,15,Asheem Singh,1,2,2,17
2012,4,15,Milford Bateman,1,260,2,32
2012,4,15,Agencies,9,194,1,371
2012,4,15,Ed Vaizey MP,1,28,0,46
2012,4,15,presented by Aleks Krotoski,1,5,1,73
2012,4,15,with Charles Arthur,1,5,1,73
2012,4,15,Denis Campbell,3,106,0,76
2012,4,15,Posted by Elizabeth Lewis Pardoe for <a href="http://uvenus.org/" title="">University of Venus</a>,1,17,0,83
2012,4,15,Louise Tickle,2,36,0,65
2012,4,15,Dan Lehner,1,0,0,0
2012,4,15,Chris Baldwin,1,18,1,28
2012,4,15,Harriet Sherwood,5,1284,20,340
2012,4,15,Tom Hall,1,2,0,8
2012,4,15,Simon Parker,1,25,0,30
2012,4,15,Tjala,1,2,0,17
2012,4,15,Don Redding,1,13,0,63
2012,4,15,Tony Hutchinson,1,10,0,89
2012,4,15,Full Care Order,1,33,0,17
2012,4,15,Nick Fletcher,12,34,1,57
2012,4,15,Hari,2,3,0,91
2012,4,15,Jake,2,3,0,91
2012,4,15,Oliver Thring,2,51,0,50
2012,4,15,Amy Byard,1,12,0,56
2012,4,15,Isabella Sankey,1,100,6,175
2012,4,15,Jason Burke,6,785,10,542
2012,4,15,Will Coldwell,1,816,1,69
2012,4,15,Chris Taylor,1,42,2,44
2012,4,15,Rob Evans,3,182,9,302
2012,4,15,Georgina Harding,1,15,1,24
2012,4,15,Ruth Durham,1,29,1,30
2012,4,15,Andy Wilson,19,26,1,118
2012,4,15,Zac Purchase,1,5,0,13
2012,4,15,Severin Carrell,5,2075,50,1049
2012,4,15,David Wearing,1,42,0,43
2012,4,15,World Business Council for Sustainable Development,1,119,1,24
2012,4,15,Gill Hitchcock,1,4,0,30
2012,4,15,Ian Katz,6,2214,4,178
2012,4,15,Matthew Whysall,5,251,12,318
2012,4,15,Nicholas Lezard,1,45,0,28
2012,4,15,Joe Harrison for <a href="http://theseventytwo.com/" title="">The Seventy Two</a>,1,82,0,18
2012,4,15,part of the Guardian Sport Network,1,82,0,18
2012,4,15,Sharon Brennan,1,300,0,44
2012,4,15,Sam Jordison,1,8,0,13
2012,4,15,Jessica Fuhl,1,1,0,30
2012,4,15,Charles Gant,2,104,0,58
2012,4,15,Andy Brockie,1,0,0,6
2012,4,15,Martin Redington,1,0,0,6
2012,4,15,Nancy Groves,1,31,0,8
2012,4,15,James Niven for the <a href="http://www.guardian.co.uk/guardian-professional" title="Guardian Professional Network">Guardian Professional Network</a>,1,40,0,25
2012,4,15,Barnaby Read,17,8,0,71
2012,4,15,Firebird,1,18,1,17
2012,4,15,Mischa Wilmers,2,43,1,45
2012,4,15,Ruth Cooke,1,0,0,3
2012,4,15,The people's panel,1,9,0,12
2012,4,15,Bertie Bosrédon,1,8,0,26
2012,4,15,Cabinet Office Data Team,1,0,0,38
2012,4,15,Dawn Foster,1,178,4,152
2012,4,15,Julia Kendell,1,32,1,56
2012,4,15,Andy Bull,10,214,2,134
2012,4,15,Tania Branigan,5,344,10,390
2012,4,15,Guardian healthcare network,1,4,0,12
2012,4,15,Helen Czerski,1,19,0,28
2012,4,15,Owen Gibson,1,1,0,6
2012,4,15,Katie Allen,9,232,5,300
2012,4,15,Peter Beresford,1,615,12,76
2012,4,15,Paul Farmer,1,88,1,63
2012,4,15,Marc Burrows,3,5,0,22
2012,4,15,Paul Smith,1,0,1,44
2012,4,15,Rob Smyth (morning,4,46,1,181
2012,4,15,afternoon sessions),4,46,1,181
2012,4,15,Simon Burnton (evening session),2,29,0,78
2012,4,15,Fazel Hawramy,1,35,0,19
2012,4,15,Priscilla Kwateng,1,10,0,25
2012,4,15,Mee-Lai Stone,2,41,2,23
2012,4,15,Peter Hetherington,2,48,0,31
2012,4,15,Ali Hashem,1,395,5,155
2012,4,15,Justine Jordan,1,3,1,30
2012,4,15,Miriam Elder,3,124,6,119
2012,4,15,Robert Wade,1,85,0,16
2012,4,15,Lizzy Davies,11,958,28,686
2012,4,15,Philippe Dagen,1,4,0,27
2012,4,15,Harold Thibault,1,39,1,50
2012,4,15,Neil Willis,1,0,0,4
2012,4,15,Paul Bartlett,1,8,0,20
2012,4,15,Christine Chaumeau,1,11,0,32
2012,4,15,Kate McCann,2,4,0,55
2012,4,15,Joe Arvai for the <a href="http://www.guardian.co.uk/guardian-professional" title="Guardian Professional Network">Guardian Professional Network</a>,1,32,1,16
2012,4,15,Produced by Sarah Peters,1,51,0,23
2012,4,15,Nick Cowen,1,5,0,61
2012,4,15,Adam Gabbatt,5,433,1,255
2012,4,15,Ian Traynor,1,22,2,12
2012,4,15,David Ward,1,31,1,42
2012,4,15,The Pink Elephant,1,1,1,16
2012,4,15,Debbie Andalo,1,0,0,31
2012,4,15,David Banisar,1,17,2,39
2012,4,15,Phil Hoad,2,15,1,42
2012,4,15,Robert Kitson,3,20,1,127
2012,4,15,Jon Savage,1,19,0,35
2012,4,15,David Conn,1,64,0,31
2012,4,15,Saeed Kamali Dehghan,2,121,3,66
2012,4,15,Toby Muse,1,20,2,14
2012,4,15,Edzard Ernst,1,1546,15,284
2012,4,15,Lucy Moore,1,12,0,11
2012,4,15,Sophie Nield,1,28,3,38
2012,4,15,Sarah Ditum,1,8,0,41
2012,4,15,Moira Herbst,1,245,1,37
2012,4,15,Emma Graham-Harrison,3,79,2,75
2012,4,15,Nick Szczepanik,1,15,0,33
2012,4,15,Johnny Dee,2,56,0,27
2012,4,15,Leo Hickman,2,145,17,282
2012,4,15,Clare Allan,1,266,1,28
2012,4,15,Abby Deveney,1,0,0,0
2012,4,15,Paul Owen,1,141,6,450
2012,4,15,Jessica Reed,1,18,1,21
2012,4,15,Maria Otero,1,24,0,29
2012,4,15,Jorge Hage,2,25,0,43
2012,4,15,Richard Sprenger,4,799,7,132
2012,4,15,Alex Needham,3,362,5,158
2012,4,15,Claire Provost,1,129,1,51
2012,4,15,Elizabeth Kolbert for <a href="http://www.e360.yale.edu" title="Yale Environment 360">Yale Environment 360</a>,1,34,0,43
2012,4,15,Eliza Anyangwe,1,1,0,31
2012,4,15,Lily Asquith,1,5,2,10
2012,4,15,Paul Doyle,5,44,1,139
2012,4,15,Simon Tisdall,2,41,1,32
2012,4,15,Gretta Schifano,1,85,0,36
2012,4,15,Sacha,1,0,0,7
2012,4,15,Dylan,1,0,0,7
2012,4,15,aged 2,3,0,0,36
2012,4,15,Tony Mulhearn,1,180,0,47
2012,4,15,Brian Whitaker,4,113,3,443
2012,4,15,Ana Marie Cox,2,79,2,38
2012,4,15,Hasan Bakhshi,1,112,0,67
2012,4,15,Reuters,6,975,7,470
2012,4,15,Maria Otero&nbsp;,1,1,0,14
2012,4,15,Barney Hoskyns,2,387,5,92
2012,4,15,Alex Slater,1,24,0,19
2012,4,15,Ilaria Pasquinelli for the <a href="http://www.guardian.co.uk/guardian-professional" title="Guardian Professional Network">Guardian Professional Network</a>,1,205,0,52
2012,4,15,Hannah Freeman,2,24,0,90
2012,4,15,Sunny Hundal,1,58,0,77
2012,4,15,David Hencke for <a href="http://www.exaronews.com/" title="">Exaro</a>,1,372,4,265
2012,4,15,Helen Pidd,4,851,6,272
2012,4,15,Ian Sample,1,278,4,73
2012,4,15,Dave Simpson,3,145,2,56
2012,4,15,Will Hayler at Malton,1,4,0,7
2012,4,15,Philip Cooke,1,108,1,51
2012,4,15,Katherine Stewart,1,469,5,89
2012,4,15,Phillip Easton,1,17,0,16
2012,4,15,Alexandra Topping,3,722,7,174
2012,4,15,Malcolm Combe,1,25,0,10
2012,4,15,Peter Walker,1,59,0,82
2012,4,15,Interview by Laura Barnett,2,31,0,42
2012,4,15,Victoria Neumark,1,34,1,122
2012,4,15,Mark Fisher,1,12,0,17
2012,4,15,Pete Jones,1,160,4,36
2012,4,15,Luke Martin,2,285,7,216
2012,4,15,Emma Brockes,1,171,1,48
2012,4,15,Alfred Hickling,3,16,2,22
2012,4,15,Rian Evans,2,3,0,27
2012,4,15,Martin Dunn,1,84,0,71
2012,4,15,Maya Wolfe-Robinson,1,30,0,16
2012,4,15,Jonathan Wright,3,3,0,23
2012,4,15,Hannah Verdier,1,1,0,6
2012,4,15,David Stubbs,3,3,0,23
2012,4,15,Barbara Demick,1,511,2,104
2012,4,15,Harry Venning,1,1,0,5
2012,4,15,Henry Porter,2,373,8,251
2012,4,15,Emine Saner,1,13,0,34
2012,4,15,Ian Gittins,1,3,0,20
2012,4,15,imon Bowers,1,0,0,12
2012,4,15,Paul Harris,4,888,6,242
2012,4,15,Simon Jenkins,1,86,0,71
2012,4,15,Sara Ilyas,1,16,0,12
2012,4,15,Imogen Fox,2,178,0,63
2012,4,15,Staff,6,374,7,224
2012,4,15,Philippa Perry,1,257,2,69
2012,4,15,Paul Evans,1,7,0,35
2012,4,15,Haroon Siddique,3,380,4,500
2012,4,15,Jane Bussmann,1,163,1,39
2012,4,15,Nancy Banks-Smith,1,7,0,14
2012,4,15,Priyamvada Gopal,1,213,1,94
2012,4,15,Paul MacInnes,2,29,0,29
2012,4,15,Lucy Mangan,2,160,2,113
2012,4,15,Ewan Murray,3,50,2,40
2012,4,15,Seumas Milne,1,463,3,152
2012,4,15,Stuart James,5,28,0,127
2012,4,15,Frank Keating,1,2,0,6
2012,4,15,Daniel Taylor,3,515,2,179
2012,4,15,Dominic Fifield,5,84,0,177
2012,4,15,Sid Lowe at Camp Nou,1,74,0,34
2012,4,15,Ian Cobain,3,1420,23,1082
2012,4,15,Joshua Rozenberg,1,21,3,45
2012,4,15,Ewan Murray at Augusta,10,71,1,74
2012,4,15,Lawrence Donegan at Augusta,8,116,0,129
2012,4,15,Connie Hedegaard,1,84,4,79
2012,4,15,Caroline Shead,1,27,1,49
2012,4,15,Virginia Wallis,2,2,0,39
2012,4,15,Jonathan Glennie,2,90,2,60
2012,4,15,Richard Baerlein,1,0,0,3
2012,4,15,Susan Aktemel,1,0,0,0
2012,4,15,Richard Gleave,1,54,1,56
2012,4,15,Marie Nixon,1,22,1,22
2012,4,15,Claire Hodgson,1,22,1,22
2012,4,15,Heather Scott,1,26,0,56
2012,4,15,Jasmine Ali,1,16,0,69
2012,4,15,irav,2,3,0,13
2012,4,15,Ben Reeve-Lewis,1,10,2,80
2012,4,15,Rob Bagchi,2,45,2,81
2012,4,15,Jonathan Chaplin,1,3,1,23
2012,4,15,Sukhdev Sandhu,1,23,0,39
2012,4,15,James Lasdun,1,2,0,26
2012,4,15,Anna Turley,1,1,0,11
2012,4,15,Anna Tims,2,5,0,57
2012,4,15,Scotl,3,628,5,460
2012,4,15,James Hopkin,1,220,0,37
2012,4,15,Tom Lutz,7,120,0,144
2012,4,15,Samantha Warrington,1,5,0,17
2012,4,15,Anna Dixon,1,35,0,39
2012,4,15,Ali Alaswad,1,43,1,46
2012,4,15,John Wright,1,742,2,59
2012,4,15,Stuart Heritage,5,100,1,115
2012,4,15,Lanre Bakare,1,0,0,2
2012,4,15,Georgia Brown,1,89,0,31
2012,4,15,Mark Tran,3,174,1,76
2012,4,15,Damian Carrington,1,56,1,136
2012,4,15,Michael Hann,6,18771,40,754
2012,4,15,Sparclear,1,2,0,24
2012,4,15,Jo Best,4,37,4,97
2012,4,15,Andy Gibson,1,466,1,178
2012,4,15,Public Leaders Network,2,13,0,13
2012,4,15,David Shariatmadari,1,71,1,17
2012,4,15,Michael Crummey,1,43,6,103
2012,4,15,Sarah Stevenson,1,34,0,27
2012,4,15,Brian Paddick,1,281,0,13
2012,4,15,Kay Luiz,1,52,3,65
2012,4,15,Chrissie Giles,1,38,1,33
2012,4,15,Anonymous,1,8,0,44
2012,4,15,Tom Cox,1,40,0,37
2012,4,15,Victor Adebowale,1,11,0,67
2012,4,15,Jonathan Wilson,1,398,7,80
2012,4,15,Lijia Zhang,1,39,2,114
2012,4,15,Leo Benedictus,1,32,1,19
2012,4,15,Ben Kepes for <a href="http://diversity.net.nz" title="">diversity.net.nz</a>,1,5,1,7
2012,4,15,Steve Boxer,1,9,0,50
2012,4,15,Andrew Khan,1,63,2,33
2012,4,15,Judith Mackrell,3,41,0,70
2012,4,15,Severin Carrell Scotl,1,77,1,104
2012,4,15,Alex Healey,4,95,9,303
2012,4,15,Guy Grandjean,5,98,10,331
2012,4,15,Matt Whysall,1,3,1,28
2012,4,15,Alex Healy,1,3,1,28
2012,4,15,John Hooper,2,173,0,38
2012,4,15,Paul Wilson,3,91,6,128
2012,4,15,Jenny Purt for the <a href="http://www.guardian.co.uk/guardian-professional" title="Guardian Professional Network">Guardian Professional Network</a>,1,14,0,26
2012,4,15,Sinéad Bevan,1,157,1,29
2012,4,15,Mark Lawson,1,63,1,62
2012,4,15,Steve Gold,1,1,0,2
2012,4,15,Mick McCann,1,193,4,93
2012,4,15,OrcaCrazy,1,115,0,19
2012,4,15,David Mills,1,0,0,0
2012,4,15,Interview by Leo Hickman,1,240,5,60
2012,4,15,Michael Wolff,2,123,6,175
2012,4,15,Tony Myers,1,297,1,66
2012,4,15,Leander Schaerlaeckens,1,24,0,40
2012,4,15,Rajeeb Dey,1,28,0,63
2012,4,15,Jonathan Bernstein,1,2,1,9
2012,4,15,Joseph Stiglitz,1,74,1,61
2012,4,15,Lisa Bachelor,2,18,0,24
2012,4,15,Jill Insley,6,1186,0,205
2012,4,15,Angela Hartnett,1,37,3,28
2012,4,15,Neil Davey,1,3,1,41
2012,4,15,David Docherty,1,29,2,68
2012,4,15,Caroline Bishop,1,4,0,14
2012,4,15,Jules Boykoff,1,770,4,228
2012,4,15,Matthew Caines,1,41,0,53
2012,4,15,Clare Melford for the <a href="http://www.guardian.co.uk/guardian-professional" title="Guardian Professional Network">Guardian Professional Network</a>,1,8,0,34
2012,4,15,Lawrence McNamara,1,2,2,15
2012,4,15,Kevin Gulliver for <a href="http://www.leftfootforward.org/" title="">Left Foot Forward</a>,1,86,0,46
2012,4,15,part of the <a href="http://www.guardian.co.uk/commentisfree/series/guardian-comment-network" title="">Guardian Comment Network</a>,1,86,0,46
2012,4,15,Francis Beckett,1,11,0,16
2012,4,15,Tim Dowling,2,17914,26,2189
2012,4,15,Joanne Mudhar,1,2,0,22
2012,4,15,Interview by Sarah Phillips,1,16,0,23
2012,4,15,Leonidas Vyzas,1,22,0,22
2012,4,15,Reba,2,0,0,29
2012,4,15,Amatullah,2,0,0,29
2012,4,15,Amanda Michel,1,141,4,82
2012,4,15,Adam Roberts for <a href="http://parisisinvisible.blogspot.co.uk/">Invisible Paris</a>,1,44,1,23
2012,4,15,Caroline Crampton,1,12,0,25
2012,4,15,AP,1,827,5,63
2012,4,15,Marina Hyde,5,1038,6,206
2012,4,15,Michael Cohen,1,324,8,65
2012,4,15,Andrew Brown,3,556,4,224
2012,4,15,Jamie Jackson,8,284,1,277
2012,4,15,Patrick Wintour,8,541,16,573
2012,4,15,John Elkington for the <a href="http://www.guardian.co.uk/guardian-professional" title="Guardian Professional Network">Guardian Professional Network</a>,1,5,0,27
2012,4,15,Steven Bloor,3,76,2,76
2012,4,15,Isabel Choat,1,11,0,26
2012,4,15,Patrick Collinson,2,129,1,208
2012,4,15,Teodora Beleaga,1,51,0,12
2012,4,15,Luke Harding,3,159,5,195
2012,4,15,John Fordham,5,32,0,52
2012,4,15,Guy Dammann,2,22,0,21
2012,4,15,Andrew Dickson,1,15,0,8
2012,4,15,Caroline Sullivan,3,29,0,57
2012,4,15,Clar Ni Chonghaile,1,42,0,44
2012,4,15,Helena Smith,3,895,5,181
2012,4,15,Simon Hattenstone,4,4354,15,410
2012,4,15,Zoe Wood,4,225,3,195
2012,4,15,Stephen Moss,2,337,1,97
2012,4,15,Maureen Way,1,1,0,21
2012,4,15,Paul Weaver,1,368,0,334
2012,4,15,Sadhbh Walshe,1,33,0,21
2012,4,15,Suzanne Moore,2,347,3,275
2012,4,15,As overheard by John Crace,1,9,0,4
2012,4,15,Simon Mills,1,32,0,26
2012,4,15,Ian Birrell,1,34,1,89
2012,4,15,Ian Griffiths,4,4185,49,2225
2012,4,15,Tom Jenkins,3,6,0,48
2012,4,15,John Norgrove,1,134,0,20
2012,4,15,Ray Collier,1,3,0,66
2012,4,15,Martin Kettle,1,26,0,63
2012,4,15,Andrew Mueller,2,31,0,58
2012,4,15,John Robinson,2,31,0,58
2012,4,15,Phelim O'Neill,4,25,0,54
2012,4,15,Daniel Taylor at Stamford Bridge,1,10,0,51
2012,4,15,Sid Lowe at the Bernabéu,1,16,0,30
2012,4,15,John Gardner,1,22,0,14
2012,4,15,Heidi Stephens,1,48,0,26
2012,4,15,Tom McCarthy,2,76,1,82
2012,4,15,Julian Borger,2,396,2,224
2012,4,15,Dominic Fifield at Stamford Bridge,2,152,1,146
2012,4,15,Sam Wollaston,5,50,0,131
2012,4,15,Richard Williams at Stamford Bridge,1,6,0,42
2012,4,15,Felicity Cloake,1,290,2,58
2012,4,15,Damien Pearse,7,588,4,609
2012,4,15,Dr Abhay Adhikari,1,17,2,86
2012,4,15,Katy Stoddard,1,77991,0,62
2012,4,15,Sarah Hartley,1,0,0,7
2012,4,15,Ændrew Rininsland,2,77,7,70
2012,4,15,Shoshana Kessler,1,30,0,16
2012,4,15,Kim Catcheside,1,7,2,55
2012,4,15,Stella Medlicott,1,0,3,16
2012,4,15,Caroline Spelman,1,12,0,41
2012,4,15,Carole Benton,1,20,0,46
2012,4,15,Ed Jacobs,1,2,0,12
2012,4,15,Helen Carter,1,10,0,54
2012,4,15,Invisible Woman,1,27,0,35
2012,4,15,Scarlett Thomas,1,11,0,27
2012,4,15,Julia Lovell,1,13,0,48
2012,4,15,Mark Wilding,1,23,0,18
2012,4,15,Ray Jones,1,9,0,10
2012,4,15,Presented by Jeevan Vasagar,1,12,0,45
2012,4,15,produced by Phil Maynard,1,12,0,45
2012,4,15,BT MyDonate,2,0,0,4
2012,4,15,Colin Cram,1,1,0,13
2012,4,15,Martyn Hart,1,1,0,11
2012,4,15,Paul Mendelle,1,7,0,24
2012,4,15,SA Mathieson,2,6,0,41
2012,4,15,Guardian staff,2,59,2,48
2012,4,15,Helienne Lindvall,2,183,0,58
2012,4,15,Dave Hill,3,69,1,121
2012,4,15,Thomas Hoblyn,1,5,0,12
2012,4,15,Blanche Vaughan,1,5,0,16
2012,4,15,Sophia Deboick,1,35,1,32
2012,4,15,Adam Vaughan,1,21,2,49
2012,4,15,Greg Freeman,1,55,2,46
2012,4,15,Hunter Felt,1,3,0,2
2012,4,15,mailout magazine,1,9,0,27
2012,4,15,John Palmer,1,10,1,17
2012,4,15,Anthony Sattin,1,52,1,34
2012,4,15,Guardian Music,1,32,1,23
2012,4,15,Claire Armitstead,1,22,0,58
2012,4,15,Jospehine Moulds,1,2,0,4
2012,4,15,Austin Brady,1,92,0,48
2012,4,15,Emily Payne,2,506,4,77
2012,4,15,James Meikle,3,362,6,204
2012,4,15,Carlton Reid,1,9,2,33
2012,4,15,Marcus du Sautoy,3,365,15,97
2012,4,15,Giles Hutchins for the <a href="http://www.guardian.co.uk/guardian-professional" title="Guardian Professional Network">Guardian Professional Network</a>,1,67,1,19
2012,4,15,John Baron,1,6,0,19
2012,4,15,Hamza Mohamed,1,139,0,29
2012,4,15,Sinead Bevan,1,3,0,29
2012,4,15,Paul King for the <a href="http://www.guardian.co.uk/guardian-professional" title="Guardian Professional Network">Guardian Professional Network</a>,1,6,2,20
2012,4,15,Gregg Roughley,3,161,0,96
2012,4,15,Honour Bayes,1,54,1,48
2012,4,15,Ben Kape,1,214,0,33
2012,4,15,Andy Gallagher,8,446,2,147
2012,4,15,Lindsay Poulton,1,214,0,33
2012,4,15,Ekaterina Ochagavia,1,214,0,33
2012,4,15,Julia Ashley,1,1,0,22
2012,4,15,Maria Margaronis,1,229,1,53
2012,4,15,Jermaine Gonzales,1,16,0,12
2012,4,15,Laura Laker,1,173,4,104
2012,4,15,Nick Davies,1,221,8,746
2012,4,15,Jenny Purt,1,13,1,15
2012,4,15,Nicola Morgan,1,19,1,42
2012,4,15,Rob Bagchi (evening session),2,17,1,103
2012,4,15,Xan Brooks,2,574,1,107
2012,4,15,Matthew Yeomans for the <a href="http://www.guardian.co.uk/guardian-professional" title="Guardian Professional Network">Guardian Professional Network</a>,1,2,1,11
2012,4,15,Jessie Cave,1,18,0,22
2012,4,15,Rob Smyth,2,15,0,42
2012,4,15,Rebecca Ratcliffe,1,133,3,67
2012,4,15,Siobhan Grimes,1,120,3,98
2012,4,15,Alice Haworth-Booth,1,120,3,98
2012,4,15,Tom Meltzer,1,6,1,37
2012,4,15,Antonio Tabucchi,1,37,1,29
2012,4,15,Danielle Adler,1,46,0,21
2012,4,15,Andrew Pulver,3,98,0,63
2012,4,15,Alex Aldridge,1,34,2,38
2012,4,15,Megan Carpentier,1,465,16,121
2012,4,15,political reporter,1,142,3,108
2012,4,15,Mark Piesing,1,35,1,184
2012,4,15,Arwa Mahdawi,1,196,0,62
2012,4,15,Ruth Jamieson,1,32,0,34
2012,4,15,Gareth Hepworth,1,8,1,34
2012,4,15,Noah Payne-Frank,5,188,0,62
2012,4,15,Martin Adeney,1,0,0,13
2012,4,15,blackskua,1,0,0,7
2012,4,15,Dan Martin,1,61,0,30
2012,4,15,Hans Kundnani,1,530,6,78
2012,4,15,Tom Ewing,1,12,1,17
2012,4,15,Camila Ruz,1,70,2,76
2012,4,15,Tony Russell,1,33,0,10
2012,4,15,Vaudine Engl,1,58,0,31
2012,4,15,in Macau,1,58,0,31
2012,4,15,Robert McCrum,2,130,1,76
2012,4,15,Tom Service,1,47,0,33
2012,4,15,Tim Jonze,2,395,1,106
2012,4,15,Tracey Holloway,1,35,0,10
2012,4,15,Presented by Dan Sabbagh,1,0,0,4
2012,4,15,with Lisa O'Carroll,1,0,0,4
2012,4,15,Jon Dennis,2,11,0,56
2012,4,15,Skye Sherwin,2,49,0,35
2012,4,15,Craig Sams,1,46,0,96
2012,4,15,By Kristin Palitza for <a href="http://www.ips.org/institutional/" title="">IPS</a>,1,89,0,21
2012,4,15,part of the <a href="http://www.guardian.co.uk/global-development/series/guardian-development-network" title="">Guardian development network</a>,1,89,0,21
2012,4,15,Mark Simmonds,1,0,0,0
2012,4,15,Oliver Heath,1,25,0,94
2012,4,15,Tom Williams for <a href="http://www.tomwfootball.com/" title="">Football Further</a>,1,12,0,20
2012,4,15,Rhona,1,0,0,21
2012,4,15,Maya,1,0,0,21
2012,4,15,aged 1,1,0,0,21
2012,4,15,Lesley Riddoch,1,154,0,48
2012,4,15,produced by Peter Sale,1,26,0,11
2012,4,15,Vesna Maric,1,240,0,25
2012,4,15,Robin Denselow,4,29,0,61
2012,4,15,Andrew Collins,1,14,0,17
2012,4,15,Christian Bennett,1,14,0,17
2012,4,15,Andy Roberts,1,1,0,10
2012,4,15,Neil Sinden,1,1,0,10
2012,4,15,Shaun Edwards,1,10,0,4
2012,4,15,Ross Domoney,1,1119,2,39
2012,4,15,Richard Gibson,2,6,0,32
2012,4,15,Mark Pennell,2,6,0,32
2012,4,15,Richard Latham,2,6,0,32
2012,4,15,Ronald Bergan,1,22,2,23
2012,4,15,Adam Sweeting,1,788,10,121
2012,4,15,Simon Frantz,1,24,1,56
2012,4,15,Martin Dunne,1,13,0,32
2012,4,15,Elisabeth Mahoney,2,58,0,28
2012,4,15,Betty Clarke,1,12,0,22
2012,4,15,Gabriel Dance,1,216,8,86
2012,4,15,Jonathan Fenby,1,129,3,60
2012,4,15,Ben Beaumont-Thomas,2,730,3,111
2012,4,15,Ryan Gilbey,1,146,1,30
2012,4,15,Christine Ockrent,1,7,1,20
2012,4,15,Alicia Canter,1,3,0,21
2012,4,15,Rachel Reeves,1,226,0,76
2012,4,15,Nick Shave,1,70,0,52
2012,4,15,Shiv Malik,3,1442,8,217
2012,4,15,Mark Pennell at The Oval,2,0,0,12
2012,4,15,Mustafa Khalili,1,375,3,42
2012,4,15,Laurence Topham,1,375,3,42
2012,4,15,Andy Wilson at Trent Bridge,2,0,0,8
2012,4,15,Christine Smith,1,4,0,53
2012,4,15,Richard Latham at Taunton,3,0,0,17
2012,4,15,Jamie Thomson,1,14,0,23
2012,4,15,Richard Gibson at Headingley,2,1,0,7
2012,4,15,Conal Urquhart,1,36,0,11
2012,4,15,Alexis Petridis,1,1,0,18
2012,4,15,Amy Goodman,1,4471,80,875
2012,4,15,Günter Grass,1,1732,15,321
2012,4,15,Tim Rich,1,12,1,36
2012,4,15,Kevin McCarra,2,42,0,72
2012,4,15,Harry Pearson,1,5,1,27
2012,4,15,<strong>Luke Harding </strong>,1,929,11,244
2012,4,15,<strong>Harriet Sherwood</strong>,1,929,11,244
2012,4,15,James Richardson,1,30,2,35
2012,4,15,Matt Hall,1,30,2,35
2012,4,15,Mark Tallentire,1,2,0,4
2012,4,15,Scott Murray,4,46,0,124
2012,4,15,Gregg Roughley (6pm-6.45pm),1,14,0,33
2012,4,15,Richard Scott,1,2,0,16
2012,4,15,Alfonso Redondo,1,23,3,32
2012,4,15,Owen Sheers,1,53,0,9
2012,4,15,Eve Ensler,2,257,0,52
2012,4,15,Jackie Kay,1,182,0,40
2012,4,15,Kendra Wilson,1,1,0,18
2012,4,15,Matthew Cresswell,1,8,0,19
2012,4,15,pinkbookworm,1,7,0,3
2012,4,15,John Harris,3,2368,11,508
2012,4,15,James Dart,1,0,0,11
2012,4,15,Graham Rice,1,11,0,39
2012,4,15,Jess Cartner-Morley,2,8,0,24
2012,4,15,Mary Douglas-Home,1,4,0,19
2012,4,15,Cameron Robertson,1,4,0,19
2012,4,15,John Dugdale,1,18,0,109
2012,4,15,Sean O'Hagan,2,86,0,55
2012,4,15,Adam Bienkov,1,22,2,36
2012,4,15,Liam Kelly,1,6,0,22
2012,4,15,Guardian Fashion,1,2,0,13
2012,4,15,Tim Entwisle,1,17,1,31
2012,4,15,Tim Dee,1,36,2,56
2012,4,15,Russell Cunningham,1,8,0,35
2012,4,15,Presented by John Mullan,1,15,0,22
2012,4,15,produced by Tim Maby,1,15,0,22
2012,4,15,Jon Ronson,1,572,1,306
2012,4,15,Lucy Greenwell,1,572,1,306
2012,4,15,Remy Lamont,1,572,1,306
2012,4,15,Alistair Smith,1,0,0,12
2012,4,15,David Lacey,1,34,0,12
2012,4,15,Seth Freedman,1,32,0,17
2012,4,15,Jim Powell,1,109,4,50
2012,4,15,Victoria Brittain,1,140,0,61
2012,4,15,Rowan Moore,1,207,0,63
2012,4,15,Amelia Hill,1,99,0,43
2012,4,15,Estelle du Boulay,1,117,3,45
2012,4,15,Stylist: Susanna Powell,1,5,0,8
2012,4,15,Hugh Fearnley-Whittingstall,1,54,1,36
2012,4,15,Angela Everitt,1,19,0,5
2012,4,15,Stylist: Simon Chilvers,1,1,0,9
2012,4,15,ijaz,1,0,0,10
2012,4,15,Steve Rose,4,14,1,54
2012,4,15,Steve Busfield at Citi Field,1,1,0,1
2012,4,15,New York,1,1,0,1
2012,4,15,Mo Costandi,1,201,7,74
2012,4,15,Ian Christie,1,0,1,26
2012,4,15,Justin McCurry,1,32,0,21
2012,4,15,Bettina Elias Siegel,1,49,0,25
2012,4,15,Pamela Stephenson Connolly,2,101,3,49
2012,4,15,Sali Hughes,2,20,0,37
2012,4,15,Nat Saunders,1,9,0,19
2012,4,15,Stephen Kelly,1,121,0,45
2012,4,15,Derek Schofield,1,54,1,18
2012,4,15,Paul Doyle at the Madejski Stadium,1,8,0,10
2012,4,15,Godfrey Mapondera,1,69,2,41
2012,4,15,Ellie Mae O'Hagan,1,136,2,68
2012,4,15,Helen Meany,1,234,1,15
2012,4,15,Rupert Sawyer,1,7,0,6
2012,4,15,Ryan Devereaux,2,812,5,132
2012,4,15,Dan Gillmor,1,11,13,102
2012,4,15,Nicki,1,1,0,18
2012,4,15,Luke,1,1,0,18
2012,4,15,Simon Burnton (then),1,0,0,24
2012,4,15,Ian McCourt (now),1,0,0,24
2012,4,15,The Secret Footballer,1,111,1,78
2012,4,15,Michael Billington<em> </em>,1,4,0,2
2012,4,15,Tim Waterstone,1,237,5,281
2012,4,15,Andy Wilson at Langtree Park,1,3,0,11
2012,4,15,Duncan Weldon,1,90,0,44
2012,4,15,Abdel-Rahman Hussein,1,23,0,15
2012,4,15,Alison Rourke,1,17,2,57
2012,4,15,Stuart James at the Liberty Stadium,1,14,0,30
2012,4,15,Tara Conlan,1,33,3,66
2012,4,15,Paul Handley,1,14,2,23
2012,4,15,Anne Corbett,1,151,4,18
2012,4,15,Deborah Orr,3,143,1,156
2012,4,15,Morven Crumlish,1,22,1,29
2012,4,15,David Teather,1,14,0,42
2012,4,15,Brian Moylan,1,157,1,16
2012,4,15,Interview by Chris Berkin,1,0,0,11
2012,4,15,Derek Niemann,1,0,0,8
2012,4,15,Simon Hoggart,1,7,2,174
2012,4,15,Vikram Dodd,1,404,7,330
2012,4,15,Elaine Byrne,1,61,0,32
2012,4,15,Jonathan Freedland,1,17,0,30
2012,4,15,Martin Rowson,1,20,1,48
2012,4,15,Andy Wilson at Odsal,1,6,0,5
2012,4,15,Paul Simons,1,2,0,67
2012,4,15,Interview by Emine Saner,1,82,3,77
2012,4,15,Liz Boulter,1,103,0,46
2012,4,15,Sally Shalam,1,2,0,12
2012,4,15,Rhiannon Batten,1,154,0,20
2012,4,15,Abigail Flanagan,1,218,0,32
2012,4,15,Alexandra Buxton,1,117,0,5
2012,4,15,Stephanie Theobald,1,203,0,27
2012,4,15,Steven Poole,1,2,1,7
2012,4,15,Emma Kennedy,1,32,0,18
2012,4,15,Stuart Kelly,1,238,4,83
2012,4,15,Christopher Turner,1,401,4,45
2012,4,15,Brian Dillon,1,120,0,33
2012,4,15,Nick Maes,1,31,0,21
2012,4,15,Keith Kahn-Harris,1,1293,1,58
2012,4,15,Andrew Motion,1,18,0,11
2012,4,15,Alex Clark,2,3,0,4
2012,4,15,John Mullan,2,6,0,10
2012,4,15,Sarah Crown,1,102,0,49
2012,4,15,Simon Ings,1,3,0,7
2012,4,15,Eric Brown,1,8,3,27
2012,4,15,Sue Arnold,1,1,0,3
2012,4,15,Jane Smiley,1,21,0,19
2012,4,15,Kathryn Hughes,1,32,0,18
2012,4,15,Lynne Wallis,1,1246,9,149
2012,4,15,Miles Brignall,4,35,0,42
2012,4,15,Jill Papworth,1,9,1,44
2012,4,15,Becky Barnicoat. Portrait by <a href="http://emilystein.co.uk" title="">Emily Stein</a>,1,9,0,5
2012,4,15,Arianne Cohen,1,1887,5,272
2012,4,15,Fiona Beckett,1,6,0,20
2012,4,15,Stephen Collins,1,18,0,5
2012,4,15,Rosanna Greenstreet,1,39,0,21
2012,4,15,Thomas Eaton,1,2,0,0
2012,4,15,Dan Lepard,1,33,4,14
2012,4,15,John Lanchester,1,46,0,43
2012,4,15,Maureen Darvell,1,27,0,10
2012,4,15,Suggs,1,3,0,5
2012,4,15,Yotam Ottolenghi,1,111,2,21
2012,4,15,Ambra Edwards,1,8,0,7
2012,4,15,Jeremy Bullmore,1,0,0,2
2012,4,15,Graham Snowdon,1,14,2,68
2012,4,15,Jonah Lehrer,1,3394,61,892
2012,4,15,Nic Paton,1,26,0,64
2012,4,15,As told to Graham Snowdon,1,4,0,19
2012,4,15,Hannah Booth,1,43,1,20
2012,4,15,Sol Campbell,1,135,0,250
2012,4,15,Ian Jack,1,67,0,25
2012,4,15,David Whitehouse,1,65,0,18
2012,4,15,Araucaria,1,1,0,2
2012,4,15,Alex Godfrey,1,107,1,62
2012,4,15,Jonathan Sale,1,447,1,59
2012,4,15,Peter Robinson,1,14,0,32
2012,4,15,Nick Gillett,1,2,0,44
2012,4,15,Steven Appleby,1,12,0,0
2012,4,15,John Patterson,1,23,0,3
2012,4,15,Jon &amp; Mick/moderntoss.com,1,0,0,1
2012,4,15,Robert Clark,1,29,0,13
2012,4,15,Ailbhe Malone,1,38,0,15
2012,4,15,Michael Hogan,1,2,1,18
2012,4,15,Sam Richards,1,34,0,7
2012,4,15,Iain Aitch &amp; Katrina Dixon,1,33,0,29
2012,4,15,Annalisa Barbieri,1,0,0,1
2012,4,15,Jo Mears,1,15,0,5
2012,4,15,Charlie Condou,1,5,0,1
2012,4,15,Susanna Rustin,1,144,0,11
2012,4,15,Donald McRae,1,17,0,14
2012,4,15,The Guide,2,0,0,5
2012,4,15,Grace Dent,1,20,3,15
2012,4,15,John Fordham &amp; John Robinson,1,2,0,8
2012,4,15,Andy Capper,1,33,0,5
2012,4,15,James Kettle,1,74,0,7
2012,4,15,Robert Clark &amp; Skye Sherwin,1,46,0,28
2012,4,15,Patric Baird,1,5,0,6
2012,4,15,John Mitchell,1,5,0,6
2012,4,15,Sam Richards &amp; Marc Rowlands,1,5,0,6
2012,4,15,Mark Cook,1,13,0,5
2012,4,15,Lyn Gardner &amp; Judith Mackrell,1,13,0,5
2012,4,15,Scott Murray (for most of the day),1,12,0,45
2012,4,15,Ian McCourt (for a tiny bit of the day),1,12,0,45
2012,4,15,Leonard Barden,1,17,0,4
2012,4,15,Joe Berger,1,4,0,9
2012,4,15,Pascal Wyse,1,4,0,9
2012,4,15,Ami Sedghi,1,36,2,29
2012,4,15,Mike Matthews,1,20,1,77
2012,4,15,Olaf Cramme,1,53,2,52
2012,4,15,Patrick Diamond,1,53,2,52
2012,4,15,Robert Reich,1,79,5,59
2012,4,15,Krazy Kesh,1,1,0,21
2012,4,15,Penny Anderson,1,680,0,104
2012,4,15,Paul Flynn,1,82,0,42
2012,4,15,Kevin McCarra at Rugby Park,2,46,0,38
2012,4,15,ladybird,1,1,0,19
2012,4,15,Louise Taylor at the Stadium of Light,2,28,0,32
2012,4,15,Tracy McVeigh,5,1393,12,780
2012,4,15,Lucy Siegle,2,332,6,239
2012,4,15,Nick Cohen,1,76,3,25
2012,4,15,Eva Wiseman,4,539,3,186
2012,4,15,Susie Orbach,1,171,3,111
2012,4,15,David A Love,1,168,5,42
2012,4,15,Rosa Silverman,1,9,0,11
2012,4,15,Sam,1,1,0,20
2012,4,15,Ethan,1,1,0,20
2012,4,15,aged 20 months,1,1,0,20
2012,4,15,Paul Doyle at Stamford Bridge,1,23,0,39
2012,4,15,Paul Wilson at Anfield,1,86,0,34
2012,4,15,Georgina Turner at The Hawthorns,2,3,0,42
2012,4,15,Andy Nicolson,1,2,0,6
2012,4,15,Joe Lovejoy at the Reebok Stadium,2,119,0,16
2012,4,15,Michael Aylwin at Adams Park,1,0,0,2
2012,4,15,Jonny Weeks at St Mary's Stadium,1,29,0,11
2012,4,15,Giles Richards,1,1,0,6
2012,4,15,Paul Rees at Murrayfield,2,4,0,5
2012,4,15,Nial Briggs,1,0,0,7
2012,4,15,Mark Townsend,2,86,5,82
2012,4,15,Abigail Haworth,1,6615,17,441
2012,4,15,Richard Rae at Britannia Stadium,1,0,0,20
2012,4,15,Chris Stephen,1,61,1,62
2012,4,15,Gethin Chamberlain,1,258,4,101
2012,4,15,Andy Bull at Mortlake,2,50,0,14
2012,4,15,Jamie Doward,4,4863,63,1301
2012,4,15,Rebecca Lewis,2,630,15,784
2012,4,15,Viv Groskop,1,2,0,9
2012,4,15,Toby Helm,2,412,5,431
2012,4,15,Dalya Alberge,3,587,8,482
2012,4,15,Joshua Layton,3,1304,10,348
2012,4,15,Jonny Weeks,2,4,0,18
2012,4,15,Otto Pérez Molina,1,1691,12,219
2012,4,15,Eddie Butler at the Aviva Stadium,1,0,0,2
2012,4,15,Cathy Strongman,1,6606,7,228
2012,4,15,Eleanor Crooks,1,1,0,4
2012,4,15,Eddie Butler,1,0,0,2
2012,4,15,Michael Aylwin,1,2,0,12
2012,4,15,Margaret Dibben,3,0,0,5
2012,4,15,Jamie Elliott,1,39,1,41
2012,4,15,David Hills,1,6,0,15
2012,4,15,Maggie Brown,1,174,1,138
2012,4,15,Steve Busfield,1,5,0,18
2012,4,15,Observer Sport staff,2,4,1,48
2012,4,15,Elizabeth Day,2,102,1,49
2012,4,15,The Observer,1,0,0,0
2012,4,15,Kevin MacDonald,1,127,1,25
2012,4,15,Laura Cumming,2,137,2,81
2012,4,15,Ed Vulliamy,2,495,6,92
2012,4,15,Katharine Hibbert,1,5,0,13
2012,4,15,Quentin Wheeler,1,19,8,31
2012,4,15,Henry Krempels,1,0,1,7
2012,4,15,Philip French,9,173,4,72
2012,4,15,William Keegan,1,31,0,34
2012,4,15,JS Tennant,1,12,0,3
2012,4,15,Interview by William Skidelsky,1,279,2,60
2012,4,15,Killian Fox,2,28,0,11
2012,4,15,Stephen Pritchard,2,13,0,22
2012,4,15,Robin McKie,4,474,13,396
2012,4,15,Jason Solomons,2,128,2,61
2012,4,15,Christopher Bray,1,8,0,5
2012,4,15,Barbara Ellen,2,19,0,36
2012,4,15,Tom Lamont,2,705,6,227
2012,4,15,Nicholas Kenyon,1,1,0,4
2012,4,15,Luke Jennings,1,12,0,8
2012,4,15,Victoria Coren,1,1203,26,297
2012,4,15,Eric Schmidt,1,206,12,224
2012,4,15,Andrew Rawnsley,1,45,0,134
2012,4,15,Tim Adams,1,1109,11,152
2012,4,15,Katie Mulloy,1,8,1,16
2012,4,15,Hermione Hoby,2,2,0,4
2012,4,15,Jo Jones,1,2,0,7
2012,4,15,Helen Seamons,1,2,0,7
2012,4,15,Chris Riddell,1,53,0,20
2012,4,15,Emma Calder,1,7,0,16
2012,4,15,Dan Pearson,1,14,0,8
2012,4,15,Interactive by Chris Fenn,1,600,12,278
2012,4,15,Alexander Linklater,1,0,0,13
2012,4,15,Kathleen Jamie,1,142,6,80
2012,4,15,Alexander Larman,1,4,0,4
2012,4,15,Kitty Empire,3,95,0,15
2012,4,15,Dave Gelly,1,0,0,1
2012,4,15,Phil Mongredien,1,0,0,0
2012,4,15,Andrew Anthony,2,321,0,71
2012,4,15,Gay Dad,1,0,0,0
2012,4,15,Ruth Rogers,1,75,0,18
2012,4,15,Jay Rayner,1,42,0,36
2012,4,15,Mark Kermode,1,8,0,14
2012,4,15,Zoe Tipler,1,1,0,3
2012,4,15,Clare Brennan,1,0,0,2
2012,4,15,Serge Pennings,1,2,0,14
2012,4,15,Daniel Boffey,1,16,0,6
2012,4,15,Simon Lucas,1,0,0,14
2012,4,15,Katharine Whitehorn,1,4,1,9
2012,4,15,Will Freeman,1,0,0,10
2012,4,15,Shahesta Shaitly,1,39,1,13
2012,4,15,Miranda Sawyer,1,5,0,5
2012,4,15,Joanne O'Connor,1,25,0,27
2012,4,15,Phil Hogan,1,1,0,3
2012,4,15,James Bridle,1,2,0,30
2012,4,15,Neil Spencer,1,5,0,7
2012,4,15,Toby Moses,1,1,0,77
2012,4,15,Julie Burchill,1,1202,8,105
2012,4,15,Matthew Fort,1,92,1,38
2012,4,15,Observer,1,2,0,16
2012,4,15,Susannah Clapp,1,5,0,2
2012,4,15,Fiona Maddocks,2,23,0,13
2012,4,15,Interview by Natalie Woolman,1,30,0,10
2012,4,15,John Naughton,1,147,1,168
2012,4,15,Alice Roberts,1,183,0,30
2012,4,15,Giles Tremlett,1,18,2,30
2012,4,15,Peter Preston,4,3,2,120
2012,4,15,Kevin McKenna,1,38,0,11
2012,4,15,Mariella Frostrup,1,16,0,10
2012,4,15,Megan Conner,1,4,0,6
2012,4,15,Lauren Laverne,1,26,0,23
2012,4,15,David Williams,1,5,0,8
2012,4,15,Martin Love,1,0,0,24
2012,4,15,Hephzibah Anderson,1,10,0,29
2012,4,15,Rachel Cooke,1,6,1,47
2012,4,15,John Low,1,20,0,23
2012,4,15,chief executive of the Charities Aid Foundation,1,20,0,23
2012,4,15,Howard Irven,1,3,0,17
2012,4,15,Wendy Berliner,1,9,0,28
2012,4,15,cutecat,1,2,0,20
2012,4,15,Stephen Cave,1,61,0,21
2012,4,15,Ian Paulsen,1,5,4,35
2012,4,15,Tom Shone,1,355,3,89
2012,4,15,SuperCellaBella,1,1,0,21
2012,4,15,David James,2,61,2,181
2012,4,15,Peter Lazenby,1,222,1,58
2012,4,15,John Gittings,1,6,3,24
2012,4,15,Martin Buckley,1,26,0,50
2012,4,15,Jacob Steinberg,1,42,0,71
2012,4,15,Chris Menist,1,456,4,95
2012,4,15,Brian Viner,1,70,0,103
2012,4,15,Daniel Taylor at the Emirates Stadium,1,269,1,42
2012,4,15,Mike Averis at Thomond Park,1,9,0,6
2012,4,15,Jamie Jackson at Old Trafford,1,58,0,82
2012,4,15,George Eustice,1,7,0,32
2012,4,15,Conservative MP for for Camborne,1,7,0,32
2012,4,15,Redruth,1,7,0,32
2012,4,15,Hayle,1,7,0,32
2012,4,15,Ken Livingstone,1,107,1,111
2012,4,15,Christopher Reed,1,15,0,35
2012,4,15,Greg Wood,2,2,0,25
2012,4,15,Chris Elliott,1,11,0,82
2012,4,15,Dominic Fifield at the Emirates Stadium,2,309,0,170
2012,4,15,Sarah Bakewell,1,75,0,45
2012,4,15,Greg Wood at Fairyhouse,1,1,0,6
2012,4,15,Decca Aitkenhead,1,470,0,209
2012,4,15,Ed Balls,1,22,0,28
2012,4,15,Mark Rice-Oxley,1,62,0,74
2012,4,15,Pamela Hutchinson,1,37,0,15
2012,4,15,Robert Kitson at Vicarage Road,1,6,0,2
2012,4,15,Phil Disley,1,10,0,13
2012,4,15,Roy Hattersley,1,65,0,84
2012,4,15,Adharan,1,272,5,100
2012,4,15,Finn,1,272,5,100
2012,4,15,David Pleat,1,58,1,45
2012,4,15,Stuart James at Old Trafford,1,24,0,47
2012,4,15,Peter Wilby,1,206,0,219
2012,4,15,Tony Greenbank,1,1,0,34
2012,4,15,Judy Hobson,1,40,1,30
2012,4,15,Luisa Dillner,1,10,1,16
2012,4,15,Richard Williams at the Emirates Stadium,1,30,0,56
2012,4,15,Thomas Coward,1,3,0,8
2012,4,15,Rick Birch <em>MeteoGroup</em>,1,0,0,3
2012,4,15,Gary Fuller,1,109,1,103
2012,4,15,Tim Rich at Anfield,1,3,0,18
2012,4,15,David Hytner at Stamford Bridge,1,5,0,18
2012,4,15,Jeremy Alexander at St Andrew's,1,20,0,20
2012,4,15,Martin Kelner,1,32,0,29
2012,4,15,Richard Rae at the Britannia Stadium,1,0,0,11
2012,4,15,Presented by Alok Jha,1,54,3,33
2012,4,15,with Ian Sample,1,54,3,33
