year,month,week,name,articles,facebook,googleplus,twitter
2011,10,40,Associated Press,60,5356,75,2285
2011,10,40,Press Association,134,4142,33,2514
2011,10,40,Sam Clark,1,23,0,12
2011,10,40,Mona Mahmood,1,23,0,12
2011,10,40,Reuters,45,3052,53,1104
2011,10,40,Declan Walsh,2,562,6,245
2011,10,40,Tobin Aldrich,1,7,0,39
2011,10,40,Madeleine Bunting,3,605,1,156
2011,10,40,Jo Adetunji,1,1,0,8
2011,10,40,Sarah Hartley,2,31,3,38
2011,10,40,Nick Temple,1,2,0,8
2011,10,40,Nick Hopkins,10,660,7,369
2011,10,40,Keith Stuart,14,320,8,605
2011,10,40,Charles Arthur,5,862,10,651
2011,10,40,agencies,27,3277,19,994
2011,10,40,Sade Laja,7,8,0,30
2011,10,40,Nick Spencer,1,7,0,18
2011,10,40,Roy Greenslade,27,436,9,582
2011,10,40,Tracey Connage,1,0,0,6
2011,10,40,Paul Owen,11,842,2,436
2011,10,40,Jack Schofield,2,8,6,101
2011,10,40,Alan Gardner,3,23,1,58
2011,10,40,Jacob Steinberg,3,36,2,87
2011,10,40,Bangkok,1,154,0,79
2011,10,40,James Derounian,1,1,0,5
2011,10,40,Clare Horton,10,40,0,22
2011,10,40,Bookworm88,1,0,0,8
2011,10,40,Cameron Robertson,2,106,3,52
2011,10,40,David Shariatmadari,2,87,3,47
2011,10,40,Dick Vinegar,1,13,0,15
2011,10,40,Richard Jones of Saddleworth News,1,5,1,16
2011,10,40,Dave Hill,9,54,0,124
2011,10,40,Emma Drury,1,15,0,1
2011,10,40,Barry Glendenning,7,95,1,163
2011,10,40,Tim Montgomerie,1,5,0,10
2011,10,40,Nick Fletcher,29,84,0,219
2011,10,40,Stuart Dredge,8,119,3,404
2011,10,40,Xan Rice,3,3378,68,363
2011,10,40,Harriet Sherwood,7,1379,12,368
2011,10,40,Simon Burnton,6,709,2,186
2011,10,40,Bella Mackie,3,2,0,3
2011,10,40,Stergios Skaperdas,1,89,2,31
2011,10,40,Sean Michaels,7,1287,5,209
2011,10,40,Eddie Butler,7,210,1,36
2011,10,40,Lawrence Donegan,1,14,0,14
2011,10,40,Fiona Beckett,3,612,6,154
2011,10,40,Hélène Mulholl,1,30,0,33
2011,10,40,,1,30,0,33
2011,10,40,Patrick Wintour,15,1626,12,838
2011,10,40,Monkey,16,58,1,222
2011,10,40,Carol Rumens,1,32,2,20
2011,10,40,Kate Hodge,6,9,0,40
2011,10,40,Vicki Prout,1,177,2,60
2011,10,40,Alan Connor,2,28,0,20
2011,10,40,Vineet Rai,1,52,0,60
2011,10,40,Hilary Osborne,4,164,1,73
2011,10,40,Inés Acosta,1,59,3,47
2011,10,40,part of the <a href="http://www.guardian.co.uk/environment/network">Guardian Environment Network</a>,2,87,3,73
2011,10,40,The question,1,10,1,13
2011,10,40,Agencies,15,427,2,203
2011,10,40,Lisa O'Carroll,22,1352,41,1749
2011,10,40,Paul Rees,21,395,0,91
2011,10,40,Sam Jordison,4,39,1,45
2011,10,40,Sid Lowe,1,199,0,74
2011,10,40,Ken Wilson,1,1,0,6
2011,10,40,Corrections,6,3,0,9
2011,10,40,Frédéric Filloux,1,10,1,94
2011,10,40,Martin Wainwright,17,1829,3,320
2011,10,40,Caspar Walsh,1,35,0,14
2011,10,40,Raphael Honigstein,1,22,0,13
2011,10,40,Michael Stewart,1,2,0,7
2011,10,40,Simon Rogers,5,3113,31,576
2011,10,40,Alexandra Heminsley,1,16,0,14
2011,10,40,Gines Haro Pastor,8,25,0,114
2011,10,40,Fiona Bawdon,1,17,0,15
2011,10,40,John Plunkett,18,4616,48,1092
2011,10,40,Mark Say,5,3,1,24
2011,10,40,David Hearst,1,162,0,30
2011,10,40,John Denham,1,3,0,17
2011,10,40,Andy Bell,1,1960,9,30
2011,10,40,Vince Clarke,1,1960,9,30
2011,10,40,Jo Jones,3,63,0,64
2011,10,40,Jean-Louis Gassée,1,22,2,119
2011,10,40,Peter Bradshaw,8,265,1,99
2011,10,40,Paolo Bandini,6,108,1,71
2011,10,40,Nick Petford,1,7,1,31
2011,10,40,David McNair,1,10,0,15
2011,10,40,Polly Curtis,5,66,0,119
2011,10,40,Lisa Evans,1,100,1,76
2011,10,40,The people's panel,2,11,0,15
2011,10,40,Giulio Sica,1,50,1,32
2011,10,40,Brian Logan,3,95,6,46
2011,10,40,Michael Cox,1,2,0,46
2011,10,40,Nicola Brady,2,74,0,93
2011,10,40,Ben Child,10,3946,35,372
2011,10,40,Guardian Government Computing,2,3,0,22
2011,10,40,Steve Boxer,4,56,2,161
2011,10,40,Greg Wood,6,19,0,28
2011,10,40,Imogen Fox,7,185,3,152
2011,10,40,Jim Powell,4,889,9,154
2011,10,40,Alexandra Topping,6,1395,22,363
2011,10,40,Kate McCann,9,29,0,91
2011,10,40,Jane Martinson,3,322,2,113
2011,10,40,Presented by Madeleine Bunting,1,338,0,49
2011,10,40,produced by Vivienne Perry,1,338,0,49
2011,10,40,researched by Claire Provost,1,338,0,49
2011,10,40,John Vidal,3,2449,30,312
2011,10,40,Jay Rayner,4,1559,11,754
2011,10,40,Felicity Cloake,3,1084,10,195
2011,10,40,Matthew Fort,2,527,6,108
2011,10,40,Richard Ehrlich,1,527,6,107
2011,10,40,Susan Smillie,2,531,6,124
2011,10,40,Rick Peters,2,2496,28,269
2011,10,40,Tim Hayward,1,527,6,107
2011,10,40,Ian Black,5,545,3,164
2011,10,40,Josh Halliday,19,2774,75,2138
2011,10,40,John Hooper,8,805,15,246
2011,10,40,Alan Sykes,2,27,0,37
2011,10,40,Patrick Collinson,3,44,4,127
2011,10,40,Rosie Swash,1,37,0,29
2011,10,40,Michael Cragg,5,182,2,63
2011,10,40,Andrew Copson,1,103,4,44
2011,10,40,Frederika Whitehead,1,0,0,16
2011,10,40,Randeep Ramesh,7,337,0,266
2011,10,40,David Leigh,1,55,2,33
2011,10,40,Caroline Holtum for the <a href="http://www.guardian.co.uk/guardian-professional" title="Guardian Professional Network">Guardian Professional Network</a>,1,9,0,3
2011,10,40,Paul Hohnen for the <a href="http://www.guardian.co.uk/guardian-professional" title="">Guardian Professional Network</a>,1,21,0,57
2011,10,40,World Business Council for Sustainable Development,2,4,0,19
2011,10,40,Open thread,3,56,0,70
2011,10,40,Nick Cowen,2,3,0,57
2011,10,40,Perry Resnick,1,243,3,82
2011,10,40,Adam Dawtrey,1,9,0,18
2011,10,40,Peter Walker,6,716,10,268
2011,10,40,Syed Zain al-Mahmood,1,1436,18,109
2011,10,40,John Harris,3,137,2,66
2011,10,40,John Domokos,4,137,2,82
2011,10,40,SE Smith for <a href="http://meloukhia.net/2011/09/rare_earth_metals_and_the_tech_boom.html" title="This Ain't Livin': Rare earth metals,1,134,2,145
2011,10,40,the tech boom">This Ain't Livin'</a>,1,134,2,145
2011,10,40,part of the <a href="http://www.guardian.co.uk/commentisfree/series/guardian-comment-network" title="Guardian: Guardian Comment Network">Guardian Comment Network</a>,1,134,2,145
2011,10,40,Joseph Kabiru,1,396,0,40
2011,10,40,Victoria Bekiempis,1,292,12,118
2011,10,40,Stuart O'Connor,1,2,0,73
2011,10,40,Hélène Mulholland,14,611,4,339
2011,10,40,political reporter,11,580,4,279
2011,10,40,Jason Deans,2,6,0,38
2011,10,40,Jonathan Jones,8,400,8,189
2011,10,40,Jonathan Freedland,3,58,2,66
2011,10,40,Ann Pettifor,1,2,0,5
2011,10,40,Sheila Lawlor,1,2,0,5
2011,10,40,Butterfly Rainbow,1,1,0,4
2011,10,40,Claire Armitstead,2,2,0,21
2011,10,40,Simon Tisdall,3,156,1,67
2011,10,40,By <a href="http://www.irinnews.org/" title="">IRIN</a>,1,6,0,8
2011,10,40,part of the <a href="http://www.guardian.co.uk/global-development/series/guardian-development-network" title="">Guardian development network</a>,2,86,0,24
2011,10,40,Alan Travis,3,22,0,44
2011,10,40,Sarah Boseley,5,2027,16,341
2011,10,40,Ami Sedghi,3,47,1,58
2011,10,40,Joris Luyendijk,1,22,0,15
2011,10,40,Rab Bennetts for the <a href="http://www.guardian.co.uk/guardian-professional" title="Guardian Professional Network">Guardian Professional Network</a>,1,2,1,36
2011,10,40,Anonymous,2,23,0,31
2011,10,40,Alison Flood,12,2176,24,542
2011,10,40,Tom Phillips,9,7358,16,717
2011,10,40,Barney Ronay,6,66,0,72
2011,10,40,Shaun Edwards,2,6,0,5
2011,10,40,Adam Boult,6,111,2,108
2011,10,40,Matthew Weaver,5,82,1,246
2011,10,40,Haroon Siddique,7,255,1,301
2011,10,40,Lizzy Davies,4,937,11,410
2011,10,40,James Meikle,2,234,3,204
2011,10,40,Sarah Crown,4,67,1,77
2011,10,40,Guardian Fashion,5,157,1,90
2011,10,40,Presented by Hugh Muir,1,37,0,10
2011,10,40,produced by Peter Sale,1,37,0,10
2011,10,40,GrrlScientist,17,95,9,200
2011,10,40,Marc Abrahams,1,27,1,17
2011,10,40,Ros Altmann,1,25,0,17
2011,10,40,Liz Ford,1,24,0,14
2011,10,40,David Cox,2,26,1,46
2011,10,40,Staff,10,1023,7,339
2011,10,40,Dominic Rushe,10,764,32,736
2011,10,40,Justin McGuirk,1,50,0,20
2011,10,40,Richard Norton-Taylor,5,123,0,70
2011,10,40,Jess Cartner-Morley,7,310,0,187
2011,10,40,Carl Heneghan,1,21,1,34
2011,10,40,David Bryer,1,12,0,3
2011,10,40,George Hall,3,16,0,28
2011,10,40,Chris Arnot,2,24,1,45
2011,10,40,Mike Averis,9,145,1,32
2011,10,40,Alfred Hickling,7,116,0,49
2011,10,40,Paul Lester,6,290,2,127
2011,10,40,Graeme Wearden,5,404,5,413
2011,10,40,Nicholas Watt,11,1139,8,545
2011,10,40,Rebecca Smithers,5,1091,10,176
2011,10,40,Presented by James Richardson,2,45,0,19
2011,10,40,produced by Ben Green,3,50,1,30
2011,10,40,Xan Brooks,4,54,0,29
2011,10,40,Juliette Garside,8,281,11,680
2011,10,40,Martin Kettle,4,33,0,60
2011,10,40,Giles Tremlett,3,446,12,118
2011,10,40,Philip Oltermann,4,2,0,42
2011,10,40,Gwyn Topham,4,2,0,42
2011,10,40,Helen Carter,6,80,0,52
2011,10,40,Liam Burns,1,4,0,30
2011,10,40,John Lewis,2,43,0,16
2011,10,40,Miriam Elder,5,294,2,159
2011,10,40,Lyn Gardner,6,185,0,69
2011,10,40,Fiona Harvey,2,66,2,99
2011,10,40,Tania Branigan,3,453,9,297
2011,10,40,Mark Fisher,1,1,0,9
2011,10,40,Paul Stokes,1,8,0,31
2011,10,40,Elisabeth Mahoney,7,89,0,104
2011,10,40,Michael White,8,45,1,61
2011,10,40,Judith Burnley,1,44,1,24
2011,10,40,Christian Sylt,1,10,0,34
2011,10,40,Caroline Reid,1,10,0,34
2011,10,40,Jenny Bourne,1,54,0,16
2011,10,40,Alex Hawkes,6,168,0,236
2011,10,40,Richard McNeff,1,70,1,8
2011,10,40,Robin Denselow,3,139,0,30
2011,10,40,Owen Bowcott,7,473,2,264
2011,10,40,Phillip Inman,5,221,0,90
2011,10,40,Louise Taylor,6,143,0,84
2011,10,40,Jon Robins,1,14,0,20
2011,10,40,Karen McVeigh,4,6729,87,756
2011,10,40,Severin Carrell,4,288,2,177
2011,10,40,Scotl,3,128,2,102
2011,10,40,Charlotte Higgins,5,641,5,156
2011,10,40,chief arts writer,3,587,5,119
2011,10,40,Andy Hunter,7,316,2,256
2011,10,40,Andrew Sparrow,7,157,0,521
2011,10,40,Estelle Morris,1,2,1,46
2011,10,40,Soumaya Ghannoushi,1,655,0,70
2011,10,40,Janet Murray,3,8,0,25
2011,10,40,Rajeev Syal,6,1923,10,459
2011,10,40,Presented by Tom Clark,2,3,0,12
2011,10,40,produced by Phil Maynard,4,6,0,17
2011,10,40,Maxton Walker,1,167,1,21
2011,10,40,Ed Pilkington,7,4004,51,463
2011,10,40,Dorothy Lepkowska,1,109,0,24
2011,10,40,Editorial,21,964,8,436
2011,10,40,George Monbiot,3,520,8,486
2011,10,40,Vikram Dodd,3,14,0,19
2011,10,40,Jill Treanor,10,1984,14,646
2011,10,40,Owen Gibson,8,230,1,146
2011,10,40,Catherine Shoard,4,163,0,32
2011,10,40,Emily Drabble,1,31,0,34
2011,10,40,Jon Henley,1,530,4,137
2011,10,40,Emine Saner,2,214,0,66
2011,10,40,As seen by Tim Dowling,1,5,1,21
2011,10,40,Steve Bell,9,91,1,84
2011,10,40,John Crace,5,186,2,106
2011,10,40,Simon Bowers,4,26,1,120
2011,10,40,Simon Hoggart,7,225,0,91
2011,10,40,Sam Wollaston,5,42,0,66
2011,10,40,Gabriel Weston,1,23,0,4
2011,10,40,Polly Toynbee,4,412,2,108
2011,10,40,Tim Rushby-Smith,1,903,1,41
2011,10,40,Dr Luisa Dillner,1,14,0,11
2011,10,40,Robert Kitson,12,185,3,50
2011,10,40,Nils Pratley,11,15,0,88
2011,10,40,Helena Smith,7,824,2,263
2011,10,40,Ana Marie Cox,10,64,5,242
2011,10,40,David Hopps,3,17,0,33
2011,10,40,Yvette Cooper,1,42,0,26
2011,10,40,Adrian Searle,1,302,0,50
2011,10,40,Allegra Stratton,11,1846,17,722
2011,10,40,David Hytner,7,200,3,239
2011,10,40,Rupert Neate,4,146,1,140
2011,10,40,As told to Vicky Frost,1,32,0,16
2011,10,40,Interview by Laura Barnett,2,102,0,45
2011,10,40,John Ashdown,2,25,1,25
2011,10,40,Candice Carty-Williams,2,3,0,35
2011,10,40,Andrew Mueller,2,1,0,19
2011,10,40,Gwilym Mumford,4,9,0,26
2011,10,40,Martin Skegg,3,2,0,38
2011,10,40,Ben Arnold,3,8,0,29
2011,10,40,John Robinson,2,2,0,34
2011,10,40,Paul Weaver,1,14,0,12
2011,10,40,Ronan Bennett,1,6,1,11
2011,10,40,Daniel King,1,6,1,11
2011,10,40,Mike Farrar,1,12,0,15
2011,10,40,Kevin McCarra,4,25,0,46
2011,10,40,Denis Campbell,5,720,3,298
2011,10,40,Richard Adams,6,512,11,351
2011,10,40,Hugh Muir,6,141,0,71
2011,10,40,Daniel Taylor,7,785,5,352
2011,10,40,Donald McRae,1,61,0,5
2011,10,40,Ewan Murray,7,54,0,36
2011,10,40,Richard Williams,2,28,0,22
2011,10,40,Helen Pidd,5,163,9,153
2011,10,40,Roger Redfern,1,0,0,27
2011,10,40,Victoria Kettley (MeteoGroup),1,0,0,11
2011,10,40,Matt Scott,5,65,1,113
2011,10,40,Jeevan Vasagar,4,63,3,138
2011,10,40,Ayesha Kazmi,1,1773,28,451
2011,10,40,Richard Rae at Carrow Road,1,17,0,27
2011,10,40,Luke Harding,2,842,19,106
2011,10,40,Staff reporters,1,430,7,124
2011,10,40,Alex Healey,1,121,1,23
2011,10,40,Emmanuelle Sysoyev,1,121,1,23
2011,10,40,Sarah Hedley,1,11,0,24
2011,10,40,Damian Carrington,7,268,1,374
2011,10,40,Sam Dowling,1,6,0,8
2011,10,40,Dan Collyns,1,21,0,18
2011,10,40,Adrian Short,1,2517,124,1051
2011,10,40,Harriet Swain,1,664,8,117
2011,10,40,Tom Happold,1,14,0,5
2011,10,40,Alice Salfield,1,14,0,5
2011,10,40,Laurence Topham,2,274,4,62
2011,10,40,Alice Woolley,1,28,0,39
2011,10,40,Martin Murphy,1,30,1,39
2011,10,40,Agnès Poirier,1,24,2,12
2011,10,40,Andrew Lowe,1,6,0,7
2011,10,40,Matthew Baxter-Reynolds,4,69,9,283
2011,10,40,Cllr Nickie Aiken,1,1,0,2
2011,10,40,Gill Hitchcock,5,13,1,48
2011,10,40,Wayne Hemingway,1,1,0,3
2011,10,40,David Gow,8,130,2,212
2011,10,40,Camila Ruz,1,38,2,24
2011,10,40,irav,1,0,0,1
2011,10,40,Angie Muldowney,1,149,4,31
2011,10,40,Terry Philpot,1,2,0,5
2011,10,40,Ben Whitelaw,3,8,2,45
2011,10,40,Steve Busfield,5,49,4,38
2011,10,40,Dharani Pillay,1,5,0,2
2011,10,40,defence,2,258,2,41
2011,10,40,Tom Lutz,1,20,0,4
2011,10,40,Cian Murphy,1,17,0,10
2011,10,40,Oliver Thring,2,165,0,35
2011,10,40,Chris Cook,7,52,0,20
2011,10,40,Patrick Keatley,1,0,0,5
2011,10,40,Mary Louise O'Callaghan,1,0,0,5
2011,10,40,Nadya Khalife,1,60,0,6
2011,10,40,David Sassoon for <a href="http://insideclimatenews.org/">InsideClimate News</a>,1,58,0,26
2011,10,40,part of the <a href="http://www.guardian.co.uk/environment/network" title="Guardian Environment Network">Guardian Environment Network</a>,4,1087,10,235
2011,10,40,Daniel Bettridge,2,81,2,54
2011,10,40,Allan Jenkins,1,12,0,13
2011,10,40,Jim Griffin,1,4,1,29
2011,10,40,Wes Streeting,1,0,0,6
2011,10,40,Scott Weinberg,1,386,1,23
2011,10,40,David Barnett,1,23,2,23
2011,10,40,Colin Cram,1,0,0,1
2011,10,40,Hari,2,10,0,50
2011,10,40,Jake,2,10,0,50
2011,10,40,Colin Taylor,1,322,2,126
2011,10,40,Leo Hickman,2,56,0,28
2011,10,40,Andrew Pulver,5,487,4,97
2011,10,40,Vicky Frost,3,12,1,48
2011,10,40,Luke Browne,1,136,0,16
2011,10,40,Adam Wagner on the <a href='http://ukhumanrightsblog.com/'>UK Human Rights blog</a>,1,10,0,18
2011,10,40,part of the <a href='http://www.guardian.co.uk/legalnetwork'>Guardian Legal Network</a>,1,10,0,18
2011,10,40,Nick Perkins,1,61,2,7
2011,10,40,Bill Bailey,1,705,4,19
2011,10,40,Judy Friedberg,3,5,0,32
2011,10,40,Henry McDonald,5,249,2,48
2011,10,40,Irel,2,23,0,7
2011,10,40,Guardian staff,1,0,0,1
2011,10,40,Matthew Wright,1,366,6,61
2011,10,40,Stuart Heritage,2,414,6,72
2011,10,40,Elliot Smith,5,370,5,100
2011,10,40,Nicholas Lezard,1,82,1,5
2011,10,40,John Elkington for the <a href="http://www.guardian.co.uk/guardian-professional" title="">Guardian Professional Network</a>,1,29,1,45
2011,10,40,Jonathan Crowther,1,0,0,4
2011,10,40,Joe Utichi,1,37,0,15
2011,10,40,Ben Walters,1,28,0,11
2011,10,40,David Harvie,1,135,0,9
2011,10,40,Keir Milburn,1,135,0,9
2011,10,40,Tim Jonze,2,1051,4,36
2011,10,40,Cheyenne Bunsie,1,4,0,6
2011,10,40,Eliza Anyangwe,5,30,2,75
2011,10,40,Hadley Freeman,6,340,5,225
2011,10,40,David Sillitoe,8,24,2,56
2011,10,40,undefined,1,8,0,4
2011,10,40,Michelle Paver,1,12,1,1
2011,10,40,Pete Foster for the <a href="http://www.google.co.uk/search?q=Guardian%20Professional%20Network" title="">Guardian Professional Network</a>,1,6,0,2
2011,10,40,John Palmer,1,54,0,18
2011,10,40,Tony Russell,1,4,0,1
2011,10,40,David Conn,6,162,2,137
2011,10,40,Florence Elvin,1,15,0,14
2011,10,40,Catherine Vincent,1,24,0,14
2011,10,40,Chris Alexander,1,5,0,7
2011,10,40,Melissa McClements,2,122,3,142
2011,10,40,Chris Charlesworth,1,55,0,8
2011,10,40,from <a href="http://www.rocksbackpages.com/">Rock's Backpages</a>,1,55,0,8
2011,10,40,Hannah Slapper,1,53,0,3
2011,10,40,Presented by Jason Solomons,2,49,0,38
2011,10,40,produced by Sarah Peters,1,37,0,26
2011,10,40,David Brindle,2,90,3,90
2011,10,40,Tara Conlan,6,3221,35,781
2011,10,40,Oliver Laughland,3,2349,14,256
2011,10,40,Andy Wilson,9,26,0,34
2011,10,40,Mark Tran,4,130,1,43
2011,10,40,Martin Godwin,1,705,5,75
2011,10,40,Michelle Pauli,1,705,5,75
2011,10,40,Jean Philippe Rémy,1,14,0,1
2011,10,40,Sébastien Hervieu,1,13,0,1
2011,10,40,pinkbookworm,1,0,0,0
2011,10,40,Paul Johnson,1,35,1,8
2011,10,40,Paul Goodman for <a href="http://conservativehome.blogs.com/" title="Conservative Home">Conservative Home</a>,1,3,0,5
2011,10,40,part of the <a href="http://www.guardian.co.uk/commentisfree/series/guardian-comment-network" title="Guardian Comment Network">Guardian Comment Network</a>,3,70,0,63
2011,10,40,Erica Jeal,1,1,0,5
2011,10,40,Amy Fleming,1,44,0,10
2011,10,40,Patrick Butler,1,26,0,12
2011,10,40,Henry Barnes,6,105,2,63
2011,10,40,Caroline Bishop,1,51,0,21
2011,10,40,Julian Borger,4,532,3,105
2011,10,40,Peter Guillam,1,9,0,5
2011,10,40,Mattia Cabitza,1,290,1,27
2011,10,40,Ben Reeve-Lewis,1,11,0,12
2011,10,40,Simon Chilvers,5,61,0,89
2011,10,40,Dan Sabbagh,7,138,1,236
2011,10,40,Sarah Hughes,2,15,0,10
2011,10,40,Phil Hoad,1,23,0,40
2011,10,40,Joan Smith,1,321,1,19
2011,10,40,Guardian reporters,1,58,0,13
2011,10,40,Paul Doyle,5,73,0,112
2011,10,40,Andrew Tuson,1,2,0,1
2011,10,40,Shiv Malik,13,1037,5,304
2011,10,40,Seumas Milne,2,66,0,39
2011,10,40,Julian Glover,2,28,0,34
2011,10,40,Jackie Ashley,2,101,1,49
2011,10,40,Clare Allan,1,47,1,12
2011,10,40,Kate Hodal,1,173,1,46
2011,10,40,Natalie Bennett,2,3,0,1
2011,10,40,Lisa Hymas for <a href="http://grist.org/">Grist</a>,1,750,7,66
2011,10,40,Julia Eccleshare,2,90,3,75
2011,10,40,Massimo Franco,1,37,1,15
2011,10,40,Jessica Shepherd,4,259,2,248
2011,10,40,Steven Morris,10,183,3,149
2011,10,40,Sandra Laville,4,57,0,83
2011,10,40,Malcolm Jack,2,42,0,14
2011,10,40,Peter Van Buren for <a href="http://www.tomdispatch.com/archive/175446/">TomDispatch</a>,1,22,0,15
2011,10,40,part of the <a href="http://www.guardian.co.uk/commentisfree/series/guardian-comment-network">Guardian Comment Network</a>,1,22,0,15
2011,10,40,Alan Franks,1,1,0,8
2011,10,40,Ian Cobain,2,128,0,66
2011,10,40,Michael Coveney,1,101,0,6
2011,10,40,Manny Amadi for the Guardian Professional Network,1,26,1,40
2011,10,40,Presented by Simon Hoggart,1,1,0,2
2011,10,40,Ian McCourt,1,35,0,21
2011,10,40,Rose George,1,7,0,5
2011,10,40,Dennis Barker,1,59,0,12
2011,10,40,Zoe Wood,4,26,0,75
2011,10,40,Roger Armstrong,1,8,0,33
2011,10,40,Abdel Hakim Belhaj,1,257,3,77
2011,10,40,James Walsh,2,93,0,22
2011,10,40,Robert Mackey,3,3040,29,267
2011,10,40,Riazat Butt,2,58,1,21
2011,10,40,Dave Simpson,3,67,0,29
2011,10,40,Caroline Davies,3,1301,26,197
2011,10,40,Adam James,2,35,1,24
2011,10,40,Andrew Clements,10,6,0,54
2011,10,40,Andrew Gumbel,3,585,3,117
2011,10,40,Jonathan Steele,2,1169,26,273
2011,10,40,Patrick Barkham,3,120,0,44
2011,10,40,Julie Bindel,1,1526,10,102
2011,10,40,Mark Weisbrot,1,65,2,28
2011,10,40,Ed Douglas,1,61,1,55
2011,10,40,Tim Dowling,2,17,0,32
2011,10,40,Christian Bennett,1,14,0,7
2011,10,40,Jamie Jackson,9,283,2,218
2011,10,40,Athens,1,31,0,12
2011,10,40,Katie Puckrik,1,214,2,41
2011,10,40,Harry Venning,1,16,0,8
2011,10,40,Colm Tóibín,1,460,2,61
2011,10,40,Victoria Coren,2,432,50,360
2011,10,40,Steve Rose,3,51,0,36
2011,10,40,Ralph Nader,1,109,2,21
2011,10,40,Mark Lawson,3,260,1,44
2011,10,40,Dalya Alberge,1,961,3,84
2011,10,40,Ewan Murray at Ibrox,2,10,0,13
2011,10,40,Andy Hunter at Old Trafford,1,41,1,59
2011,10,40,Simon Jenkins,3,246,4,101
2011,10,40,Richard Vine,3,41,2,16
2011,10,40,Ali Catterall,2,7,0,14
2011,10,40,Rebecca Nicholson,2,74,3,21
2011,10,40,Julia Raeside,2,1,0,12
2011,10,40,Phelim O'Neill,4,85,2,62
2011,10,40,Nick Szczepanik at the Amex Stadium,1,68,2,7
2011,10,40,Daniel Taylor at the Allianz Arena,2,436,4,115
2011,10,40,Chris McGreal,5,428,5,120
2011,10,40,Lisa Appignanesi,1,377,2,81
2011,10,40,Rob Bagchi,2,15,0,31
2011,10,40,Paul Simons,1,22,0,26
2011,10,40,Paul Evans,1,15,1,25
2011,10,40,Sid Lowe at Santiago Bernabéu,1,19,2,26
2011,10,40,Ben Quinn,7,1217,8,552
2011,10,40,Jon Vale,3,15,0,30
2011,10,40,Paul Hayward at Old Trafford,1,119,1,48
2011,10,40,Angelique Chrisafis,6,678,17,257
2011,10,40,Richard Williams at Allianz Arena,1,12,0,33
2011,10,40,Ellie Watts-Russell,1,152,1,47
2011,10,40,Mark King,6,4566,30,543
2011,10,40,Lisa Johnson,1,21,0,35
2011,10,40,Virginia Wallis,2,0,0,26
2011,10,40,Jakaya Mrisho Kikwete,1,70,0,44
2011,10,40,Graham Snowdon,1,21,0,20
2011,10,40,Shaun Jeffery,1,0,0,10
2011,10,40,Rachel Williams,1,18,0,20
2011,10,40,Jean Gross,1,31,0,6
2011,10,40,Jonathan Baume,1,0,0,3
2011,10,40,Debbie Andalo,1,0,0,10
2011,10,40,Keith Cooper,1,19,0,9
2011,10,40,Valentine,1,2,0,7
2011,10,40,Eleanor Brazil,1,12,0,2
2011,10,40,interim strategic director for children,1,12,0,2
2011,10,40,Birmingham city council,1,12,0,2
2011,10,40,Tracey Caldwell,1,22,0,33
2011,10,40,David Ward,1,2,0,17
2011,10,40,John Wright,1,167,1,28
2011,10,40,Elsje Fourie,1,76,2,55
2011,10,40,Spartacus,1,0,0,3
2011,10,40,Kathleen Jamie,1,21,0,42
2011,10,40,Andrew Brown,2,267,2,46
2011,10,40,Servane Mouazan,1,36,0,34
2011,10,40,James Robinson,4,153,2,172
2011,10,40,Laura Laker,1,58,0,51
2011,10,40,Heather Stewart,7,410,6,223
2011,10,40,Lisa Bachelor,4,110,2,175
2011,10,40,Rachel Holmes,3,544,5,143
2011,10,40,Craig Purshouse,1,43,2,19
2011,10,40,Andy McSmith,1,33,0,31
2011,10,40,Will Hayler,6,5,0,23
2011,10,40,Tony Paley,2,0,0,12
2011,10,40,AP,2,15,0,10
2011,10,40,Maev Kennedy,5,490,1,161
2011,10,40,Jonathan Wilson,1,21,0,17
2011,10,40,Saeed Kamali Dehghan,4,5732,140,818
2011,10,40,Hannah Booth,2,14,0,16
2011,10,40,Jill Insley,4,75,0,92
2011,10,40,Andrew Rawnsley,5,174,2,160
2011,10,40,Caroline Lucas,1,267,1,72
2011,10,40,H. W. Nevinson,1,0,0,13
2011,10,40,Sarah Ditum,2,205,4,98
2011,10,40,Sam Jones,8,2286,30,895
2011,10,40,Patrick Foster,1,575,11,369
2011,10,40,Alom Shaha,1,1167,45,94
2011,10,40,Jonny Weeks,3,54,0,47
2011,10,40,James Spencer,1,54,0,9
2011,10,40,Jon Savage,2,1224,6,137
2011,10,40,Presented by Jemima Kiss,1,21,4,121
2011,10,40,produced by Scott Cawley,2,55,4,129
2011,10,40,Anna Chesters,1,8,0,16
2011,10,40,Flic Everett,1,117,3,34
2011,10,40,Germaine Arnold,2,52,1,42
2011,10,40,Paul Wilson,1,48,1,40
2011,10,40,Adam Vaughan,1,174,2,179
2011,10,40,Elizabeth Norton,1,236,0,50
2011,10,40,Michael Burke,1,26,0,24
2011,10,40,Alexis Soloski,1,14,0,16
2011,10,40,William Fotheringham,6,13,1,38
2011,10,40,Michael Hann,4,138,1,30
2011,10,40,Daniel Elton <a href="http://www.leftfootforward.org/" title="Left Foot Forward">Left Foot Forward</a>,1,46,0,30
2011,10,40,Foreign staff,3,125,2,128
2011,10,40,Richard Wachman,1,49,0,14
2011,10,40,Lucy Halsall,1,7,0,21
2011,10,40,Aleks Krotoski,2,80,8,184
2011,10,40,Joshua Rozenberg,1,11,0,16
2011,10,40,Chris Salmon,1,12,0,35
2011,10,40,Ed Rooksby,1,15,0,19
2011,10,40,Lauren Niland,2,18,0,25
2011,10,40,Angela Hartnett,1,12,0,11
2011,10,40,Zoe Williams,2,202,2,99
2011,10,40,Interview by Jon Vale,2,4,0,5
2011,10,40,Interview by Eliza Anyangwe,1,0,0,24
2011,10,40,Jon Dennis,3,6,0,32
2011,10,40,Andrew Haydon,1,49,1,21
2011,10,40,Jenny Purt for the <a href="http://www.guardian.co.uk/guardian-professional" title="">Guardian Professional Network</a>,1,15,0,40
2011,10,40,Roger Tooth,2,102,3,97
2011,10,40,Eliza Anyangwe for the <a href="http://www.guardian.co.uk/guardian-professional" title="">Guardian Professional Network</a>,1,66,1,42
2011,10,40,Ryan Gilbey,1,17,0,10
2011,10,40,Terry Slavin for the <a href="http://www.guardian.co.uk/guardian-professional" title="">Guardian Professional Network</a>,1,4,0,18
2011,10,40,Martin Lukacs,1,145,0,65
2011,10,40,Greg Simmons,2,389,2,110
2011,10,40,Lou Wellman,1,83,0,96
2011,10,40,Ken Capstick,1,4,0,18
2011,10,40,Sally Jones,1,0,0,2
2011,10,40,Fiachra Gibbons,1,30,0,6
2011,10,40,Jon Wilde,1,4630,55,253
2011,10,40,Lillian Stevenson,1,0,0,0
2011,10,40,Tony Bell,1,64,0,9
2011,10,40,Max Murray,1,18,0,18
2011,10,40,Paul Harris,9,9578,81,842
2011,10,40,Giles Fraser,1,12,0,14
2011,10,40,Interview by Tom Lutz,1,20,0,19
2011,10,40,Adam Sweeting,1,29,1,30
2011,10,40,Joyce Molyneux,3,15,0,12
2011,10,40,Gerard Baker,3,15,0,12
2011,10,40,Bob Granleese,1,32,0,9
2011,10,40,Dan Gillmor,1,33,11,114
2011,10,40,Michael Billington,2,16,1,7
2011,10,40,Ged Grebby,1,22,0,12
2011,10,40,Paul Scruton,1,10,0,9
2011,10,40,Duncan Campbell,1,10,0,4
2011,10,40,Terry Macalister,6,276,4,266
2011,10,40,Owen Hatherley,1,200,0,110
2011,10,40,Simon Goodley,3,9,0,14
2011,10,40,Zia Mahmood,1,3,0,1
2011,10,40,Deborah Orr,3,51,0,56
2011,10,40,Nadiya Takolia,1,9,0,17
2011,10,40,Stephen Moss,4,65,0,92
2011,10,40,Bill Nighy,1,421,1,127
2011,10,40,Tom Meltzer,2,3,0,19
2011,10,40,David Batty,2,645,5,221
2011,10,40,Maria Elena Romero,1,286,1,41
2011,10,40,Gabriel Elizondo,2,626,5,137
2011,10,40,Anne Karpf,1,443,3,62
2011,10,40,Sophie Walker,1,70,2,30
2011,10,40,As seen by Catherine Bennett,1,1,0,5
2011,10,40,Judith Mackrell,4,95,0,55
2011,10,40,Scott Murray,7,114,3,231
2011,10,40,Interviews by Emine Saner,1,44,1,22
2011,10,40,Joe Lovejoy at Cardiff City Stadium,1,3,0,7
2011,10,40,David Stubbs,4,115,0,53
2011,10,40,Jonathan Wright,2,1,0,23
2011,10,40,Jamie Jackson at the Estadio Mestalla,1,15,0,24
2011,10,40,Hala Al-Dosari,1,8,1,23
2011,10,40,Kevin McCarra at the Estadio Mestalla,1,22,0,39
2011,10,40,Maddy Costa,2,20,0,10
2011,10,40,Amy Lawrence at Emirates Stadium,1,14,1,32
2011,10,40,David Hytner at Emirates Stadium,1,36,0,33
2011,10,40,John Wardle at the Riverside,1,0,0,13
2011,10,40,Lydia Hislop,1,1,0,6
2011,10,40,David Hambling,1,7,0,37
2011,10,40,Tom Jenkins,3,62,0,101
2011,10,40,David Mitchell,2,560,4,99
2011,10,40,<strong>Hélène Mulholland</strong>,1,9,0,12
2011,10,40,Press association,1,10,0,3
2011,10,40,Martin Chulov,7,2526,17,957
2011,10,40,Warren Murray,2,1495,78,327
2011,10,40,Yvonne Kee,1,5,0,5
2011,10,40,Ananyo Bhattacharya,1,105,7,64
2011,10,40,Jon Butterworth,2,23,3,13
2011,10,40,Aaron Porter,1,6,1,14
2011,10,40,Eugene Spiers,1,2,0,0
2011,10,40,David Walker,2,1,0,2
2011,10,40,David Sproul,1,20,0,28
2011,10,40,Kate Murray,1,0,0,6
2011,10,40,OrliTheBookworm,2,11,0,12
2011,10,40,Fizza Qureshi,1,14,0,6
2011,10,40,Dr Ramya Ramaswami,1,14,0,6
2011,10,40,Project:London,1,14,0,6
2011,10,40,Edward Lawrence,1,37,0,21
2011,10,40,Jacqueline Rose,1,218,1,55
2011,10,40,Nicole Krauss,1,49,0,11
2011,10,40,Rafael Marques de Morais,1,154,1,15
2011,10,40,Susana A Moreira,1,154,1,15
2011,10,40,Stuart Evers,1,14,0,18
2011,10,40,Jane Dudman,1,0,0,3
2011,10,40,The Yes Men,1,3313,33,593
2011,10,40,Rosie Birkett,1,34,0,27
2011,10,40,Helienne Lindvall,3,200,0,85
2011,10,40,John Seddon,1,17,0,44
2011,10,40,David Mills,2,3,0,7
2011,10,40,Natalie Haynes,1,50,1,12
2011,10,40,Jonathan Watts,4,441,17,144
2011,10,40,produced by Jason Phipps,2,23,0,33
2011,10,40,with Xan Brooks,1,12,0,12
2011,10,40,Eman Al Nafjan,1,175,1,111
2011,10,40,Gareth Dent,1,21,0,56
2011,10,40,Sallie Pilot for the <a href="http://www.guardian.co.uk/guardian-professional" title="">Guardian Professional Network</a>,1,19,0,59
2011,10,40,Nicholas Wroe,1,9,0,10
2011,10,40,By <a href="http://www.irinnews.org" title="">IRIN</a>,1,80,0,16
2011,10,40,guardian.co.uk,1,5,1,6
2011,10,40,Chuka Umunna,1,8,0,13
2011,10,40,Will Nichols for for <a href="http://www.businessgreen.com">BusinessGreen</a>,1,9,0,24
2011,10,40,Elena Panaritis,1,32,0,12
2011,10,40,Benedicte Page,1,35,1,103
2011,10,40,Alok Jha,4,1158,26,239
2011,10,40,Dan Glass,1,9,1,36
2011,10,40,Laura Oliver,1,92,0,12
2011,10,40,Hannah Waldram,2,96,0,26
2011,10,40,Bruce Dessau,1,4,0,20
2011,10,40,Austen Ivereigh,1,65,2,32
2011,10,40,David Marsh,1,2,1,15
2011,10,40,Sarfraz Manzoor,1,260,4,57
2011,10,40,Andy Gallagher,4,543,8,98
2011,10,40,Leon Kaye for the <a href="http://www.guardian.co.uk/guardian-professional" title="Guardian Professional Network">Guardian Professional Network</a>,1,23,0,43
2011,10,40,Alex Aldridge,1,33,0,39
2011,10,40,Samira Ahmed,1,76,1,39
2011,10,40,Robert Reich,1,369,3,87
2011,10,40,A student,1,7,0,25
2011,10,40,Caspar Llewellyn Smith,2,242,0,41
2011,10,40,Luke Jennings,2,35,0,23
2011,10,40,David Derbyshire,1,24,0,20
2011,10,40,Amy Lawrence,3,57,0,65
2011,10,40,<a href="http://www.businessgreen.com">BusinessGreen</a>,1,270,3,119
2011,10,40,Alan Posener,1,19,0,14
2011,10,40,Jackie Kay interviewed by Luke Shore,1,1,0,5
2011,10,40,Paul Hayward,3,148,1,129
2011,10,40,Skye Sherwin,3,37,0,34
2011,10,40,Alexis Petridis,3,190,0,57
2011,10,40,Alex von Tunzelmann,1,16,0,21
2011,10,40,Robert McCrum,2,25,0,23
2011,10,40,Edited extract from <a href="http://www.roughguides.com/website/shop/products/Climate-Change.aspx">The Rough Guide to Climate Change</a>,1,21,0,29
2011,10,40,Clive Stafford Smith,1,71,1,38
2011,10,40,Benji Lanyado,1,53,0,14
2011,10,40,Ben Kape,1,242,3,22
2011,10,40,Will Harris,1,145,2,22
2011,10,40,Tim Lott,1,71,0,54
2011,10,40,Julia Kollewe,3,285,4,272
2011,10,40,Leo Benedictus,1,12,0,16
2011,10,40,Jenny Purt for the <a href="http://www.guardian.co.uk/guardian-professional" title="Guardian Professional Network">Guardian Professional Network</a>,1,46,0,48
2011,10,40,Christine Oliver,1,685,0,26
2011,10,40,Herbert Williams,1,0,0,0
2011,10,40,Lottie Longshanks,2,2,0,11
2011,10,40,Ian Gittins,1,142,0,4
2011,10,40,Rory Naismith,1,24,0,21
2011,10,40,Larry Elliott,2,13,0,37
2011,10,40,Tim Morris,1,7,0,10
2011,10,40,Nick Fogg,1,1,0,12
2011,10,40,Philippe Martin for the <a href="http://www.guardian.co.uk/guardian-professional" title="Guardian Professional Network">Guardian Professional Network</a>,1,2,0,3
2011,10,40,Caroline Richmond,1,78,0,43
2011,10,40,Lucy Series,1,21,2,9
2011,10,40,Jonathan Glancey,3,357,4,68
2011,10,40,Matt Wells,3,1771,16,131
2011,10,40,David North,1,4,0,23
2011,10,40,Michael Aylwin,1,3,0,3
2011,10,40,Ewan Murray at Celtic Park,1,2,0,6
2011,10,40,Alex Duval Smith,1,36,0,14
2011,10,40,Viv Groskop,2,140,0,36
2011,10,40,Alexander Chancellor,1,11,0,8
2011,10,40,Laura Barnett,2,55,0,21
2011,10,40,Homa Khaleeli,1,193,3,33
2011,10,40,Michele Hanson,1,1,0,0
2011,10,40,Dan Sabbagh John Plunkett,1,18,0,52
2011,10,40,Stuart Jeffries,2,331,15,235
2011,10,40,<a href="http://www.samiraahmed.co.uk/" title="">Samira Ahmed</a>,1,79,1,15
2011,10,40,Pamela Stephenson Connolly,1,11,0,12
2011,10,40,Angus Batey,1,126,0,41
2011,10,40,John Fordham,4,56,0,23
2011,10,40,Joe Muggs,1,3201,14,172
2011,10,40,Paul Doyle at White Hart Lane,1,9,0,7
2011,10,40,Tim Rich at the Britannia Stadium,1,17,0,7
2011,10,40,As overheard by John Crace,1,0,0,4
2011,10,40,Harry Pearson,1,62,1,16
2011,10,40,Richard Watson,1,79,0,7
2011,10,40,Hermione Hoby,2,76,0,41
2011,10,40,Mike Atkinson,1,616,0,40
2011,10,40,Libby Brooks,1,110,0,37
2011,10,40,Laura Barton,1,17,0,25
2011,10,40,Louise Hocking,1,23,0,4
2011,10,40,Duncan Wilson,1,87,3,45
2011,10,40,Eric Augenbraun,2,454,5,43
2011,10,40,Steven Osborne,1,47,1,17
2011,10,40,Jane Graham,1,28,0,18
2011,10,40,Caroline Sullivan,2,1,0,11
2011,10,40,Anne Billson,1,29,1,16
2011,10,40,David Pleat,2,60,0,43
2011,10,40,Jane Cornwell,1,36,0,18
2011,10,40,John Gilbey,1,3,0,27
2011,10,40,Chris Michael,1,70,2,31
2011,10,40,Alex Macpherson,1,3,0,10
2011,10,40,Paul MacInnes,1,0,0,12
2011,10,40,Arundhati Roy,1,1600,10,198
2011,10,40,James Richardson,1,41,1,17
2011,10,40,Matt Hall,2,41,1,19
2011,10,40,Cherry Wilson,4,3854,24,405
2011,10,40,Virginia Lopez,2,157,5,43
2011,10,40,Sarah Hall,1,101,1,35
2011,10,40,Martin Pengelly,2,62,1,108
2011,10,40,Shehani Fernando,2,277,2,46
2011,10,40,Rosie Niven,1,0,0,3
2011,10,40,Clare Lewis-Jones,1,2,0,2
2011,10,40,Duncan Green,1,31,0,20
2011,10,40,Rose McDonagh,1,330,5,46
2011,10,40,Claudia Cahalane,1,17,0,21
2011,10,40,Tim Radford,2,70,1,71
2011,10,40,Nick Morrison,1,0,0,1
2011,10,40,Mario Ambrosi,1,0,0,5
2011,10,40,Richard Vize,1,0,0,1
2011,10,40,Hannah Fearn,1,11,0,13
2011,10,40,The Masked AMHP,1,8,0,7
2011,10,40,Rick Riordan,1,4,0,0
2011,10,40,James Dart,1,2,0,7
2011,10,40,Jaz Cummins,1,48,2,19
2011,10,40,Vasco Pedrina for <a href="http://www.social-europe.eu/" title="Social Europe Journal">Social Europe Journal</a>,1,21,0,28
2011,10,40,Jenny Purt,1,0,1,9
2011,10,40,Jessica Reed,1,9,0,1
2011,10,40,Thais Portilho-Shrimpton,1,143,1,85
2011,10,40,Evan Fanning,4,80,2,117
2011,10,40,Ed Jacobs,1,3,0,5
2011,10,40,Tim Adams,1,124,2,22
2011,10,40,Valentine Warner,5,46,0,27
2011,10,40,fifimonkey,1,0,0,3
2011,10,40,Kamilla Baiden,1,8,0,10
2011,10,40,Helen Randall,1,0,0,5
2011,10,40,Ben Dowell,4,419,11,180
2011,10,40,Anita Bhagwandas,1,28,0,19
2011,10,40,Caroline Foley,1,2,0,13
2011,10,40,Paul Rees at North Harbour Stadium,1,21,0,7
2011,10,40,Laura Parker:,1,26,2,61
2011,10,40,Tom Kington,1,23,2,64
2011,10,40,Paul Brown,1,517,1,98
2011,10,40,Dublin,1,517,1,98
2011,10,40,Richard Luscombe,1,126,5,39
2011,10,40,Alex Kirby for the <a href="http://www.guardian.co.uk/guardian-professional" title="">Guardian Professional Network</a>,1,14,0,42
2011,10,40,Danny Leigh,1,34,0,32
2011,10,40,Constanze Letsch,1,43,0,16
2011,10,40,Anthony Watt,1,10,0,3
2011,10,40,Arun Marsh,1,0,0,7
2011,10,40,Maya Wolfe-Robinson,1,7,0,9
2011,10,40,Brendan Fanning,5,82,1,15
2011,10,40,Tom Service,1,1,0,15
2011,10,40,Jill Papworth,1,101,0,31
2011,10,40,From <a href="http://www.irinnews.org/">IRIN</a>,1,231,3,56
2011,10,40,part of the <a href="http://www.guardian.co.uk/global-development/series/guardian-development-network">Guardian Development Network</a>,1,231,3,56
2011,10,40,Andrew Scott,1,12,0,14
2011,10,40,Vivienne Perry,1,53,0,30
2011,10,40,Ranjit Dhaliwal,1,53,0,30
2011,10,40,with photographs by Martin Godwin,1,53,0,30
2011,10,40,Jason Burke,3,259,5,80
2011,10,40,Heidi Stephens,3,35,0,40
2011,10,40,Professor Mark Lancaster,1,272,7,27
2011,10,40,Rowenna Davis,1,204,0,11
2011,10,40,David Wearing,1,27,1,19
2011,10,40,Andy Bull,1,2,0,8
2011,10,40,Neil Rose,1,20,0,28
2011,10,40,Ronald Bergan,1,14,0,18
2011,10,40,Presented by Claire Armitstead,1,19,1,17
2011,10,40,produced by Tim Maby,1,19,1,17
2011,10,40,Sadhbh Walshe,1,7,0,14
2011,10,40,Nosheen Iqbal,2,204,1,38
2011,10,40,Miriam Gillinson,1,30,0,46
2011,10,40,Dan Martin,2,179,6,52
2011,10,40,Justin McCurry,1,313,2,96
2011,10,40,Andy Shepherd,1,0,0,0
2011,10,40,Leonard Barden,1,10,0,3
2011,10,40,Gregg Roughley,3,100,0,44
2011,10,40,Rachel Stevenson,1,339,2,80
2011,10,40,James Hipwell,2,671,6,112
2011,10,40,Tim Ashley,1,0,0,5
2011,10,40,Blackskua,1,1,0,3
2011,10,40,Chip Somers,1,4,0,11
2011,10,40,Mohamad Shil,1,33,0,15
2011,10,40,Presented by John Plunkett,1,5,1,11
2011,10,40,Beverley Gormley,1,32,0,36
2011,10,40,Leon Kaye for the <a href="http://www.guardian.co.uk/guardian-professional?INTCMP=SRCH" title="">Guardian Professional Network</a>,1,31,0,16
2011,10,40,David Lacey,1,0,0,7
2011,10,40,Hugh Jones for the <a href="http://www.guardian.co.uk/guardian-professional?INTCMP=SRCH" title="">Guardian Professional Network</a>,1,15,0,22
2011,10,40,Billy Mills,1,6,0,4
2011,10,40,Phoebe Swan,1,7,0,18
2011,10,40,Michelle Mitchell,1,9,0,8
2011,10,40,Presented by Alexis Petridis,1,34,0,8
2011,10,40,Rosalie Arcala Hall for <a href="http://uvenus.org/" title="">University of Venus</a>,1,19,0,7
2011,10,40,Jeb Boone,1,48,0,10
2011,10,40,New York,1,23,1,16
2011,10,40,From <a href="http://www.scidev.net/">SciDev.net</a>,1,28,0,26
2011,10,40,Alistair Smith,1,4,0,20
2011,10,40,Dan Milmo,1,17,1,35
2011,10,40,Julian Baggini,1,27,3,15
2011,10,40,Lucy Snow,1,12,0,29
2011,10,40,Jacob Steinberg (before),1,0,0,18
2011,10,40,Paul Doyle (now),1,0,0,18
2011,10,40,Dave Laing,1,276,1,64
2011,10,40,Matthew Taylor,1,131,0,42
2011,10,40,Tim Maby,1,5,0,8
2011,10,40,Nate Goldshlag,1,626,5,89
2011,10,40,Aron Cramer for the <a href="http://www.guardian.co.uk/guardian-professional?INTCMP=SRCH" title="">Guardian Professional Network</a>,1,11,0,13
2011,10,40,Kim Willsher,6,1258,17,421
2011,10,40,Sara Ilyas,1,2,0,17
2011,10,40,Kiev,1,14,0,0
2011,10,40,Guardian Healthcare,2,0,0,4
2011,10,40,Hugh Tomlinson QC for the <a href="http://inforrm.wordpress.com" title="">Inforrm blog</a>,1,4,0,12
2011,10,40,part of the <a href="http://www.guardian.co.uk/law/series/guardian-legal-network" title="">Guardian Legal Network</a>,1,4,0,12
2011,10,40,Hilary Wainwright,1,20,0,22
2011,10,40,Pascal Wyse,1,46,0,22
2011,10,40,Steven Bloor,1,46,0,22
2011,10,40,Erik Millstone,1,8,0,37
2011,10,40,Michael Ratner,1,920,18,113
2011,10,40,Greg Wood at Ascot,1,2,0,4
2011,10,40,Naftali Brawer,1,6,0,10
2011,10,40,Wesley Clark,1,31,0,21
2011,10,40,Charles Cook,1,5,1,45
2011,10,40,James Fassinger,1,659,2,82
2011,10,40,Ian Jack,1,1,0,12
2011,10,40,Ben Goldacre,1,64,1,31
2011,10,40,Decca Aitkenhead,1,178,0,115
2011,10,40,Ghaith Abdul-Ahad,1,3,0,5
2011,10,40,Esmer Golluoglu,1,64,0,11
2011,10,40,Tom Finn,1,36,0,9
2011,10,40,Jesse Norman,1,8,0,31
2011,10,40,Mehdi Hasan,1,577,2,130
2011,10,40,Tanya Gold,1,160,1,27
2011,10,40,Dixe Wills,1,33,0,12
2011,10,40,Vicky Baker,1,368,1,5
2011,10,40,Tim Moore,1,16,0,3
2011,10,40,Kevin Rushby,1,24,0,18
2011,10,40,Sally Shalam,1,3,0,7
2011,10,40,Oliver Burkeman,1,56,2,30
2011,10,40,Sue Arnold,1,2,0,0
2011,10,40,Alex Needham,1,74,0,17
2011,10,40,John Mullan,1,3,0,1
2011,10,40,Ian Sansom,2,77,1,11
2011,10,40,Marina Warner,1,1,0,3
2011,10,40,Alexandra Harris,1,11,0,2
2011,10,40,Francis Beckett,1,14,1,11
2011,10,40,Charles Frazier,1,9,0,5
2011,10,40,Jenn Ashworth,1,6,0,4
2011,10,40,Carrie Etter,1,12,0,1
2011,10,40,Ursula K Le Guin,1,13,2,14
2011,10,40,Josh Lacey,1,0,0,0
2011,10,40,Steven Poole,1,0,0,1
2011,10,40,Julia Lovell,1,21,0,2
2011,10,40,Catherine Taylor,1,0,0,2
2011,10,40,Craig Brown,1,48,1,40
2011,10,40,Blake Morrison,1,10,0,6
2011,10,40,Frances Spalding,1,7,0,7
2011,10,40,Iain Sinclair,1,12,0,7
2011,10,40,Tracy Chevalier,1,13,0,5
2011,10,40,Pari Thomson,1,10,0,17
2011,10,40,Geoff Dyer,1,18,0,7
2011,10,40,Rupert Jones,1,2,0,0
2011,10,40,Miles Bignall,1,34,0,43
2011,10,40,Yotam Ottolenghi,1,81,1,25
2011,10,40,Guardian readers,2,37,1,24
2011,10,40,Alys Fowler,2,16,0,8
2011,10,40,Graham Rice,1,19,0,3
2011,10,40,Thomas Eaton,1,1,0,2
2011,10,40,Robin Sherwood,1,103,0,18
2011,10,40,Tom Dyckhoff,1,14,0,8
2011,10,40,Dan Lepard,1,72,1,11
2011,10,40,John Lanchester,1,13,0,1
2011,10,40,Rosanna Greenstreet,1,24,0,10
2011,10,40,Lia Leendertz,1,5,0,7
2011,10,40,Hugh Fearnley-Whittingstall,1,128,1,26
2011,10,40,Amanda Mitchison,1,888,26,261
2011,10,40,Sali Hughes,2,72,1,49
2011,10,40,Nat Saunders,1,20,1,17
2011,10,40,Geoffrey Wadhurst,1,0,0,0
2011,10,40,Marc Lockley,1,0,0,4
2011,10,40,Angela Foster,1,1,0,6
2011,10,40,Stuart Franklin,1,49,0,25
2011,10,40,Miles Brignall,5,18,0,48
2011,10,40,Jeremy Bullmore,1,3,0,1
2011,10,40,Paddy Allen,1,37,0,8
2011,10,40,Mustafa Khalili,1,37,0,8
2011,10,40,The Secret Footballer,1,21,0,6
2011,10,40,Tim Rich,2,4,0,36
2011,10,40,Ian Winrow,2,10,0,47
2011,10,40,Nick Mathiason,1,1636,8,378
2011,10,40,Andrew Collins,1,0,0,2
2011,10,40,Joanna Moorhead,1,40,0,9
2011,10,40,John Patterson,1,26,0,39
2011,10,40,Gill Sutherland,1,57,0,13
2011,10,40,Andy Wilson at the Halliwell Jones Stadium,1,7,0,4
2011,10,40,Jon &amp; Mick/moderntoss.com,1,54,0,4
2011,10,40,Robert Clark,1,5,0,9
2011,10,40,Annalisa Barbieri,1,1,0,0
2011,10,40,Juliet Rix,1,14,0,3
2011,10,40,Charlie Condou,1,283,5,196
2011,10,40,The Guide,2,3,0,7
2011,10,40,Sam Richards,2,119,3,29
2011,10,40,Grace Dent,1,31,0,8
2011,10,40,Kathryn Lewsey &amp; Rebecca Nicholson,1,0,0,3
2011,10,40,John Fordham &amp; John Robinson,1,0,0,2
2011,10,40,Robert Clark &amp; Skye Sherwin,1,6,0,17
2011,10,40,Kate Hilpern,1,30,0,7
2011,10,40,Ben Johncock,1,1,0,7
2011,10,40,Nick Gillett,1,2,1,16
2011,10,40,Patric Baird,1,32,0,5
2011,10,40,John Mitchell,1,32,0,5
2011,10,40,Sam Richards &amp; Marc Rowlands,1,32,0,5
2011,10,40,Mark Cook,1,6,0,6
2011,10,40,Lyn Gardner &amp; Judith Mackrell,1,6,0,6
2011,10,40,James Kettle,1,14,0,2
2011,10,40,Colette Bernhardt,1,0,0,7
2011,10,40,Katrina Dixon &amp; Justin Quirk,1,0,0,7
2011,10,40,Sabine Durrant,1,10,0,25
2011,10,40,Bidisha,1,1,0,29
2011,10,40,Brian McGilloway,1,11,0,2
2011,10,40,Charles Stross,1,11,0,2
2011,10,40,Patrick McGuiness,1,0,0,5
2011,10,40,Rachel Billington,1,1,0,0
2011,10,40,Peter James,1,4,0,0
2011,10,40,Sarah Waters,1,53,0,9
2011,10,40,Tibor Fischer,1,9,0,1
2011,10,40,Lavinia Greenlaw,1,2,0,1
2011,10,40,Owen Sheers,1,0,0,1
2011,10,40,GP Taylor,1,8,0,3
2011,10,40,Neil Rollinson,1,4,0,7
2011,10,40,Martin Rowson,2,49,0,31
2011,10,40,Nicola Jennings,1,0,0,4
2011,10,40,Steve Judge,1,54,0,53
2011,10,40,Michael Solomon,1,6,0,2
2011,10,40,Joe Berger &amp; Pascal Wyse,1,4,0,5
2011,10,40,Antonio Olmos,1,62,0,10
2011,10,40,Julia Skinner,1,1,0,0
2011,10,40,Andrew Simms,1,47,0,39
2011,10,40,Alex Worrall,1,26,0,1
2011,10,40,Nadim Shehadi,1,96,0,36
2011,10,40,Matt Lodder,1,543,4,49
2011,10,40,From our London Staff,1,0,0,3
2011,10,40,Giles Richards,4,8,0,16
2011,10,40,Elizabeth Day,3,961,7,323
2011,10,40,Tom Fox for <a href="http://manchestermule.com/" title="">Manchester Mule</a>,1,142,0,18
2011,10,40,part of the <a href="http://www.guardian.co.uk/commentisfree/series/guardian-comment-network" title="">Guardian Comment Network</a>,1,142,0,18
2011,10,40,Lisa O' Carroll,1,8,0,19
2011,10,40,Joe Lovejoy at Goodison Park,1,46,0,30
2011,10,40,Interview by Alexandra Topping,1,0,0,10
2011,10,40,Mark Vlasic,1,48,0,43
2011,10,40,Jamie Doward,7,909,5,408
2011,10,40,Paul Rees at Eden Park,2,14,1,2
2011,10,40,Paul Wilson at Ewood Park,1,5,1,24
2011,10,40,Richard Rae at Molineux,2,8,0,21
2011,10,40,Louise Taylor at the Stadium of Light,1,1,0,9
2011,10,40,Stuart James at Villa Park,2,6,0,18
2011,10,40,Paul Doyle at Old Trafford,2,26,1,82
2011,10,40,Jamie Jackson at Selhurst Park,1,1,0,10
2011,10,40,Richard Gibson at KC Stadium,1,0,0,9
2011,10,40,Robert Kitson at Eden Park,2,7,0,5
2011,10,40,Michael Aylwin at The Rec,1,1,0,1
2011,10,40,Nial Briggs,1,0,0,5
2011,10,40,Andy Hunter at Goodison Park,2,120,0,56
2011,10,40,Emma John,3,51,2,43
2011,10,40,Charlotte Foot,1,211,1,100
2011,10,40,Eddie Butler at Eden Park,1,65,1,7
2011,10,40,Tracy McVeigh,3,326,1,183
2011,10,40,Phoebe Cooke,2,138,0,83
2011,10,40,Andy Wilson at the Stobart Stadium,1,2,0,5
2011,10,40,Vanessa Thorpe,2,385,3,131
2011,10,40,arts,2,385,3,131
2011,10,40,Dean Ryan,1,4,0,3
2011,10,40,Toby Helm,3,108,2,151
2011,10,40,Observer staff,3,1,0,38
2011,10,40,Rowan Moore,3,46,1,37
2011,10,40,Richard Orange,1,1947,7,67
2011,10,40,Mark Townsend,2,129,0,118
2011,10,40,David James,1,118,0,17
2011,10,40,New Jersey,1,84,2,34
2011,10,40,Margaret Dibben,3,4,0,7
2011,10,40,William Fotheringham at the Manchester Velodrome,1,3,0,5
2011,10,40,Maajid Nawaz,1,86,4,24
2011,10,40,Robin McKie,2,1236,43,191
2011,10,40,Nigel Slater,2,75,1,21
2011,10,40,Peter Preston,5,155,6,154
2011,10,40,Interview by Rachel Cooke,1,176,1,32
2011,10,40,Philip Womack,1,5,1,10
2011,10,40,The Observer,1,0,0,1
2011,10,40,Shahesta Shaitly,1,9,0,5
2011,10,40,Sean O'Hagan,1,221,5,48
2011,10,40,Interview by Andrew Anthony,1,24,0,11
2011,10,40,Andrew Anthony,2,10,0,11
2011,10,40,Martin Love,1,8,0,4
2011,10,40,Yvonne Roberts,1,14,0,10
2011,10,40,Dave Gelly,1,8,0,0
2011,10,40,Miranda Sawyer,2,112,0,40
2011,10,40,Kitty Empire,3,26,0,8
2011,10,40,Eva Wiseman,3,274,7,57
2011,10,40,Philip French,8,169,6,30
2011,10,40,Kate Kellaway,3,87,1,23
2011,10,40,John Naughton,1,123,2,72
2011,10,40,Stephen Pritchard,2,34,0,1
2011,10,40,Kevin McKenna,1,0,0,10
2011,10,40,Henry Porter,1,34,1,27
2011,10,40,William Boyd,1,117,0,28
2011,10,40,Helen Seamons,1,4,0,10
2011,10,40,Sanjiv Bhattacharya,1,183,2,69
2011,10,40,Ally Carnwath,1,12,0,0
2011,10,40,Tom Lamont,1,46,1,15
2011,10,40,Killian Fox,2,43,1,9
2011,10,40,Gemma Kappala-Ramsamy,1,1088,4,98
2011,10,40,Rosanna Boscawen,1,1088,4,98
2011,10,40,Lara Feigel,1,2,0,2
2011,10,40,Olivia Laing,1,65,1,23
2011,10,40,Jessica Holland,1,49,1,10
2011,10,40,Morwenna Ferrier,1,107,0,2
2011,10,40,Mariella Frostrup,1,3,0,7
2011,10,40,Neil Spencer,1,4,0,1
2011,10,40,Nicholas Kenyon,1,0,0,1
2011,10,40,Lucy Siegle,1,16,0,23
2011,10,40,Katharine Whitehorn,1,7,0,2
2011,10,40,David Williams,1,7,0,5
2011,10,40,Fiona Maddocks,1,12,0,1
2011,10,40,Joanne O'Connor,1,5,0,4
2011,10,40,Laura Cumming,1,13,0,7
2011,10,40,Mark Kermode,1,100,0,13
2011,10,40,Simon Lucas,1,12,0,42
2011,10,40,Will Freeman,1,0,1,16
2011,10,40,Phil Hogan,1,2,0,8
2011,10,40,Quentin Wheeler,1,74,2,26
2011,10,40,Clare Brennan,2,2,0,8
2011,10,40,Susannah Clapp,1,1,0,10
2011,10,40,Dorian Lynskey,1,37,0,11
2011,10,40,William Keegan,1,10,1,8
2011,10,40,Dr Gerry Mander,1,0,0,0
2011,10,40,Jason Solomons,1,2,0,4
2011,10,40,Tasmina Perry,1,219,5,86
2011,10,40,Interview by Will Sawney,1,18,2,3
2011,10,40,Daniel Boffey,1,11,0,22
2011,10,40,Megan Conner,1,8,0,12
2011,10,40,Nick Cohen,1,66,0,24
2011,10,40,Catherine Bennett,1,1,0,9
2011,10,40,Barbara Ellen,1,28,0,16
2011,10,40,<strong>Vanessa Thorpe </strong>Arts,1,50,0,32
2011,10,40,Media Correspondent,1,50,0,32
2011,10,40,Richard Rogers,1,18,0,10
2011,10,40,Will Hutton,1,147,1,96
2011,10,40,Interview by Megan Conner,1,15,0,19
2011,10,40,Alex Clark,1,6,0,9
2011,10,40,Chris Riddell,1,27,0,16
2011,10,40,Wendy Berliner,1,3,0,3
2011,10,40,Michael Cohen,1,30,0,28
2011,10,40,Peter Stanford,1,54,0,38
2011,10,40,Ewan Murray at Tynecastle,1,13,0,8
2011,10,40,Daniel Taylor at the Reebok Stadium,1,27,4,44
2011,10,40,Trim Lamba,1,19,0,16
2011,10,40,Peter Beaumont,1,19,1,24
2011,10,40,Dan Pearson,1,5,0,19
2011,10,40,Helen Meany,1,7,0,5
2011,10,40,Kate Molleson,1,1,0,3
2011,10,40,Rian Evans,1,0,0,10
2011,10,40,Stephen Green,1,6,0,38
2011,10,40,Andrew Winch,1,3,0,14
2011,10,40,Amy Lawrence at Craven Cottage,1,24,0,14
2011,10,40,Joe Lovejoy at Liberty Stadium,1,9,0,9
2011,10,40,Tony Leighton,1,0,0,4
2011,10,40,Paul Ferris,1,0,0,4
2011,10,40,John Bolton,1,34,0,30
2011,10,40,Ian Paulsen,1,2,0,18
2011,10,40,Mark Ruffalo,1,6553,62,924
2011,10,40,Emma Brockes,1,9899,156,1547
2011,10,40,John Kampfner,1,15,0,31
2011,10,40,Kevin McCarra at White Hart Lane,1,74,1,26
2011,10,40,Rory Foster,1,6,0,35
2011,10,40,Greg Wood at Longchamp,1,16,0,3
2011,10,40,Presented by Michael White,1,2,0,3
2011,10,40,Charlie Brooker,1,2187,42,875
2011,10,40,Kira Cochrane,1,83,0,31
2011,10,40,Boy George,1,89,1,33
2011,10,40,David Hytner at White Hart Lane,1,45,2,38
2011,10,40,Angela Saini,2,776,87,540
2011,10,40,Johnny Sharp,1,61,1,24
2011,10,40,Sarah Dempster,1,4,0,6
2011,10,40,Mark Cocker,1,2,0,36
2011,10,40,John Ashdown at the City Ground,1,16,1,20
2011,10,40,Tim Glanfield,1,0,0,15
2011,10,40,Lutfur Rahman,1,78,0,24
2011,10,40,Edward Ellis,1,105,1,48
2011,10,40,Tim Rich at Ewood Park,2,12,0,23
2011,10,40,Dominic Fifield,1,23,0,25
2011,10,40,Interview by Sarah Phillips,1,138,3,99
2011,10,40,Andy Wilson at Stobart Stadium,1,0,0,6
2011,10,40,Rachel Roberts,1,4,0,67
2011,10,40,Sachin Nakrani,1,3,0,9
2011,10,40,John Baron,1,27,0,79
2011,10,40,Chile,1,12,0,12
2011,10,40,David Smith,1,1592,16,433
2011,10,40,Martin Robbins,1,10,1,22
2011,10,40,Presented by Alok Jha,1,11,0,21
2011,10,40,with Scott Cawley,1,11,0,21
2011,10,40,Jeremy Alexander at the King Power Stadium,1,0,0,6
2011,10,40,Graham Kemp,1,0,1,10
