year,month,week,name,articles,facebook,googleplus,twitter
2011,7,29,Paul Rees,3,0,0,13
2011,7,29,Beatrice Woolf,1,2439,26,350
2011,7,29,Sarika Bansal,1,48,1,83
2011,7,29,Sarah Hartley,3,136,0,91
2011,7,29,Associated Press,26,2789,25,1016
2011,7,29,Patrick Foster,1,2,0,16
2011,7,29,Keith Stuart,12,599,66,1042
2011,7,29,Jeff Jarvis,1,28,3,79
2011,7,29,Dave Hill,9,70,0,124
2011,7,29,Charles Arthur,23,2784,573,4940
2011,7,29,Graeme Wearden,9,796,13,482
2011,7,29,Mark Wilding,1,2,0,4
2011,7,29,Nick Willson,1,0,0,11
2011,7,29,William Hague,1,201,1,75
2011,7,29,Francis Clarke,1,3,0,10
2011,7,29,Peter Walker,2,406,12,459
2011,7,29,Paul Owen,6,3528,125,4054
2011,7,29,Roy Greenslade,26,493,7,367
2011,7,29,Justin McCurry,4,615,5,764
2011,7,29,Andrew Sparrow,4,846,20,3328
2011,7,29,Lisa O'Carroll,10,976,39,555
2011,7,29,Sachin Nakrani,2,465,14,80
2011,7,29,Dick Vinegar,1,0,0,15
2011,7,29,David Shariatmadari,1,29,0,32
2011,7,29,Andy Gallagher,3,387,4,92
2011,7,29,Mustafa Khalili,4,349,9,228
2011,7,29,Mark Sweney,14,669,27,876
2011,7,29,Paddy Allen,5,1535,38,378
2011,7,29,Matthew Caines,2,10,0,56
2011,7,29,James Ramsden,1,54,0,25
2011,7,29,Press Association,120,4273,63,3132
2011,7,29,Julia Kollewe,12,174,2,211
2011,7,29,Jemima Kiss,13,737,52,1565
2011,7,29,Alan Gardner,2,183,2,108
2011,7,29,agencies,20,4022,71,1742
2011,7,29,Matthew Weaver,6,189,4,288
2011,7,29,Subhajit Banerjee,1,307,12,187
2011,7,29,Alibeth Somers,1,125,6,234
2011,7,29,Andy Wilson,11,24,3,92
2011,7,29,David Hopps,7,13,5,79
2011,7,29,Richard Rae,3,4,2,39
2011,7,29,Hari,3,11,0,114
2011,7,29,Jake,3,11,0,114
2011,7,29,Jacob Kenedy,3,56,3,25
2011,7,29,Stuart Jeffries,3,3768,88,603
2011,7,29,Jared Schiller,1,539,5,67
2011,7,29,Peter Sale,1,17,1,31
2011,7,29,John Domokos,2,33,1,49
2011,7,29,the Umuzi photo club,1,17,1,31
2011,7,29,Patrick Wintour,12,5608,56,1073
2011,7,29,Hélène Mulholland,15,1158,14,455
2011,7,29,Neil Datta,1,75,0,39
2011,7,29,John Baron,7,44,2,98
2011,7,29,Asheem Singh,1,9,0,11
2011,7,29,Sean Michaels,10,2894,31,639
2011,7,29,Frédéric Filloux,1,12,2,91
2011,7,29,Jonathan Wilson,3,149,9,68
2011,7,29,David Malone,1,191,2,57
2011,7,29,Alex Healey,3,317,8,48
2011,7,29,Stuart Dredge,9,249,37,1085
2011,7,29,guardian.co.uk/fashion,3,46,0,49
2011,7,29,Rob Smith,1,68,0,20
2011,7,29,Riazat Butt,4,106,0,151
2011,7,29,Sarah Crown,8,304,9,306
2011,7,29,Jean-Louis Gassée,1,5,6,74
2011,7,29,Pavan Sukhdev for the <a href="http://www.guardian.co.uk/guardian-professional?INTCMP=SRCH" title="">Guardian Professional Network</a>,1,35,0,40
2011,7,29,SA Mathieson,1,1,0,4
2011,7,29,Mark Vernon,1,96,2,67
2011,7,29,Ben Child,11,1665,37,417
2011,7,29,Henry McDonald,15,817,7,424
2011,7,29,Irel,9,418,3,222
2011,7,29,Monkey,9,75,2,122
2011,7,29,David Cox,1,169,6,33
2011,7,29,Carol Rumens,1,24,0,19
2011,7,29,Hannah Fearn,4,2,0,19
2011,7,29,Guardian Government Computing,4,1,1,30
2011,7,29,Caspar Llewellyn Smith,3,2932,11,446
2011,7,29,James Ball,4,1075,42,682
2011,7,29,Polly Curtis,12,1645,15,736
2011,7,29,Dileep Premachandran,2,493,32,65
2011,7,29,Hilary Osborne,2,128,1,84
2011,7,29,Tony Paley,5,1,0,33
2011,7,29,Damian Carrington,4,397,0,914
2011,7,29,Barbara Ehrenreich for <a href="http://www.tomdispatch.com/" title="TomDispatch">TomDispatch</a>,1,114,7,68
2011,7,29,part of the Guardian Comment Network,2,140,8,94
2011,7,29,Caroline Holtum for the <a href="http://www.guardian.co.uk/guardian-professional" title="Guardian Professional Network">Guardian Professional Network</a>,1,16,0,26
2011,7,29,Judy Friedberg,4,10,1,47
2011,7,29,Sanjoy Roy,2,201,1,57
2011,7,29,Alison Flood,8,1998,16,460
2011,7,29,Cath Everett,1,0,0,23
2011,7,29,Sarah Hughes,2,64,1,50
2011,7,29,Malcolm Jack,1,128,4,58
2011,7,29,Clare Horton,5,51,2,20
2011,7,29,Jill Insley,7,72,0,226
2011,7,29,Dr Karen James,1,52,11,65
2011,7,29,Jo Adetunji,7,18,1,137
2011,7,29,Henry Barnes,7,936,25,420
2011,7,29,Imogen Tilden,1,38,0,26
2011,7,29,Suzanne Goldenberg,9,3889,66,1152
2011,7,29,Zoe Williams,4,153,1,76
2011,7,29,Claire Armitstead,2,253,3,164
2011,7,29,Jeremy Kay,1,1,10,31
2011,7,29,Mark King,10,1138,22,495
2011,7,29,Guardian staff,2,51,0,113
2011,7,29,Jill Treanor,10,142,1,318
2011,7,29,Allegra Stratton,5,381,2,217
2011,7,29,Kathy Sweeney,2,139,2,31
2011,7,29,Open thread,5,230,4,68
2011,7,29,Joshua Rozenberg,1,12,0,52
2011,7,29,Harriet Sherwood,9,3394,36,661
2011,7,29,Michael White,8,186,4,226
2011,7,29,Dan Milmo,7,688,1,305
2011,7,29,David Wilson,1,17,0,22
2011,7,29,Michael Billington,4,29,0,29
2011,7,29,David Barnett,1,1036,15,323
2011,7,29,Peter Beresford,1,130,0,56
2011,7,29,Mark Say,7,7,2,35
2011,7,29,Eric Lowitt for the <a href="http://www.guardian.co.uk/guardian-professional" title="">Guardian Professional Network</a>,1,35,0,87
2011,7,29,Giulio Frigieri,1,1361,32,297
2011,7,29,Lucy Lamble,2,1436,32,325
2011,7,29,Sarah Kendrew,1,455,34,139
2011,7,29,Tim Jonze,1,498,3,101
2011,7,29,David Brindle,1,48,0,18
2011,7,29,Owen Bowcott,9,629,11,384
2011,7,29,Dean Baker,2,596,2,143
2011,7,29,Sade Laja,6,52,3,95
2011,7,29,Sam Jones,10,2249,32,2605
2011,7,29,Ben Whitelaw,2,29,2,107
2011,7,29,Nick Davies,8,4604,262,5558
2011,7,29,Hélène Mulholl,2,873,8,339
2011,7,29,,3,909,9,352
2011,7,29,Rob Smyth,4,122,4,104
2011,7,29,political reporter,8,759,7,215
2011,7,29,Rosie Harper,1,14,0,11
2011,7,29,Robin Denselow,4,74,0,32
2011,7,29,David Leigh,2,3323,243,4340
2011,7,29,Hannah Freeman,1,0,0,11
2011,7,29,Michael Cragg,5,242,1,129
2011,7,29,Vikram Dodd,17,5631,88,1912
2011,7,29,Will Self,1,540,21,268
2011,7,29,Huw Spanner for <a href="http://www.forumforthefuture.org/greenfutures/articles/dutch-raise-bar-sustainable-fishing">Green Futures</a>,1,75,1,66
2011,7,29,Tim Ashley,3,9,0,27
2011,7,29,Sean O'Hagan,3,652,17,411
2011,7,29,Marc Abrahams,1,142,4,34
2011,7,29,Penny Anderson,1,434,1,35
2011,7,29,Faisal Abdu'Allah,1,29,0,38
2011,7,29,Dominic Fifield,8,824,14,590
2011,7,29,Allan Jenkins,1,10,0,16
2011,7,29,Dave Simpson,3,19,1,28
2011,7,29,Jonathan Jones,8,1105,12,226
2011,7,29,Dan Sabbagh,10,1059,16,368
2011,7,29,John Hooper,10,695,12,288
2011,7,29,John Vidal,5,1091,15,574
2011,7,29,William Fotheringham,2,55,4,24
2011,7,29,Caroline Roberts,1,36,0,27
2011,7,29,Andrew Pulver,3,1035,14,245
2011,7,29,Rebecca Smithers,5,445,6,332
2011,7,29,Simon Rogers,2,30,0,21
2011,7,29,Roz Kaveney,1,29,5,40
2011,7,29,Amber Kennedy,1,0,0,8
2011,7,29,Maev Kennedy,8,1011,16,318
2011,7,29,Paul Lester,6,353,5,136
2011,7,29,Martin Wainwright,7,469,2,140
2011,7,29,Tom Phillips,2,575,4,136
2011,7,29,Jess West,1,21,0,23
2011,7,29,Caroline Davies,2,64,1,25
2011,7,29,Michael Brunton-Spall,1,1,0,62
2011,7,29,Rupert Neate,9,1180,16,549
2011,7,29,Erwin James,1,31,0,28
2011,7,29,GrrlScientist,17,988,17,314
2011,7,29,Anna Codrea-Rado,3,1,0,24
2011,7,29,Claire Provost,2,584,3,355
2011,7,29,Simon Tisdall,4,3579,10,190
2011,7,29,Alex Bywater,2,10,0,8
2011,7,29,Miriam Elder,4,539,7,283
2011,7,29,Fiona Harvey,7,1194,5,725
2011,7,29,Lawrence Donegan,4,45,1,103
2011,7,29,Ben Quinn,5,2049,43,3337
2011,7,29,Richard Norton-Taylor,9,291,3,238
2011,7,29,Alan Travis,10,1068,8,537
2011,7,29,Paul Weaver,1,2,0,11
2011,7,29,Judith Cruickshank,1,56,0,29
2011,7,29,Ian Griffiths,1,1,0,11
2011,7,29,Janet Murray,2,58,0,69
2011,7,29,Ian Black,7,608,13,333
2011,7,29,Sue Rimmer,1,5,0,25
2011,7,29,Julian Borger,3,121,2,46
2011,7,29,Greg Wood,7,0,0,35
2011,7,29,Tom Sutcliffe,1,137,2,62
2011,7,29,Fiona Millar,1,15,0,58
2011,7,29,Robert Booth,8,1405,44,846
2011,7,29,Peter Lodder,1,77,1,58
2011,7,29,Amelia Hill,1,48,0,26
2011,7,29,Harriet Swain,1,28,0,38
2011,7,29,Lawrence Donegan at Royal St George's,10,130,1,148
2011,7,29,Leo Hickman,3,408,5,231
2011,7,29,Amelia Gentleman,5,687,2,240
2011,7,29,Andrew Emery,1,126,1,87
2011,7,29,Saeed Shah,7,6370,129,1903
2011,7,29,Patrick Barkham,4,2054,7,408
2011,7,29,Aditya Chakrabortty,1,29,0,44
2011,7,29,Ian Traynor,4,1034,20,254
2011,7,29,Mehdi Hasan,1,770,2,287
2011,7,29,Farah Jassat,2,42,0,61
2011,7,29,Elisabeth Mahoney,6,27,0,47
2011,7,29,Emily Drabble,1,23,1,55
2011,7,29,Mark Weisbrot,1,453,5,118
2011,7,29,Jonathan Watts,5,1581,19,476
2011,7,29,Simon Hoggart,5,478,5,148
2011,7,29,Nour Ali,5,438,8,224
2011,7,29,Matthew Barbour,1,265,3,91
2011,7,29,Simon Jablonski,1,211,0,53
2011,7,29,Laura Barton,1,12,0,10
2011,7,29,Steve Bell,7,1031,13,279
2011,7,29,Ronan Bennett,1,2,0,50
2011,7,29,Daniel King,1,2,0,50
2011,7,29,As told to Vicky Frost,1,1,0,4
2011,7,29,Dr Luisa Dillner,1,0,0,6
2011,7,29,Gabriel Weston,1,25,2,17
2011,7,29,Simon Bowers,5,90,1,162
2011,7,29,Simon Goodley,5,43,0,115
2011,7,29,Phillip Inman,4,362,4,211
2011,7,29,Juliette Garside,10,3623,55,885
2011,7,29,Nils Pratley,14,48,1,147
2011,7,29,Paul Lewis,2,165,0,98
2011,7,29,George Monbiot,2,1756,34,698
2011,7,29,Adrian Searle,4,816,9,169
2011,7,29,Martin Kettle,1,1,0,4
2011,7,29,John Crace,3,43,0,36
2011,7,29,Richard Rae at Leicester,2,3,0,8
2011,7,29,Nicholas Watt,20,2262,26,1077
2011,7,29,Peter Mandelson,1,73,2,124
2011,7,29,Jane Martinson,7,1345,13,247
2011,7,29,Peter Bradshaw,9,358,5,301
2011,7,29,Andrew Clements,12,246,4,146
2011,7,29,David Conn,2,52,2,60
2011,7,29,Owen Gibson,9,123,0,205
2011,7,29,James Robinson,8,5140,43,626
2011,7,29,Caroline Sullivan,5,112,0,104
2011,7,29,Ros Coward,1,10,0,46
2011,7,29,Editorial,16,1326,31,680
2011,7,29,David Graham,1,12,0,17
2011,7,29,Stuart James,9,666,13,474
2011,7,29,Laura Barnett,4,329,0,63
2011,7,29,David Hopps at North Marine Road,1,0,0,3
2011,7,29,Hugh Muir,5,7,0,41
2011,7,29,Matt Scott,5,236,7,380
2011,7,29,Kevin Mitchell,3,52,0,31
2011,7,29,John Vallins,1,1,0,23
2011,7,29,Tony Conlan <em>MeteoGroup</em>,1,0,0,0
2011,7,29,Andy Wilson at Trent Bridge,4,8,0,22
2011,7,29,Ian Sample,4,2093,44,396
2011,7,29,Larry Elliott,9,375,2,341
2011,7,29,Gill Hitchcock,6,17,0,101
2011,7,29,Jeevan Vasagar,3,331,5,289
2011,7,29,Denis Campbell,4,486,6,345
2011,7,29,David Hytner,7,904,22,1112
2011,7,29,Stephen Bates,7,1756,17,437
2011,7,29,Corrections,7,20,0,106
2011,7,29,Reuters,20,946,21,629
2011,7,29,Jacob Steinberg,2,167,1,85
2011,7,29,David Batty,5,994,25,2841
2011,7,29,Chris McGreal,5,4910,33,625
2011,7,29,Sue Learner,1,51,0,42
2011,7,29,Martin Chulov,3,402,6,166
2011,7,29,Sarah Boseley,6,1299,40,433
2011,7,29,Matthew Oakley,1,2,0,25
2011,7,29,David Marlow,1,1,0,6
2011,7,29,Simon Tiernan,1,12,0,12
2011,7,29,Produced by Jason Phipps,1,210,11,118
2011,7,29,with Ian Sample,1,210,11,118
2011,7,29,Julia Raeside,4,36,2,42
2011,7,29,Ali Catterall,2,4,0,22
2011,7,29,Andrew Mueller,2,4,0,22
2011,7,29,Ben Arnold,3,4,2,28
2011,7,29,Rebecca Nicholson,3,5,0,28
2011,7,29,Martin Skegg,4,6,2,37
2011,7,29,Lianne Gutcher,4,271,1,134
2011,7,29,Barney Ronay,4,606,18,219
2011,7,29,Nick Fletcher,22,7,0,183
2011,7,29,Lesley Gillilan,1,52,0,13
2011,7,29,Robert Smith,4,119,1,39
2011,7,29,Natasha Tripney,2,71,0,38
2011,7,29,Oliver Thring,1,74,2,19
2011,7,29,Matthew Tempest,1,41,1,48
2011,7,29,ChristopherW,1,6,0,9
2011,7,29,Jon Wardle,1,24,3,20
2011,7,29,Adam Fineberg,1,0,0,6
2011,7,29,Carlo Strenger,1,108,2,33
2011,7,29,Katy Murrells,3,464,0,121
2011,7,29,Mark Tran,4,499,4,230
2011,7,29,Colette Bryce,1,67,1,24
2011,7,29,Anna Bawden,1,7,0,23
2011,7,29,Tara Conlan,4,57,2,110
2011,7,29,Judith Mackrell,5,392,1,78
2011,7,29,Lindsay Poulton,1,304,1,24
2011,7,29,Ekaterina Ochagavia,2,647,5,80
2011,7,29,Helen Carter,7,79,0,124
2011,7,29,Ben Caldecott,1,103,1,84
2011,7,29,Aleks Krotoski,1,13,0,60
2011,7,29,Stuart Heritage,4,252,2,75
2011,7,29,Bob Reitemeier,1,25,0,19
2011,7,29,Patrick Butler,4,366,0,114
2011,7,29,Anita Pati,1,35,0,24
2011,7,29,Andy Bull,2,75,6,37
2011,7,29,Danielle Elizabeth Tumminio,1,167,6,47
2011,7,29,Eliza Anyangwe,2,10,0,43
2011,7,29,Charles Gant,1,14,0,38
2011,7,29,Liz Sayce,1,43,2,60
2011,7,29,BabyBarista,2,19,0,10
2011,7,29,Fadwa al-Hatem,1,11,0,19
2011,7,29,Liz Ford,2,126,1,61
2011,7,29,Andy Hunter,8,726,7,271
2011,7,29,Prof Jon Glasby,1,1,0,13
2011,7,29,Steven Morris,7,732,2,197
2011,7,29,Ben Dowell,3,1642,43,338
2011,7,29,Barry Glendenning,7,37,7,91
2011,7,29,Rachel Wilshaw for the <a href="http://www.guardian.co.uk/guardian-professional?INTCMP=SRCH" title="">Guardian Professional Network</a>,1,10,2,24
2011,7,29,Lyn Gardner,8,277,3,122
2011,7,29,Andrew Watt for <a href="http://www.social-europe.eu/" title="">Social Europe Journal</a>,1,26,1,26
2011,7,29,Stéphane Foucart,1,119,1,104
2011,7,29,The Register,1,0,0,9
2011,7,29,Catherine Shoard,1,111,3,123
2011,7,29,Angelique Chrisafis,3,142,0,93
2011,7,29,Saba Salman,1,16,1,31
2011,7,29,Charles Kenny,1,548,15,509
2011,7,29,Andy Sumner,1,548,15,509
2011,7,29,James Murray for <a href="http://www.businessgreen.com/bg/news/2092841/fossil-fuel-assets-triple-rated">BusinessGreen</a>,1,47,1,37
2011,7,29,Jack Shenker,6,1105,13,486
2011,7,29,Carlene Firmin,1,34,0,5
2011,7,29,Steve Rose,5,1817,61,296
2011,7,29,Philippe Ridet,1,16,0,20
2011,7,29,Sarah Ditum,1,108,1,47
2011,7,29,Muhammad Al-Hussaini,1,38,0,31
2011,7,29,Caroline Lucas,1,82,1,146
2011,7,29,Sasha Magill,4,2025,72,555
2011,7,29,Dermot Egan,1,16,1,48
2011,7,29,Mark Leach,1,2,0,23
2011,7,29,Helena Herklots,1,5,0,16
2011,7,29,The people's panel,2,68,1,60
2011,7,29,Michael Lake,1,3,0,10
2011,7,29,Peter Clarke,1,1,0,6
2011,7,29,Jonathan Glancey,2,69,0,74
2011,7,29,Cathy Ashley,1,3,0,17
2011,7,29,Dan Corry,1,3,0,17
2011,7,29,Dea Birkett,1,118,2,52
2011,7,29,Wendy Fonarow,1,408,24,159
2011,7,29,Xan Rice,1,143,0,58
2011,7,29,Siobhan Dowling,4,962,10,213
2011,7,29,Duncan Campbell,1,10,0,7
2011,7,29,Mark Field,1,10,0,7
2011,7,29,Chris Bryant,2,66,1,79
2011,7,29,Yvette Cooper,1,10,0,7
2011,7,29,Sarah Louise Dean,1,103,2,56
2011,7,29,Adrian Henriques for the <a href="http://www.guardian.co.uk/guardian-professional" title="">Guardian Professional Network</a>,1,13,3,42
2011,7,29,Ami Sedghi,3,185,1,140
2011,7,29,Syma Tariq,1,512,1,31
2011,7,29,Jim Falzarano,1,4,0,7
2011,7,29,Richard Williams,9,161,10,93
2011,7,29,Kate McCann,6,49,0,78
2011,7,29,Jason Deans,4,456,11,379
2011,7,29,Jack Gilbert,1,97,0,12
2011,7,29,Hugh Stephenson,1,0,1,0
2011,7,29,Carole Jahme,2,173,2,97
2011,7,29,David McCandless,1,133,6,113
2011,7,29,Francesca Panetta,4,0,0,10
2011,7,29,Tim Hinman,3,0,0,7
2011,7,29,Presented by Aleks Krotoski,1,10,0,60
2011,7,29,produced by Scott Cawley,2,26,1,76
2011,7,29,Peter Preston,6,122,6,95
2011,7,29,Damien Walter,1,57,3,34
2011,7,29,Chris Cook,9,11,0,75
2011,7,29,Guardian Professional,1,1,0,2
2011,7,29,Tom Clark,2,108,2,58
2011,7,29,Jane Honess,1,42,2,37
2011,7,29,Leslee Merry,1,2,0,4
2011,7,29,Peter Stanford,1,6,0,10
2011,7,29,Susan Calman,1,12,2,34
2011,7,29,Julian Glover,2,80,0,43
2011,7,29,Rupert Jones,2,26,1,62
2011,7,29,Edzard Ernst,1,265,3,81
2011,7,29,Mike Selvey at Royal St George's,6,5,0,30
2011,7,29,Alfred Hickling,3,29,0,17
2011,7,29,Brian Baxter,1,5,0,21
2011,7,29,John Lewis,1,5,0,9
2011,7,29,David Smith,3,340,1,159
2011,7,29,Libya,2,279,1,113
2011,7,29,Tanya Gold,1,169,5,94
2011,7,29,Hadley Freeman,2,238,5,144
2011,7,29,Emine Saner,1,79,1,29
2011,7,29,Peter Robinson,1,338,62,296
2011,7,29,Matthieu Aikins,1,26,0,11
2011,7,29,Richard Gibson,1,2,0,6
2011,7,29,Ahdaf Soueif,1,249,1,18
2011,7,29,Richard Wachman,6,138,0,129
2011,7,29,Fernando Duarte,1,25,0,32
2011,7,29,Will Hutton,2,1216,25,273
2011,7,29,Sara Ilyas,2,5,0,15
2011,7,29,Kira Cochrane,2,214,8,110
2011,7,29,Jess Cartner-Morley,3,63,0,48
2011,7,29,James Meikle,6,575,4,282
2011,7,29,Ewan Murray at Royal St George's,15,49,3,73
2011,7,29,Shehani Fernando,2,713,11,193
2011,7,29,Ed Pilkington,8,2472,53,1121
2011,7,29,David Hopps at Scarborough,2,2,0,4
2011,7,29,Fiachra Gibbons,1,2677,62,391
2011,7,29,Simon Jenkins,3,76,2,111
2011,7,29,Victoria Coren,1,8,0,1
2011,7,29,David Stubbs,3,2,2,19
2011,7,29,Clare Considine,1,2,0,9
2011,7,29,Phelim O'Neill,5,16,2,42
2011,7,29,Debbie Andalo,2,8,0,18
2011,7,29,Wendell Potter,1,414,3,105
2011,7,29,Ed Mayo,1,5,0,10
2011,7,29,Sam Wollaston,3,35,0,60
2011,7,29,Rob Bagchi,1,85,3,20
2011,7,29,Paul Hayward at Royal St George's,5,21,0,22
2011,7,29,Ewan Murray,2,6,0,19
2011,7,29,Gary Fuller,1,1,0,18
2011,7,29,Paul Evans,1,12,0,34
2011,7,29,Mary O'Hara,1,41,0,18
2011,7,29,Imran Dauda Luqman,1,14,0,14
2011,7,29,James Callow,1,14,0,11
2011,7,29,Amy Fallon,2,678,22,849
2011,7,29,Claudio Coccoluto,1,282,1,14
2011,7,29,Virginia Wallis,2,0,0,21
2011,7,29,Jonathan Glennie,2,50,2,145
2011,7,29,Anna Tims,3,19,0,57
2011,7,29,Alexandra Topping,3,397,5,144
2011,7,29,AggieDoodle,1,0,0,11
2011,7,29,Paul Swinney,1,0,0,6
2011,7,29,James Grant,1,53,0,13
2011,7,29,Prof David Grayson,1,1,0,12
2011,7,29,Giles Peaker for the <a href="http://nearlylegal.co.uk/blog" title="">Nearly Legal blog</a>,1,132,3,45
2011,7,29,part of the <a href="http://www.guardian.co.uk/law/series/guardian-legal-network" title="">Guardian Legal Network</a>,1,132,3,45
2011,7,29,Jane Dudman,1,1,0,27
2011,7,29,Edward Davie,1,0,0,5
2011,7,29,Xan Brooks,3,514,6,71
2011,7,29,Steve Gold,2,25,0,26
2011,7,29,Tom Cox,1,202,0,113
2011,7,29,Erica Firpo,2,94,0,19
2011,7,29,Nick Baines,1,14,0,38
2011,7,29,Alex Smith,1,18,0,26
2011,7,29,Lee Marshall,1,264,3,43
2011,7,29,Agencies,7,467,8,258
2011,7,29,Diane Seed,2,357,7,61
2011,7,29,Malcolm Burgess,1,49,2,35
2011,7,29,Amanda Ruggeri,2,97,0,33
2011,7,29,Katie Parla,3,1048,8,138
2011,7,29,Jessica Stewart,1,28,0,68
2011,7,29,Gina Tringali,1,244,0,30
2011,7,29,John Wright,1,70,1,29
2011,7,29,Lisa Evans,2,2,2,42
2011,7,29,Alan Warner,1,23,0,19
2011,7,29,Steve Medley,1,40,0,20
2011,7,29,James Derounian,1,12,1,31
2011,7,29,Russell Foster,1,297,14,93
2011,7,29,Cathi Unsworth,1,7,0,14
2011,7,29,Interview by Amy Raphael,1,22,0,7
2011,7,29,John Fort,1,277,5,16
2011,7,29,Stephen Gundle,1,16,0,15
2011,7,29,Marco Delogu,1,177,5,19
2011,7,29,Mauro Bedoni,1,177,5,19
2011,7,29,Alexandra Heminsley,1,24,0,16
2011,7,29,Graham Snowdon,2,31,0,69
2011,7,29,Heather Stewart,8,355,2,388
2011,7,29,Michael Sadowski for the <a href="http://www.guardian.co.uk/guardian-professional" title="">Guardian Professional Network</a>,1,7,0,29
2011,7,29,Michael Chessum,1,149,1,42
2011,7,29,John Springford,1,4,0,22
2011,7,29,Rachel Dixon,2,125,0,28
2011,7,29,Patrick Strudwick,1,208,1,53
2011,7,29,Bobby White,1,14,0,18
2011,7,29,Jeff Winkler,1,30,0,96
2011,7,29,Esi Edugyan,1,73,1,36
2011,7,29,Billy Bragg,2,3073,8,328
2011,7,29,Alison Rourke,2,62,3,32
2011,7,29,Vicky Frost,6,194,3,111
2011,7,29,Richard Seymour,1,100,0,24
2011,7,29,John Elkington for the <a href="http://www.guardian.co.uk/guardian-professional" title="Guardian Professional Network">Guardian Professional Network</a>,1,24,0,21
2011,7,29,Carole Cadwalladr,4,683,39,620
2011,7,29,Presented by Aditya Chakrabortty,1,5,0,16
2011,7,29,produced by Phil Maynard,2,12,2,26
2011,7,29,John Hind,3,24,2,29
2011,7,29,Dan Gillmor,1,221,178,493
2011,7,29,Jenny Roper,3,90,0,161
2011,7,29,Richard Vize,3,6,0,28
2011,7,29,Jonathan Heawood,1,17,2,35
2011,7,29,Daloni Carlisle,1,1,0,12
2011,7,29,Jo Stephenson,1,3,0,10
2011,7,29,Malcolm Lowe-Lauri,1,0,0,7
2011,7,29,Ingrid Torjesen,1,2,0,9
2011,7,29,Victoria Beale,1,23,0,15
2011,7,29,Chris Salmon,1,10,0,29
2011,7,29,Jonathan Richards,3,940,125,2307
2011,7,29,Alex Graul,3,940,125,2307
2011,7,29,Martin Shuttleworth,3,940,125,2307
2011,7,29,Mariana Santos,3,940,125,2307
2011,7,29,Ranjit Dhaliwal,3,940,125,2307
2011,7,29,Mee-Lai Stone,1,764,114,1946
2011,7,29,Alastair Dant,3,940,125,2307
2011,7,29,Michael Pollitt,1,3,0,53
2011,7,29,guardian.co.uk,2,30,0,35
2011,7,29,Melonie Fullick for <a href="http://uvenus.org/" title="">University of Venus</a>,1,55,0,26
2011,7,29,part of the Guardian Higher Education Network,1,55,0,26
2011,7,29,Kate Hodge,2,3,0,24
2011,7,29,Saeed Kamali Dehghan,3,1568,14,492
2011,7,29,Johnny Dee,2,32,0,28
2011,7,29,Paul Wilson,2,93,0,54
2011,7,29,LUCA777,1,0,0,7
2011,7,29,Helena Smith,6,258,1,105
2011,7,29,Tom Service,1,150,2,47
2011,7,29,Haroon Siddique,1,996,34,458
2011,7,29,Barry Neild,3,1538,44,672
2011,7,29,Andrew Chambers,1,84,0,32
2011,7,29,Michael Bear,1,23,1,21
2011,7,29,Colin Cram,2,0,0,16
2011,7,29,Lee Rourke,1,728,15,208
2011,7,29,Andrew Copson,1,157,2,150
2011,7,29,Henry Smith,1,72,0,26
2011,7,29,Pete Foster for the <a href="http://www.guardian.co.uk/guardian-professional?INTCMP=SRCH" title="">Guardian Professional Networks</a>,1,0,0,18
2011,7,29,Chris Wilkinson,1,19,1,9
2011,7,29,Andrew Ross,1,52,1,30
2011,7,29,Basim Usmani,1,29,1,25
2011,7,29,Louise Tickle,1,6,1,16
2011,7,29,Angela Hartnett,1,32,6,15
2011,7,29,Lindesay Irvine,1,17,0,11
2011,7,29,Paul Doyle,4,85,0,89
2011,7,29,James Hopkin,1,26,0,21
2011,7,29,Stephen Grey,1,0,0,0
2011,7,29,TV Padma,1,31,1,55
2011,7,29,David Hytner at the National Stadium,1,67,2,35
2011,7,29,Bukit Jalil,1,67,2,35
2011,7,29,Marina Lindsay Brown,2,441,9,36
2011,7,29,Alicia Canter,2,438,0,35
2011,7,29,Ken Macfarlane,1,380,0,26
2011,7,29,Paul Lawrie,1,26,1,22
2011,7,29,Daniel Kalder,1,137,1,53
2011,7,29,Richard Rae at Grace Road,1,0,0,4
2011,7,29,Hugh Fearnley-Whittingstall,1,440,0,108
2011,7,29,Julian Astle,1,223,2,53
2011,7,29,KamzKool,1,3,0,21
2011,7,29,Mike Averis,3,9,0,18
2011,7,29,John Fordham,5,125,0,39
2011,7,29,John Foot,1,1136,26,159
2011,7,29,Ian McCourt,2,737,0,265
2011,7,29,Kevin Mitchell at Royal St George's,5,50,0,58
2011,7,29,Emily Bell,2,33,0,26
2011,7,29,Aaron Porter,1,7,0,3
2011,7,29,Alok Jha,2,244,4,83
2011,7,29,Bridget Fowler,1,18,0,0
2011,7,29,Gay Jones,1,7,0,5
2011,7,29,Jane O'Grady,1,25,1,15
2011,7,29,Dan van der Vat,2,4,0,19
2011,7,29,Michael Lynch,1,107,1,29
2011,7,29,Felicity Cloake,1,81,2,26
2011,7,29,Matthew de Abaitua,1,100,1,10
2011,7,29,Suzanne Moore,2,152,0,70
2011,7,29,Lorraine Gamman,1,106,0,23
2011,7,29,Janet Lee,1,106,0,23
2011,7,29,Luisa Dillner,1,767,15,128
2011,7,29,John Lanchester,1,717,29,103
2011,7,29,Deborah Orr,4,307,3,120
2011,7,29,Sara Elkamel,1,176,7,92
2011,7,29,Louise Taylor,3,344,4,188
2011,7,29,Rob Evans,1,59,0,50
2011,7,29,Heidi Stephens,3,135,1,66
2011,7,29,Richard Tofel,1,389,12,615
2011,7,29,<a href="http://www.propublica.org/" title="">ProPublica</a>,2,467,18,651
2011,7,29,Mark Lawson,1,0,0,18
2011,7,29,Timothy Garton Ash,1,132,5,33
2011,7,29,California,1,132,5,33
2011,7,29,Jason Burke,2,37,9,23
2011,7,29,As seen by Catherine Bennett,1,0,0,2
2011,7,29,Geoffrey Robertson,1,50,0,32
2011,7,29,Stephen Moss,2,112,1,64
2011,7,29,Interviews by Emine Saner,1,294,13,138
2011,7,29,Gwilym Mumford,2,0,2,10
2011,7,29,Nadine Dorries,1,43,1,92
2011,7,29,John Kampfner,1,26,0,21
2011,7,29,Tim Rich,5,513,8,182
2011,7,29,Jamie Jackson,9,208,8,385
2011,7,29,Mike Selvey,1,3,0,11
2011,7,29,Marina Hyde,4,170,3,191
2011,7,29,Ray Collier,1,10,0,33
2011,7,29,David Hambling,2,77,1,40
2011,7,29,Sebastian Rotella,1,78,6,36
2011,7,29,Zia Mahmood,1,1,0,2
2011,7,29,Guy Grandjean,1,7,0,27
2011,7,29,Virginia Lopez,2,9,0,37
2011,7,29,Maseeh Rahman,2,667,11,140
2011,7,29,Jayati Ghosh,1,48,1,65
2011,7,29,Nichi Vendola,1,315,5,29
2011,7,29,Scott Murray (morning-4.25pm),1,6,0,28
2011,7,29,James Dart (4.25pm-6pm),1,6,0,28
2011,7,29,Martin Hickes,1,8,0,19
2011,7,29,Giles Tremlett,4,1484,9,265
2011,7,29,Tellylove,1,4,0,11
2011,7,29,Trish Deseine,4,93,4,39
2011,7,29,Nigel Edwards,1,2,0,16
2011,7,29,director of policy,1,2,0,16
2011,7,29,NHS Confederation,1,2,0,16
2011,7,29,Richard Blakeway,1,2,0,10
2011,7,29,Louise Kidney,1,0,0,18
2011,7,29,Jay Rayner,4,234,6,177
2011,7,29,Kate Holt,1,1092,0,63
2011,7,29,Eric Hilaire,1,1092,0,63
2011,7,29,Caspar Walsh,1,37,0,9
2011,7,29,Nicholas Lezard,2,32,1,18
2011,7,29,Marc Lockley,1,17,0,24
2011,7,29,Madeleine Bunting,1,37,1,31
2011,7,29,Anne Owers,1,2,0,8
2011,7,29,By <a href="http://www.irinnews.org/" title="">IRIN</a>,1,12,0,43
2011,7,29,part of the <a href="http://www.guardian.co.uk/global-development/series/guardian-development-network" title="">Guardian development network</a>,1,12,0,43
2011,7,29,Presented by Jason Solomons,2,34,0,22
2011,7,29,produced by Jason Phipps with Xan Brooks,1,20,0,10
2011,7,29,Alana Lowe-Petraske,1,0,0,19
2011,7,29,Rachel Cooke,4,184,7,136
2011,7,29,Jo Confino for the <a href="http://www.guardian.co.uk/guardian-professional" title="">Guardian Professional Network</a>,1,29,0,18
2011,7,29,Melanie Henwood,1,0,0,4
2011,7,29,David Mitchell,2,230,15,121
2011,7,29,Dominic Carman,1,8,0,14
2011,7,29,David McKie,1,26,1,18
2011,7,29,Paolo Bandini,2,365,3,188
2011,7,29,Ken MacLeod,1,27,5,51
2011,7,29,Nesrine Malik,1,54,0,14
2011,7,29,Robert McCrum,2,60,1,104
2011,7,29,Kate Carter,2,56,0,47
2011,7,29,politics reporter,1,55,0,55
2011,7,29,Skye Sherwin,2,67,1,38
2011,7,29,Anne Perkins,1,11,0,19
2011,7,29,James Orwell,1,5,0,37
2011,7,29,Jon Dennis,2,10,0,23
2011,7,29,Ben Kape,1,343,4,56
2011,7,29,Elliot Smith,3,365,4,73
2011,7,29,David Holmes,1,5163,113,594
2011,7,29,Andrew Bean,1,5163,113,594
2011,7,29,Adam Sakellarides,1,5163,113,594
2011,7,29,Lisa Rucker,1,5163,113,594
2011,7,29,Sadhbh Walshe,1,3,0,12
2011,7,29,Kristin Davis,1,224,3,97
2011,7,29,Amy Goodman,3,1600,13,182
2011,7,29,Michael Wood,1,77,0,19
2011,7,29,Jack Schofield,1,8,4,104
2011,7,29,Claire Perlman for <a href="http://www.earthisland.org/journal/index.php/elist/eListRead/amazon_facing_new_threat_agent_orange/">Earth Isl,1,357,4,132
2011,7,29,Journal</a>,1,357,4,132
2011,7,29,Matt Trueman,1,23,0,13
2011,7,29,Vanessa Bartlett,1,34,1,49
2011,7,29,Issandr El Amrani for <a href="http://www.arabist.net/" title="">the Arabist</a>,1,18,0,21
2011,7,29,Rian Evans,1,0,0,6
2011,7,29,Grace Dent,2,90,2,192
2011,7,29,Paul MacInnes,1,56,2,171
2011,7,29,Alex Aldridge,1,31,0,19
2011,7,29,Presented by Tom Clark,1,7,2,10
2011,7,29,Jessica Shepherd,1,36,0,51
2011,7,29,TheBookThief,1,0,1,84
2011,7,29,Tom Jenkins,4,23,0,39
2011,7,29,David Levene,2,7,0,15
2011,7,29,Tom Burrows,1,1,0,3
2011,7,29,Mayz8,1,2,0,6
2011,7,29,Alexis Petridis,2,80,2,48
2011,7,29,John Lucas,1,118,5,54
2011,7,29,Stephen Kelly,1,857,13,147
2011,7,29,Charlie Beckett,1,3,0,9
2011,7,29,Gerard McBurney,1,45,0,16
2011,7,29,Jeremy Leggett,1,5,0,16
2011,7,29,for the <a href="http://www.guardian.co.uk/guardian-professional?INTCMP=SRCH" title="">Guardian Professional Networks</a>,2,10,1,66
2011,7,29,James Grieve,1,7,0,15
2011,7,29,George Perrin,1,7,0,15
2011,7,29,Helienne Lindvall,1,91,1,99
2011,7,29,Rosie Bristow for the <a href="http://www.guardian.co.uk/guardian-professional?INTCMP=SRCH" title="">Guardian Professional Network</a>,1,5,1,14
2011,7,29,Dan Collyns,1,70,0,53
2011,7,29,Richard Williams at Luz-Ardiden,1,18,0,8
2011,7,29,Robin Hammond,1,215,1,63
2011,7,29,in Mogadishu,1,215,1,63
2011,7,29,Ian Gittins,1,29,0,6
2011,7,29,Helen Meany,1,23,0,6
2011,7,29,Andrea Hubert,2,119,3,35
2011,7,29,Heather Brooke,1,67,6,191
2011,7,29,Christopher Botten for the <a href="http://www.guardian.co.uk/guardian-professional?INTCMP=SRCH" title="Guardian Professional">Guardian Professional Network</a>,1,6,0,18
2011,7,29,Cory Doctorow,1,61,23,257
2011,7,29,Naomi Landau,1,1,0,68
2011,7,29,Tom Parfitt,1,117,1,36
2011,7,29,Corinna Ferguson,1,4,0,7
2011,7,29,Malcolm Dean,1,0,0,1
2011,7,29,Michael Freedland,1,1,0,10
2011,7,29,Jim Newell,1,114,6,61
2011,7,29,Derek Malcolm,1,66,1,19
2011,7,29,Ned Temko,1,13,0,14
2011,7,29,David Bell,1,156,1,44
2011,7,29,John Steiner,1,156,1,44
2011,7,29,Terry Macalister,4,172,0,265
2011,7,29,Estelle Morris,1,22,2,49
2011,7,29,Andy Beckett,1,72,11,72
2011,7,29,Amelia Forsbrook,1,22,1,14
2011,7,29,Alexander Chancellor,1,88,2,36
2011,7,29,Ryan Gallagher,1,233,18,328
2011,7,29,Martin Rowson,1,80,2,31
2011,7,29,Pamela Stephenson Connolly,1,19,1,27
2011,7,29,Imogen Fox,2,185,4,125
2011,7,29,Peter Wilby,1,16,1,43
2011,7,29,Phil Daoust,2,37,0,15
2011,7,29,As overheard by John Crace,1,22,0,4
2011,7,29,Julie Bindel,2,580,4,95
2011,7,29,Greg Wood at Longchamp,1,0,0,3
2011,7,29,Presented by Matt Wells,1,9,0,16
2011,7,29,produced by Ben Green,1,9,0,16
2011,7,29,Vic Marks,5,124,11,48
2011,7,29,Jim Shelley,1,75,0,45
2011,7,29,Anna Kessel,3,7,0,26
2011,7,29,Dorian Lynskey,1,38,0,47
2011,7,29,Ian Katz,1,86,3,68
2011,7,29,Maureen Paton,1,82,1,39
2011,7,29,Michael Carlson,1,9,0,11
2011,7,29,Rob Fitzpatrick,1,1481,34,197
2011,7,29,Jim Grozier,1,30,0,18
2011,7,29,Angus Batey,1,193,3,151
2011,7,29,Tom Ewing,1,23,0,27
2011,7,29,Michael Hann,2,4,1,18
2011,7,29,Michele Hanson,1,83,0,16
2011,7,29,David Thomson,1,1,1,6
2011,7,29,Press association,1,22,0,36
2011,7,29,Maddy Costa,1,6,0,5
2011,7,29,Maria Miller,1,73,0,27
2011,7,29,Jude Rogers,1,57,0,14
2011,7,29,Alex Macpherson,1,9,0,8
2011,7,29,Tom Hughes,1,5,0,7
2011,7,29,Harry Pearson,1,168,3,32
2011,7,29,Christine Smith,1,6,0,38
2011,7,29,Joe Muggs,1,146,0,34
2011,7,29,Andrew Gumbel,3,1001,15,318
2011,7,29,Charlotte Richardson Andrews,1,59,2,13
2011,7,29,Heather Connon,1,26,0,19
2011,7,29,Laura Powell,1,318,0,65
2011,7,29,guardian.co.uk/commentisfree,1,1,0,1
2011,7,29,Philip Oltermann,1,22,1,13
2011,7,29,Cllr Keith R Mitchell,1,5,1,50
2011,7,29,Scott Murray,5,23,1,121
2011,7,29,James Dart (lunch),1,3,1,55
2011,7,29,Peter Conrad,1,4,0,21
2011,7,29,Book Worm88,1,0,0,8
2011,7,29,Evan Fanning,3,298,8,56
2011,7,29,Brendan O'Donnell,1,58,0,16
2011,7,29,Liza Ramrayka,2,1,0,33
2011,7,29,Oliver Hurley,1,409,7,56
2011,7,29,Robert Macfarlane,1,188,7,58
2011,7,29,Betsy Rothstein,1,0,0,21
2011,7,29,Anna Laycock,1,10,1,10
2011,7,29,Rebecca Schiller,1,400,1,45
2011,7,29,Ed Jacobs,1,10,0,16
2011,7,29,Dave Timms,1,20,1,112
2011,7,29,John Plunkett,5,127,7,148
2011,7,29,Megan Carpentier,1,4095,33,258
2011,7,29,Katy Stoddard,1,17,0,18
2011,7,29,Guy Champniss for the <a href="http://www.guardian.co.uk/guardian-professional?INTCMP=SRCH" title="">Guardian Professional Network</a>,1,6,0,39
2011,7,29,Presented by Hugh Muir,1,10,0,14
2011,7,29,produced by Peter Sale,1,10,0,14
2011,7,29,Rosie Niven,1,0,0,4
2011,7,29,Chris Power,1,86,2,45
2011,7,29,Martin Robbins,2,99,18,104
2011,7,29,Bibi van der Zee,1,30,1,93
2011,7,29,Fiona Sibley,1,2,0,14
2011,7,29,Matt Andrews,1,1,0,48
2011,7,29,Jill Robinson,1,32,0,24
2011,7,29,Nick Appleyard,1,0,0,2
2011,7,29,Danny Leigh,1,15,0,82
2011,7,29,Hilary Roodyn,1,21,0,30
2011,7,29,Maria Elia,1,15,0,14
2011,7,29,Fiona Beckett,5,65,1,44
2011,7,29,Lorraine Pascale,1,10,0,5
2011,7,29,Jeremy Lee,1,1,0,2
2011,7,29,<strong>Jason Atherton </strong>,1,16,1,6
2011,7,29,<strong>Fiona Beckett</strong>,5,341,5,65
2011,7,29,Thomasina Miers,1,32,1,13
2011,7,29,Frederika Whitehead,1,159,10,172
2011,7,29,Neil Rose,1,3,0,13
2011,7,29,Richard Lea,3,0,0,26
2011,7,29,Constanze Letsch,2,113,0,64
2011,7,29,Will Storr,3,20142,477,2884
2011,7,29,Jim Powell,2,619,10,146
2011,7,29,Saci Lloyd,1,0,0,3
2011,7,29,Lindy West,1,83,3,85
2011,7,29,Guardian Healthcare,2,1,0,6
2011,7,29,Stephen Abbott,1,102,1,35
2011,7,29,Viv Groskop,2,88,2,44
2011,7,29,Peter Head,1,81,3,100
2011,7,29,David Singleton for the <a href="http://www.guardian.co.uk/guardian-professional" title="">Guardian Professional Network</a>,1,81,3,100
2011,7,29,Roshanak Taghavi,1,76,1,13
2011,7,29,Andrew Brown,1,0,1,7
2011,7,29,produced by Sarah Peters,1,14,0,12
2011,7,29,Michelle Pauli,2,41,0,12
2011,7,29,Robert Ashton,1,17,0,71
2011,7,29,Kishwar Desai,1,56,0,9
2011,7,29,Peter Beaumont,2,2146,24,1017
2011,7,29,Sam Blackledge,1,13,0,18
2011,7,29,Matt Wells,3,706,10,144
2011,7,29,Carne Ross,1,23,1,19
2011,7,29,Emily Coats,1,82,0,36
2011,7,29,Alistair Smith,1,3,0,11
2011,7,29,By Elisabeth Rosenthal for <a href="http://www.e360.yale.edu" title="Yale Environment 360">Yale Environment 360</a>,1,98,8,93
2011,7,29,Presented by Claire Armitstead,1,37,1,3
2011,7,29,produced by Iain Chambers,1,37,1,3
2011,7,29,Nabila Ramdani,1,56,0,14
2011,7,29,Monty Raphael,1,13,0,17
2011,7,29,Rana Mitter,1,5,0,16
2011,7,29,Presented by Alexis Petridis,1,16,1,16
2011,7,29,Paul Chronnell,1,2,0,4
2011,7,29,Jon Robins,1,42,0,29
2011,7,29,Janine Gibson,1,47,2,43
2011,7,29,Leonard Barden,1,2,0,9
2011,7,29,Duncan Clark,1,28,2,37
2011,7,29,Interview by Lawrence Donegan,1,1,1,6
2011,7,29,Alice Bell,1,30,11,75
2011,7,29,Barbara McMahon,1,17,1,22
2011,7,29,Natalie Evans-Harding,1,91,0,76
2011,7,29,Matthew Taylor,1,54,0,15
2011,7,29,Michael McNay,1,11,0,10
2011,7,29,Kirsty Scott,1,263,2,40
2011,7,29,in Berlin,1,30,1,30
2011,7,29,Ellie Mae O'Hagan,1,179,0,41
2011,7,29,in New York,1,16,0,27
2011,7,29,Ghaith Abdul-Ahad,1,338,5,112
2011,7,29,Jonathan Freedland,1,214,4,93
2011,7,29,Polly Toynbee,1,184,2,84
2011,7,29,Ian Jack,1,52,0,12
2011,7,29,Rajeev Syal,1,13,0,9
2011,7,29,Christian Bennett,1,1,0,3
2011,7,29,Bidisha,1,4,0,5
2011,7,29,Tariq Ali,1,129,0,135
2011,7,29,Susanna Rustin,1,34,1,34
2011,7,29,Toby Litt,1,3,0,12
2011,7,29,Chris Chivers,1,33,0,20
2011,7,29,Sally Shalam,1,25,0,9
2011,7,29,Susan Greenwood,1,1032,9,169
2011,7,29,the Guardian Travel team,1,1032,9,169
2011,7,29,Rachel Polonsky,1,25,0,2
2011,7,29,Sali Hughes,2,4,1,27
2011,7,29,Sally Weale,1,67,2,11
2011,7,29,Rachel Williams,1,25,0,8
2011,7,29,Ian Belcher,1,92,3,43
2011,7,29,Jane Smiley,1,37,0,12
2011,7,29,John Mullan,1,80,0,3
2011,7,29,Nicholas Wroe,1,22,0,16
2011,7,29,Luke Harding,1,62,0,10
2011,7,29,Jad Adams,1,42,0,10
2011,7,29,John O'Connell,1,7,0,8
2011,7,29,Ian Sansom,2,60,3,4
2011,7,29,Andrew Dickson,1,26,0,32
2011,7,29,Kathryn Hughes,1,19,0,11
2011,7,29,Jonathan Haslam,1,2,0,16
2011,7,29,Sue Arnold,1,0,0,0
2011,7,29,Steven Poole,1,3,0,5
2011,7,29,Rachel Shabi,1,3,0,4
2011,7,29,John Gray,1,10,2,12
2011,7,29,Tom Rob Smith,1,4,0,6
2011,7,29,Cary L Cooper,1,240,2,150
2011,7,29,Stephen Wood,1,240,2,150
2011,7,29,Patrick Collinson,1,21,0,10
2011,7,29,Miles Brignall,3,15,1,42
2011,7,29,Reg Pomphrett,1,52,4,11
2011,7,29,Mona Mahmood,1,9,0,1
2011,7,29,Bob Granleese,1,134,4,38
2011,7,29,Hannah Booth,1,7,0,1
2011,7,29,Tom Dyckhoff,1,12,0,6
2011,7,29,Becky Barnicoat,1,31,0,10
2011,7,29,Alys Fowler,1,6,0,3
2011,7,29,Helen Pidd,1,4,0,20
2011,7,29,Rosanna Greenstreet,1,73,0,11
2011,7,29,Lia Leendertz,2,2,0,9
2011,7,29,Oliver Burkeman,1,47,1,21
2011,7,29,Ambra Edwards,1,6,0,3
2011,7,29,Tim Dowling,1,16,0,0
2011,7,29,David Sedaris,1,4818,129,440
2011,7,29,<strong>Mark Sargeant</strong>,1,11,0,6
2011,7,29,Molly Birnbaum,1,30,0,53
2011,7,29,<strong>Angela Hartnett </strong>,1,7,0,10
2011,7,29,<strong>Atul Kochhar</strong>,1,7,0,2
2011,7,29,<strong>Yotam Ottolenghi </strong>,1,241,3,25
2011,7,29,<strong>Hugh Fearnley-Whittingstall </strong>,1,66,1,26
2011,7,29,Jeremy Bullmore,1,2,0,8
2011,7,29,Patrice de Villiers,1,218,2,48
2011,7,29,Jill Papworth,1,28,0,13
2011,7,29,Emma Lunn,1,18,0,70
2011,7,29,Thomas Eaton,1,1,0,25
2011,7,29,Tim Radford,1,1,0,19
2011,7,29,Oliver Laughland,1,0,0,6
2011,7,29,Interview by Alexandra Topping,1,0,0,4
2011,7,29,Interview by Oliver Laughland,1,12,0,18
2011,7,29,Derek Niemann,1,2,0,27
2011,7,29,Ben Goldacre,1,171,7,109
2011,7,29,Richard Rae at Trent Bridge,1,0,0,4
2011,7,29,Andy Wilson at Headingley,1,0,0,11
2011,7,29,Julia Eccleshare,1,17,0,25
2011,7,29,Siddhartha Deb,1,416,5,70
2011,7,29,Antonio Pappano,1,6,0,11
2011,7,29,Gary Barker,1,46,0,6
2011,7,29,Andrew Collins,1,15,0,4
2011,7,29,Matt Hall,1,15,0,4
2011,7,29,Laura Snapes,1,9,0,7
2011,7,29,Romola Garai,1,7,0,3
2011,7,29,Nick Duerden,2,28,0,13
2011,7,29,Steven Appleby,1,1,0,0
2011,7,29,Robert Clark,1,25,0,24
2011,7,29,Eleanor Morgan,1,24,1,7
2011,7,29,Annalisa Barbieri,1,0,0,1
2011,7,29,Wendy Perriam,1,26,0,11
2011,7,29,Alan Davies,2,20,1,45
2011,7,29,The Guide,2,0,0,4
2011,7,29,John Fordham &amp; John Robinson,1,7,0,3
2011,7,29,James Kettle,1,23,0,8
2011,7,29,Patric Baird,1,0,0,4
2011,7,29,Leonie Cooper,1,0,0,4
2011,7,29,John Mitchell &amp; Marc Rowlands,1,0,0,4
2011,7,29,Michael Holden,1,1,0,1
2011,7,29,Mark Cook &amp; Lyn Gardner,1,27,0,7
2011,7,29,Robert Clark &amp; Skye Sherwin,1,8,0,21
2011,7,29,Iain Aitch,1,12,0,1
2011,7,29,Clare Considine &amp; Stuart Goodwin,1,12,0,1
2011,7,29,John Patterson,1,51,0,19
2011,7,29,Nicola Jennings,1,2,0,4
2011,7,29,George Hall,1,14,0,21
2011,7,29,Dan Martin,1,11,1,8
2011,7,29,Agnès Poirier,1,31,1,36
2011,7,29,Dennis Barker,1,231,0,41
2011,7,29,Steven Hill,1,49,0,39
2011,7,29,Andy Hall,1,169,1,64
2011,7,29,Lisa O' Carroll,1,22,2,15
2011,7,29,Scott Anthony,1,49,1,24
2011,7,29,Carrie Quinlan,1,7,0,11
2011,7,29,Staff,1,341,2,72
2011,7,29,Jon Butterworth,1,10,2,11
2011,7,29,David Hytner at the Meihu Sports Centre,1,26,0,28
2011,7,29,Yiwu,1,26,0,28
2011,7,29,Chris Cook at Newbury,1,0,0,2
2011,7,29,Daniel Boffey,5,2895,26,642
2011,7,29,Paul Harris,3,761,22,318
2011,7,29,Jamie Doward,5,3290,31,881
2011,7,29,Jamie Jackson at Fratton Park,1,20,0,38
2011,7,29,Toby Helm,2,2733,23,483
2011,7,29,Julie Flint,1,150,5,74
2011,7,29,Chris Stephen,1,61,0,46
2011,7,29,Giles Richards,1,0,0,9
2011,7,29,Paul Hayward,1,165,1,56
2011,7,29,Kiran More,1,32,0,12
2011,7,29,Margaret Dibben,3,1,0,26
2011,7,29,Gareth Grundy,4,361,8,27
2011,7,29,Fiona Maddocks,3,63,0,32
2011,7,29,John Naughton,1,96,13,192
2011,7,29,David Williams,2,6,0,17
2011,7,29,Nigel Slater,3,241,8,87
2011,7,29,Robin McKie,1,248,4,181
2011,7,29,Rami Zurayk,1,79,1,39
2011,7,29,Elizabeth Day,4,308,2,149
2011,7,29,Ariel Leve,1,14,0,23
2011,7,29,Kate Kellaway,2,3458,15,240
2011,7,29,Ally Carnwath,2,491,15,77
2011,7,29,Eva Wiseman,2,130,4,82
2011,7,29,Amy Powell Yeates,1,15,0,4
2011,7,29,Ian Tucker,1,365,6,89
2011,7,29,Nicholas Kenyon,1,2,0,2
2011,7,29,Laura Cumming,2,201,0,35
2011,7,29,Stephen Pritchard,1,4,0,1
2011,7,29,Angus Macqueen,1,483,49,162
2011,7,29,Richard Parry,1,100,0,17
2011,7,29,Vanessa Thorpe,3,286,3,154
2011,7,29,arts,3,286,3,154
2011,7,29,Molly Guinness,2,1136,22,282
2011,7,29,Joanna Briscoe,2,48,0,32
2011,7,29,Philip French,9,46,2,57
2011,7,29,Martin Love,2,134,0,116
2011,7,29,Chris Goode,2,74,0,30
2011,7,29,Kitty Empire,4,25,0,6
2011,7,29,Euan Ferguson,1,1,0,4
2011,7,29,Mark Sargeant,1,5,0,19
2011,7,29,Tom Lamont,1,4,0,4
2011,7,29,Clare Brennan,2,262,2,8
2011,7,29,Anthony Cummins,1,12,0,6
2011,7,29,Leo Robson,1,2,1,2
2011,7,29,Mariella Frostrup,1,8,0,10
2011,7,29,Dipal Acharya,1,26,0,13
2011,7,29,Alice Fisher,2,5,0,22
2011,7,29,Jo Jones,1,0,0,4
2011,7,29,Mark Kermode,1,0,0,3
2011,7,29,Katharine Whitehorn,1,1,0,1
2011,7,29,Killian Fox,1,3,0,3
2011,7,29,Dave Gelly,1,0,0,3
2011,7,29,Alistair Darling,1,0,0,6
2011,7,29,Lucy Siegle,1,27,0,31
2011,7,29,Andrew Anthony,1,607,8,113
2011,7,29,Neil Spencer,1,0,0,2
2011,7,29,Will Freeman,2,0,0,30
2011,7,29,Chris Schilling,1,8,0,42
2011,7,29,Toby Moses,1,1,1,15
2011,7,29,Jason Solomons,1,23,0,13
2011,7,29,Quentin Wheeler,1,15,0,27
2011,7,29,Tim Lewis,2,98,0,31
2011,7,29,Lyndsey Winship,1,7,0,9
2011,7,29,Kevin McKenna,1,18,0,32
2011,7,29,Mark Townsend,3,206,4,148
2011,7,29,Dr Gerry Mander,1,1,0,0
2011,7,29,Nick Cohen,1,150,1,16
2011,7,29,William Keegan,1,3,0,15
2011,7,29,Paul Flynn,1,27,0,12
2011,7,29,Tracy McVeigh,3,1631,20,335
2011,7,29,Catherine Bennett,1,7,0,14
2011,7,29,William Breathes,1,93,0,13
2011,7,29,Andrew Rawnsley,1,115,0,93
2011,7,29,Cherry Wilson,1,345,8,131
2011,7,29,Henry Porter,1,88,1,40
2011,7,29,Zante,1,2,0,19
2011,7,29,Lizzy Davies,1,138,3,44
2011,7,29,Barbara Ellen,1,74,0,40
2011,7,29,Richard Corrigan,1,3,2,19
2011,7,29,Mark Hix,1,12,0,25
2011,7,29,Nathan Outlaw,1,3,1,31
2011,7,29,Galston Blackiston,1,3,0,21
2011,7,29,Chris Riddell,1,132,3,46
2011,7,29,Shiv Malik,1,586,19,814
2011,7,29,Nick Hopkins,1,5,0,22
2011,7,29,Amanda Marcotte for <a href="http://pandagon.net/" title="Pandagon">Pandagon</a>,1,85,2,54
2011,7,29,part of Guardian Comment Network,1,85,2,54
2011,7,29,Ian Paulsen,1,5,0,17
2011,7,29,Luciana Berger,1,30,0,61
2011,7,29,Ruby Russell,1,1499,23,131
2011,7,29,Geraldine Poole,1,8,0,8
2011,7,29,Bob Chaundy,1,3,0,16
2011,7,29,Alysun Jones,1,0,0,21
2011,7,29,Caroline Boucher,1,48,0,27
2011,7,29,Rebecca Front,1,16,0,26
2011,7,29,Tom Kington,1,153,3,37
2011,7,29,Kim Willsher,1,197,4,50
2011,7,29,Michael Burke,1,75,1,22
2011,7,29,Greg Wood at the Curragh,1,0,0,7
2011,7,29,Steve Hewlett,1,2,0,11
2011,7,29,Richard Latham at Taunton,1,3,0,6
2011,7,29,Nick Duxbury,1,4,0,7
2011,7,29,Sarah Dempster,2,14,0,18
2011,7,29,Denis Moynihan,2,1344,12,144
2011,7,29,Esmé McAvoy,1,413,6,102
2011,7,29,Rachel Roberts,1,0,0,20
2011,7,29,Lauren Cochrane,1,164,2,30
2011,7,29,Andy Wilson at Bloomfield Road,1,10,0,5
2011,7,29,Patrick Kingsley,1,144,1,235
2011,7,29,Josh Halliday,1,11,1,75
2011,7,29,Jackie Ashley,1,166,2,58
2011,7,29,Gary Younge,1,644,10,244
2011,7,29,Tom Meltzer,1,212,2,192
2011,7,29,Richard Gibson at Headingley,1,0,0,4
2011,7,29,Picks by Judith Mackrell,1,193,3,67
2011,7,29,Brian Logan,1,193,3,67
2011,7,29,Stephanie Merritt,1,193,3,67
2011,7,29,Interviews by Maddy Costa,1,31,0,13
2011,7,29,Rebecca Hicholson,1,0,0,4
2011,7,29,Nosheen Iqbal,1,0,0,4
2011,7,29,Charlie Brooker,1,1700,58,306
2011,7,29,Sam Leith,1,196,5,64
2011,7,29,Tim Glanfield,1,2,0,69
2011,7,29,Interview by Laura Barnett,1,68,1,21
2011,7,29,Chris Elliott,1,3,0,37
2011,7,29,Martin Kelner,1,6,0,15
2011,7,29,Paul Brown,1,2,0,0
2011,7,29,Tony Greenbank,1,3,0,20
2011,7,29,Sandra Laville,1,6,0,13
2011,7,29,David Cameron,1,40,2,41
2011,7,29,Presented by Alok Jha,1,63,2,80
2011,7,29,produced by Jason Phipps,1,63,2,80
2011,7,29,with Anna Perman,1,63,2,80
2011,7,29,Raf Casert at the Commerzbank-Arena,1,590,4,38
