year,month,week,name,articles,facebook,googleplus,twitter
2011,12,52,Alan Travis,5,254,9,202
2011,12,52,Nicholas Watt,5,339,7,332
2011,12,52,Simon Goodley,7,167,0,201
2011,12,52,Jill Treanor,3,60,0,88
2011,12,52,Martin Rowson,4,163,3,102
2011,12,52,Nick Fletcher,20,19,0,157
2011,12,52,Katie Allen,7,107,2,265
2011,12,52,Hilary Osborne,4,216,1,178
2011,12,52,Press Association,87,3077,22,2283
2011,12,52,Paolo Bandini,6,253,2,89
2011,12,52,Edward Davie,1,39,0,53
2011,12,52,Ed Pilkington,5,1007,12,387
2011,12,52,Matt Williams,5,427,5,400
2011,12,52,Reuters,29,1746,66,1558
2011,12,52,Tania Branigan,15,5640,48,610
2011,12,52,Kerry Brown,1,250,4,38
2011,12,52,Justin McCurry,12,1017,13,330
2011,12,52,Laura Steele,1,48,1,26
2011,12,52,Keith Stuart,14,3404,92,1168
2011,12,52,Charles Arthur,16,795,97,2427
2011,12,52,Roy Greenslade,20,248,20,980
2011,12,52,Mark Sweney,15,608,19,1303
2011,12,52,Stuart Dredge,7,84,4,484
2011,12,52,Riazat Butt,5,195,8,231
2011,12,52,Dick Vinegar,2,6,0,12
2011,12,52,Gill Hitchcock,3,0,0,17
2011,12,52,Julian Glover,1,16,2,19
2011,12,52,Associated Press,59,7572,80,1865
2011,12,52,Bella Mackie,3,0,0,3
2011,12,52,Jacob Steinberg,3,158,0,169
2011,12,52,Alan Gardner,3,258,2,61
2011,12,52,Simon Burnton,3,74,2,41
2011,12,52,Rob Smyth,2,62,0,47
2011,12,52,Alex Marsh,1,0,0,11
2011,12,52,Vanessa Toulmin,1,12,0,32
2011,12,52,Josh Halliday,11,100,7,570
2011,12,52,Guardian Fashion,2,28,2,65
2011,12,52,Neha-Tamara Patel,2,26,6,133
2011,12,52,GrrlScientist,20,384,49,399
2011,12,52,Tom Lutz,5,101,1,75
2011,12,52,Alex Crossman,1,5,0,2
2011,12,52,Zoe Wood,3,113,2,227
2011,12,52,Dan Milmo,12,529,10,614
2011,12,52,Steve Boxer,2,65,1,152
2011,12,52,Lisa O'Carroll,9,133,11,410
2011,12,52,World Business Council for Sustainable Development,1,13,0,11
2011,12,52,José Pizarro,2,61,2,27
2011,12,52,Emma Sturgess,2,18,0,16
2011,12,52,Alex Healey,6,293,2,66
2011,12,52,John Plunkett,11,1282,22,563
2011,12,52,Sid Lowe,2,173,1,82
2011,12,52,Marianne Cantieri,1,128,2,70
2011,12,52,Andrew Sparrow,5,356,1,332
2011,12,52,Carol Rumens,2,38,0,26
2011,12,52,Kate Hodge,6,0,0,37
2011,12,52,Monkey,9,958,9,430
2011,12,52,Barbara Hearn,1,27,0,20
2011,12,52,Phelim&nbsp;O'Neill,1,2,0,4
2011,12,52,Andrew Mueller,6,13,0,38
2011,12,52,Richard Vine,3,11,1,14
2011,12,52,Rebecca&nbsp;Nicholson,1,2,0,4
2011,12,52,Gwilym Mumford,5,10,1,24
2011,12,52,Matt Griffith,1,16,0,39
2011,12,52,Frédéric Filloux,1,14,0,113
2011,12,52,guardian.co.uk/music,2,1782,5,290
2011,12,52,Phelim O'Neill,4,2,0,18
2011,12,52,Jonathan Wright,4,9,0,18
2011,12,52,Hannah Verdier,6,12,0,36
2011,12,52,Simon Tisdall,2,105,0,37
2011,12,52,Michael White,7,54,1,118
2011,12,52,David Stubbs,6,14,0,35
2011,12,52,Martin Skegg,4,7,0,20
2011,12,52,Julia Raeside,6,62,1,46
2011,12,52,John Robinson,5,14,0,39
2011,12,52,Ben Arnold,5,22,1,45
2011,12,52,Ali Catterall,5,17,1,45
2011,12,52,Steve Thompson,1,5,0,48
2011,12,52,Rebecca Nicholson,3,12,1,17
2011,12,52,Stuart Heritage,3,352,6,140
2011,12,52,Rhian Hayward,1,13,0,20
2011,12,52,Martin Wainwright,7,79,4,163
2011,12,52,Ben Child,11,1801,18,352
2011,12,52,Saba Salman,1,7,0,10
2011,12,52,Jessica Martin,1,14,0,8
2011,12,52,Leo Hickman,2,3116,10,271
2011,12,52,Corrections,6,29,0,22
2011,12,52,Arun Marsh,3,3,0,20
2011,12,52,Sean Michaels,8,3234,9,265
2011,12,52,Tom Farmery,1,24,1,88
2011,12,52,Will Hayler,6,2,0,30
2011,12,52,Jason Deans,6,68,4,191
2011,12,52,James Robinson,4,102,7,181
2011,12,52,Alison Flood,11,1884,15,437
2011,12,52,Monica Mark,1,65,0,60
2011,12,52,Sade Laja,8,24,0,77
2011,12,52,Alan Connor,2,8,0,27
2011,12,52,Jean-Louis Gassée,1,5,1,94
2011,12,52,Judy Friedberg,2,9,0,39
2011,12,52,Clare Horton,3,13,0,4
2011,12,52,Helen Carter,12,568,8,216
2011,12,52,agencies,32,4350,58,1874
2011,12,52,Matthew Caines,1,8,0,26
2011,12,52,Michael Tait,3,172,0,35
2011,12,52,Kelly Bruce,3,172,0,35
2011,12,52,Patrick Wintour,10,396,9,400
2011,12,52,Nicolas Ceasar for the <a href="http://www.guardian.co.uk/guardian-professional" title="Guardian Professional Network">Guardian Professional Network</a>,1,24,0,62
2011,12,52,James Meikle,4,239,3,156
2011,12,52,David Marsh,2,11,0,35
2011,12,52,Patrick Butler,2,710,3,165
2011,12,52,Henning Meyer,1,45,0,30
2011,12,52,Lisa Allardice,1,20,0,6
2011,12,52,Chris Fenn,2,81,1,30
2011,12,52,Jonathan Jones,12,523,11,336
2011,12,52,Michael Cragg,5,108,0,67
2011,12,52,Jeevan Vasagar,2,32,0,69
2011,12,52,Open thread,6,35,0,89
2011,12,52,Katy Stoddard,2,159,7,95
2011,12,52,Alexis Petridis,4,382,2,168
2011,12,52,Jeremy Kay,1,12,0,11
2011,12,52,Julia Eccleshare,2,12,2,30
2011,12,52,Simon Bowers,3,23,0,29
2011,12,52,Neil Clark,1,817,9,329
2011,12,52,Duncan Green,1,20,1,29
2011,12,52,Miriam Gillinson,1,89,2,24
2011,12,52,Celeste Hicks,1,14,0,21
2011,12,52,Lauren Niland,2,47,0,13
2011,12,52,Anna Chesters,1,7,0,20
2011,12,52,Frederika Whitehead,2,96,1,60
2011,12,52,Sarah Phillips,2,282,5,98
2011,12,52,Alice Salfield,1,97,0,10
2011,12,52,Nils Pratley,7,26,1,114
2011,12,52,Presented by Alok Jha,1,52,2,20
2011,12,52,produced by Jason Phipps,2,63,2,35
2011,12,52,Phillip Inman,4,156,10,135
2011,12,52,Guardian Government Computing,3,13,3,15
2011,12,52,Mustafa Khalili,1,33,0,1
2011,12,52,Mar Dixon,1,55,2,106
2011,12,52,Dave Hill,6,9,0,138
2011,12,52,Rachel Holmes,1,6,0,15
2011,12,52,Lewis K Cooper,2,34,0,38
2011,12,52,Hagai M Segal,1,60,3,22
2011,12,52,Michael Billington,4,206,3,33
2011,12,52,Adam Boult,5,443,3,159
2011,12,52,Brian Beutler for <a href="http://talkingpointsmemo.com/" title="">Talking Points Memo</a>,1,12,0,9
2011,12,52,Sam Jordison,4,78,0,36
2011,12,52,Rob Evans,2,33,0,87
2011,12,52,Raphael Honigstein,1,21,0,10
2011,12,52,Luke Harding,5,1703,21,273
2011,12,52,David Walker,2,6,0,15
2011,12,52,Tim Ashley,2,13,0,15
2011,12,52,Ben Willmott,1,146,0,65
2011,12,52,Dugald Baird,1,82,10,269
2011,12,52,Mark Brown,4,534,3,216
2011,12,52,Seumas Milne,2,3261,27,400
2011,12,52,Julia Kollewe,7,95,2,164
2011,12,52,Ros Asquith,1,1,0,15
2011,12,52,David Cox,1,64,3,32
2011,12,52,Peter Walker,8,938,13,284
2011,12,52,Lizzy Davies,3,517,6,239
2011,12,52,Sam Jones,7,1577,21,318
2011,12,52,Chris McGreal,2,365,5,104
2011,12,52,Alex Needham,7,210,2,78
2011,12,52,Kevin Mitchell,3,44,0,29
2011,12,52,Robert Willoughby,1,73,1,12
2011,12,52,Haroon Siddique,6,732,14,617
2011,12,52,Paul Owen,1,96,4,101
2011,12,52,David Smith,4,732,14,270
2011,12,52,Marc Abrahams,1,184,0,84
2011,12,52,Presented by James Richardson,2,15,0,24
2011,12,52,produced by Matt Hill,3,38,0,39
2011,12,52,David Mills,2,252,2,118
2011,12,52,Lucy Tobin,2,93,0,87
2011,12,52,Mark Vernon,1,38,0,17
2011,12,52,Esther Addley,4,175,3,164
2011,12,52,Henry McDonald Irel,1,5,0,9
2011,12,52,Jonathan Glancey,2,66,4,49
2011,12,52,Vera Baird,1,30,0,57
2011,12,52,Paul Lester,5,192,3,107
2011,12,52,Dominic Rushe,10,3952,105,1412
2011,12,52,Matt Williams at Fort Meade,3,214,6,146
2011,12,52,Pollyanna Perkins,1,44,0,2
2011,12,52,Patrick Foster,2,10,2,69
2011,12,52,Greg Wood,1,3,0,4
2011,12,52,Giles Tremlett,3,361,15,250
2011,12,52,Madrid,1,14,0,15
2011,12,52,Ewen MacAskill,6,607,8,90
2011,12,52,Graham Seed,1,9,0,16
2011,12,52,Dean Baker,1,98,3,30
2011,12,52,Richard Norton-Taylor,1,68,2,34
2011,12,52,Nick Hopkins,3,419,6,86
2011,12,52,Alfred Hickling,2,20,0,6
2011,12,52,Donald McRae,1,14,0,4
2011,12,52,Ian Gittins,1,9,0,6
2011,12,52,Nick Caistor,1,2,0,13
2011,12,52,John Fordham,5,30,0,32
2011,12,52,George Hall,1,19,0,6
2011,12,52,Adam Corner for the <a href="http://www.guardian.co.uk/guardian-professional" title="">Guardian Professional Network</a>,1,1,0,12
2011,12,52,Brian Logan,1,41,0,4
2011,12,52,Lyn Gardner,4,81,0,58
2011,12,52,Alice Woolley,1,14,0,11
2011,12,52,Chris Cook at Plumpton,1,3,0,8
2011,12,52,Lydia Prieg,1,16,0,39
2011,12,52,Anthony Hayward,1,19,0,22
2011,12,52,Keith Kintrea,1,13,0,40
2011,12,52,David Eastwood,1,54,0,71
2011,12,52,Ana Marie Cox,4,365,6,44
2011,12,52,Janet Murray,1,6,0,20
2011,12,52,Rhian Jones,1,6,0,20
2011,12,52,Stuart Braun,1,53,1,40
2011,12,52,Mike Baker,1,4,0,54
2011,12,52,Brian Braiker,1,320,1,27
2011,12,52,Warwick Mansell,1,343,1,208
2011,12,52,Elisabeth Mahoney,7,43,1,85
2011,12,52,Tim Jonze,2,193,6,101
2011,12,52,Krys Lee,1,52,0,18
2011,12,52,Seoul,1,52,0,18
2011,12,52,Dalya Alberge,1,143,1,110
2011,12,52,Andrew Emery,1,133,9,115
2011,12,52,George Monbiot,1,3378,41,756
2011,12,52,Valerie Hannah,1,48,2,30
2011,12,52,Caroline Davies,6,502,1,206
2011,12,52,David Gow,1,118,5,65
2011,12,52,Paul Weaver,2,5,1,66
2011,12,52,Amro Hassan,1,75,3,23
2011,12,52,Ewan Murray,7,87,0,80
2011,12,52,Owen Gibson,5,387,0,173
2011,12,52,Editorial,18,1059,4,376
2011,12,52,Jon Henley,3,985,20,351
2011,12,52,Claire Stares,1,15,0,32
2011,12,52,Gabriel Weston,1,10,0,8
2011,12,52,Dominic Fifield,10,1041,7,438
2011,12,52,Aditya Chakrabortty,1,212,5,135
2011,12,52,Luisa Dillner,1,68,1,22
2011,12,52,Lucy Mangan,3,26,0,26
2011,12,52,Miguel Bonasso,1,94,3,69
2011,12,52,Andy Hunter,12,468,4,368
2011,12,52,Adam Gabbatt,5,1007,5,359
2011,12,52,Laura Barnett,3,407,3,110
2011,12,52,Ken Clarke,1,26,0,51
2011,12,52,Owen Bowcott,5,1256,6,327
2011,12,52,Steve Bell,7,522,10,241
2011,12,52,Simon Hoggart,3,8,0,29
2011,12,52,Interview by Laura Barnett,2,19,0,21
2011,12,52,Robert Kitson,4,80,0,37
2011,12,52,Ronan Bennett,1,0,0,1
2011,12,52,Daniel King,1,0,0,1
2011,12,52,John Kampfner,1,14,0,25
2011,12,52,Guardian writers,1,32,0,18
2011,12,52,Zoe Williams,4,125,1,72
2011,12,52,David Hytner,8,189,3,221
2011,12,52,Nick Prebble <em>MeteoGroup</em>,1,2,0,34
2011,12,52,Isabel Hilton,1,46,2,20
2011,12,52,Daniel Taylor,9,1081,4,1021
2011,12,52,Hugh Muir,2,4,0,21
2011,12,52,Richard Williams,3,185,1,84
2011,12,52,Richard Adams,2,414,10,254
2011,12,52,Darren Garnick,1,53,0,12
2011,12,52,Rupert Neate,4,316,8,388
2011,12,52,Graeme Wearden,6,279,9,387
2011,12,52,Barney Ronay at Selhurst Park,1,5,0,8
2011,12,52,Robert Booth,5,332,4,248
2011,12,52,Ben Pinkney,3,20,1,15
2011,12,52,Randeep Ramesh,3,408,7,294
2011,12,52,Compiled this year by Tom Lutz,1,211,2,27
2011,12,52,Gregg Roughley,3,2125,6,256
2011,12,52,Katy Murrells,2,213,2,27
2011,12,52,John Ashdown,7,385,9,205
2011,12,52,James Dart,2,211,2,35
2011,12,52,Penny Woods,1,211,2,27
2011,12,52,Evan Fanning,1,211,2,27
2011,12,52,you,1,211,2,27
2011,12,52,the reader,1,211,2,27
2011,12,52,Frederick Kaufman,1,891,24,174
2011,12,52,Alan Rosenbach,1,15,0,9
2011,12,52,Damian Carrington,2,2089,11,400
2011,12,52,Alex Thomson,1,4,0,17
2011,12,52,Mark King,5,235,2,180
2011,12,52,Tacita Dean,1,77,1,29
2011,12,52,Michael Hann,5,88,2,93
2011,12,52,Patrick Collinson,1,24,0,43
2011,12,52,Katy Crothall,1,4,0,15
2011,12,52,Kate Allen,1,5,0,20
2011,12,52,Steve Busfield,1,10,0,4
2011,12,52,Andrew Garratt,1,39,5,89
2011,12,52,Peter Guillam,1,24,0,15
2011,12,52,Barry Glendenning,3,47,1,53
2011,12,52,Sarah Crown,1,17,0,48
2011,12,52,Mark Say,6,42,3,37
2011,12,52,Rajeev Syal,1,947,9,296
2011,12,52,Hélène Mulholland,3,964,9,322
2011,12,52,Hannah Waldram,2,214,3,87
2011,12,52,Paul Nicholson,1,18,0,37
2011,12,52,Oliver Thring,1,285,1,57
2011,12,52,Esha Chhabra,1,95,2,50
2011,12,52,Anna Tims,1,3,0,14
2011,12,52,David Mills for the <a href="http://www.guardian.co.uk/guardian-professional" title="Guardian Professional Network">Guardian Professional Network</a>,1,132,0,167
2011,12,52,Dave Briggs,1,2,0,57
2011,12,52,Angelique Chrisafis,11,2410,42,982
2011,12,52,Paris,1,245,3,53
2011,12,52,Professor Wendy Purcell,1,0,0,6
2011,12,52,Professor Julian Beer,1,0,0,6
2011,12,52,Dr Rebekah Southern,1,0,0,6
2011,12,52,Caroline Chipperfield,1,0,0,6
2011,12,52,Nick Asbury,1,50,0,8
2011,12,52,Tim Lott,1,17,0,31
2011,12,52,Chris Cook,7,4,0,27
2011,12,52,Tony Paley,2,2,0,14
2011,12,52,Paddy Allen,3,171,3,80
2011,12,52,Rob Edwards,2,174,4,77
2011,12,52,Matt Roberts,1,26,2,20
2011,12,52,Carrie Lyell,1,118,0,27
2011,12,52,Sam Kelly for <a href="http://hastaelgolsiempre.com/" title="">Hasta El Gol Siempre</a>,1,6,0,5
2011,12,52,part of the Guardian Sport Network,2,54,1,37
2011,12,52,Prem Sikka,1,125,0,76
2011,12,52,David Barnett,1,268,3,26
2011,12,52,David Brindle,1,23,0,16
2011,12,52,Auden Schendler,1,28,2,43
2011,12,52,Michael Toffel for  <a href="http://www.chinadialogue.net/">ChinaDialogue</a>,1,28,2,43
2011,12,52,part of the <a href="http://www.guardian.co.uk/environment/network">Guardian Environment Network</a>,4,385,10,418
2011,12,52,Sunshine Lichauco de Leon,2,656,7,271
2011,12,52,Charles Gant,1,123,0,22
2011,12,52,Phil Hoad,1,134,4,32
2011,12,52,David Grayson for the <a href="http://www.guardian.co.uk/guardian-professional" title="">Guardian Professional Network</a>,1,12,1,30
2011,12,52,Johnny Black,1,72,0,26
2011,12,52,Nick Maguire,1,120,3,70
2011,12,52,Henry Barnes,6,274,4,132
2011,12,52,Jonathan Wilson,1,226,7,83
2011,12,52,Sukhdev Sandhu,1,454,3,119
2011,12,52,Staff,18,2286,15,828
2011,12,52,Matt Trueman,5,150,1,99
2011,12,52,Presented by Jason Solomons,2,13,0,21
2011,12,52,produced by Sarah Peters,1,2,0,6
2011,12,52,David Shariatmadari,1,104,3,31
2011,12,52,Mark Johnson,1,112,1,34
2011,12,52,Richard Bristow,1,8,1,14
2011,12,52,Dan Sabbagh,4,493,10,617
2011,12,52,Eric Bohms,1,9,0,23
2011,12,52,Larry Elliott,9,260,9,234
2011,12,52,Martin Farrer,1,9,0,42
2011,12,52,Mark Tran,3,201,2,151
2011,12,52,Owen Hatherley,1,20,0,25
2011,12,52,Simon Johnson,1,67,0,20
2011,12,52,Joshua Rozenberg,2,38,0,53
2011,12,52,Calum McKay,1,16,0,25
2011,12,52,Hélène Mulholl,1,23,0,32
2011,12,52,,2,41,1,92
2011,12,52,Miriam Elder,7,899,24,413
2011,12,52,John Harris,3,310,3,133
2011,12,52,John Domokos,1,40,0,10
2011,12,52,Elliot Smith,1,40,0,10
2011,12,52,Andy Bull,1,50,1,25
2011,12,52,Helen Meany,1,4,0,2
2011,12,52,Jill Robinson,1,7,0,14
2011,12,52,Ronald Bergan,1,30,0,20
2011,12,52,Brian Whitaker,1,115,3,199
2011,12,52,Eugene Grant,1,94,0,35
2011,12,52,Martin Belam,1,14,1,25
2011,12,52,Tara Conlan,3,40,0,79
2011,12,52,Ros Taylor,2,30,1,50
2011,12,52,Ami Sedghi,1,22,0,54
2011,12,52,Tom Phillips,9,2895,29,573
2011,12,52,Fiona Harvey,1,58,4,73
2011,12,52,Amy Fleming,1,23,0,51
2011,12,52,Andrew Dickson,2,84,2,39
2011,12,52,Richard Sprenger. Production footage courtesy of <a href="http://PhilGrabskyFilms.com">PhilGrabskyFilms.com</a>,1,47,1,21
2011,12,52,Guardian Interactive team,1,2396,9,2678
2011,12,52,Christopher Thomond,1,2,0,4
2011,12,52,Ken Macfarlane,2,2,0,15
2011,12,52,Justin McGuirk,1,46,1,37
2011,12,52,Saeed Kamali Dehghan,2,91,4,57
2011,12,52,Andrew Brown,3,45,1,85
2011,12,52,Guardian readers,2,54,1,38
2011,12,52,Busani Bafana for for <a href="http://www.scidev.net/">SciDev.net</a>,1,25,1,75
2011,12,52,Sanjoy Roy,1,235,1,20
2011,12,52,Rosemary Lee,1,235,1,20
2011,12,52,Luke Coffey,1,4,0,16
2011,12,52,Michael Howie,1,158,2,60
2011,12,52,Sue Marsh,1,412,3,63
2011,12,52,Homa Khaleeli,2,386,1,89
2011,12,52,Glen Johnson,1,1445,16,159
2011,12,52,Fluffyni,1,3,0,7
2011,12,52,Kathleen Taylor,1,248,4,59
2011,12,52,Alok Jha,2,1488,13,304
2011,12,52,Jocelyn Pook,1,2,0,9
2011,12,52,Eluned Morgan,1,3,0,12
2011,12,52,Matthew Weaver,5,278,7,461
2011,12,52,Presented by Aleks Krotoski,1,8,0,101
2011,12,52,produced by Scott Cawley,1,8,0,101
2011,12,52,Cristian Cabalin,1,100,2,19
2011,12,52,Elain Harwood,1,15,0,14
2011,12,52,Eddie Arthur,1,267,1,25
2011,12,52,Erica Jeal,1,1,0,3
2011,12,52,Malcolm Jack,1,1,0,9
2011,12,52,Martin Chulov,8,499,15,317
2011,12,52,Vicki Helyar-Cardwell,1,20,0,52
2011,12,52,Chris Cook at Kempton,1,1,0,3
2011,12,52,Maev Kennedy,1,38,0,29
2011,12,52,Patrick Kingsley,2,213,7,100
2011,12,52,Patrick Barkham,2,1520,27,371
2011,12,52,Hadley Freeman,1,248,3,60
2011,12,52,Fatima Whitbread,1,185,5,88
2011,12,52,Suzanne Moore,2,278,6,120
2011,12,52,Alex Zane,1,185,5,88
2011,12,52,Jo Brand,1,185,5,88
2011,12,52,Charlie Condou,2,185,5,93
2011,12,52,Blake Morrison,1,185,5,88
2011,12,52,Jason Isaacs,1,185,5,88
2011,12,52,Rebecca Front,1,185,5,88
2011,12,52,Ian Martin,2,833,8,254
2011,12,52,Giles Fraser,1,185,5,88
2011,12,52,Diana Athill,1,185,5,88
2011,12,52,Chris Addison,1,185,5,88
2011,12,52,Sharon Horgan,1,185,5,88
2011,12,52,Tom Watson,1,185,5,88
2011,12,52,Hope Powell,1,185,5,88
2011,12,52,Jennifer Ehle,1,185,5,88
2011,12,52,Stewart Lee,2,287,6,119
2011,12,52,Paul Rees,5,13,0,14
2011,12,52,Paul Evans,1,2,0,26
2011,12,52,Harry Venning,1,6,0,3
2011,12,52,Simon Jenkins,2,225,1,118
2011,12,52,Mark Weisbrot,1,232,2,41
2011,12,52,Tom Clark,2,296,1,304
2011,12,52,Robert Newman,1,196,1,104
2011,12,52,Jonathan Freedland,2,461,2,121
2011,12,52,Stuart James,3,97,1,133
2011,12,52,Vince Cable,1,20,2,42
2011,12,52,Tim Rich at Ewood Park,2,29,0,44
2011,12,52,Sam Wollaston,3,73,0,26
2011,12,52,Stuart James at Molineux,1,1,0,10
2011,12,52,Agencies,6,268,1,159
2011,12,52,Alan Pickup,2,22,2,61
2011,12,52,Jamie Jackson,6,470,0,163
2011,12,52,Frank Keating,1,1,0,5
2011,12,52,Louise Tickle,2,45,0,14
2011,12,52,Debbie Andalo,2,43,0,18
2011,12,52,Alison Benjamin,1,1,0,11
2011,12,52,Erwin James,1,7,0,3
2011,12,52,Rebecca Ratcliffe,1,328,5,216
2011,12,52,Kirsty Scott,1,15,0,39
2011,12,52,Andrew Pulver,1,86,0,28
2011,12,52,Ben Quinn,1,18,0,14
2011,12,52,Georgina Smith,2,183,3,51
2011,12,52,Rosie Chapman,1,6,0,15
2011,12,52,Virginia Wallis,2,15,0,47
2011,12,52,Shanta Devarajan,1,52,0,192
2011,12,52,Presented by Katie Allen,1,5,0,23
2011,12,52,produced by Phil Maynard,2,8,0,25
2011,12,52,Jeremy Deller,1,55,2,11
2011,12,52,Brenda Hamlet,1,10,2,10
2011,12,52,Paul Swinney,1,0,0,3
2011,12,52,Kevin Gulliver,1,1,0,15
2011,12,52,William Feaver,1,30,0,26
2011,12,52,Colin Horgan,1,3,0,5
2011,12,52,Kate Figes,1,72,1,123
2011,12,52,John Wright,1,439,2,56
2011,12,52,Caspar Walsh,1,62,0,19
2011,12,52,Curated by Wayne Gooderham,1,49,0,5
2011,12,52,Wayne Gooderham,1,1108,22,254
2011,12,52,Kate McCann,1,0,0,6
2011,12,52,Georgina Turner,1,25,0,22
2011,12,52,By <a href="http://www.irinnews.org/" title="">IRIN</a>,2,23,0,13
2011,12,52,part of the <a href="http://www.guardian.co.uk/global-development/series/guardian-development-network" title="">Guardian development network</a>,2,23,0,13
2011,12,52,James Macintyre,1,26,0,30
2011,12,52,Steve Waters,1,9,0,14
2011,12,52,Marcus Jamieson-Pond,1,23,1,31
2011,12,52,Kate Bevan,1,13,1,33
2011,12,52,SA Mathieson,1,3,0,11
2011,12,52,Peter Beresford,1,47,0,25
2011,12,52,Hari,1,4,0,32
2011,12,52,Jake,1,4,0,32
2011,12,52,Rachael Alexander,1,19,0,24
2011,12,52,Presented by John Vidal,1,94,0,31
2011,12,52,produced by Celeste Hicks,1,94,0,31
2011,12,52,Alistair Jarvis,1,8,0,8
2011,12,52,Chris Skidmore,1,77,2,57
2011,12,52,Rodney Hinds,1,73,0,16
2011,12,52,Jane Dudman,2,0,0,7
2011,12,52,Rosemary Randall for the <a href="http://www.guardian.co.uk/guardian-professional" title="Guardian Professional Network">Guardian Professional Network</a>,1,22,0,44
2011,12,52,Selma Dabbagh,1,85,3,27
2011,12,52,Hunter Felt,1,39,1,24
2011,12,52,Anita Bhagwandas,1,20,1,39
2011,12,52,As told to Susan McClelland,1,7,0,19
2011,12,52,Dannii,1,0,0,9
2011,12,52,Dafydd Roberts,1,23,0,37
2011,12,52,Jessica Aldred,1,186,3,68
2011,12,52,Tom Williams for <a href="http://www.tomwfootball.com/" title="">Football Further</a>,1,48,1,32
2011,12,52,Jill Insley,4,86,3,140
2011,12,52,Noel Sharkey,1,598,21,193
2011,12,52,Sarah Knuckey,1,598,21,193
2011,12,52,Maggie Brown,2,354,4,98
2011,12,52,Phil Daoust,1,2,0,11
2011,12,52,Jonathan Prew,3,0,0,0
2011,12,52,Jessica Fuhl,3,9,0,20
2011,12,52,Mike Boult,1,0,0,0
2011,12,52,Alex Blyth,1,0,0,0
2011,12,52,Kate Gould,1,8,0,30
2011,12,52,Sadiq Khan,1,21,0,52
2011,12,52,Denis Campbell,5,288,8,252
2011,12,52,Kieron Williams,1,3,0,5
2011,12,52,Paul Wilson,3,19,0,90
2011,12,52,Mohamed el-Erian,1,39,0,20
2011,12,52,The Guardian Travel team,1,39,0,39
2011,12,52,Severin Carrell,2,46,2,39
2011,12,52,Scotl,2,46,2,39
2011,12,52,Felicity Cloake,2,197,4,77
2011,12,52,John Hooper,2,304,7,51
2011,12,52,Steven Bloor,2,17,1,43
2011,12,52,Helen Pidd,1,1152,19,283
2011,12,52,Henry McDonald,5,412,5,97
2011,12,52,Terry Macalister,5,421,3,296
2011,12,52,Nabila Ramdani,1,197,4,43
2011,12,52,Eliza Anyangwe,1,21,2,15
2011,12,52,Jeremy Kelly,1,51,6,34
2011,12,52,Catherine Phipps,1,39,0,47
2011,12,52,Kabul,1,37,1,19
2011,12,52,Joanna Walters,1,97,1,13
2011,12,52,Nikki Kynoch,1,0,0,7
2011,12,52,Sarah Hartley,1,2,1,7
2011,12,52,Matthew Cresswell,1,63,1,39
2011,12,52,Peter Lodder,1,13,0,16
2011,12,52,in Dire Dawa,1,128,2,97
2011,12,52,Ethiopia,1,128,2,97
2011,12,52,Chris Salmon,1,32,0,55
2011,12,52,Edited by Richard Nelsson,1,5,1,12
2011,12,52,Edited by Chris Elliott,1,0,0,3
2011,12,52,Ruchira Gupta,1,293,2,88
2011,12,52,Edited by Vicky Frost,1,2,0,6
2011,12,52,Ryan Jones,1,653,3,45
2011,12,52,Ian Sample,3,3061,20,850
2011,12,52,Patrick Hussey,2,42,2,53
2011,12,52,Helena Smith,2,472,8,72
2011,12,52,Christine Oliver,1,262,4,44
2011,12,52,Alison Rourke,2,415,8,68
2011,12,52,Uki Goni,3,2028,27,190
2011,12,52,Paul Elliott MBE,1,34,0,22
2011,12,52,Amy Goodman,1,691,11,147
2011,12,52,Jessica Holland,1,8,0,16
2011,12,52,Steven Friel,1,73,0,41
2011,12,52,Paul Doyle,3,14,0,114
2011,12,52,Barney Ronay,4,149,0,80
2011,12,52,Agnès Poirier,2,114,2,31
2011,12,52,Invisible Woman,1,97,0,22
2011,12,52,John Vidal,6,5813,56,1554
2011,12,52,Juliet Schor for the <a href="http://www.guardian.co.uk/guardian-professional" title="Guardian Professional Network">Guardian Professional Network</a>,1,105,10,24
2011,12,52,Virginia Lopez,1,242,0,85
2011,12,52,Maggoty Lamb,1,19,0,10
2011,12,52,Guardian film,1,1,0,7
2011,12,52,Martin Kettle,2,12,2,39
2011,12,52,Harriet Grant,1,114,5,82
2011,12,52,Mark Honigsbaum,1,45,3,75
2011,12,52,John Elkington for the <a href="http://www.guardian.co.uk/guardian-professional" title="Guardian Professional Network">Guardian Professional Network</a>,1,78,0,61
2011,12,52,Sarah Hughes,1,77,1,27
2011,12,52,Josh Woodfin,1,21,0,0
2011,12,52,Dave Laing,1,31,0,22
2011,12,52,Hannah Freeman,1,10,2,30
2011,12,52,Shahnaz Habib,1,17,0,14
2011,12,52,David Edgar,1,5,0,4
2011,12,52,Presented by John Plunkett,1,5,0,9
2011,12,52,Produced by Iain Chambers,1,5,0,9
2011,12,52,Stephen Bates,2,125,2,71
2011,12,52,Mark Thompson,1,28,0,47
2011,12,52,Chris Cook at Lewes,1,2,0,2
2011,12,52,Ian Cobain,1,35,3,40
2011,12,52,Phoebe Greenwood,4,3044,15,481
2011,12,52,Pem Charnley,1,191,0,21
2011,12,52,Peter Bradshaw,8,753,10,178
2011,12,52,Modern Toss,1,219,0,16
2011,12,52,Ebenezer Scrooge,1,162,2,16
2011,12,52,Pete Cashmore,1,310,2,34
2011,12,52,Andy Wilson,1,3,0,6
2011,12,52,Mark Kidel,1,104,0,39
2011,12,52,Vicki Shotbolt,1,135,0,27
2011,12,52,Stephen Moss,2,31,0,56
2011,12,52,Phil Gates,1,6,0,13
2011,12,52,Xan Brooks,2,169,3,46
2011,12,52,Dorian Lynskey,1,834,29,303
2011,12,52,Kathryn Hughes,1,37,5,75
2011,12,52,Jamie Jackson at Loftus Road,1,4,0,3
2011,12,52,Andy Hunter at DW Stadium,1,48,0,15
2011,12,52,Paul Wilson at Goodison Park,1,1,0,3
2011,12,52,Daniel Taylor at Etihad Stadium,1,2,0,21
2011,12,52,Tom Service,2,67,0,31
2011,12,52,Timothy Garton Ash,1,135,3,66
2011,12,52,Stuart James at Villa Park,1,13,0,17
2011,12,52,Louise Taylor at St James' Park,1,4,0,5
2011,12,52,David Hytner at Craven Cottage,1,33,1,64
2011,12,52,John Crace,2,86,2,47
2011,12,52,Kate Ravilious,1,7,0,2
2011,12,52,Interviews by Anna Tims,1,114,0,44
2011,12,52,Jonny Weeks,1,5,0,16
2011,12,52,Amy Lawrence,2,4,0,49
2011,12,52,David Batty,1,2,0,3
2011,12,52,Zia Mahmood,1,3,0,1
2011,12,52,Rebecca Smithers,1,13,0,48
2011,12,52,Linda Raftree,1,31,1,22
2011,12,52,Presented by Michael White,1,3,0,2
2011,12,52,Jane Martinson,1,4,1,10
2011,12,52,Aaron Porter,1,3,1,10
2011,12,52,Petra Wilton,1,0,0,5
2011,12,52,Dermot Egan,1,42,0,138
2011,12,52,Dawn Foster,3,125,0,65
2011,12,52,David Sinclair,1,0,0,15
2011,12,52,Jonathan Carr-West,1,2,1,10
2011,12,52,Scott Murray,3,46,2,53
2011,12,52,Leila,1,1,0,2
2011,12,52,Lynsey Hanley,1,29,1,28
2011,12,52,Iain Sinclair,1,57,1,24
2011,12,52,Jochen Hung,1,65,3,51
2011,12,52,William Burrows,1,120,1,21
2011,12,52,Andy Field,1,11,0,18
2011,12,52,Thomas Hoblyn,1,9,0,10
2011,12,52,Liese Spencer,1,60,2,21
2011,12,52,Karl Wilding,1,28,1,64
2011,12,52,Ross Caputi,1,4097,33,307
2011,12,52,Liam Kelly,1,20,0,1
2011,12,52,Viv Groskop,1,170,0,20
2011,12,52,Tensie Whelan for the <a href="http://www.guardian.co.uk/guardian-professional" title="Guardian Professional Network">Guardian Professional Network</a>,1,36,0,39
2011,12,52,Presented by Alexis Petridis,1,23,0,15
2011,12,52,Martin Paul Eve,1,24,0,28
2011,12,52,Interview,1,611,5,100
2011,12,52,editing by Eric Hilaire,1,611,5,100
2011,12,52,Julian Baggini,1,18,2,21
2011,12,52,Suvendrini Kakuchi for <a href="http://www.ipsnews.net/environment.asp">IPS</a>,1,239,6,155
2011,12,52,Sean Ingle,1,38,1,23
2011,12,52,Ben Kape,1,27,0,10
2011,12,52,Andy Gallagher,3,36,0,27
2011,12,52,Mark Lawson,5,69,2,136
2011,12,52,Robert McCrum,1,25,1,60
2011,12,52,James Callow,1,0,0,9
2011,12,52,Lisa Egan for <a href="http://liberalconspiracy.org/" title="">Liberal Conspiracy</a>,1,412,1,85
2011,12,52,part of the <a href="http://www.guardian.co.uk/commentisfree/series/guardian-comment-network" title="">Guardian Comment Network</a>,1,412,1,85
2011,12,52,Derek Brown,1,0,0,16
2011,12,52,Jack Schofield,1,8,1,57
2011,12,52,David Hopps,2,4,0,17
2011,12,52,Eric Augenbraun,1,13,0,5
2011,12,52,Irel,1,1,0,4
2011,12,52,Noah Payne-Frank,2,55,1,24
2011,12,52,Laurence Topham,2,56,1,32
2011,12,52,China,1,54,1,59
2011,12,52,Dane Smith for the <a href="http://www.guardian.co.uk/guardian-professional" title="Guardian Professional Network">Guardian Professional Network</a>,1,33,1,34
2011,12,52,Neil Rose,1,12,0,39
2011,12,52,Alex Aldridge,1,12,0,39
2011,12,52,Jon Robins,2,13,0,50
2011,12,52,Maya Wolfe-Robinson,1,12,0,39
2011,12,52,Harry Pearson,1,3,0,3
2011,12,52,Matt Kennard,1,29,0,26
2011,12,52,Kathy Peach,1,154,0,51
2011,12,52,Simon Chilvers,2,143,0,69
2011,12,52,Ben Dowell,1,34,0,32
2011,12,52,Ranj Alaaldin,1,43,0,21
2011,12,52,David Logan,1,10,0,12
2011,12,52,Guardian social care network,1,6,0,15
2011,12,52,Lisa Bachelor,4,220,0,186
2011,12,52,Leon Kaye for the <a href="http://www.guardian.co.uk/guardian-professional" title="Guardian Professional Network">Guardian Professional Network</a>,1,17,1,18
2011,12,52,Sunny Hundal,1,3442,29,303
2011,12,52,with Xan Brooks,1,11,0,15
2011,12,52,Joris Luyendijk,2,30,0,45
2011,12,52,David Hills,1,10,1,8
2011,12,52,Skye Sherwin,2,40,1,37
2011,12,52,<a href="http://www.businessgreen.com">BusinessGreen</a>,1,171,4,78
2011,12,52,part of the <a href="http://www.guardian.co.uk/environment/network" title="Guardian Environment Network">Guardian Environment Network</a>,1,171,4,78
2011,12,52,Rosie Swash,1,185,3,58
2011,12,52,Interview by Ben Johncock,1,16,2,15
2011,12,52,Richard Nelsson,1,3,0,3
2011,12,52,Alex von Tunzelmann,1,26,0,11
2011,12,52,Garry Blight,1,1494,39,523
2011,12,52,Kirsten Broomhall,1,1494,39,523
2011,12,52,Sheila Pulham,1,1494,39,523
2011,12,52,Paul Torpey,1,1494,39,523
2011,12,52,Guardian Research Department,1,1494,39,523
2011,12,52,Guardian Picture Desk,1,1494,39,523
2011,12,52,Edwin Okong'o,1,30,1,34
2011,12,52,Laurie Penny,1,162,1,86
2011,12,52,Jason Farago,1,426,7,19
2011,12,52,Ian Prior,1,157,2,91
2011,12,52,Nastasya Tay,1,312,4,63
2011,12,52,Mozambique,1,312,4,63
2011,12,52,David Maund,1,153,4,24
2011,12,52,Julie Bindel,1,603,7,51
2011,12,52,Bethlehem,1,1856,8,199
2011,12,52,Jason Burke,3,418,6,173
2011,12,52,Alexey Kovalev,1,62,4,30
2011,12,52,Fiona Bawdon,1,9,0,26
2011,12,52,Colin Stuart,1,10,0,0
2011,12,52,Joanna Moorhead,1,75,0,32
2011,12,52,Carolyn Dempster,1,5,0,0
2011,12,52,Mike Oliver,1,43,1,19
2011,12,52,Brian Winston,1,26,0,24
2011,12,52,Sarah Boseley,2,496,11,202
2011,12,52,Martin Williams,1,223,4,48
2011,12,52,Richard Wachman,1,54,1,32
2011,12,52,Penny Darbyshire,1,14,0,19
2011,12,52,Catherine Bennett,1,83,2,33
2011,12,52,Tom Kington,3,340,4,133
2011,12,52,Steve Rose,3,104,6,68
2011,12,52,Sarah Dempster,2,9,1,32
2011,12,52,Richard Gott,1,607,10,108
2011,12,52,Tom Jenkins,1,5,1,20
2011,12,52,Rob Yarham,1,2,0,34
2011,12,52,Anthony Douglas,1,21,1,9
2011,12,52,Ryan Gilbey,1,216,5,75
2011,12,52,Dave Simpson,2,97,0,39
2011,12,52,Joe Queenan,1,21,0,19
2011,12,52,Andrew Clements,7,7,1,38
2011,12,52,Cath Clarke,1,218,0,35
2011,12,52,Paul MacInnes,2,25,0,16
2011,12,52,Louise Taylor,3,11,0,31
2011,12,52,Jamie Jackson at White Hart Lane,2,33,0,56
2011,12,52,Benjy Sarlin for <a href="http://talkingpointsmemo.com/" title="">Talking Points Memo</a>,1,212,1,23
2011,12,52,Maddy Costa,1,2,0,6
2011,12,52,Stephen Lee,1,4,0,1
2011,12,52,Anne Billson,1,13,1,23
2011,12,52,Laura Barton,1,17,0,18
2011,12,52,Robin Denselow,2,17,1,14
2011,12,52,Barney Ronay at Salford MediaCity,1,103,4,27
2011,12,52,Michaelangelo Matos,1,103,0,27
2011,12,52,Stevie Chick,1,27,0,10
2011,12,52,Caroline Sullivan,1,3,0,8
2011,12,52,Bobby Baker,1,1,0,5
2011,12,52,Fuel,1,1,0,5
2011,12,52,Roundhouse Radio,1,1,0,5
2011,12,52,Vikram Dodd,1,82,0,73
2011,12,52,Kenny Wastell,1,14,1,6
2011,12,52,Staff reporter,1,8,2,83
2011,12,52,James Richardson,1,9,0,6
2011,12,52,Matt Hall,1,9,0,6
2011,12,52,Dominic Fifield at White Hart Lane,1,21,0,33
2011,12,52,Amy Lawrence at White Hart Lane,1,87,1,49
2011,12,52,Kevin Rushby,2,253,0,67
2011,12,52,Duncan Clark,1,72,4,124
2011,12,52,Jonathan Glennie,1,13,0,33
2011,12,52,Alan Barrell,1,3,0,8
2011,12,52,Barbara Ellen,1,1,0,14
2011,12,52,Robert Ashton,1,9,0,17
2011,12,52,Philippa Briscoe,1,10,0,3
2011,12,52,Robert Hull,1,1,0,10
2011,12,52,Hannah Fearn,1,0,0,22
2011,12,52,Richard Vize,1,0,2,2
2011,12,52,Anna Turley,1,2,0,5
2011,12,52,Jo Richardson,1,4,0,48
2011,12,52,Catharine Hinton,1,4,0,48
2011,12,52,Hilary Simpson,1,4,0,48
2011,12,52,The Snork Maiden,1,0,0,5
2011,12,52,Lindsay Poulton,1,11,0,7
2011,12,52,Sophie Barnes,1,12,4,13
2011,12,52,Sean O'Brien,1,23,1,16
2011,12,52,Skye Gyngell,1,0,0,0
2011,12,52,Lucy Lamble,2,492,8,212
2011,12,52,Rachel Reeves,1,4,0,13
2011,12,52,Tony Naylor,1,241,0,54
2011,12,52,Sarah Ditum,1,5,0,31
2011,12,52,Chris Cook at Lambourn,1,3,0,4
2011,12,52,Claire Armitstead,1,14,0,10
2011,12,52,Fiona Sampson,1,30,0,9
2011,12,52,Simon Parkin,1,28,11,163
2011,12,52,George Chesterton,1,1038,3,191
2011,12,52,Daisy Bogg,1,1,0,1
2011,12,52,Dan Martin,2,101,4,57
2011,12,52,Harold Jackson,1,0,0,3
2011,12,52,Trewin Restorick for the <a href="http://www.guardian.co.uk/guardian-professional" title="Guardian Professional Network">Guardian Professional Network</a>,1,0,0,16
2011,12,52,Presented by Claire Armitstead,1,19,0,22
2011,12,52,produced by Tim Maby,1,19,0,22
2011,12,52,Rick Gekoski,1,71,2,62
2011,12,52,Zoë Corbyn,1,3,0,23
2011,12,52,Kaarin Taipale for the <a href="http://www.guardian.co.uk/guardian-professional" title="Guardian Professional Network">Guardian Professional Network</a>,1,18,4,26
2011,12,52,Bert Massie,1,6,1,2
2011,12,52,Simon Hattenstone,1,246,3,85
2011,12,52,Andrew Gilchrist,1,119,1,29
2011,12,52,Mary Hennock,1,78,1,31
2011,12,52,Nathan Green,1,77,2,36
2011,12,52,Anna-Claire Bevan,1,156,4,26
2011,12,52,Laura Oliver,1,0,0,2
2011,12,52,Guardian Readers,1,0,0,2
2011,12,52,Mike Averis,1,3,0,3
2011,12,52,Mike Anderiesz,1,20,2,64
2011,12,52,Paul Moody,1,336,0,154
2011,12,52,Robin Turner,1,336,0,154
2011,12,52,James Wise,1,5,2,22
2011,12,52,Diane Shipley,1,3,0,14
2011,12,52,Pamela Hutchinson,1,31,0,23
2011,12,52,Jess Cartner-Morley,2,18,1,22
2011,12,52,Ekaterina Ochagavia,1,15,1,17
2011,12,52,Mary Douglas-Home,1,15,1,17
2011,12,52,Edited by Bibi van der Zee,1,5,0,12
2011,12,52,Eric Hynes,1,6,0,22
2011,12,52,Kristan Heneage,1,53,0,29
2011,12,52,Leonard Barden,1,0,0,2
2011,12,52,Kate Harrad,1,210,6,55
2011,12,52,Syma Tariq,1,182,4,30
2011,12,52,Jamila Gavin,1,9,0,12
2011,12,52,Kim Catcheside,1,6,0,8
2011,12,52,Jo Adetunji,2,6,0,9
2011,12,52,Presented by Hugh Muir,1,0,0,14
2011,12,52,produced by Peter Sale,1,0,0,14
2011,12,52,Billy Mills,1,15,0,8
2011,12,52,Gary Younge,1,133,4,17
2011,12,52,Rachel Shabi,1,173,1,70
2011,12,52,Dan Gillmor,1,207,34,250
2011,12,52,By <a href="http://www.irinnews.org/" title="">IRIN</a> as part of the <a href="http://www.guardian.co.uk/global-development/series/guardian-development-network" title="">Guardian development network</a>,1,12,0,5
2011,12,52,James Gard,1,1,0,10
2011,12,52,John Sauven for the <a href="http://www.guardian.co.uk/guardian-professional" title="Guardian Professional Network">Guardian Professional Network</a>,1,6,1,24
2011,12,52,Guardian,2,3404,97,947
2011,12,52,Ralph Lainson,1,4,0,8
2011,12,52,John Baker,1,4,0,8
2011,12,52,Aron Cramer for the <a href="http://www.guardian.co.uk/guardian-professional" title="Guardian Professional Network">Guardian Professional Network</a>,1,28,0,29
2011,12,52,Jan Piotrowski for <a href="http://www.scidev.net/">SciDev.net</a>,1,93,1,145
2011,12,52,Chris Moran,1,3381,97,941
2011,12,52,David Leigh,1,26,0,52
2011,12,52,Mona Eltahawy,1,1845,16,273
2011,12,52,Philip Ball,1,34,1,25
2011,12,52,Sami Ramadani,1,65,1,43
2011,12,52,Richard Lloyd,1,3,0,9
2011,12,52,Diane Taylor,2,84,1,68
2011,12,52,Damien Pearse,3,161,4,141
2011,12,52,Graham Long,1,1,0,32
2011,12,52,Denis Alexander,1,68,3,32
2011,12,52,Ian Jack,1,293,10,70
2011,12,52,Kate Hodal,1,172,1,69
2011,12,52,Giles Richards,1,145,1,43
2011,12,52,Mehdi Hasan,1,1289,12,354
2011,12,52,Deborah Orr,2,25,1,41
2011,12,52,Interview by Oliver Laughland,1,27,0,11
2011,12,52,Muriel Gray,1,62,0,24
2011,12,52,Tim Radford,1,1,0,0
2011,12,52,Imogen Fox,4,195,0,137
2011,12,52,Gemma Bowes,1,3,0,0
2011,12,52,Sally Shalam,1,2,0,4
2011,12,52,Rachel Dixon,1,112,3,46
2011,12,52,Rebecca Seales,1,11,0,6
2011,12,52,Tanya Gold,2,211,2,54
2011,12,52,Eric Brown,1,13,1,9
2011,12,52,Nicholas Wroe,1,60,2,13
2011,12,52,John Mullan,1,3,0,2
2011,12,52,Julia Donaldson,1,9,1,6
2011,12,52,Bernard Porter,1,17,0,5
2011,12,52,Colin Burrow,1,46,1,21
2011,12,52,Claire Tomalin,1,19,1,3
2011,12,52,Stefan Collini,1,14,1,23
2011,12,52,Rachel Cooke,1,8,0,5
2011,12,52,Robert Douglas-Fairhurst,1,25,1,25
2011,12,52,Hannah Booth,1,118,0,17
2011,12,52,Stephen Collins,1,13,0,0
2011,12,52,Fiona Beckett,1,0,0,1
2011,12,52,Dan Lepard,1,8,0,6
2011,12,52,Matthew Fort,1,0,0,0
2011,12,52,Yotam Ottolenghi,1,21,0,7
2011,12,52,John Ure,1,9,0,5
2011,12,52,Hugh Fearnley-Whittingstall,1,15,0,12
2011,12,52,John Lanchester,1,16,0,16
2011,12,52,Thomas Eaton,1,1,0,0
2011,12,52,Rosanna Greenstreet,1,76,1,19
2011,12,52,Tom Dyckhoff,1,66,0,14
2011,12,52,Alys Fowler,1,1,0,1
2011,12,52,Interview: Becky Barnicoat. Photograph: <a href="http://www.emilystein.co.uk/" title="">Emily Stein</a>,1,1,0,7
2011,12,52,Sali Hughes,1,10,0,10
2011,12,52,Thandie Newton,1,3,0,15
2011,12,52,Jane Perrone,1,8,0,11
2011,12,52,Tim Dowling,1,4,0,3
2011,12,52,Becky Barnicoat,1,8,0,33
2011,12,52,Craig Taylor. Photographs: Lydia Goldblatt for the Guardian,1,20,0,4
2011,12,52,Craig Taylor,1,356,4,66
2011,12,52,Julia&nbsp;Sweeney,1,92,2,17
2011,12,52,Araucaria,1,4,0,3
2011,12,52,Richard Vine &amp; Rebecca Nicholson,1,23,0,12
2011,12,52,Andrew Collins,1,0,0,11
2011,12,52,Peter Robinson,2,436,0,101
2011,12,52,Sam Richards,1,79,0,19
2011,12,52,Interview by Alexandra Topping,1,1,0,6
2011,12,52,Robert Clark,1,5,0,12
2011,12,52,John Fordham &amp; John Robinson,1,1,0,4
2011,12,52,Mark Cook &amp; Lyn Gardner,1,2,0,2
2011,12,52,Colette Bernhardt &amp; Teri Grenert,1,0,0,0
2011,12,52,James Kettle,1,4,0,3
2011,12,52,Johnny Dee,1,3,0,1
2011,12,52,Grace Dent,1,2,0,21
2011,12,52,The Guide,4,44,2,91
2011,12,52,Jon &amp; Mick/moderntoss.com,1,10,0,0
2011,12,52,Steve Rose &amp; Phelim O'Neill,1,2,0,6
2011,12,52,Robert Clark &amp; Skye Sherwin,1,1,0,5
2011,12,52,Matt Blease,1,2,0,0
2011,12,52,Steven Appleby,1,2,0,0
2011,12,52,John Patterson,1,37,1,12
2011,12,52,Patric Baird,1,16,0,5
2011,12,52,John Mitchell,1,16,0,5
2011,12,52,Sam Richards &amp; Marc Rowlands,1,16,0,5
2011,12,52,Interview by Nick McGrath,1,0,0,0
2011,12,52,Annalisa Barbieri,1,4,0,1
2011,12,52,Charles Boyle,1,50,1,22
2011,12,52,Meg Rosoff,1,37,0,7
2011,12,52,Jonathan Weiler,1,115,3,12
2011,12,52,Juliette Mitchell,1,51,0,15
2011,12,52,Bidisha,1,4,0,8
2011,12,52,Susanna Rustin,1,61,0,91
2011,12,52,Guardian staff,1,6,0,21
2011,12,52,Nicola Jennings,1,0,0,11
2011,12,52,Joe Berger,1,5,0,6
2011,12,52,Pascal Wyse,1,5,0,6
2011,12,52,Emily Gravett,1,782,5,132
2011,12,52,The Secret Footballer,1,24,2,23
2011,12,52,Mardean Isaac,1,87,0,29
2011,12,52,Jasmine Coleman,5,572,8,250
2011,12,52,Daniel Matthews for <a href="http://www.criticallegalthinking.com/" title="Critical Legal Thinking">Critical Legal Thinking</a>,1,26,2,42
2011,12,52,part of the <a href="http://www.guardian.co.uk/commentisfree/series/guardian-comment-network" title="Guardian Comment Network">Guardian Comment Network</a>,1,26,2,42
2011,12,52,Stephen Kelly,1,123,6,64
2011,12,52,Bim Adewunmi,1,110,1,43
2011,12,52,Tom Parfitt,1,537,13,158
2011,12,52,Richard Rae,1,0,0,3
2011,12,52,Nigeria,1,26,0,37
2011,12,52,Helen Seamons,1,4,0,25
2011,12,52,Alain de Botton,1,651,3,412
2011,12,52,Kate Abbott,1,29,0,36
2011,12,52,Butterfly Rainbow,1,0,0,9
2011,12,52,Wendy Berliner,1,4,0,1
2011,12,52,Sarah Widdup,1,7,0,18
2011,12,52,Claire Provost,1,228,3,45
2011,12,52,the Guardian Interactive team,1,228,3,45
2011,12,52,Ian Paulsen,1,2,3,19
2011,12,52,Peter Preston,1,15,0,31
2011,12,52,Roger Backhouse,1,483,10,130
2011,12,52,Bradley Bateman,1,483,10,130
2011,12,52,Richard Rae at Franklin's Gardens,1,1,0,3
2011,12,52,Jackie Ashley,1,6,0,56
2011,12,52,Simon Bagnall,1,6,0,10
2011,12,52,Nancy Briggs,1,1,0,11
2011,12,52,Nicholas C Fraser,1,4,0,11
2011,12,52,Caroline Mayow,1,1,0,15
2011,12,52,Pauline Etkin,1,46,0,33
2011,12,52,Leslie Plommer,1,4,0,15
2011,12,52,Shiv Malik,1,404,5,99
2011,12,52,Tim Hill,1,13,1,35
2011,12,52,John Dugdale,2,26,1,104
2011,12,52,Marina Hyde,2,12,0,7
2011,12,52,Julian Borger,1,4,0,9
2011,12,52,Johannesburg,1,473,8,195
2011,12,52,Mark Cocker,1,4,0,11
2011,12,52,Allegra Stratton,1,20,1,32
2011,12,52,Rob Bagchi,1,11,0,20
2011,12,52,Sarah Rundell,1,7,1,25
