year,month,week,name,articles,facebook,googleplus,twitter
2012,3,13,Fiona Harvey,6,2789,9,743
2012,3,13,Greg Wood,4,23,0,54
2012,3,13,Jason Burke,4,590,11,267
2012,3,13,Richard Norton-Taylor,6,244,7,188
2012,3,13,Helen Nugent,5,514,2,234
2012,3,13,Richard Luscombe,2,126,4,69
2012,3,13,Nicholas Watt,11,3859,16,1183
2012,3,13,Jeevan Vasagar,3,319,18,894
2012,3,13,Richard Wachman,4,15,0,62
2012,3,13,Presented by Alok Jha,1,47,5,48
2012,3,13,produced by Jason Phipps,2,50,5,53
2012,3,13,Martin Kelner,2,109,0,64
2012,3,13,Ben Quinn,2,383,3,269
2012,3,13,Press Association,139,4282,26,3430
2012,3,13,Andy Scott,1,20,0,44
2012,3,13,Staff,1,0,0,5
2012,3,13,agencies,15,5661,25,766
2012,3,13,Michael Aylwin,2,0,0,10
2012,3,13,Giles Richards at Sebring,1,5,0,10
2012,3,13,Afua Hirsch,7,315,5,224
2012,3,13,,6,2504,24,456
2012,3,13,Michael Solomon,5,17,0,55
2012,3,13,Hunter Felt,2,9,0,19
2012,3,13,Steve Busfield,7,108,1,70
2012,3,13,Adam Vaughan,7,952,15,670
2012,3,13,Nick Torday,1,3,0,22
2012,3,13,Charles Abugre,1,52,1,51
2012,3,13,Sarah Boseley,6,2066,16,367
2012,3,13,Toby Manhire,1,1440,5,164
2012,3,13,Associated Press,48,5511,136,2088
2012,3,13,Petra Wilton,1,0,0,20
2012,3,13,Rob Weatherhead,1,9,10,104
2012,3,13,Keith Stuart,10,86,1,467
2012,3,13,Judith Mackrell,3,404,6,115
2012,3,13,Data: Simon Rogers,1,3,1,42
2012,3,13,Graphics: Christine Oliver,1,3,1,42
2012,3,13,Gill Hitchcock,7,10,0,65
2012,3,13,Paul Ainsworth,1,13,0,29
2012,3,13,Helena Smith,3,26,1,50
2012,3,13,Charles Arthur,12,997,43,1570
2012,3,13,Ian McCourt,2,19,0,55
2012,3,13,Evan Fanning,4,28,1,131
2012,3,13,James Riach,1,17,0,40
2012,3,13,Angelique Chrisafis,9,1006,19,501
2012,3,13,Dick Vinegar,1,6,0,9
2012,3,13,Sade Laja,3,11,2,54
2012,3,13,GrrlScientist,22,2770,100,624
2012,3,13,Oliver Laughl,1,1764,16,160
2012,3,13,Phil Maynard,2,1837,16,209
2012,3,13,David Moses,1,0,0,8
2012,3,13,Paris Girl,1,1,0,14
2012,3,13,Bill Tidnam,1,11,0,37
2012,3,13,Sir Andrew Dillon,1,3,0,35
2012,3,13,Jon Henley,3,129,3,82
2012,3,13,Simon Burnton,4,128,3,171
2012,3,13,David Clark,2,34,3,42
2012,3,13,Nick Fletcher,32,174,3,443
2012,3,13,Phillip Inman,11,763,9,298
2012,3,13,Dan Milmo,12,772,1,538
2012,3,13,James Glazebrook,1,46,0,57
2012,3,13,Zoë Noble,1,46,0,57
2012,3,13,part of the <a href="http://www.guardian.co.uk/travel/series/guardian-travel-network" title="">Guardian Travel Network</a>,2,66,0,84
2012,3,13,Stuart Dredge,14,642,15,1504
2012,3,13,Cabinet Office Open Data Team,1,10,1,77
2012,3,13,Dan Silver,1,10,0,20
2012,3,13,Jeremy Kay,1,0,0,22
2012,3,13,Roy Greenslade,19,428,8,662
2012,3,13,Monkey,17,114,1,364
2012,3,13,Giles Fraser,1,5,0,4
2012,3,13,Bella Mackie,1,0,0,1
2012,3,13,Ingrid Moore,1,4,0,17
2012,3,13,Kate Abbott,2,210,0,105
2012,3,13,Paul Lewis,1,1017,14,399
2012,3,13,Kate Hodge,8,27,0,95
2012,3,13,Carol Rumens,1,37,1,39
2012,3,13,Rahna Reiko Rizzuto,1,266,0,40
2012,3,13,Cary Cooper,1,5,0,45
2012,3,13,Stephen Anderson,1,5,0,45
2012,3,13,Michael Cox,1,393,2,122
2012,3,13,Open thread,4,144,3,157
2012,3,13,Helen Jennings,1,220,0,62
2012,3,13,Jean-Louis Gassée,1,31,3,174
2012,3,13,Emma Graham-Harrison,2,133,1,68
2012,3,13,Simon Rogers,11,1776,66,1141
2012,3,13,Jill Papworth,2,19,0,37
2012,3,13,Corrections,6,1,0,8
2012,3,13,Giovanni Schiuma,1,97,0,64
2012,3,13,Hannah Waldram,2,0,0,7
2012,3,13,Laura Oliver,2,0,0,7
2012,3,13,Peter Walker,6,459,1,388
2012,3,13,John Plunkett,12,534,4,464
2012,3,13,Philip Reed,1,3,0,21
2012,3,13,Andrew Kemp,1,11,0,57
2012,3,13,Lyn Gardner,5,92,0,95
2012,3,13,Oliver Thring,2,83,1,114
2012,3,13,Julia Eccleshare,1,2,0,31
2012,3,13,Stuart Heritage,8,3321,23,863
2012,3,13,Ben Child,11,1769,10,879
2012,3,13,Polly Curtis,5,169,3,196
2012,3,13,Amanda Bancroft,1,134,0,147
2012,3,13,BT MyDonate,1,0,0,1
2012,3,13,Mark Sweney,20,864,10,937
2012,3,13,Clare Horton,6,77,0,27
2012,3,13,Terry Macalister,3,128,1,172
2012,3,13,Sam Jones,8,688,7,757
2012,3,13,James Ball,8,3238,19,1096
2012,3,13,Tom Bullough,1,24,2,19
2012,3,13,Tamasin Ford,2,6687,51,1461
2012,3,13,Bonnie Allen,2,6687,51,1461
2012,3,13,Chris Cook,8,64,0,58
2012,3,13,Josh Halliday,5,52,4,275
2012,3,13,Hannah Freeman,2,48,1,41
2012,3,13,Nesrine Malik,1,685,5,153
2012,3,13,James Walsh,5,1,0,37
2012,3,13,Lizzy Davies,8,798,8,440
2012,3,13,Paolo Bandini,4,128,0,142
2012,3,13,Michael Regnier,1,58,1,46
2012,3,13,Damian Carrington,6,4023,7,448
2012,3,13,Sean Michaels,8,2654,6,488
2012,3,13,Graham Parker,3,34,0,56
2012,3,13,Joe Prince-Wright,1,5,0,21
2012,3,13,David Brindle,1,2,0,7
2012,3,13,Anna Chesters,1,5,1,36
2012,3,13,Hélène Mulholland,12,908,14,1140
2012,3,13,political reporter,5,278,6,575
2012,3,13,Matt Trueman,4,91,0,122
2012,3,13,Sid Lowe,3,457,3,101
2012,3,13,Mark Tran,1,46,0,22
2012,3,13,Hilary Osborne,8,466,3,211
2012,3,13,Seamas Carey,1,2,0,16
2012,3,13,Martin Belam,2,80,0,45
2012,3,13,Steven Morris,7,595,4,598
2012,3,13,Michael White,5,26,0,84
2012,3,13,Owen Bowcott,7,270,8,396
2012,3,13,Jonathan Jones,13,1785,30,955
2012,3,13,John Harris,2,907,2,157
2012,3,13,<a href="http://theoldbatsman.blogspot.co.uk/" title="">The Old Batsman</a>,1,0,0,10
2012,3,13,part of the Guardian Sport Network,3,45,0,75
2012,3,13,Julia Kollewe,13,427,7,533
2012,3,13,Tom Meltzer,2,10,0,52
2012,3,13,Juliette Garside,6,166,8,481
2012,3,13,Severin Carrell,10,682,9,418
2012,3,13,Scotl,9,604,7,384
2012,3,13,Marcia Pally,1,19,2,13
2012,3,13,Will Hayler,16,4,0,147
2012,3,13,Alan Connor,2,4,0,24
2012,3,13,Dominic Rushe,17,2438,42,1183
2012,3,13,Adam Boult,4,25,0,98
2012,3,13,Costas Lapavitsas,1,335,8,54
2012,3,13,Guardian readers,6,419,2,144
2012,3,13,Martin Wainwright,14,765,5,991
2012,3,13,Dan Sabbagh,8,289,19,525
2012,3,13,Donald McRae,1,219,1,65
2012,3,13,laurenchildlover,1,0,0,14
2012,3,13,Melissa Davis for the <a href="http://www.guardian.co.uk/guardian-professional" title="Guardian Professional Network">Guardian Professional Network</a>,1,108,2,42
2012,3,13,Andy Beckett,2,133,6,71
2012,3,13,Diane Taylor,2,260,4,87
2012,3,13,Raphael Honigstein,1,5,0,21
2012,3,13,Ed Pilkington,2,380,5,72
2012,3,13,Missouri,1,369,5,61
2012,3,13,Henry Barnes,4,69,0,112
2012,3,13,Claire Provost,3,123,5,145
2012,3,13,Andrew Brown,2,112,0,107
2012,3,13,Patrick Wintour,11,4451,28,1478
2012,3,13,Omar Shahid,1,202,0,58
2012,3,13,Tim Jonze,2,1632,5,183
2012,3,13,Rebecca Nicholson,2,86,0,56
2012,3,13,World Business Council for Sustainable Development,2,24,0,28
2012,3,13,Amelia Hill,1,177,1,64
2012,3,13,Matthew Weaver,4,234,4,209
2012,3,13,David Smith,3,379,7,158
2012,3,13,Frédéric Filloux,1,13,3,89
2012,3,13,Peter Urwin,1,8,0,12
2012,3,13,Jean Hannah Edelstein,1,13,0,14
2012,3,13,Allan Jenkins,1,38,0,18
2012,3,13,Presented by Paul MacInnes,1,8,0,10
2012,3,13,produced by Iain Chambers,1,8,0,10
2012,3,13,Andrew Sparrow,6,404,8,648
2012,3,13,Vic Marks,4,34,0,41
2012,3,13,David Cox,1,103,1,38
2012,3,13,Kanika Gupta,1,0,0,0
2012,3,13,Michael Crick,1,6,0,15
2012,3,13,Nicola Adams,1,5,0,12
2012,3,13,Jill Insley,8,66,1,173
2012,3,13,Harriet Sherwood,1,72,2,59
2012,3,13,Valerie Hannah,1,329,3,63
2012,3,13,Simon Tisdall,2,314,0,48
2012,3,13,Sarah Crown,2,17,0,39
2012,3,13,Ewen MacAskill,6,76,3,136
2012,3,13,Paul Lester,5,250,0,106
2012,3,13,Larry Elliott,12,1101,10,580
2012,3,13,Marc Abrahams,1,634,0,142
2012,3,13,Ian Gittins,2,14,0,27
2012,3,13,Janet Ranganathan for the <a href="http://www.guardian.co.uk/guardian-professional" title="Guardian Professional Network">Guardian Professional Network</a>,1,23,2,58
2012,3,13,Lisa O'Carroll,4,52,3,299
2012,3,13,Dugald Baird,2,9,1,119
2012,3,13,Owen Gibson,3,320,1,138
2012,3,13,Michael Cragg,5,289,1,206
2012,3,13,Glenn Greenwald,1,483,4,225
2012,3,13,Acey Davies,1,71,1,38
2012,3,13,Alexis Petridis,3,718,4,159
2012,3,13,Neil Rose,1,25,1,65
2012,3,13,Ian Black,5,583,12,243
2012,3,13,Mark Lawson,4,819,8,215
2012,3,13,Ronald Bergan,2,21,1,55
2012,3,13,Jo Confino for the <a href="http://www.guardian.co.uk/guardian-professional" title="Guardian Professional Network">Guardian Professional Network</a>,2,67,0,43
2012,3,13,Joe Moran,1,27,0,14
2012,3,13,Graeme Wearden,5,454,9,625
2012,3,13,Nancy Groves,2,30,0,47
2012,3,13,Giles Tremlett,3,1798,17,327
2012,3,13,Interviews by Maddy Costa,1,13,0,4
2012,3,13,Andy Hunter,9,508,0,366
2012,3,13,Arundhati Roy,1,477,4,65
2012,3,13,Leo Benedictus,3,331,0,134
2012,3,13,Tom Clark,4,894,5,423
2012,3,13,Nils Pratley,9,71,3,173
2012,3,13,Paul Rees,5,40,0,43
2012,3,13,Louise Tickle,1,5,2,26
2012,3,13,Maddy Costa,2,48,1,28
2012,3,13,Robin Denselow,3,30,0,18
2012,3,13,Kevin O'Flynn,2,3721,22,577
2012,3,13,Jessica Shepherd,6,310,4,392
2012,3,13,Simon Goodley,5,14,0,109
2012,3,13,Roger Brown,1,26,0,98
2012,3,13,Elisabeth Mahoney,2,22,0,17
2012,3,13,Tina Beattie,1,35,3,19
2012,3,13,Tim Ashley,3,20,2,42
2012,3,13,Jill Treanor,15,178,3,226
2012,3,13,Mike Baker,1,8,0,39
2012,3,13,Andrew Clements,9,19,0,102
2012,3,13,Phil Beadle,1,90,0,93
2012,3,13,Jonathan Watts,2,831,18,319
2012,3,13,Juliette Jowit,6,1697,8,612
2012,3,13,Suzanne Goldenberg,6,1292,15,579
2012,3,13,Richard Vine,1,0,0,20
2012,3,13,Ali Catterall,3,0,0,45
2012,3,13,John Robinson,4,4,0,48
2012,3,13,Martin Skegg,4,0,0,53
2012,3,13,Hannah Verdier,1,0,0,20
2012,3,13,Mark King,5,33,0,175
2012,3,13,Patrick Barkham,5,476,9,411
2012,3,13,Lucy Mangan,3,309,3,160
2012,3,13,Peter Wilby,1,25,0,35
2012,3,13,Aditya Chakrabortty,1,387,5,170
2012,3,13,Michael Wolff,1,105,3,284
2012,3,13,Harriet Swain,1,69,1,80
2012,3,13,Jamie Jackson,4,602,1,191
2012,3,13,Amelia Gentleman,2,1187,6,172
2012,3,13,John Domokos,3,858,3,85
2012,3,13,Andy Wilson,9,77,0,107
2012,3,13,Robert Kitson,6,64,0,72
2012,3,13,Randeep Ramesh,6,600,2,477
2012,3,13,John Vallins,1,1,0,35
2012,3,13,Michele Hanson,1,35,0,36
2012,3,13,Hadley Freeman,3,935,2,192
2012,3,13,Joanna Moorhead,2,96,0,37
2012,3,13,Frieda Klotz,1,344,7,119
2012,3,13,Simon Hoggart,5,137,0,67
2012,3,13,Fiachra Gibbons,1,1191,6,141
2012,3,13,Edward Helmore,2,141,2,75
2012,3,13,Jonathan Steele,1,47,0,31
2012,3,13,Karen McVeigh,7,5358,20,194
2012,3,13,Steve Bell,7,166,3,133
2012,3,13,Felicity Lawrence,1,180,1,152
2012,3,13,Anthony Lloyd,1,6,0,12
2012,3,13,Tim Montgomerie,1,11,0,76
2012,3,13,Maggie Brown,2,13,0,53
2012,3,13,Paul Weaver,12,86,1,189
2012,3,13,Tom McCarthy,5,31,1,215
2012,3,13,Ewan Murray,5,84,0,75
2012,3,13,Hugh Muir,5,21,0,143
2012,3,13,Editorial,21,374,7,511
2012,3,13,David Hytner,6,336,0,419
2012,3,13,Sol Campbell,1,16,2,10
2012,3,13,John Crace,4,44,0,81
2012,3,13,Richard Williams,2,38,1,75
2012,3,13,Simon Bowers,6,122,0,141
2012,3,13,Dave Hill,3,12,0,63
2012,3,13,Polly Toynbee,2,1057,8,291
2012,3,13,Denis Campbell,2,180,0,75
2012,3,13,Agencies,4,1599,12,354
2012,3,13,Rob McCarthy,1,4,0,16
2012,3,13,David Levene,2,2855,13,193
2012,3,13,Elliot Smith,3,2993,13,234
2012,3,13,Morgan Giles,1,2850,13,185
2012,3,13,Miho Kajioka,1,2850,13,185
2012,3,13,Caspar van Vark,1,1,0,6
2012,3,13,Claire Kumar,1,61,0,23
2012,3,13,John Burn-Murdoch,2,85,3,125
2012,3,13,Eliza Anyangwe,4,103,6,201
2012,3,13,Sally Coates,1,2,0,5
2012,3,13,Rajeev Syal,11,860,16,576
2012,3,13,Melanie Henwood,1,6,0,16
2012,3,13,Barney Ronay,6,409,2,239
2012,3,13,Elaine Elkington,1,4,0,30
2012,3,13,Stephen Duckworth,1,24,0,19
2012,3,13,Liam Scott-Smith,1,0,0,8
2012,3,13,Priscilla Kwateng,1,35,1,31
2012,3,13,Trishit,5,2,2,41
2012,3,13,James Ross,1,40,2,29
2012,3,13,Ken Macfarlane,2,365,11,130
2012,3,13,David Mills,3,56,0,43
2012,3,13,Nick Loveland,1,9,0,27
2012,3,13,Mike Selvey,6,15,1,54
2012,3,13,Roger Sahota,1,96,0,51
2012,3,13,Ermintrude,1,12,0,16
2012,3,13,The Guardian,1,0,0,7
2012,3,13,Jessica Fuhl,3,52,0,80
2012,3,13,Norman Jopling,1,118,0,25
2012,3,13,Raziye Akkoc,4,3,0,4
2012,3,13,Patrick Collinson,9,239,1,244
2012,3,13,Michael Cox for <a href="http://www.zonalmarking.net/" title="">Zonal Marking</a>,1,33,0,44
2012,3,13,Tom Hodgkinson,1,5,0,6
2012,3,13,Martin Argles,1,26,0,9
2012,3,13,Ranjit Dhaliwal,1,26,0,9
2012,3,13,Caspar Llewellyn Smith,5,1542,3,240
2012,3,13,Sue Quinn,1,1858,7,308
2012,3,13,Josephine Moulds,4,23,1,91
2012,3,13,Hannah Pool,1,117,3,70
2012,3,13,Natalie Haynes,2,153,0,54
2012,3,13,Katie Allen,10,208,5,294
2012,3,13,Les Roopanarine,2,246,1,76
2012,3,13,Jon Boone,2,412,4,332
2012,3,13,Maev Kennedy,2,109,1,59
2012,3,13,Shirley Ayres,1,75,0,36
2012,3,13,Matt DeVries,1,357,4,57
2012,3,13,Laura Laker,2,32,1,134
2012,3,13,Zukiswa Wanner,1,16,0,36
2012,3,13,Royal Ballet,3,3193,8,113
2012,3,13,Guardian.co.uk,4,19,3,25
2012,3,13,Hari,2,4,0,61
2012,3,13,Jake,2,4,0,61
2012,3,13,Alison Flood,10,2059,43,1148
2012,3,13,David Conn,1,182,3,52
2012,3,13,Henry McDonald,8,419,6,242
2012,3,13,Kyle Peterson for the <a href="http://www.guardian.co.uk/guardian-professional" title="Guardian Professional Network">Guardian Professional Network</a>,1,16,0,10
2012,3,13,Tom Lutz,2,92,3,66
2012,3,13,Roger Tichborne,1,30,0,65
2012,3,13,Chris Underwood,1,30,0,65
2012,3,13,Zoe Jewell,1,30,0,65
2012,3,13,Adam Bienkov,1,30,0,65
2012,3,13,Martin Hoscik,1,30,0,65
2012,3,13,Darryl Chamberlain,1,30,0,65
2012,3,13,Tara Conlan,1,2,1,13
2012,3,13,Tom Hall,1,5,0,11
2012,3,13,Daniel Poulter,2,40,0,31
2012,3,13,Jonathan Wilson,1,58,0,61
2012,3,13,Rick Peters,2,273,5,83
2012,3,13,Interview by Chris Smith,2,5,0,24
2012,3,13,Ian Sample,5,1381,23,322
2012,3,13,Michael Hann,7,1834,6,286
2012,3,13,Mark Johnson,1,401,1,86
2012,3,13,Hamza Hendawi,1,65,0,13
2012,3,13,Maggie Michael,1,65,0,13
2012,3,13,Hannah Booth,2,201,2,99
2012,3,13,Chris Power,1,64,0,35
2012,3,13,Terence Stephenson,1,4,0,13
2012,3,13,Bill McKibben for <a href="http://grist.org/">Grist</a>,1,70,0,42
2012,3,13,part of the <a href="http://www.guardian.co.uk/environment/series/guardian-environment-network">Guardian Environment Network</a>,1,70,0,42
2012,3,13,Valentine,1,34,1,38
2012,3,13,Michael Spence,1,20,0,45
2012,3,13,Anna Arrowsmith,1,38,0,44
2012,3,13,Sarah Stevenson,1,22,0,15
2012,3,13,Alok Jha,1,96,1,50
2012,3,13,Jason Phipps,1,96,1,50
2012,3,13,Thom Hoffman,1,96,1,50
2012,3,13,Stuart Jeffries,3,1688,6,227
2012,3,13,Philippe Dagen,2,29,2,68
2012,3,13,Pierre Le Hir,1,31,3,85
2012,3,13,Connla Stokes,1,9,0,18
2012,3,13,Kate Hodal,5,528,12,208
2012,3,13,Ben Taylor,1,107,0,31
2012,3,13,Joëlle Stolz,1,29,0,11
2012,3,13,Haroon Siddique,8,673,6,445
2012,3,13,Alison Benjamin,1,830,5,80
2012,3,13,John Di Leo,2,15,0,23
2012,3,13,Fran Eaton,1,7,0,10
2012,3,13,Matt Gauntt,2,15,0,23
2012,3,13,Gretchen Lippitt,2,15,0,23
2012,3,13,Sam Pierce,2,15,0,23
2012,3,13,Mark Say,1,0,0,9
2012,3,13,James Schofield,1,7,0,27
2012,3,13,Robert Chesal,1,87,7,51
2012,3,13,Kate McCann,3,3,0,52
2012,3,13,ThePinkElephant,2,1,2,19
2012,3,13,Rachel Williams,1,52,0,45
2012,3,13,Charles Gant,1,9,0,19
2012,3,13,Peter Hetherington,1,45,2,37
2012,3,13,Phil Nicklin,1,2,0,42
2012,3,13,Joris Luyendijk,3,98,5,118
2012,3,13,Kat Keene Hogue,1,43,0,12
2012,3,13,Guardian,1,43,0,12
2012,3,13,Tania Branigan,5,502,26,449
2012,3,13,Anna-Claire Bevan,1,177,0,28
2012,3,13,Nick Cowen,4,25,2,151
2012,3,13,Faiza Shaheen,1,31,0,41
2012,3,13,Michael Mansfield,1,41,0,30
2012,3,13,David Walker,3,1,0,50
2012,3,13,Charles Stewart,1,114,2,34
2012,3,13,Dean Baker,1,58,2,32
2012,3,13,Michael Billington,6,404,2,142
2012,3,13,Paul Harris,3,9623,127,1310
2012,3,13,California,1,7372,80,647
2012,3,13,David Bridle,1,4,0,34
2012,3,13,Paul Owen,2,95,0,293
2012,3,13,Purple Unicorns (group member),5,1,0,31
2012,3,13,Nicholas Lezard,1,12,0,13
2012,3,13,Jenny Purt for the <a href="http://www.guardian.co.uk/guardian-professional" title="Guardian Professional Network">Guardian Professional Network</a>,2,48,1,87
2012,3,13,Leo Hickman,1,16,1,75
2012,3,13,Joe Jervis,6,0,0,0
2012,3,13,Aleks Krotoski,1,12,0,23
2012,3,13,Janet Snell,1,21,0,25
2012,3,13,Joshua Rozenberg,3,323,2,84
2012,3,13,Paul Doyle,6,1071,1,235
2012,3,13,Alex Needham,9,1138,6,398
2012,3,13,Naomi McAuliffe,1,300,0,92
2012,3,13,Xan Brooks,6,1017,2,289
2012,3,13,Kerry Eustice,1,17,1,46
2012,3,13,Abby Deveney,1,0,0,3
2012,3,13,Ben Dowell,2,34,0,57
2012,3,13,Dan Collyns,1,56,2,15
2012,3,13,Harry J Enten,2,71,1,39
2012,3,13,Jess Cartner-Morley,3,97,0,66
2012,3,13,Chris McGreal,4,270,5,97
2012,3,13,Rachel Stevenson,1,357,0,65
2012,3,13,Interview by Laura Barnett,1,10,0,19
2012,3,13,Terry Slavin for the <a href="http://www.guardian.co.uk/guardian-professional" title="Guardian Professional Network">Guardian Professional Network</a>,1,30,0,28
2012,3,13,Ryan Devereaux,6,2070,15,371
2012,3,13,Pierre Haski,1,12,0,7
2012,3,13,Heather Stewart,13,833,4,570
2012,3,13,Martin Kettle,3,83,0,66
2012,3,13,Peter Robinson,2,332,0,85
2012,3,13,Patrick Butler,1,194,0,57
2012,3,13,Ros Coward,1,32,1,22
2012,3,13,Rupert Neate,5,131,0,82
2012,3,13,Richard Seymour,1,47,0,46
2012,3,13,Julia Raeside,2,0,0,24
2012,3,13,Gwilym Mumford,2,1,0,30
2012,3,13,Ben Arnold,1,0,0,16
2012,3,13,Sara Ilyas,1,3,0,22
2012,3,13,Kate Murray,1,41,0,27
2012,3,13,Rian Evans,1,1,0,13
2012,3,13,Colin Horgan,2,209,0,52
2012,3,13,Simon Jenkins,3,268,3,129
2012,3,13,Harry Venning,1,12,0,5
2012,3,13,George Hall,1,11,0,17
2012,3,13,Kate Connolly,4,771,9,210
2012,3,13,Brian Logan,2,8,0,20
2012,3,13,Gabriel Dance,1,2,0,10
2012,3,13,Matt Williams,7,808,7,377
2012,3,13,Paul Evans,1,64,0,68
2012,3,13,As seen by Catherine Bennett,1,15,0,14
2012,3,13,John Fordham,4,21,1,69
2012,3,13,David Davis,1,44,0,26
2012,3,13,Ibrahim El Mayet,1,44,0,26
2012,3,13,Jo Tuckman,3,220,2,121
2012,3,13,Paul Doyle at Upton Park,1,2,0,12
2012,3,13,Paul Wilson at Ewood Park,1,5,0,11
2012,3,13,Richard Rae at the KC Stadium,1,15,0,10
2012,3,13,Ana Marie Cox,2,10,3,27
2012,3,13,Seumas Milne,1,328,3,152
2012,3,13,Kevin Powell,1,2945,3,295
2012,3,13,Sachin Nakrani,4,71,0,111
2012,3,13,Frank Keating,1,8,0,6
2012,3,13,Rob Smyth,3,800,2,256
2012,3,13,Conal Urquhart,3,1991,2,170
2012,3,13,Gary Younge,2,1286,5,202
2012,3,13,Richard Adams,1,4,0,57
2012,3,13,Julian Borger,3,1541,17,478
2012,3,13,Virginia Wallis,2,1,0,23
2012,3,13,Zammy Fairhurst,1,1,0,38
2012,3,13,Kirsty Kitchen,1,3,0,11
2012,3,13,Andrea Cornwall,1,1137,2,114
2012,3,13,Stephen Maher,1,2,0,14
2012,3,13,Anna Tims,2,32,1,29
2012,3,13,Luis Hernández Navarro,1,1894,20,101
2012,3,13,John Tizard,1,1,0,21
2012,3,13,Rob Bagchi,4,122,0,66
2012,3,13,Matthew Caines,4,73,0,158
2012,3,13,Debbie Andalo,2,14,0,49
2012,3,13,Mukesh Kapila,1,275,3,53
2012,3,13,Matt Ogborn for <a href="http://www.thesportcollective.com/" title="">The Sport Collective</a>,1,12,0,21
2012,3,13,Oswin Baker,1,8,0,17
2012,3,13,Housing Grunt,1,1,0,12
2012,3,13,Phil Hoad,1,52,2,76
2012,3,13,Jonas Schoenstein,1,26,0,29
2012,3,13,Liam Kelly,4,31,0,197
2012,3,13,Vidhya Alakeson,1,9,0,26
2012,3,13,Irel,3,41,0,66
2012,3,13,Simon Lee,1,0,0,0
2012,3,13,Jordan Bishop,2,100,0,55
2012,3,13,Dallas King,1,42,0,27
2012,3,13,Peter Beaumont,3,1542,15,344
2012,3,13,Kirsty Scott,1,57,0,54
2012,3,13,Jason Deans,4,107,2,101
2012,3,13,Francesca Panetta,2,94,2,174
2012,3,13,Shehani Fernando,3,107,1,113
2012,3,13,Peter Sale,2,70,0,59
2012,3,13,Annie Kelly,2,82,2,88
2012,3,13,Cathy Cross,1,63,1,112
2012,3,13,James Sanderson,1,270,0,53
2012,3,13,Graeme Atherton,1,15,0,12
2012,3,13,Jonathan Haynes,1,21,1,95
2012,3,13,Becky Malby,1,10,0,27
2012,3,13,Stephen Folwell,1,2,8,131
2012,3,13,Bob Fisher,1,7,0,10
2012,3,13,Vicky Frost,4,1587,18,221
2012,3,13,Tim Hayward,2,245,4,48
2012,3,13,Jo Best,3,2,0,19
2012,3,13,Michele Simon for the <a href="http://www.guardian.co.uk/guardian-professional" title="Guardian Professional Network">Guardian Professional Network</a>,1,11,1,22
2012,3,13,Heidi Stephens,2,193,0,96
2012,3,13,Paul Wilson,2,432,1,120
2012,3,13,Caroline Lucas,1,13,1,102
2012,3,13,Jim Giles,1,113,4,91
2012,3,13,Imogen Russell Williams,1,14,1,25
2012,3,13,Siobhain Butterworth,1,13,1,19
2012,3,13,Steven Hill,1,67,2,29
2012,3,13,Nick Hopkins,2,51,1,37
2012,3,13,Jaz Cummins,3,183,0,59
2012,3,13,Lucy Lamble,1,35,0,13
2012,3,13,Kim Causier,1,120,1,57
2012,3,13,Guardian staff,1,1437,6,129
2012,3,13,Tim Smedley,1,39,0,16
2012,3,13,Clar Ni Chonghaile,2,532,1,167
2012,3,13,Ivar Andersen,1,479,3,59
2012,3,13,Huma Qureshi,1,75,2,74
2012,3,13,agency,1,5,0,16
2012,3,13,Will Self,1,23,3,45
2012,3,13,Patrick Kingsley,2,338,3,76
2012,3,13,Paddy Allen,5,52,1,83
2012,3,13,Christine Oliver,1,6,1,5
2012,3,13,Jane Dudman,1,2,0,9
2012,3,13,Paul Haydon,1,527,6,109
2012,3,13,Saeed Kamali Dehghan,2,125,5,45
2012,3,13,John Elkington for the <a href="http://www.guardian.co.uk/guardian-professional" title="Guardian Professional Network">Guardian Professional Network</a>,1,32,3,18
2012,3,13,Alan Johnson,1,67,0,65
2012,3,13,Simon Hughes,1,67,0,65
2012,3,13,Ann Pettifor,1,67,0,65
2012,3,13,Len McCluskey,1,67,0,65
2012,3,13,Ian Birrell,2,383,1,202
2012,3,13,Nicholas Shaxson,1,67,0,65
2012,3,13,Ruth Lea,1,67,0,65
2012,3,13,Alison Garnham,1,67,0,65
2012,3,13,Stuart Fraser,1,67,0,65
2012,3,13,Anna Bird,1,67,0,65
2012,3,13,Lisa Evans,3,739,1,107
2012,3,13,Lisa Bachelor,2,5,1,17
2012,3,13,Graeme Cooke,1,19,1,36
2012,3,13,Rob Evans,1,5,2,14
2012,3,13,Hugo Williams,2,181,2,44
2012,3,13,Henrietta Williams,1,85,0,13
2012,3,13,Matthew Draycott,1,106,2,64
2012,3,13,Guardian Government Computing,3,6,0,28
2012,3,13,Will Nichols for <a href="http://www.businessgreen.com">BusinessGreen</a>,1,20,0,77
2012,3,13,part of the <a href="http://www.guardian.co.uk/environment/network" title="Guardian Environment Network">Guardian Environment Network</a>,1,20,0,77
2012,3,13,Ruth Padel,1,85,0,68
2012,3,13,Mark Brown,1,145,0,64
2012,3,13,Alex Aldridge,1,21,0,23
2012,3,13,Hannah Fearn,1,4,0,14
2012,3,13,Presented by Tom Clark,1,17,0,15
2012,3,13,produced by Phil Maynard,1,17,0,15
2012,3,13,Peter Quinn,1,4,0,19
2012,3,13,Interview by <strong>Laura Barnett</strong>,1,34,0,64
2012,3,13,Paul Nettleton,1,0,0,25
2012,3,13,Miles Brignall,9,344,3,276
2012,3,13,Angela Hartnett,1,6,0,10
2012,3,13,Ruth Spencer,3,91,5,104
2012,3,13,Brian Braiker,1,12,3,65
2012,3,13,The Observer,1,136,0,27
2012,3,13,Rupert Jones,3,64,1,77
2012,3,13,blackskua,1,0,0,3
2012,3,13,Stephen Thomas,1,130,1,47
2012,3,13,Dan Catt,2,10,7,168
2012,3,13,Alan Sykes,1,55,0,43
2012,3,13,Martin Belam &amp; Lynsey Smyth,1,6,0,96
2012,3,13,Chris Fenn,1,60,1,42
2012,3,13,Andy Gallagher,4,219,1,126
2012,3,13,Alice Salfield,1,60,1,42
2012,3,13,Interview by Sarah Phillips,1,59,3,41
2012,3,13,Paul Dossett,1,1,0,2
2012,3,13,Susie Cagle,1,225,3,61
2012,3,13,Guardian social care network,1,0,0,3
2012,3,13,Grainia Long,1,4,0,20
2012,3,13,Caroline Fiennes for the <a href="http://www.guardian.co.uk/guardian-professional" title="Guardian Professional Network">Guardian Professional Network</a>,1,24,1,41
2012,3,13,Malu Halasa,1,146,0,22
2012,3,13,Alastair,1,4,0,2
2012,3,13,Christopher,1,4,0,2
2012,3,13,Keith Cuninghame,1,4,0,2
2012,3,13,Emine Saner,1,72,0,46
2012,3,13,Mathilda Gregory,1,153,0,35
2012,3,13,Guardian US,1,0,0,1
2012,3,13,Simon Chilvers,2,43,0,75
2012,3,13,Steve Boxer,2,20,0,82
2012,3,13,guardian.co.uk,2,750,1,127
2012,3,13,Sanjoy Roy,1,9,0,3
2012,3,13,Graeme Virtue,1,6,0,17
2012,3,13,Alfred Hickling,2,95,0,18
2012,3,13,Andy Hamilton,1,10,0,19
2012,3,13,Stephanie Merritt,2,20,0,37
2012,3,13,San Diego,1,128,4,16
2012,3,13,Uma,1,0,0,7
2012,3,13,Desh,1,0,0,7
2012,3,13,aged 5,1,0,0,7
2012,3,13,Megh,1,0,0,7
2012,3,13,aged 4,2,71,0,21
2012,3,13,John Francis Lane,1,285,0,42
2012,3,13,Brad Gagnon,1,8,0,7
2012,3,13,Rebecca Smithers,4,607,1,168
2012,3,13,Richard Wachmann,1,1,0,10
2012,3,13,Steven Bloor,2,9,0,96
2012,3,13,Jonathan Turley,1,46,0,17
2012,3,13,Suzanne Moore,1,96,0,57
2012,3,13,Kira Cochrane,1,1585,5,154
2012,3,13,Esther Addley,2,1628,6,186
2012,3,13,Sarah Phillips,3,1594,5,177
2012,3,13,Phelim O'Neill,4,32,0,54
2012,3,13,Jonathan Wright,2,1,0,22
2012,3,13,Andrew Mueller,2,1,0,22
2012,3,13,Sam Richards,2,29,0,21
2012,3,13,Laura Barnett,3,55,1,79
2012,3,13,Graham Snowdon,2,44,0,67
2012,3,13,Zoe Williams,3,254,2,181
2012,3,13,Ian Traynor,3,976,7,196
2012,3,13,Rodrigo Camarena,1,33,0,17
2012,3,13,David Meyer,1,188,1,40
2012,3,13,Ray Collier,1,6,0,49
2012,3,13,By <a href="http://www.irinnews.org/" title="">Irin</a>,1,27,0,31
2012,3,13,part of the <a href="http://www.guardian.co.uk/global-development/series/guardian-development-network" title="">Guardian development network</a>,1,27,0,31
2012,3,13,Jonathan Freedland,2,754,1,214
2012,3,13,Scott Murray,8,162,1,338
2012,3,13,Jamie Jackson at the Etihad Stadium,1,10,0,32
2012,3,13,David Hytner at White Hart Lane,1,1,0,15
2012,3,13,Andy Hunter at Goodison Park,1,29,2,42
2012,3,13,Sam Wollaston,5,48,0,112
2012,3,13,Daniel Taylor at the Etihad Stadium,1,14,0,56
2012,3,13,Paul Doyle at Loftus Road,2,177,0,67
2012,3,13,Steve Rose,4,97,0,123
2012,3,13,Sadhbh Walshe,1,151,1,45
2012,3,13,Marina Hyde,5,894,8,536
2012,3,13,Ian Malin,2,1,0,10
2012,3,13,Martin Rowson,3,256,2,118
2012,3,13,Felicity Cloake,1,257,2,84
2012,3,13,Richard Williams at Etihad Stadium,1,46,0,30
2012,3,13,Jamie Jackson at Etihad Stadium,1,38,0,44
2012,3,13,Phoebe Greenwood,2,216,3,49
2012,3,13,Alison Rourke,1,14,0,34
2012,3,13,Dan Sutch,1,6,0,34
2012,3,13,Warren Murray,1,297,1,351
2012,3,13,Barry Neild,7,3533,24,924
2012,3,13,Ed Cox,1,0,0,23
2012,3,13,Christopher Reed,1,6,0,9
2012,3,13,Nabila Ramdani,1,71,1,24
2012,3,13,Sam Counsell,1,14,0,44
2012,3,13,Madeleine Starr,1,17,0,26
2012,3,13,Sir Merrick Cockell,1,2,0,7
2012,3,13,Simon Birch,1,0,0,0
2012,3,13,Gerard Woodward,1,22,0,14
2012,3,13,Jon Ronson,1,405,10,175
2012,3,13,Ed Howker,1,166,0,70
2012,3,13,Stefano Goodman,1,20,0,52
2012,3,13,Maureen Johnson,1,73,0,49
2012,3,13,Jessica Reed,1,73,0,49
2012,3,13,Mohammad Ali Shabani,1,83,3,20
2012,3,13,Hilton Dawson,1,18,0,17
2012,3,13,Ben Kape,1,112,0,32
2012,3,13,Noah Payne-Frank,1,112,0,32
2012,3,13,Robert Hardy,1,12,0,6
2012,3,13,Kevin Featherstone,1,156,0,61
2012,3,13,Abdel-Rahman Hussein,1,108,3,34
2012,3,13,Kate Gould,1,25,0,29
2012,3,13,Martin Robbins,1,274,4,48
2012,3,13,Brendan Sarsfield,1,0,0,22
2012,3,13,Andrew Dickson,2,16,0,9
2012,3,13,Dai Hudd,1,2,0,6
2012,3,13,Ben &amp; Jerry's,1,0,0,11
2012,3,13,Invisible Woman,1,6,0,31
2012,3,13,Wayne Hemingway,1,340,0,183
2012,3,13,Alex von Tunzelmann,1,20,0,18
2012,3,13,Robin Alfred for the <a href="http://www.guardian.co.uk/guardian-professional" title="Guardian Professional Network">Guardian Professional Network</a>,1,73,1,24
2012,3,13,Presented by Jason Solomons with Xan Brooks,1,3,0,5
2012,3,13,Dylan Kneale,1,7,0,2
2012,3,13,Penny Sarchet,1,51,0,36
2012,3,13,Angus,1,71,0,14
2012,3,13,Isobel,1,71,0,14
2012,3,13,Daniel Kalder,1,18,1,30
2012,3,13,Matt Daniels for <a href="http://mumbaiboss.com/" title="">Mumbai Boss</a>,1,20,0,27
2012,3,13,Nevada,1,238,2,92
2012,3,13,Philip Landau,1,35,0,12
2012,3,13,Jon Dennis,2,15,0,33
2012,3,13,Caron Bradshaw,1,3,0,10
2012,3,13,Rowan Moore,2,67,1,66
2012,3,13,Jessie Cave,1,110,0,70
2012,3,13,Sam Jordison,3,422,5,148
2012,3,13,Liz Ford,1,109,3,59
2012,3,13,Roger Tooth,1,31,3,49
2012,3,13,Linda Thomas,1,1,0,10
2012,3,13,Rhian Green,1,1,0,10
2012,3,13,Nick Mundy,1,8,0,9
2012,3,13,Paul Guest,1,15,0,18
2012,3,13,Tania Coke,1,32,1,16
2012,3,13,Patrick Chovanec,1,31,5,50
2012,3,13,Andrew Batson,1,31,5,50
2012,3,13,Jack Schofield,1,11,0,50
2012,3,13,Skye Sherwin,2,92,0,31
2012,3,13,Lucy Fry,1,265,4,92
2012,3,13,Sean Smith,1,21,0,33
2012,3,13,Orcacrazy,1,0,0,9
2012,3,13,Paul MacInnes,2,6,0,20
2012,3,13,Brian Kellett,1,71,2,29
2012,3,13,Guardian healthcare network,1,3,0,8
2012,3,13,Naomi Wolf,1,772,12,113
2012,3,13,Maseeh Rahman,1,9,0,18
2012,3,13,Mark Samuels,1,0,1,17
2012,3,13,Peter Bradshaw,4,494,6,168
2012,3,13,Guita Rezakhanlou,1,167,2,15
2012,3,13,Naveed Ahmad,1,26,0,151
2012,3,13,Justin McCurry,3,90,1,168
2012,3,13,Malawi,1,45,0,20
2012,3,13,Sally Sheldon,1,58,0,40
2012,3,13,Catharine Haines,1,0,0,7
2012,3,13,Presented by James Richardson,2,56,2,22
2012,3,13,Produced by Iain Chambers,1,28,1,10
2012,3,13,Amy Lawrence,2,23,0,89
2012,3,13,DD Guttenplan,1,9,1,8
2012,3,13,Alix Green,1,0,0,6
2012,3,13,Brian Moylan,2,43,1,41
2012,3,13,Richard Murphy,1,30,1,34
2012,3,13,Maria McCaffery,1,4,0,47
2012,3,13,Bill Baue for the <a href="http://www.guardian.co.uk/guardian-professional" title="Guardian Professional Network">Guardian Professional Network</a>,1,8,0,37
2012,3,13,Graham Hayday,1,11,0,35
2012,3,13,Julian Baggini,2,2614,24,269
2012,3,13,Andrew Pulver,1,108,0,50
2012,3,13,Mark Weisbrot,1,244,13,51
2012,3,13,Philip Hoare,1,167,0,77
2012,3,13,Alan Travis,2,484,0,166
2012,3,13,Amanda Michel,1,104,2,58
2012,3,13,Simon Critchley,1,196,5,66
2012,3,13,Anna Conrad,3,157,1,157
2012,3,13,Luke Bainbridge,1,480,0,33
2012,3,13,Helen Meany,1,24,0,10
2012,3,13,Glenys Kinnock,1,48,2,31
2012,3,13,Amy Goodman,1,354,5,58
2012,3,13,David Stubbs,3,19,0,79
2012,3,13,John Patterson,2,230,0,24
2012,3,13,Richard King,1,2271,4,267
2012,3,13,Hélène Mulholl,1,17,0,11
2012,3,13,Catherine Shoard,1,64,3,34
2012,3,13,Christine Smith,1,9,0,56
2012,3,13,Amy Green,2,157,1,63
2012,3,13,Lawrence Donegan,1,3,0,16
2012,3,13,Dave Simpson,2,60,0,26
2012,3,13,Caroline Sullivan,2,1,0,16
2012,3,13,Sean Ingle,2,19,0,56
2012,3,13,Tom Hughes,1,16,0,8
2012,3,13,Steven Poole,1,1,0,14
2012,3,13,Harry Pearson,1,14,0,9
2012,3,13,James Richardson,1,41,0,37
2012,3,13,Matt Hall,1,41,0,37
2012,3,13,Shiv Malik,2,484,4,98
2012,3,13,Florida,1,101,1,58
2012,3,13,Andrew Forrest,1,9,0,42
2012,3,13,Tim Hipperson,1,42,4,82
2012,3,13,Mark O'Brien,1,30,0,35
2012,3,13,Stuart O'Connor,1,71,0,19
2012,3,13,Janette Owen,1,71,0,19
2012,3,13,Stephen Brookes,1,2,0,6
2012,3,13,Garry Blight,1,964,34,339
2012,3,13,Guardian Research Department,1,964,34,339
2012,3,13,Luke Jennings,3,589,0,116
2012,3,13,Gillian Slovo,2,32,0,46
2012,3,13,Nicola Hughes,1,62,0,18
2012,3,13,Mark Wilding,1,4,1,22
2012,3,13,Julian Bell,1,13,0,26
2012,3,13,Kelly Hierons,1,8,0,16
2012,3,13,Andy Morgan,1,137,1,16
2012,3,13,Glyn Gaskarth,1,8,0,8
2012,3,13,Councillor David Perry,1,1,0,5
2012,3,13,Vicky Pope,1,549,23,326
2012,3,13,Harry White,1,96,0,19
2012,3,13,Gloria Nicol,1,3,0,11
2012,3,13,Rachel Platt,1,27,0,36
2012,3,13,Kevin Gould,2,298,0,91
2012,3,13,Sali Hughes,2,21,0,23
2012,3,13,Nat Saunders,1,16,0,18
2012,3,13,Thomas Hoblyn,1,3,0,28
2012,3,13,Mark McCormick,1,12,0,11
2012,3,13,Tim Maby,1,12,0,11
2012,3,13,SABMiller,1,7,2,24
2012,3,13,the Royal Ballet,1,750,1,123
2012,3,13,YouTube,1,750,1,123
2012,3,13,John Prescott,1,9,2,35
2012,3,13,Claire Armitstead,1,4,0,26
2012,3,13,Nye Wright,1,78,0,19
2012,3,13,Helienne Lindvall,1,35,0,40
2012,3,13,Maggoty Lamb,1,28,0,37
2012,3,13,Nick Micinski,1,0,0,0
2012,3,13,Jonathan Richards,1,45,0,25
2012,3,13,Pete Brown,1,426,2,172
2012,3,13,Sam Chaudhary,1,51,1,34
2012,3,13,Charlie10,1,0,0,8
2012,3,13,Daniel Bettridge,1,33,0,13
2012,3,13,SA Mathieson,1,1,2,11
2012,3,13,Karl Wilding,1,7,0,18
2012,3,13,James Dart,1,6,0,13
2012,3,13,John Lewis,1,24,1,58
2012,3,13,Charlotte Higgins,3,235,1,172
2012,3,13,chief arts writer,2,155,0,139
2012,3,13,guardian.co.uk/music,1,41,0,26
2012,3,13,Melody Hossaini,1,0,0,0
2012,3,13,Presented by John Plunkett,1,1,1,24
2012,3,13,Produced by Jason Phipps,1,1,1,24
2012,3,13,with Dan Sabbagh,1,1,1,24
2012,3,13,Wayne Gooderham,1,4,0,10
2012,3,13,Andy Ward,1,85,0,87
2012,3,13,David Lacey,1,37,3,39
2012,3,13,Simon Zadek for the <a href="http://www.guardian.co.uk/guardian-professional" title="Guardian Professional Network">Guardian Professional Network</a>,1,11,0,25
2012,3,13,Rupert Sawyer,1,6,0,20
2012,3,13,Ami Sedghi,3,129,8,226
2012,3,13,Robbie Williams,1,32,0,19
2012,3,13,Bei Ling,1,34,3,50
2012,3,13,Karel Williams,1,25,0,31
2012,3,13,Les Reid,1,8,0,39
2012,3,13,Cory Doctorow,1,121,24,101
2012,3,13,Natalie Ferris,1,179,0,54
2012,3,13,Vaudine Engl,2,232,5,37
2012,3,13,in Hong Kong,2,232,5,37
2012,3,13,Adam Goldman,1,360,20,60
2012,3,13,Matt Apuzzo,1,360,20,60
2012,3,13,Mehrezia Labidi,1,221,0,51
2012,3,13,Alex Healey,1,15,0,25
2012,3,13,Richard Vize,1,2,0,8
2012,3,13,SuperCellaBella,1,1,0,7
2012,3,13,Edward Pearce,1,20,0,11
2012,3,13,Stephen Applebaum,1,40,0,19
2012,3,13,Matthew Yeomans for the <a href="http://www.guardian.co.uk/guardian-professional" title="Guardian Professional Network">Guardian Professional Network</a>,1,3,0,10
2012,3,13,Elizabeth Dowler,1,0,0,9
2012,3,13,Gill Ducker,1,3,0,22
2012,3,13,Hannah Roberts,1,0,0,11
2012,3,13,Michael Amherst,1,85,0,43
2012,3,13,Celeste Hicks,2,71,3,88
2012,3,13,Presented by Alexis Petridis,1,167,0,52
2012,3,13,Kieran Yates. Produced by Pascal Wyse,1,167,0,52
2012,3,13,Alistair Smith,1,0,0,15
2012,3,13,Dana Lone Hill,1,169,0,18
2012,3,13,Dr Mark Zezza,1,4,0,21
2012,3,13,Monica Mark,1,688,8,77
2012,3,13,Sarah Ditum,1,44,0,158
2012,3,13,Billy Mills,1,28,0,9
2012,3,13,Rhiannon Edwards,1,16,0,48
2012,3,13,Sam Teimao,2,20,0,0
2012,3,13,Rachel Truman,1,0,0,0
2012,3,13,Rachael Oakden,1,21,0,17
2012,3,13,Dixe Wills,1,26,0,4
2012,3,13,Nicola Smith,1,3,0,2
2012,3,13,Joanna Simmons,1,37,0,8
2012,3,13,Paul Hamilos,1,62,0,78
2012,3,13,Tom Dyckhoff,1,47,0,20
2012,3,13,The Noise Deli,1,2,0,1
2012,3,13,Julie Bindel,1,105,0,27
2012,3,13,Jessica Edwards,1,30,0,33
2012,3,13,Tim Dowling,3,79,0,37
2012,3,13,Richard Eyre,1,1458,4,50
2012,3,13,Andrew Collins,1,6,0,15
2012,3,13,Ben Schiller for the <a href="http://www.guardian.co.uk/guardian-professional" title="Guardian Professional Network">Guardian Professional Network</a>,1,55,1,79
2012,3,13,Stylist: Ellie Lines,1,3,0,14
2012,3,13,Kim Catcheside,1,22,2,69
2012,3,13,Eve Gani,1,59,0,27
2012,3,13,Corrinne Burns,1,150,1,44
2012,3,13,Betty Clarke,1,1,0,10
2012,3,13,Greg Wood at Lingfield,1,0,0,6
2012,3,13,John Hooper,1,70,1,26
2012,3,13,William Poundstone,1,1063,46,475
2012,3,13,Martin Farrer,1,15,1,86
2012,3,13,Helen Pidd,1,24,0,19
2012,3,13,Ellie Mae O'Hagan,1,67,0,76
2012,3,13,Eoin Lettice,1,68,2,65
2012,3,13,Liz Williams,1,70,5,58
2012,3,13,Sandra Laville,2,520,1,262
2012,3,13,Robert Skidelsky,1,204,1,81
2012,3,13,Heather Hurlburt,1,82,1,43
2012,3,13,Derek Niemann,1,8,0,35
2012,3,13,Interview by Susanna Rustin,1,11,0,61
2012,3,13,Interview by Raziye Akkoc,1,0,0,7
2012,3,13,Ian Jack,1,28,2,36
2012,3,13,Gabrielle Gurley,1,20,1,20
2012,3,13,Deborah Orr,3,57,3,95
2012,3,13,Mike Averis at Sixways,1,0,0,6
2012,3,13,Paul Simons,1,7,0,36
2012,3,13,Robert Hanks,1,136,2,42
2012,3,13,Thomas Roueché,1,33,0,26
2012,3,13,Fiona MacCarthy,1,294,4,55
2012,3,13,Alev Scott,2,124,1,25
2012,3,13,Thomas Penn,1,49,1,4
2012,3,13,Annabelle Thorpe,1,22,0,7
2012,3,13,Michael Hornsby,1,31,0,23
2012,3,13,Kathryn Tomasetti,1,170,0,42
2012,3,13,Tristan Rutherford,1,170,0,42
2012,3,13,Rachel Dixon,1,97,0,37
2012,3,13,Ian McEwan,1,1035,45,356
2012,3,13,John Mullan,2,4,0,12
2012,3,13,James Campbell,1,24,0,15
2012,3,13,Kamila Shamsie,1,30,0,13
2012,3,13,Stephen Smith,1,29,4,16
2012,3,13,Clare Clark,1,15,0,7
2012,3,13,Colin Greenland,1,5,0,2
2012,3,13,Kathryn Hughes,1,10,0,4
2012,3,13,Rosemary Hill,1,5,0,5
2012,3,13,Jenn Ashworth,1,8,0,4
2012,3,13,Amit Chaudhuri,1,24,0,7
2012,3,13,Kate Saunders,1,2,0,3
2012,3,13,Aingeal Clare,1,7,0,5
2012,3,13,John O'Connell,1,25,0,16
2012,3,13,Patrick Ness,1,4,0,8
2012,3,13,Peter Carey,1,95,0,17
2012,3,13,Alys Fowler,2,16,0,4
2012,3,13,Becky Barnicoat. Portrait by <a href="http://emilystein.com" title="">Emily Stein</a>,1,7,0,1
2012,3,13,Oliver Burkeman,1,75,3,57
2012,3,13,Jane Perrone,1,5,0,4
2012,3,13,undefined,1,18,0,0
2012,3,13,Neil Forsyth,1,2333,24,212
2012,3,13,Emma Brockes,1,122,2,67
2012,3,13,Anonymous,1,9,0,16
2012,3,13,Yotam Ottolenghi,1,72,2,6
2012,3,13,Fiona Beckett,1,18,0,14
2012,3,13,Hugh Fearnley-Whittingstall,1,99,2,10
2012,3,13,Dan Lepard,1,163,2,33
2012,3,13,John Lanchester,1,8,0,24
2012,3,13,Rosanna Greenstreet,1,9,0,12
2012,3,13,<a href="http://www.stevencallahan.net/" title="">Steven Callahan</a>,1,21,0,14
2012,3,13,Gok Wan,1,7,0,4
2012,3,13,Thomas Eaton,1,0,0,0
2012,3,13,As told to Mark King,1,4,0,4
2012,3,13,Jeremy Bullmore,1,1,0,1
2012,3,13,Joanne Christie,1,2,0,9
2012,3,13,Louise Murray,1,185,3,64
2012,3,13,Leonard Barden,1,3,0,3
2012,3,13,The Secret Footballer,1,18,1,31
2012,3,13,Jonathan Bernstein,1,73,1,57
2012,3,13,Sam Wolfson,1,774,1,165
2012,3,13,Rich Pelley,1,3,0,11
2012,3,13,Simon Hattenstone,1,64,0,39
2012,3,13,Juliet Rix,1,132,0,12
2012,3,13,The Guide,2,0,0,4
2012,3,13,James Kettle,1,4,0,7
2012,3,13,Johnny Dee,1,0,0,0
2012,3,13,Hannah J Davies,1,2,0,20
2012,3,13,Tony Naylor,1,256,4,38
2012,3,13,Charlotte Raven,1,253,1,94
2012,3,13,Steven Appleby,1,0,0,0
2012,3,13,Annalisa Barbieri,1,7,0,6
2012,3,13,Charlie Condou,1,8,0,4
2012,3,13,Charlotte Moore,1,266,1,64
2012,3,13,Nick Duerden,1,292,2,90
2012,3,13,Sian Rowe,1,6,0,3
2012,3,13,Martin Horsfield &amp; Richard Vine,1,0,0,4
2012,3,13,Issy Sampson,1,15,0,6
2012,3,13,Patric Baird,1,1,0,3
2012,3,13,John Mitchell,1,1,0,3
2012,3,13,Sam Richards &amp; Marc Rowlands,1,1,0,3
2012,3,13,Sarah Deen,1,11,0,29
2012,3,13,Iain Aitch &amp; Colette Bernhardt,1,11,0,29
2012,3,13,John Fordham &amp; Andrew Clements,1,4,0,11
2012,3,13,Mark Cook,1,22,0,7
2012,3,13,Lyn Gardner &amp; Judith Mackrell,1,22,0,7
2012,3,13,Nick Gillett,1,2,0,36
2012,3,13,Robert Clark &amp; Skye Sherwin,2,21,4,35
2012,3,13,Jon &amp; Mick/moderntoss.com,1,10,0,4
2012,3,13,Grace Dent,1,3,0,17
2012,3,13,Nicola Jennings,1,0,0,8
2012,3,13,Joe Berger &amp; Pascal Wyse,1,1,0,10
2012,3,13,Alexandra Taylor,1,45,0,22
2012,3,13,pinkbookworm,1,14,2,13
2012,3,13,Daniel Bear,1,14,1,16
2012,3,13,Johannes Rieken,1,14,1,16
2012,3,13,Madeleine Bunting,1,7,0,2
2012,3,13,Tjala,2,13,0,27
2012,3,13,Nicola,1,0,0,7
2012,3,13,Francis,1,0,0,7
2012,3,13,aged 6,1,0,0,7
2012,3,13,Massachusetts,1,2134,43,579
2012,3,13,Tom Jenkins,2,143,2,56
2012,3,13,Peter Sale &amp; Jonny Weeks,1,127,2,29
2012,3,13,James Randerson,2,307,0,305
2012,3,13,David Hytner at Stamford Bridge,1,13,0,36
2012,3,13,Ian Katz,1,31,0,17
2012,3,13,Eva Wiseman,3,1141,20,288
2012,3,13,Scott Anthony,1,0,0,4
2012,3,13,Richard Rae at Carrow Road,4,26,0,42
2012,3,13,Paul Doyle at Anfield,3,473,0,146
2012,3,13,Paul Wilson at the Reebok Stadium,2,2,0,21
2012,3,13,Amy Lawrence at the Emirates Stadium,1,12,0,53
2012,3,13,Andrew Gwilym at the Liberty Stadium,1,7,0,16
2012,3,13,Ewan Murray at Rugby Park,1,2,0,4
2012,3,13,Mike Averis at Kingsholm,2,7,0,11
2012,3,13,John Ashdown at The Den,1,7,0,18
2012,3,13,Paul Rees at The Stoop,2,0,0,9
2012,3,13,Kim Willsher,2,69,1,67
2012,3,13,Christian Adofo,1,4,0,2
2012,3,13,Nial Briggs,1,1,0,7
2012,3,13,Joe Lovejoy at the Britannia Stadium,3,112,0,79
2012,3,13,produced by Ben Green,2,34,1,20
2012,3,13,Andrew Rawnsley,1,34,0,28
2012,3,13,Will Hutton,1,725,3,192
2012,3,13,Daniel Boffey,5,1853,13,559
2012,3,13,Tracy McVeigh,4,418,18,143
2012,3,13,Toby Helm,4,1151,7,458
2012,3,13,Jamie Doward,5,1524,10,471
2012,3,13,Richard Williams at Stamford Bridge,1,4,0,25
2012,3,13,Daniel Taylor at the Reebok Stadium,1,18,0,19
2012,3,13,Russel Arnold,1,0,0,5
2012,3,13,Joe Lovejoy at Britannia Stadium,1,80,0,76
2012,3,13,Cameron Robertson,1,444,1,83
2012,3,13,Observer Sport staff,1,1,0,18
2012,3,13,David James,1,22,0,30
2012,3,13,Margaret Dibben,3,0,0,2
2012,3,13,Daniel Taylor,1,411,5,169
2012,3,13,Dean Ryan,1,0,0,6
2012,3,13,Vanessa Thorpe,4,84,1,101
2012,3,13,arts,3,59,1,98
2012,3,13,Daisy Hay,1,0,1,3
2012,3,13,Dalya Alberge,1,42,0,17
2012,3,13,<a href=" http://ogilvynotes.com/49790/sxsw-2012">Ogilvynotes</a>,1,12,0,37
2012,3,13,Robert McCrum,2,285,0,39
2012,3,13,Jonathan Beckman,1,8,1,2
2012,3,13,Hermione Hoby,3,715,3,158
2012,3,13,Elizabeth Day,2,117,0,44
2012,3,13,Peter Preston,3,23,1,148
2012,3,13,Robin McKie,3,2888,22,225
2012,3,13,Nick Cohen,1,212,0,36
2012,3,13,Dan Pearson,1,4,0,14
2012,3,13,Killian Fox,4,715,6,129
2012,3,13,Rachel Cooke,1,32,1,7
2012,3,13,Anna Stothard,1,32,0,40
2012,3,13,Quentin Wheeler,1,20,1,17
2012,3,13,Interview by Gemma Kappala-Ramsamy,1,557,0,5
2012,3,13,Gareth Grundy,1,14,2,1
2012,3,13,David Williams,1,28,1,1
2012,3,13,Joanne O'Connor,1,15,0,14
2012,3,13,Nicholas Kenyon,1,1,0,2
2012,3,13,Kathy Sweeney,1,5,1,4
2012,3,13,Mark Kermode,1,0,0,7
2012,3,13,William Skidelsky,1,0,0,1
2012,3,13,Clare Brennan,1,0,0,5
2012,3,13,Edward Docx,1,0,0,0
2012,3,13,Andrew Anthony,1,3,0,2
2012,3,13,Tom Chatfield,1,247,5,96
2012,3,13,Stephen Pritchard,2,1,0,7
2012,3,13,Barbara Ellen,1,14,0,4
2012,3,13,Nigel Slater,2,101,0,30
2012,3,13,Phil Mongredien,1,1,0,0
2012,3,13,James Bridle,1,53,1,68
2012,3,13,Chris Riddell,1,27,0,6
2012,3,13,Tom Lamont,1,2527,12,311
2012,3,13,Jo Jones,1,58,0,16
2012,3,13,Helen Seamons,1,58,0,16
2012,3,13,Martin Love,1,4,1,66
2012,3,13,Interview by Lisa O'Kelly,1,46,1,7
2012,3,13,Megan Conner,1,0,0,3
2012,3,13,Ally Carnwath,1,5,0,1
2012,3,13,Neil Spencer,1,2,0,1
2012,3,13,Rick Edwards,1,4,0,15
2012,3,13,Dave Gelly,1,7,0,1
2012,3,13,Gay Dad,1,0,0,0
2012,3,13,James Purdon,1,12,1,5
2012,3,13,Katharine Whitehorn,1,4,2,4
2012,3,13,Shahesta Shaitly,1,24,0,3
2012,3,13,Sean O'Hagan,2,479,3,76
2012,3,13,Will Freeman,1,0,0,7
2012,3,13,Nathan Ditum,1,1,2,5
2012,3,13,Matt Kamen,1,1,0,6
2012,3,13,Philip French,6,749,5,77
2012,3,13,Miranda Sawyer,2,465,3,153
2012,3,13,Henry Krempels,1,6,1,2
2012,3,13,Interview by Robert McCrum,1,603,15,120
2012,3,13,Observer,1,2,0,16
2012,3,13,Kate Kellaway,1,27,0,4
2012,3,13,David Mitchell,1,169,23,697
2012,3,13,John Gallagher,1,52,0,5
2012,3,13,Jackie Kay,1,22,0,1
2012,3,13,Victoria Coren,1,18,0,9
2012,3,13,Richard Barnes,1,2491,1,69
2012,3,13,John Naughton,1,116,9,97
2012,3,13,Fiona Maddocks,2,32,0,17
2012,3,13,Josh Lacey,1,32,0,14
2012,3,13,William Keegan,1,38,0,13
2012,3,13,Toby Moses,1,80,5,86
2012,3,13,Jason Solomons,1,56,0,44
2012,3,13,Dr Gerry Mander,1,5,0,3
2012,3,13,Kevin McKenna,1,30,0,16
2012,3,13,Berlin,1,454,5,60
2012,3,13,Mia de Graaf,2,1310,6,203
2012,3,13,Catherine Bennett,1,122,3,28
2012,3,13,Martin Jacques,1,1889,21,191
2012,3,13,Henry Porter,1,50,0,67
2012,3,13,Ariane Chemin,1,29,2,10
2012,3,13,Yvonne Roberts,1,59,0,14
2012,3,13,Euan Ferguson,1,481,4,236
2012,3,13,Evgeny Morozov,1,28,3,123
2012,3,13,Felix Martin,1,18,0,23
2012,3,13,Jay Rayner,1,11,0,29
2012,3,13,Mariella Frostrup,1,26,0,11
2012,3,13,Julian Coman,1,136,4,197
2012,3,13,Lucy Siegle,1,116,2,105
2012,3,13,Jonathan Crowther,1,1,0,22
2012,3,13,David Hills,1,39,1,24
2012,3,13,Aseem Malhotra,1,39,0,41
2012,3,13,cardiology registrar,1,39,0,41
2012,3,13,David Lengel,2,9,0,21
2012,3,13,Nigel Gosling,1,1,0,7
2012,3,13,Wendy Berliner,1,5,1,19
2012,3,13,SuperBen,1,0,0,18
2012,3,13,SuperEva,1,0,0,18
2012,3,13,Sacha,1,2,0,7
2012,3,13,Dylan,1,2,0,7
2012,3,13,aged 2,1,2,0,7
2012,3,13,Ian Paulsen,1,7,4,22
2012,3,13,Paul Weaver at Sepang,2,38,1,32
2012,3,13,Monique Todd,1,12,0,2
2012,3,13,David Brammer,1,0,0,11
2012,3,13,Purple Unicorns,1,0,3,19
2012,3,13,Felix Clay,2,9,0,23
2012,3,13,Ewan Murray at Ibrox,1,41,0,27
2012,3,13,Alex Kirby,1,20,0,54
2012,3,13,Heather O'Donoghue,1,66,0,30
2012,3,13,Kate Molleson,1,0,0,9
2012,3,13,Lisa Allardice,1,95,3,57
2012,3,13,Decca Aitkenhead,2,688,2,148
2012,3,13,Dan Gillmor,1,6,9,68
2012,3,13,Howard Amos,1,511,5,105
2012,3,13,Peter Johnson,1,6,0,18
2012,3,13,Matthew Taylor,1,223,1,50
2012,3,13,Olateju Abiola-Adeleye,2,20,0,6
2012,3,13,Iram Sarwar,1,2,0,4
2012,3,13,Presented by Barney Ronay,1,6,0,8
2012,3,13,Zindzi Rocque-Drayton,1,7,0,3
2012,3,13,Tom Service,1,75,0,23
2012,3,13,Graeme Wearden (9-1.45pm),1,38,0,143
2012,3,13,Patrick Kingsley (from 1.45pm),1,38,0,143
2012,3,13,Christian Bennett,1,161,0,30
2012,3,13,Sid Waddell,1,229,1,82
2012,3,13,Rob Fearn,1,5,0,8
2012,3,13,Caroline Davies,4,189,1,114
2012,3,13,Ian Martin,1,2341,4,528
2012,3,13,Frankie Borrell,1,13,0,28
2012,3,13,Rory Carroll,1,54,0,36
2012,3,13,Fiona Bawdon,1,48,1,51
2012,3,13,Charlie Beckett,1,51,4,39
2012,3,13,Richard Rae at The Hawthorns,1,8,0,20
2012,3,13,Mehdi Hasan,1,199,4,96
2012,3,13,Stephen Moss,1,44,1,65
2012,3,13,Sachin Nakrani at Wembley,1,38,0,8
2012,3,13,Stephanie Theobald,1,637,5,96
2012,3,13,Pamela Stephenson Connolly,1,4,0,2
2012,3,13,Luisa Dillner,1,9,0,24
2012,3,13,Nadine El-Enany,1,122,1,74
2012,3,13,Tony Greenbank,1,3,0,34
2012,3,13,AP,1,3,0,9
2012,3,13,Chris Elliott,1,1,0,29
2012,3,13,Robert Kitson at the Madejski Stadium,1,0,0,3
2012,3,13,Viv Groskop,1,21,0,14
2012,3,13,Diarmaid MacCulloch,1,434,1,26
2012,3,13,Sachin Nakrani at the Emirates Stadium,1,23,0,34
2012,3,13,Alan Pickup,1,17,4,21
2012,3,13,Jeremy Plester,1,2,0,46
2012,3,13,Andy Wilson at Langtree Park,1,2,0,14
2012,3,13,Dominic Fifield at Stamford Bridge,2,8,0,40
2012,3,13,David Pleat,1,6,0,40
2012,3,13,India Knight,1,1,1,44
2012,3,13,Grayson Perry,1,1,1,44
2012,3,13,Philippa Perry,1,1,1,44
2012,3,13,Robert Harris,1,1,1,44
2012,3,13,Steve McQueen,1,1,1,44
2012,3,13,Jeffrey Sachs,1,1,1,44
2012,3,13,Jo Shapcott,1,1,1,44
2012,3,13,Tom Watson,1,1,1,44
2012,3,13,Jon Snow,1,1,1,44
2012,3,13,Linton Kwesi Johnson,1,1,1,44
2012,3,13,Ed Balls,1,1,1,44
2012,3,13,Fiona Shaw,1,1,1,44
